// Pretendard-Bold.otf 46px 회색 4단계. tools/build_fonts.py 로 자동 생성.
// 한 픽셀 2비트. 0 = 안 그림, 1 = 연한 회색, 2 = 진한 회색, 3 = 검정
// 한 줄은 ceil(w/4) 바이트, 위 비트부터.
#pragma once
#include "kfont.h"

static const uint8_t preg_b46_bits[] = {
  0x01,0xAA,0xA4,0x00,0x01,0xFF,0xF4,0x00,0x01,0xFF,0xF4,0x00,0x01,0xFF,0xF4,0x00,
  0x01,0xFF,0xF4,0x00,0x01,0xFF,0xF4,0x00,0x01,0xFF,0xF4,0x00,0x01,0xFF,0xF4,0x00,
  0x01,0xFF,0xF4,0x00,0x01,0xFF,0xF4,0x00,0x00,0xFF,0xF4,0x00,0x00,0xFF,0xF4,0x00,
  0x00,0xFF,0xF4,0x00,0x00,0xFF,0xF0,0x00,0x00,0xFF,0xF0,0x00,0x00,0xFF,0xF0,0x00,
  0x00,0xFF,0xF0,0x00,0x00,0xFF,0xF0,0x00,0x00,0xFF,0xF0,0x00,0x00,0xFF,0xF0,0x00,
  0x00,0xFF,0xF0,0x00,0x00,0xFF,0xF0,0x00,0x00,0xFF,0xF0,0x00,0x00,0x55,0x50,0x00,
  0x00,0x00,0x00,0x00,0x00,0x00,0x00,0x00,0x00,0x2F,0x80,0x00,0x00,0xFF,0xF0,0x00,
  0x01,0xFF,0xF8,0x00,0x02,0xFF,0xF8,0x00,0x02,0xFF,0xF8,0x00,0x01,0xFF,0xF4,0x00,
  0x00,0x7F,0xD0,0x00,0x00,0x05,0x00,0x00,0x06,0xA4,0x06,0xA8,0x00,0x0F,0xFC,0x0B,
  0xFC,0x00,0x0F,0xFC,0x0B,0xFC,0x00,0x0F,0xFC,0x0B,0xFC,0x00,0x0F,0xFC,0x0B,0xFC,
  0x00,0x0F,0xFC,0x0B,0xFC,0x00,0x0F,0xFC,0x0B,0xFC,0x00,0x0F,0xFC,0x0B,0xFC,0x00,
  0x0F,0xFC,0x0B,0xFC,0x00,0x0F,0xFC,0x0B,0xFC,0x00,0x0F,0xFC,0x0B,0xFC,0x00,0x0F,
  0xFC,0x0B,0xFC,0x00,0x0A,0xA8,0x0A,0xA8,0x00,0x00,0x00,0x00,0x00,0x00,0x00,0x00,
  0x00,0x00,0x00,0x00,0x00,0x00,0x00,0x00,0x00,0x00,0x00,0x00,0x00,0x00,0x00,0x00,
  0x00,0x00,0x00,0x00,0x00,0x00,0x00,0x00,0x00,0x00,0x00,0x00,0x00,0x00,0x00,0x00,
  0x00,0x00,0x00,0x00,0x00,0x00,0x00,0x00,0x00,0x00,0x00,0x00,0x00,0x00,0x00,0x00,
  0x00,0x00,0x00,0x00,0x00,0x00,0x00,0x00,0x00,0x00,0x00,0x00,0x00,0x00,0x00,0x00,
  0x00,0x00,0x00,0x00,0x00,0x00,0x00,0x00,0x00,0x00,0x00,0x00,0x00,0x00,0x00,0x00,
  0x00,0x00,0x00,0x00,0x00,0x00,0x00,0x00,0x00,0x00,0x00,0x00,0x00,0x00,0x00,0x2A,
  0x90,0x00,0x6A,0x80,0x00,0x00,0x00,0x7F,0xE0,0x00,0xFF,0xC0,0x00,0x00,0x00,0xBF,
  0xE0,0x00,0xFF,0xC0,0x00,0x00,0x00,0xBF,0xD0,0x01,0xFF,0x80,0x00,0x00,0x00,0xFF,
  0xD0,0x01,0xFF,0x80,0x00,0x00,0x00,0xFF,0xC0,0x02,0xFF,0x40,0x00,0x00,0x01,0xFF,
  0xC0,0x02,0xFF,0x40,0x00,0x00,0x01,0xFF,0x80,0x03,0xFF,0x00,0x00,0x01,0x56,0xFF,
  0x95,0x57,0xFF,0x55,0x00,0x03,0xFF,0xFF,0xFF,0xFF,0xFF,0xFF,0x40,0x07,0xFF,0xFF,
  0xFF,0xFF,0xFF,0xFF,0x00,0x07,0xFF,0xFF,0xFF,0xFF,0xFF,0xFF,0x00,0x0B,0xFF,0xFF,
  0xFF,0xFF,0xFF,0xFE,0x00,0x06,0xAB,0xFF,0xAA,0xAF,0xFE,0xA9,0x00,0x00,0x0B,0xFE,
  0x00,0x0F,0xFC,0x00,0x00,0x00,0x0B,0xFD,0x00,0x1F,0xF8,0x00,0x00,0x00,0x0F,0xFD,
  0x00,0x1F,0xF8,0x00,0x00,0x00,0x0F,0xFC,0x00,0x2F,0xF4,0x00,0x00,0x00,0x0F,0xFC,
  0x00,0x2F,0xF4,0x00,0x00,0x00,0x1F,0xF8,0x00,0x3F,0xF4,0x00,0x00,0x3F,0xFF,0xFF,
  0xFF,0xFF,0xFF,0xF4,0x00,0x3F,0xFF,0xFF,0xFF,0xFF,0xFF,0xF4,0x00,0x7F,0xFF,0xFF,
  0xFF,0xFF,0xFF,0xF0,0x00,0x7F,0xFF,0xFF,0xFF,0xFF,0xFF,0xF0,0x00,0xBF,0xFF,0xFF,
  0xFF,0xFF,0xFF,0xE0,0x00,0x00,0x7F,0xE0,0x00,0xFF,0xC0,0x00,0x00,0x00,0x7F,0xE0,
  0x00,0xFF,0xC0,0x00,0x00,0x00,0xBF,0xD0,0x01,0xFF,0x80,0x00,0x00,0x00,0xBF,0xD0,
  0x01,0xFF,0x80,0x00,0x00,0x00,0xFF,0xC0,0x02,0xFF,0x40,0x00,0x00,0x00,0xFF,0xC0,
  0x02,0xFF,0x40,0x00,0x00,0x01,0xFF,0x80,0x03,0xFF,0x00,0x00,0x00,0x01,0xFF,0x80,
  0x03,0xFF,0x00,0x00,0x00,0x00,0x00,0x00,0x1A,0x00,0x00,0x00,0x00,0x00,0x00,0x00,
  0x2F,0x00,0x00,0x00,0x00,0x00,0x00,0x00,0x2F,0x00,0x00,0x00,0x00,0x00,0x00,0x00,
  0x2F,0x00,0x00,0x00,0x00,0x00,0x00,0x06,0xBF,0xE9,0x00,0x00,0x00,0x00,0x01,0xBF,
  0xFF,0xFF,0xD0,0x00,0x00,0x00,0x0B,0xFF,0xFF,0xFF,0xFD,0x00,0x00,0x00,0x2F,0xFF,
  0xFF,0xFF,0xFF,0x40,0x00,0x00,0xBF,0xFF,0xFF,0xFF,0xFF,0xC0,0x00,0x01,0xFF,0xFF,
  0xFF,0xFF,0xFF,0xE0,0x00,0x02,0xFF,0xFD,0x2F,0x0B,0xFF,0xF4,0x00,0x03,0xFF,0xF4,
  0x2F,0x02,0xFF,0xF8,0x00,0x07,0xFF,0xE0,0x2F,0x00,0xFF,0xF8,0x00,0x07,0xFF,0xD0,
  0x2F,0x00,0xAA,0xA8,0x00,0x07,0xFF,0xE0,0x2F,0x00,0x00,0x00,0x00,0x07,0xFF,0xF4,
  0x2F,0x00,0x00,0x00,0x00,0x03,0xFF,0xFE,0x6F,0x00,0x00,0x00,0x00,0x02,0xFF,0xFF,
  0xFF,0x00,0x00,0x00,0x00,0x00,0xFF,0xFF,0xFF,0xE9,0x00,0x00,0x00,0x00,0x7F,0xFF,
  0xFF,0xFF,0xD0,0x00,0x00,0x00,0x0B,0xFF,0xFF,0xFF,0xFD,0x00,0x00,0x00,0x01,0xBF,
  0xFF,0xFF,0xFF,0x80,0x00,0x00,0x00,0x06,0xFF,0xFF,0xFF,0xE0,0x00,0x00,0x00,0x00,
  0x2F,0xFF,0xFF,0xF4,0x00,0x00,0x00,0x00,0x2F,0x1F,0xFF,0xF8,0x00,0x00,0x00,0x00,
  0x2F,0x02,0xFF,0xFC,0x00,0x00,0x00,0x00,0x2F,0x00,0xBF,0xFD,0x00,0x1F,0xFF,0x40,
  0x2F,0x00,0xBF,0xFD,0x00,0x0F,0xFF,0x80,0x2F,0x00,0xBF,0xFD,0x00,0x0F,0xFF,0xD0,
  0x2F,0x00,0xFF,0xFC,0x00,0x0B,0xFF,0xF4,0x2F,0x07,0xFF,0xFC,0x00,0x07,0xFF,0xFE,
  0xAF,0x6F,0xFF,0xF8,0x00,0x02,0xFF,0xFF,0xFF,0xFF,0xFF,0xF0,0x00,0x00,0xFF,0xFF,
  0xFF,0xFF,0xFF,0xD0,0x00,0x00,0x2F,0xFF,0xFF,0xFF,0xFF,0x40,0x00,0x00,0x0B,0xFF,
  0xFF,0xFF,0xF8,0x00,0x00,0x00,0x00,0x6F,0xFF,0xFF,0x90,0x00,0x00,0x00,0x00,0x01,
  0x6F,0x50,0x00,0x00,0x00,0x00,0x00,0x00,0x2F,0x00,0x00,0x00,0x00,0x00,0x00,0x00,
  0x2F,0x00,0x00,0x00,0x00,0x00,0x00,0x00,0x2F,0x00,0x00,0x00,0x00,0x00,0x00,0x00,
  0x00,0x00,0x00,0x00,0x00,0x00,0x00,0x5A,0x90,0x00,0x00,0x00,0x00,0x00,0x00,0x00,
  0x00,0x02,0xFF,0xFD,0x00,0x00,0x00,0x06,0xA9,0x00,0x00,0x00,0x1F,0xFF,0xFF,0x40,
  0x00,0x00,0x0F,0xFC,0x00,0x00,0x00,0x2F,0xFF,0xFF,0xC0,0x00,0x00,0x2F,0xF4,0x00,
  0x00,0x00,0x7F,0xF9,0xBF,0xE0,0x00,0x00,0x7F,0xE0,0x00,0x00,0x00,0xFF,0xC0,0x3F,
  0xF0,0x00,0x00,0xFF,0xC0,0x00,0x00,0x00,0xFF,0x80,0x1F,0xF4,0x00,0x02,0xFF,0x40,
  0x00,0x00,0x01,0xFF,0x40,0x0F,0xF4,0x00,0x0B,0xFE,0x00,0x00,0x00,0x01,0xFF,0x40,
  0x0F,0xF8,0x00,0x1F,0xF8,0x00,0x00,0x00,0x01,0xFF,0x40,0x0F,0xF8,0x00,0x3F,0xF4,
  0x00,0x00,0x00,0x01,0xFF,0x40,0x0F,0xF4,0x00,0xBF,0xD0,0x00,0x00,0x00,0x00,0xFF,
  0x80,0x1F,0xF4,0x01,0xFF,0x80,0x00,0x00,0x00,0x00,0xFF,0xC0,0x2F,0xF0,0x03,0xFF,
  0x00,0x00,0x00,0x00,0x00,0x7F,0xF5,0xBF,0xE0,0x0B,0xFD,0x00,0x00,0x00,0x00,0x00,
  0x3F,0xFF,0xFF,0xC0,0x1F,0xF8,0x00,0x00,0x00,0x00,0x00,0x1F,0xFF,0xFF,0x40,0x3F,
  0xF0,0x00,0x00,0x00,0x00,0x00,0x07,0xFF,0xFD,0x00,0xBF,0xD0,0x00,0x00,0x00,0x00,
  0x00,0x00,0x6A,0x90,0x01,0xFF,0x80,0x00,0x50,0x00,0x00,0x00,0x00,0x00,0x00,0x03,
  0xFF,0x00,0x1F,0xFF,0x80,0x00,0x00,0x00,0x00,0x00,0x0B,0xFD,0x00,0xBF,0xFF,0xF0,
  0x00,0x00,0x00,0x00,0x00,0x1F,0xF8,0x02,0xFF,0xFF,0xF8,0x00,0x00,0x00,0x00,0x00,
  0x7F,0xF0,0x07,0xFF,0xFF,0xFD,0x00,0x00,0x00,0x00,0x00,0xBF,0xD0,0x0B,0xFD,0x07,
  0xFF,0x00,0x00,0x00,0x00,0x02,0xFF,0x80,0x0F,0xF8,0x02,0xFF,0x00,0x00,0x00,0x00,
  0x07,0xFE,0x00,0x1F,0xF4,0x01,0xFF,0x40,0x00,0x00,0x00,0x0F,0xFD,0x00,0x1F,0xF4,
  0x00,0xFF,0x40,0x00,0x00,0x00,0x2F,0xF4,0x00,0x1F,0xF0,0x00,0xFF,0x80,0x00,0x00,
  0x00,0x7F,0xE0,0x00,0x1F,0xF4,0x00,0xFF,0x40,0x00,0x00,0x00,0xFF,0xC0,0x00,0x0F,
  0xF4,0x01,0xFF,0x40,0x00,0x00,0x02,0xFF,0x40,0x00,0x0F,0xF8,0x02,0xFF,0x00,0x00,
  0x00,0x07,0xFE,0x00,0x00,0x0B,0xFE,0x07,0xFE,0x00,0x00,0x00,0x0F,0xFC,0x00,0x00,
  0x03,0xFF,0xFF,0xFD,0x00,0x00,0x00,0x2F,0xF4,0x00,0x00,0x02,0xFF,0xFF,0xF8,0x00,
  0x00,0x00,0x7F,0xE0,0x00,0x00,0x00,0xBF,0xFF,0xE0,0x00,0x00,0x00,0x00,0x00,0x00,
  0x00,0x00,0x1B,0xFE,0x40,0x00,0x00,0x00,0x00,0x00,0x00,0x00,0x00,0x00,0x00,0x00,
  0x00,0x00,0x00,0x1A,0xFE,0x40,0x00,0x00,0x00,0x00,0x00,0xBF,0xFF,0xF4,0x00,0x00,
  0x00,0x00,0x07,0xFF,0xFF,0xFE,0x00,0x00,0x00,0x00,0x0F,0xFF,0xFF,0xFF,0x40,0x00,
  0x00,0x00,0x2F,0xFF,0xFF,0xFF,0xC0,0x00,0x00,0x00,0x3F,0xFF,0x9B,0xFF,0xD0,0x00,
  0x00,0x00,0x7F,0xFC,0x01,0xFF,0xE0,0x00,0x00,0x00,0x7F,0xF4,0x00,0xBF,0xE0,0x00,
  0x00,0x00,0x7F,0xF4,0x00,0xBF,0xE0,0x00,0x00,0x00,0x7F,0xF4,0x00,0xFF,0xD0,0x00,
  0x00,0x00,0x7F,0xF8,0x02,0xFF,0xD0,0x00,0x00,0x00,0x3F,0xFD,0x0B,0xFF,0x80,0x00,
  0x00,0x00,0x2F,0xFF,0x7F,0xFF,0x00,0x00,0x00,0x00,0x0F,0xFF,0xFF,0xFD,0x00,0x00,
  0x00,0x00,0x07,0xFF,0xFF,0xF4,0x00,0x00,0x00,0x00,0x02,0xFF,0xFF,0x80,0x00,0x00,
  0x00,0x00,0x07,0xFF,0xFE,0x00,0x00,0x00,0x00,0x00,0x2F,0xFF,0xFF,0x40,0x0A,0xAA,
  0x00,0x00,0xBF,0xFF,0xFF,0xD0,0x0F,0xFE,0x00,0x02,0xFF,0xFF,0xFF,0xF0,0x0F,0xFE,
  0x00,0x07,0xFF,0xF5,0xFF,0xFC,0x1F,0xFE,0x00,0x0B,0xFF,0xD0,0x7F,0xFE,0x2F,0xFD,
  0x00,0x0F,0xFF,0x80,0x2F,0xFF,0xBF,0xFD,0x00,0x1F,0xFF,0x40,0x0B,0xFF,0xFF,0xFC,
  0x00,0x1F,0xFF,0x40,0x02,0xFF,0xFF,0xF4,0x00,0x1F,0xFF,0x40,0x00,0xBF,0xFF,0xF0,
  0x00,0x0F,0xFF,0xC0,0x00,0x3F,0xFF,0xD0,0x00,0x0B,0xFF,0xF4,0x01,0xFF,0xFF,0xC0,
  0x00,0x07,0xFF,0xFF,0xFF,0xFF,0xFF,0xE0,0x00,0x02,0xFF,0xFF,0xFF,0xFF,0xFF,0xF8,
  0x00,0x00,0xBF,0xFF,0xFF,0xFF,0xFF,0xFE,0x00,0x00,0x2F,0xFF,0xFF,0xFE,0x1F,0xFF,
  0x80,0x00,0x02,0xFF,0xFF,0xE4,0x0B,0xFF,0xD0,0x00,0x00,0x15,0x54,0x00,0x00,0x00,
  0x00,0x06,0xA4,0x00,0x0F,0xFC,0x00,0x0F,0xFC,0x00,0x0F,0xFC,0x00,0x0F,0xFC,0x00,
  0x0F,0xFC,0x00,0x0F,0xFC,0x00,0x0F,0xFC,0x00,0x0F,0xFC,0x00,0x0F,0xFC,0x00,0x0F,
  0xFC,0x00,0x0F,0xFC,0x00,0x0A,0xA8,0x00,0x00,0x00,0x00,0x00,0x00,0x00,0x00,0x00,
  0x00,0x00,0x00,0x00,0x00,0x00,0x00,0x00,0x00,0x00,0x00,0x00,0x00,0x00,0x00,0x00,
  0x00,0x00,0x00,0x00,0x00,0x00,0x00,0x00,0x00,0x00,0x00,0x00,0x00,0x00,0x00,0x00,
  0x00,0x00,0x00,0x00,0x00,0x00,0x00,0x00,0x00,0x00,0x00,0x00,0x00,0x00,0x00,0x00,
  0x00,0x00,0x00,0x00,0x00,0x00,0x0B,0xFF,0x80,0x00,0x00,0x1F,0xFF,0x00,0x00,0x00,
  0x3F,0xFD,0x00,0x00,0x00,0xBF,0xFC,0x00,0x00,0x01,0xFF,0xF4,0x00,0x00,0x02,0xFF,
  0xF0,0x00,0x00,0x03,0xFF,0xE0,0x00,0x00,0x0B,0xFF,0xD0,0x00,0x00,0x0F,0xFF,0xC0,
  0x00,0x00,0x1F,0xFF,0x80,0x00,0x00,0x2F,0xFF,0x40,0x00,0x00,0x3F,0xFF,0x00,0x00,
  0x00,0x7F,0xFE,0x00,0x00,0x00,0x7F,0xFE,0x00,0x00,0x00,0xBF,0xFD,0x00,0x00,0x00,
  0xFF,0xFC,0x00,0x00,0x00,0xFF,0xFC,0x00,0x00,0x00,0xFF,0xF8,0x00,0x00,0x00,0xFF,
  0xF8,0x00,0x00,0x01,0xFF,0xF8,0x00,0x00,0x01,0xFF,0xF8,0x00,0x00,0x01,0xFF,0xF8,
  0x00,0x00,0x01,0xFF,0xF8,0x00,0x00,0x01,0xFF,0xF8,0x00,0x00,0x01,0xFF,0xF8,0x00,
  0x00,0x00,0xFF,0xF8,0x00,0x00,0x00,0xFF,0xFC,0x00,0x00,0x00,0xFF,0xFC,0x00,0x00,
  0x00,0xBF,0xFD,0x00,0x00,0x00,0x7F,0xFD,0x00,0x00,0x00,0x7F,0xFE,0x00,0x00,0x00,
  0x3F,0xFF,0x00,0x00,0x00,0x2F,0xFF,0x40,0x00,0x00,0x1F,0xFF,0x40,0x00,0x00,0x0F,
  0xFF,0x80,0x00,0x00,0x0B,0xFF,0xC0,0x00,0x00,0x07,0xFF,0xD0,0x00,0x00,0x02,0xFF,
  0xF0,0x00,0x00,0x01,0xFF,0xF4,0x00,0x00,0x00,0xBF,0xF8,0x00,0x00,0x00,0x3F,0xFD,
  0x00,0x00,0x00,0x2F,0xFE,0x00,0x00,0x00,0x0F,0xFF,0x40,0x00,0x00,0x01,0x55,0x00,
  0x2F,0xFE,0x00,0x00,0x00,0x0F,0xFF,0x40,0x00,0x00,0x0B,0xFF,0xC0,0x00,0x00,0x03,
  0xFF,0xD0,0x00,0x00,0x02,0xFF,0xF0,0x00,0x00,0x00,0xFF,0xF8,0x00,0x00,0x00,0xBF,
  0xFC,0x00,0x00,0x00,0x7F,0xFD,0x00,0x00,0x00,0x3F,0xFF,0x00,0x00,0x00,0x2F,0xFF,
  0x40,0x00,0x00,0x1F,0xFF,0x80,0x00,0x00,0x0F,0xFF,0xC0,0x00,0x00,0x0F,0xFF,0xC0,
  0x00,0x00,0x0B,0xFF,0xD0,0x00,0x00,0x07,0xFF,0xE0,0x00,0x00,0x03,0xFF,0xE0,0x00,
  0x00,0x03,0xFF,0xF0,0x00,0x00,0x03,0xFF,0xF0,0x00,0x00,0x02,0xFF,0xF0,0x00,0x00,
  0x02,0xFF,0xF0,0x00,0x00,0x02,0xFF,0xF4,0x00,0x00,0x02,0xFF,0xF4,0x00,0x00,0x02,
  0xFF,0xF4,0x00,0x00,0x02,0xFF,0xF4,0x00,0x00,0x02,0xFF,0xF0,0x00,0x00,0x03,0xFF,
  0xF0,0x00,0x00,0x03,0xFF,0xF0,0x00,0x00,0x03,0xFF,0xF0,0x00,0x00,0x07,0xFF,0xE0,
  0x00,0x00,0x0B,0xFF,0xD0,0x00,0x00,0x0B,0xFF,0xC0,0x00,0x00,0x0F,0xFF,0xC0,0x00,
  0x00,0x1F,0xFF,0x80,0x00,0x00,0x2F,0xFF,0x40,0x00,0x00,0x3F,0xFF,0x00,0x00,0x00,
  0x7F,0xFE,0x00,0x00,0x00,0xBF,0xFC,0x00,0x00,0x00,0xFF,0xF8,0x00,0x00,0x01,0xFF,
  0xF4,0x00,0x00,0x03,0xFF,0xE0,0x00,0x00,0x07,0xFF,0xC0,0x00,0x00,0x0F,0xFF,0x40,
  0x00,0x00,0x2F,0xFE,0x00,0x00,0x00,0x05,0x54,0x00,0x00,0x00,0x00,0x00,0x06,0xA4,
  0x00,0x00,0x00,0x00,0x00,0x0B,0xF4,0x00,0x00,0x00,0x00,0x00,0x0B,0xF4,0x00,0x00,
  0x00,0x00,0x10,0x0B,0xF4,0x05,0x00,0x00,0x00,0x7D,0x07,0xF4,0x2F,0x00,0x00,0x00,
  0xBF,0x87,0xF5,0xFF,0x80,0x00,0x01,0xFF,0xFB,0xFB,0xFF,0xC0,0x00,0x00,0x7F,0xFF,
  0xFF,0xFE,0x40,0x00,0x00,0x07,0xFF,0xFF,0xE4,0x00,0x00,0x00,0x00,0xBF,0xFF,0x40,
  0x00,0x00,0x00,0x02,0xFF,0xFF,0xE0,0x00,0x00,0x00,0x2F,0xFF,0xFF,0xFE,0x00,0x00,
  0x01,0xFF,0xFF,0xFF,0xFF,0xC0,0x00,0x00,0xFF,0xD7,0xF6,0xFF,0x80,0x00,0x00,0x7E,
  0x07,0xF4,0x6F,0x40,0x00,0x00,0x24,0x0B,0xF4,0x0A,0x00,0x00,0x00,0x00,0x0B,0xF4,
  0x00,0x00,0x00,0x00,0x00,0x0B,0xF4,0x00,0x00,0x00,0x00,0x00,0x0A,0xA4,0x00,0x00,
  0x00,0x00,0x00,0x00,0x00,0x00,0x00,0x00,0x00,0x00,0x00,0x00,0x00,0x00,0x00,0x00,
  0x00,0x00,0x00,0x00,0x00,0x00,0x00,0x00,0x00,0x00,0x00,0x00,0x00,0x00,0x00,0x00,
  0x00,0x00,0x00,0x00,0x00,0x00,0x00,0x00,0x00,0x00,0x00,0x00,0x00,0x00,0x00,0x00,
  0x00,0x00,0x00,0x00,0x00,0x00,0x00,0x00,0x00,0x00,0x00,0x00,0x00,0x00,0x00,0x00,
  0x00,0x00,0x00,0x00,0x00,0x00,0x00,0x00,0x00,0x00,0x00,0x00,0x00,0x00,0x00,0x00,
  0x00,0x00,0x00,0x00,0x00,0x00,0x00,0x00,0x00,0x00,0x00,0x00,0x00,0x00,0x00,0x00,
  0x00,0x00,0x00,0x00,0x00,0x00,0x15,0x50,0x00,0x00,0x00,0x00,0x00,0x00,0xBF,0xE0,
  0x00,0x00,0x00,0x00,0x00,0x00,0xBF,0xE0,0x00,0x00,0x00,0x00,0x00,0x00,0xBF,0xE0,
  0x00,0x00,0x00,0x00,0x00,0x00,0xBF,0xE0,0x00,0x00,0x00,0x00,0x00,0x00,0xBF,0xE0,
  0x00,0x00,0x00,0x00,0x00,0x00,0xBF,0xE0,0x00,0x00,0x00,0x00,0x00,0x00,0xBF,0xE0,
  0x00,0x00,0x00,0x00,0x00,0x00,0xBF,0xE0,0x00,0x00,0x00,0x00,0xAA,0xAA,0xFF,0xFA,
  0xAA,0xA4,0x00,0x01,0xFF,0xFF,0xFF,0xFF,0xFF,0xF4,0x00,0x01,0xFF,0xFF,0xFF,0xFF,
  0xFF,0xF4,0x00,0x01,0xFF,0xFF,0xFF,0xFF,0xFF,0xF4,0x00,0x01,0xFF,0xFF,0xFF,0xFF,
  0xFF,0xF4,0x00,0x00,0xAA,0xAA,0xFF,0xFA,0xAA,0xA4,0x00,0x00,0x00,0x00,0xBF,0xE0,
  0x00,0x00,0x00,0x00,0x00,0x00,0xBF,0xE0,0x00,0x00,0x00,0x00,0x00,0x00,0xBF,0xE0,
  0x00,0x00,0x00,0x00,0x00,0x00,0xBF,0xE0,0x00,0x00,0x00,0x00,0x00,0x00,0xBF,0xE0,
  0x00,0x00,0x00,0x00,0x00,0x00,0xBF,0xE0,0x00,0x00,0x00,0x00,0x00,0x00,0xBF,0xE0,
  0x00,0x00,0x00,0x00,0x00,0x00,0xBF,0xE0,0x00,0x00,0x00,0x00,0x00,0x00,0x15,0x50,
  0x00,0x00,0x00,0x00,0x00,0x00,0x00,0x00,0x00,0x00,0x00,0x01,0x55,0x50,0x00,0x02,
  0xFF,0xE0,0x00,0x03,0xFF,0xD0,0x00,0x03,0xFF,0xC0,0x00,0x07,0xFF,0x80,0x00,0x07,
  0xFF,0x40,0x00,0x0B,0xFF,0x00,0x00,0x0B,0xFE,0x00,0x00,0x0F,0xFD,0x00,0x00,0x0F,
  0xFD,0x00,0x00,0x1F,0xFC,0x00,0x00,0x1F,0xF8,0x00,0x00,0x2F,0xF4,0x00,0x00,0x15,
  0x50,0x00,0x00,0x00,0x00,0x00,0x00,0x00,0x00,0x03,0xFF,0xFF,0xFF,0xE0,0x00,0x03,
  0xFF,0xFF,0xFF,0xE0,0x00,0x03,0xFF,0xFF,0xFF,0xE0,0x00,0x03,0xFF,0xFF,0xFF,0xE0,
  0x00,0x03,0xFF,0xFF,0xFF,0xE0,0x00,0x01,0x55,0x55,0x55,0x50,0x00,0x00,0x00,0x00,
  0x00,0x00,0x00,0x00,0x00,0x00,0x00,0x00,0x00,0x00,0x00,0x00,0x00,0x00,0x00,0x00,
  0x00,0x00,0x00,0x00,0x00,0x00,0x00,0x00,0x00,0x00,0x00,0x00,0x00,0x00,0x00,0x00,
  0x00,0x00,0x00,0x00,0x00,0x00,0x00,0x00,0x00,0x00,0x00,0x00,0x00,0x00,0x00,0x00,
  0x00,0x00,0x00,0x00,0x00,0x00,0x00,0x00,0x00,0x00,0x00,0x00,0x00,0x00,0x7F,0x40,
  0x00,0x02,0xFF,0xD0,0x00,0x03,0xFF,0xF0,0x00,0x07,0xFF,0xF4,0x00,0x03,0xFF,0xF0,
  0x00,0x02,0xFF,0xE0,0x00,0x00,0xBF,0x80,0x00,0x00,0x15,0x00,0x00,0x00,0x00,0x00,
  0x00,0x00,0x00,0x00,0x07,0xFF,0x80,0x00,0x00,0x0B,0xFF,0x40,0x00,0x00,0x0B,0xFF,
  0x00,0x00,0x00,0x0F,0xFE,0x00,0x00,0x00,0x1F,0xFD,0x00,0x00,0x00,0x2F,0xFC,0x00,
  0x00,0x00,0x3F,0xFC,0x00,0x00,0x00,0x3F,0xF8,0x00,0x00,0x00,0x7F,0xF4,0x00,0x00,
  0x00,0xBF,0xF0,0x00,0x00,0x00,0xFF,0xE0,0x00,0x00,0x01,0xFF,0xE0,0x00,0x00,0x01,
  0xFF,0xD0,0x00,0x00,0x02,0xFF,0xC0,0x00,0x00,0x03,0xFF,0x80,0x00,0x00,0x07,0xFF,
  0x40,0x00,0x00,0x0B,0xFF,0x40,0x00,0x00,0x0B,0xFF,0x00,0x00,0x00,0x0F,0xFE,0x00,
  0x00,0x00,0x1F,0xFD,0x00,0x00,0x00,0x2F,0xFC,0x00,0x00,0x00,0x3F,0xFC,0x00,0x00,
  0x00,0x3F,0xF8,0x00,0x00,0x00,0x7F,0xF4,0x00,0x00,0x00,0xBF,0xF0,0x00,0x00,0x00,
  0xFF,0xE0,0x00,0x00,0x01,0xFF,0xD0,0x00,0x00,0x01,0xFF,0xD0,0x00,0x00,0x02,0xFF,
  0xC0,0x00,0x00,0x03,0xFF,0x80,0x00,0x00,0x07,0xFF,0x40,0x00,0x00,0x0B,0xFF,0x00,
  0x00,0x00,0x0F,0xFF,0x00,0x00,0x00,0x0F,0xFE,0x00,0x00,0x00,0x1F,0xFD,0x00,0x00,
  0x00,0x2F,0xFC,0x00,0x00,0x00,0x3F,0xF8,0x00,0x00,0x00,0x7F,0xF8,0x00,0x00,0x00,
  0x7F,0xF4,0x00,0x00,0x00,0x00,0x00,0x01,0xAF,0xE9,0x00,0x00,0x00,0x00,0x00,0x2F,
  0xFF,0xFF,0xD0,0x00,0x00,0x00,0x01,0xFF,0xFF,0xFF,0xF8,0x00,0x00,0x00,0x0B,0xFF,
  0xFF,0xFF,0xFE,0x00,0x00,0x00,0x1F,0xFF,0xFF,0xFF,0xFF,0x80,0x00,0x00,0x3F,0xFF,
  0xFA,0xBF,0xFF,0xD0,0x00,0x00,0xBF,0xFF,0x40,0x1F,0xFF,0xF0,0x00,0x01,0xFF,0xFD,
  0x00,0x03,0xFF,0xF8,0x00,0x02,0xFF,0xF8,0x00,0x01,0xFF,0xFC,0x00,0x03,0xFF,0xF4,
  0x00,0x00,0xBF,0xFD,0x00,0x03,0xFF,0xE0,0x00,0x00,0x7F,0xFE,0x00,0x07,0xFF,0xE0,
  0x00,0x00,0x7F,0xFE,0x00,0x0B,0xFF,0xD0,0x00,0x00,0x3F,0xFF,0x00,0x0B,0xFF,0xD0,
  0x00,0x00,0x3F,0xFF,0x00,0x0B,0xFF,0xC0,0x00,0x00,0x2F,0xFF,0x00,0x0B,0xFF,0xC0,
  0x00,0x00,0x2F,0xFF,0x40,0x0F,0xFF,0xC0,0x00,0x00,0x2F,0xFF,0x40,0x0F,0xFF,0xC0,
  0x00,0x00,0x2F,0xFF,0x40,0x0B,0xFF,0xC0,0x00,0x00,0x2F,0xFF,0x00,0x0B,0xFF,0xC0,
  0x00,0x00,0x2F,0xFF,0x00,0x0B,0xFF,0xD0,0x00,0x00,0x3F,0xFF,0x00,0x07,0xFF,0xD0,
  0x00,0x00,0x3F,0xFE,0x00,0x07,0xFF,0xE0,0x00,0x00,0x7F,0xFE,0x00,0x03,0xFF,0xF0,
  0x00,0x00,0xBF,0xFD,0x00,0x02,0xFF,0xF4,0x00,0x00,0xFF,0xFC,0x00,0x01,0xFF,0xFC,
  0x00,0x02,0xFF,0xF8,0x00,0x00,0xFF,0xFE,0x00,0x07,0xFF,0xF4,0x00,0x00,0x7F,0xFF,
  0xD4,0x6F,0xFF,0xE0,0x00,0x00,0x2F,0xFF,0xFF,0xFF,0xFF,0xC0,0x00,0x00,0x0F,0xFF,
  0xFF,0xFF,0xFF,0x40,0x00,0x00,0x03,0xFF,0xFF,0xFF,0xFD,0x00,0x00,0x00,0x00,0xBF,
  0xFF,0xFF,0xE4,0x00,0x00,0x00,0x00,0x1B,0xFF,0xFE,0x40,0x00,0x00,0x00,0x00,0x00,
  0x55,0x50,0x00,0x00,0x00,0x00,0x00,0x0A,0xAA,0x40,0x00,0x00,0x00,0x7F,0xFF,0x80,
  0x00,0x00,0x06,0xFF,0xFF,0x80,0x00,0x00,0x2F,0xFF,0xFF,0x80,0x00,0x01,0xFF,0xFF,
  0xFF,0x80,0x00,0x0B,0xFF,0xFF,0xFF,0x80,0x00,0x0F,0xFF,0xFF,0xFF,0x80,0x00,0x0F,
  0xFF,0x9F,0xFF,0x80,0x00,0x0F,0xFD,0x1F,0xFF,0x80,0x00,0x0F,0xD0,0x1F,0xFF,0x80,
  0x00,0x0E,0x00,0x1F,0xFF,0x80,0x00,0x04,0x00,0x1F,0xFF,0x80,0x00,0x00,0x00,0x1F,
  0xFF,0x80,0x00,0x00,0x00,0x1F,0xFF,0x80,0x00,0x00,0x00,0x1F,0xFF,0x80,0x00,0x00,
  0x00,0x1F,0xFF,0x80,0x00,0x00,0x00,0x1F,0xFF,0x80,0x00,0x00,0x00,0x1F,0xFF,0x80,
  0x00,0x00,0x00,0x1F,0xFF,0x80,0x00,0x00,0x00,0x1F,0xFF,0x80,0x00,0x00,0x00,0x1F,
  0xFF,0x80,0x00,0x00,0x00,0x1F,0xFF,0x80,0x00,0x00,0x00,0x1F,0xFF,0x80,0x00,0x00,
  0x00,0x1F,0xFF,0x80,0x00,0x00,0x00,0x1F,0xFF,0x80,0x00,0x00,0x00,0x1F,0xFF,0x80,
  0x00,0x00,0x00,0x1F,0xFF,0x80,0x00,0x00,0x00,0x1F,0xFF,0x80,0x00,0x00,0x00,0x1F,
  0xFF,0x80,0x00,0x00,0x00,0x1F,0xFF,0x80,0x00,0x00,0x00,0x1F,0xFF,0x80,0x00,0x00,
  0x00,0x1F,0xFF,0x80,0x00,0x00,0x00,0x1F,0xFF,0x80,0x00,0x00,0x00,0x1A,0xFF,0x94,
  0x00,0x00,0x00,0x02,0xFF,0xFF,0xFF,0x40,0x00,0x00,0x1F,0xFF,0xFF,0xFF,0xE0,0x00,
  0x00,0x7F,0xFF,0xFF,0xFF,0xFC,0x00,0x00,0xFF,0xFF,0xFF,0xFF,0xFE,0x00,0x02,0xFF,
  0xFF,0x9A,0xFF,0xFF,0x40,0x03,0xFF,0xF4,0x00,0x6F,0xFF,0x80,0x07,0xFF,0xE0,0x00,
  0x0F,0xFF,0xC0,0x0B,0xFF,0xC0,0x00,0x07,0xFF,0xD0,0x0B,0xFF,0x80,0x00,0x07,0xFF,
  0xD0,0x05,0x55,0x40,0x00,0x07,0xFF,0xD0,0x00,0x00,0x00,0x00,0x07,0xFF,0xC0,0x00,
  0x00,0x00,0x00,0x0B,0xFF,0xC0,0x00,0x00,0x00,0x00,0x1F,0xFF,0x80,0x00,0x00,0x00,
  0x00,0x3F,0xFF,0x00,0x00,0x00,0x00,0x00,0xFF,0xFD,0x00,0x00,0x00,0x00,0x03,0xFF,
  0xF8,0x00,0x00,0x00,0x00,0x0F,0xFF,0xE0,0x00,0x00,0x00,0x00,0x3F,0xFF,0xC0,0x00,
  0x00,0x00,0x01,0xFF,0xFF,0x00,0x00,0x00,0x00,0x07,0xFF,0xFC,0x00,0x00,0x00,0x00,
  0x1F,0xFF,0xE0,0x00,0x00,0x00,0x00,0x7F,0xFF,0x80,0x00,0x00,0x00,0x01,0xFF,0xFE,
  0x00,0x00,0x00,0x00,0x0B,0xFF,0xF8,0x00,0x00,0x00,0x00,0x2F,0xFF,0xE0,0x00,0x00,
  0x00,0x00,0xBF,0xFF,0x80,0x00,0x00,0x00,0x02,0xFF,0xFF,0xAA,0xAA,0xAA,0x90,0x07,
  0xFF,0xFF,0xFF,0xFF,0xFF,0xE0,0x07,0xFF,0xFF,0xFF,0xFF,0xFF,0xE0,0x07,0xFF,0xFF,
  0xFF,0xFF,0xFF,0xE0,0x07,0xFF,0xFF,0xFF,0xFF,0xFF,0xE0,0x07,0xFF,0xFF,0xFF,0xFF,
  0xFF,0xE0,0x00,0x00,0x06,0xBF,0xA5,0x00,0x00,0x00,0x00,0x00,0xBF,0xFF,0xFF,0x90,
  0x00,0x00,0x00,0x07,0xFF,0xFF,0xFF,0xF8,0x00,0x00,0x00,0x2F,0xFF,0xFF,0xFF,0xFE,
  0x00,0x00,0x00,0x7F,0xFF,0xFF,0xFF,0xFF,0x40,0x00,0x00,0xFF,0xFF,0xA6,0xBF,0xFF,
  0xC0,0x00,0x01,0xFF,0xFD,0x00,0x1F,0xFF,0xD0,0x00,0x03,0xFF,0xF4,0x00,0x07,0xFF,
  0xE0,0x00,0x03,0xFF,0xE0,0x00,0x02,0xFF,0xF0,0x00,0x02,0xAA,0x90,0x00,0x02,0xFF,
  0xF0,0x00,0x00,0x00,0x00,0x00,0x02,0xFF,0xE0,0x00,0x00,0x00,0x00,0x00,0x03,0xFF,
  0xE0,0x00,0x00,0x00,0x00,0x00,0x0F,0xFF,0xC0,0x00,0x00,0x00,0x00,0x01,0xBF,0xFF,
  0x40,0x00,0x00,0x00,0x03,0xFF,0xFF,0xFD,0x00,0x00,0x00,0x00,0x03,0xFF,0xFF,0xE0,
  0x00,0x00,0x00,0x00,0x03,0xFF,0xFF,0x50,0x00,0x00,0x00,0x00,0x03,0xFF,0xFF,0xFD,
  0x00,0x00,0x00,0x00,0x03,0xFF,0xFF,0xFF,0x80,0x00,0x00,0x00,0x00,0x00,0x6F,0xFF,
  0xE0,0x00,0x00,0x00,0x00,0x00,0x07,0xFF,0xF4,0x00,0x00,0x00,0x00,0x00,0x01,0xFF,
  0xF8,0x00,0x00,0x00,0x00,0x00,0x00,0xFF,0xFC,0x00,0x00,0x00,0x00,0x00,0x00,0xFF,
  0xFC,0x00,0x0B,0xFF,0xD0,0x00,0x00,0xFF,0xFC,0x00,0x0B,0xFF,0xE0,0x00,0x01,0xFF,
  0xFC,0x00,0x07,0xFF,0xF4,0x00,0x07,0xFF,0xF8,0x00,0x03,0xFF,0xFF,0x51,0x6F,0xFF,
  0xF4,0x00,0x01,0xFF,0xFF,0xFF,0xFF,0xFF,0xE0,0x00,0x00,0xBF,0xFF,0xFF,0xFF,0xFF,
  0xC0,0x00,0x00,0x2F,0xFF,0xFF,0xFF,0xFE,0x00,0x00,0x00,0x07,0xFF,0xFF,0xFF,0xF4,
  0x00,0x00,0x00,0x00,0x6F,0xFF,0xFE,0x40,0x00,0x00,0x00,0x00,0x00,0x55,0x50,0x00,
  0x00,0x00,0x00,0x00,0x00,0x01,0xAA,0xAA,0x00,0x00,0x00,0x00,0x00,0x03,0xFF,0xFF,
  0x40,0x00,0x00,0x00,0x00,0x0B,0xFF,0xFF,0x40,0x00,0x00,0x00,0x00,0x1F,0xFF,0xFF,
  0x40,0x00,0x00,0x00,0x00,0x2F,0xFF,0xFF,0x40,0x00,0x00,0x00,0x00,0x7F,0xFF,0xFF,
  0x40,0x00,0x00,0x00,0x00,0xFF,0xFF,0xFF,0x40,0x00,0x00,0x00,0x02,0xFF,0xFF,0xFF,
  0x40,0x00,0x00,0x00,0x07,0xFF,0xDF,0xFF,0x40,0x00,0x00,0x00,0x0F,0xFF,0x8F,0xFF,
  0x40,0x00,0x00,0x00,0x2F,0xFF,0x0F,0xFF,0x40,0x00,0x00,0x00,0x7F,0xFD,0x0F,0xFF,
  0x40,0x00,0x00,0x00,0xFF,0xF8,0x0F,0xFF,0x40,0x00,0x00,0x02,0xFF,0xF0,0x0F,0xFF,
  0x40,0x00,0x00,0x07,0xFF,0xD0,0x0F,0xFF,0x40,0x00,0x00,0x0F,0xFF,0x80,0x0F,0xFF,
  0x40,0x00,0x00,0x2F,0xFF,0x00,0x0F,0xFF,0x40,0x00,0x00,0x7F,0xFD,0x00,0x0F,0xFF,
  0x40,0x00,0x00,0xBF,0xF8,0x00,0x0F,0xFF,0x40,0x00,0x01,0xFF,0xF4,0x00,0x0F,0xFF,
  0x40,0x00,0x03,0xFF,0xE0,0x00,0x0F,0xFF,0x40,0x00,0x0B,0xFF,0xD5,0x55,0x5F,0xFF,
  0x55,0x00,0x0F,0xFF,0xFF,0xFF,0xFF,0xFF,0xFF,0x40,0x0F,0xFF,0xFF,0xFF,0xFF,0xFF,
  0xFF,0x40,0x0F,0xFF,0xFF,0xFF,0xFF,0xFF,0xFF,0x40,0x0F,0xFF,0xFF,0xFF,0xFF,0xFF,
  0xFF,0x40,0x0F,0xFF,0xFF,0xFF,0xFF,0xFF,0xFF,0x40,0x05,0x55,0x55,0x55,0x5F,0xFF,
  0x55,0x00,0x00,0x00,0x00,0x00,0x1F,0xFF,0x40,0x00,0x00,0x00,0x00,0x00,0x1F,0xFF,
  0x40,0x00,0x00,0x00,0x00,0x00,0x1F,0xFF,0x40,0x00,0x00,0x00,0x00,0x00,0x1F,0xFF,
  0x40,0x00,0x00,0x00,0x00,0x00,0x1F,0xFF,0x40,0x00,0x00,0x2A,0xAA,0xAA,0xAA,0xAA,
  0x40,0x00,0x00,0x3F,0xFF,0xFF,0xFF,0xFF,0xC0,0x00,0x00,0x7F,0xFF,0xFF,0xFF,0xFF,
  0xC0,0x00,0x00,0x7F,0xFF,0xFF,0xFF,0xFF,0xC0,0x00,0x00,0x7F,0xFF,0xFF,0xFF,0xFF,
  0xC0,0x00,0x00,0xBF,0xFF,0xFF,0xFF,0xFF,0xC0,0x00,0x00,0xBF,0xF4,0x00,0x00,0x00,
  0x00,0x00,0x00,0xBF,0xF4,0x00,0x00,0x00,0x00,0x00,0x00,0xBF,0xF4,0x00,0x00,0x00,
  0x00,0x00,0x00,0xFF,0xF0,0x00,0x00,0x00,0x00,0x00,0x00,0xFF,0xF0,0x00,0x00,0x00,
  0x00,0x00,0x00,0xFF,0xF0,0x05,0x54,0x00,0x00,0x00,0x01,0xFF,0xE1,0xBF,0xFF,0x90,
  0x00,0x00,0x01,0xFF,0xE7,0xFF,0xFF,0xF8,0x00,0x00,0x01,0xFF,0xFF,0xFF,0xFF,0xFE,
  0x00,0x00,0x01,0xFF,0xFF,0xFF,0xFF,0xFF,0x80,0x00,0x02,0xFF,0xFF,0xAA,0xFF,0xFF,
  0xD0,0x00,0x02,0xFF,0xF8,0x00,0x1F,0xFF,0xE0,0x00,0x02,0xFF,0xE0,0x00,0x07,0xFF,
  0xF4,0x00,0x01,0x55,0x40,0x00,0x02,0xFF,0xF4,0x00,0x00,0x00,0x00,0x00,0x00,0xFF,
  0xF8,0x00,0x00,0x00,0x00,0x00,0x00,0xFF,0xF8,0x00,0x00,0x00,0x00,0x00,0x00,0xBF,
  0xF8,0x00,0x00,0x00,0x00,0x00,0x00,0xFF,0xF8,0x00,0x07,0xFF,0xD0,0x00,0x00,0xFF,
  0xF8,0x00,0x03,0xFF,0xE0,0x00,0x02,0xFF,0xF4,0x00,0x03,0xFF,0xF4,0x00,0x07,0xFF,
  0xF0,0x00,0x01,0xFF,0xFE,0x40,0x6F,0xFF,0xD0,0x00,0x00,0xFF,0xFF,0xFF,0xFF,0xFF,
  0xC0,0x00,0x00,0x7F,0xFF,0xFF,0xFF,0xFF,0x00,0x00,0x00,0x1F,0xFF,0xFF,0xFF,0xFD,
  0x00,0x00,0x00,0x02,0xFF,0xFF,0xFF,0xE0,0x00,0x00,0x00,0x00,0x6F,0xFF,0xFE,0x00,
  0x00,0x00,0x00,0x00,0x00,0x55,0x40,0x00,0x00,0x00,0x00,0x00,0x01,0xAF,0xE9,0x00,
  0x00,0x00,0x00,0x00,0x2F,0xFF,0xFF,0xE0,0x00,0x00,0x00,0x01,0xFF,0xFF,0xFF,0xFD,
  0x00,0x00,0x00,0x07,0xFF,0xFF,0xFF,0xFF,0x40,0x00,0x00,0x1F,0xFF,0xFF,0xFF,0xFF,
  0xC0,0x00,0x00,0x3F,0xFF,0xFF,0xFF,0xFF,0xE0,0x00,0x00,0x7F,0xFF,0x80,0x1B,0xFF,
  0xF4,0x00,0x00,0xFF,0xFD,0x00,0x02,0xFF,0xF8,0x00,0x01,0xFF,0xF4,0x00,0x00,0xFF,
  0xFC,0x00,0x02,0xFF,0xF0,0x00,0x00,0x6A,0xA8,0x00,0x03,0xFF,0xE0,0x00,0x00,0x00,
  0x00,0x00,0x07,0xFF,0xD0,0x00,0x54,0x00,0x00,0x00,0x0B,0xFF,0xC0,0x6F,0xFF,0x90,
  0x00,0x00,0x0B,0xFF,0xC2,0xFF,0xFF,0xFD,0x00,0x00,0x0B,0xFF,0x8B,0xFF,0xFF,0xFF,
  0x40,0x00,0x0F,0xFF,0xAF,0xFF,0xFF,0xFF,0xD0,0x00,0x0F,0xFF,0xFF,0xFA,0xBF,0xFF,
  0xF0,0x00,0x0F,0xFF,0xFF,0x40,0x0B,0xFF,0xF4,0x00,0x0F,0xFF,0xF8,0x00,0x02,0xFF,
  0xF8,0x00,0x0F,0xFF,0xF4,0x00,0x00,0xFF,0xFC,0x00,0x0B,0xFF,0xE0,0x00,0x00,0x7F,
  0xFD,0x00,0x0B,0xFF,0xD0,0x00,0x00,0x7F,0xFD,0x00,0x07,0xFF,0xD0,0x00,0x00,0x7F,
  0xFD,0x00,0x07,0xFF,0xE0,0x00,0x00,0x7F,0xFD,0x00,0x03,0xFF,0xE0,0x00,0x00,0xBF,
  0xFD,0x00,0x02,0xFF,0xF4,0x00,0x01,0xFF,0xFC,0x00,0x01,0xFF,0xFD,0x00,0x02,0xFF,
  0xF8,0x00,0x00,0xBF,0xFF,0x90,0x1F,0xFF,0xF0,0x00,0x00,0x3F,0xFF,0xFF,0xFF,0xFF,
  0xE0,0x00,0x00,0x1F,0xFF,0xFF,0xFF,0xFF,0x80,0x00,0x00,0x07,0xFF,0xFF,0xFF,0xFE,
  0x00,0x00,0x00,0x00,0xBF,0xFF,0xFF,0xF4,0x00,0x00,0x00,0x00,0x1B,0xFF,0xFE,0x40,
  0x00,0x00,0x00,0x00,0x00,0x55,0x50,0x00,0x00,0x00,0x1A,0xAA,0xAA,0xAA,0xAA,0xAA,
  0x40,0x1F,0xFF,0xFF,0xFF,0xFF,0xFF,0x80,0x1F,0xFF,0xFF,0xFF,0xFF,0xFF,0x80,0x1F,
  0xFF,0xFF,0xFF,0xFF,0xFF,0x80,0x1F,0xFF,0xFF,0xFF,0xFF,0xFF,0x80,0x1F,0xFF,0xFF,
  0xFF,0xFF,0xFF,0x80,0x00,0x00,0x00,0x00,0x2F,0xFF,0x40,0x00,0x00,0x00,0x00,0x3F,
  0xFE,0x00,0x00,0x00,0x00,0x00,0xBF,0xFD,0x00,0x00,0x00,0x00,0x00,0xFF,0xF8,0x00,
  0x00,0x00,0x00,0x02,0xFF,0xF4,0x00,0x00,0x00,0x00,0x07,0xFF,0xE0,0x00,0x00,0x00,
  0x00,0x0B,0xFF,0xD0,0x00,0x00,0x00,0x00,0x1F,0xFF,0x80,0x00,0x00,0x00,0x00,0x2F,
  0xFF,0x40,0x00,0x00,0x00,0x00,0x7F,0xFE,0x00,0x00,0x00,0x00,0x00,0xBF,0xFD,0x00,
  0x00,0x00,0x00,0x01,0xFF,0xF8,0x00,0x00,0x00,0x00,0x02,0xFF,0xF4,0x00,0x00,0x00,
  0x00,0x07,0xFF,0xE0,0x00,0x00,0x00,0x00,0x0B,0xFF,0xD0,0x00,0x00,0x00,0x00,0x1F,
  0xFF,0x80,0x00,0x00,0x00,0x00,0x2F,0xFF,0x40,0x00,0x00,0x00,0x00,0x7F,0xFE,0x00,
  0x00,0x00,0x00,0x00,0xBF,0xFC,0x00,0x00,0x00,0x00,0x01,0xFF,0xF8,0x00,0x00,0x00,
  0x00,0x03,0xFF,0xF0,0x00,0x00,0x00,0x00,0x07,0xFF,0xE0,0x00,0x00,0x00,0x00,0x0F,
  0xFF,0xC0,0x00,0x00,0x00,0x00,0x1F,0xFF,0x80,0x00,0x00,0x00,0x00,0x3F,0xFF,0x00,
  0x00,0x00,0x00,0x00,0x7F,0xFE,0x00,0x00,0x00,0x00,0x00,0xFF,0xFC,0x00,0x00,0x00,
  0x00,0x00,0x00,0x06,0xBF,0xE9,0x00,0x00,0x00,0x00,0x00,0xBF,0xFF,0xFF,0xD0,0x00,
  0x00,0x00,0x07,0xFF,0xFF,0xFF,0xF8,0x00,0x00,0x00,0x2F,0xFF,0xFF,0xFF,0xFF,0x00,
  0x00,0x00,0x7F,0xFF,0xFF,0xFF,0xFF,0xC0,0x00,0x00,0xFF,0xFF,0x95,0x7F,0xFF,0xD0,
  0x00,0x01,0xFF,0xFD,0x00,0x0B,0xFF,0xF0,0x00,0x02,0xFF,0xF4,0x00,0x02,0xFF,0xF0,
  0x00,0x02,0xFF,0xF0,0x00,0x01,0xFF,0xF4,0x00,0x02,0xFF,0xF0,0x00,0x01,0xFF,0xF4,
  0x00,0x01,0xFF,0xF0,0x00,0x01,0xFF,0xF0,0x00,0x01,0xFF,0xF4,0x00,0x02,0xFF,0xE0,
  0x00,0x00,0xBF,0xFD,0x00,0x0B,0xFF,0xD0,0x00,0x00,0x3F,0xFF,0x91,0x6F,0xFF,0x80,
  0x00,0x00,0x0B,0xFF,0xFF,0xFF,0xFD,0x00,0x00,0x00,0x01,0xBF,0xFF,0xFF,0xE4,0x00,
  0x00,0x00,0x01,0xBF,0xFF,0xFF,0x90,0x00,0x00,0x00,0x1F,0xFF,0xFF,0xFF,0xFE,0x00,
  0x00,0x00,0x7F,0xFF,0xFA,0xFF,0xFF,0x80,0x00,0x01,0xFF,0xFE,0x00,0x1F,0xFF,0xE0,
  0x00,0x03,0xFF,0xF4,0x00,0x02,0xFF,0xF4,0x00,0x07,0xFF,0xE0,0x00,0x00,0xFF,0xFC,
  0x00,0x0B,0xFF,0xD0,0x00,0x00,0xBF,0xFD,0x00,0x0F,0xFF,0xC0,0x00,0x00,0xBF,0xFD,
  0x00,0x0F,0xFF,0xD0,0x00,0x00,0xBF,0xFD,0x00,0x0B,0xFF,0xE0,0x00,0x00,0xFF,0xFD,
  0x00,0x0B,0xFF,0xF4,0x00,0x02,0xFF,0xFC,0x00,0x07,0xFF,0xFE,0x00,0x1B,0xFF,0xF8,
  0x00,0x02,0xFF,0xFF,0xFA,0xFF,0xFF,0xF4,0x00,0x00,0xBF,0xFF,0xFF,0xFF,0xFF,0xD0,
  0x00,0x00,0x2F,0xFF,0xFF,0xFF,0xFF,0x40,0x00,0x00,0x07,0xFF,0xFF,0xFF,0xF8,0x00,
  0x00,0x00,0x00,0x6F,0xFF,0xFF,0x80,0x00,0x00,0x00,0x00,0x00,0x55,0x50,0x00,0x00,
  0x00,0x00,0x00,0x00,0x00,0x00,0x00,0x00,0x00,0x00,0x00,0x06,0xBF,0xA4,0x00,0x00,
  0x00,0x00,0x01,0xBF,0xFF,0xFF,0x80,0x00,0x00,0x00,0x0B,0xFF,0xFF,0xFF,0xF4,0x00,
  0x00,0x00,0x2F,0xFF,0xFF,0xFF,0xFD,0x00,0x00,0x00,0xBF,0xFF,0xFF,0xFF,0xFF,0x40,
  0x00,0x01,0xFF,0xFF,0xA6,0xBF,0xFF,0xC0,0x00,0x03,0xFF,0xFD,0x00,0x1F,0xFF,0xE0,
  0x00,0x07,0xFF,0xF0,0x00,0x03,0xFF,0xF0,0x00,0x0B,0xFF,0xD0,0x00,0x01,0xFF,0xF4,
  0x00,0x0B,0xFF,0xC0,0x00,0x00,0xFF,0xF8,0x00,0x0B,0xFF,0x80,0x00,0x00,0xFF,0xFC,
  0x00,0x0F,0xFF,0x80,0x00,0x00,0xFF,0xFC,0x00,0x0B,0xFF,0xC0,0x00,0x00,0xFF,0xFD,
  0x00,0x0B,0xFF,0xD0,0x00,0x01,0xFF,0xFD,0x00,0x07,0xFF,0xF0,0x00,0x03,0xFF,0xFD,
  0x00,0x03,0xFF,0xF8,0x00,0x1B,0xFF,0xFE,0x00,0x02,0xFF,0xFF,0x95,0xBF,0xFF,0xFD,
  0x00,0x00,0xFF,0xFF,0xFF,0xFF,0xBF,0xFD,0x00,0x00,0x7F,0xFF,0xFF,0xFE,0x3F,0xFD,
  0x00,0x00,0x1F,0xFF,0xFF,0xF8,0x7F,0xFD,0x00,0x00,0x02,0xFF,0xFF,0xD0,0x7F,0xFC,
  0x00,0x00,0x00,0x1A,0xA9,0x00,0xBF,0xFC,0x00,0x00,0x00,0x00,0x00,0x00,0xBF,0xF8,
  0x00,0x00,0x00,0x00,0x00,0x00,0xFF,0xF8,0x00,0x07,0xFF,0xD0,0x00,0x02,0xFF,0xF0,
  0x00,0x07,0xFF,0xE0,0x00,0x07,0xFF,0xE0,0x00,0x03,0xFF,0xF8,0x00,0x1F,0xFF,0xD0,
  0x00,0x01,0xFF,0xFF,0x96,0xFF,0xFF,0x80,0x00,0x00,0xBF,0xFF,0xFF,0xFF,0xFF,0x00,
  0x00,0x00,0x3F,0xFF,0xFF,0xFF,0xFD,0x00,0x00,0x00,0x1F,0xFF,0xFF,0xFF,0xF4,0x00,
  0x00,0x00,0x02,0xFF,0xFF,0xFF,0x80,0x00,0x00,0x00,0x00,0x6F,0xFF,0xF9,0x00,0x00,
  0x00,0x00,0x00,0x01,0x55,0x40,0x00,0x00,0x00,0x00,0x00,0x00,0x00,0x00,0xBF,0x80,
  0x00,0x02,0xFF,0xE0,0x00,0x03,0xFF,0xF0,0x00,0x07,0xFF,0xF4,0x00,0x03,0xFF,0xF0,
  0x00,0x02,0xFF,0xE0,0x00,0x00,0xBF,0x80,0x00,0x00,0x04,0x00,0x00,0x00,0x00,0x00,
  0x00,0x00,0x00,0x00,0x00,0x00,0x00,0x00,0x00,0x00,0x00,0x00,0x00,0x00,0x00,0x00,
  0x00,0x00,0x00,0x00,0x00,0x00,0x00,0x00,0x00,0x00,0x00,0x00,0x00,0x00,0x00,0x00,
  0x00,0x00,0x7F,0x40,0x00,0x02,0xFF,0xD0,0x00,0x03,0xFF,0xF0,0x00,0x07,0xFF,0xF4,
  0x00,0x03,0xFF,0xF0,0x00,0x02,0xFF,0xE0,0x00,0x00,0xBF,0x80,0x00,0x00,0x15,0x00,
  0x00,0x00,0x00,0x00,0x00,0x00,0xBF,0x80,0x00,0x02,0xFF,0xE0,0x00,0x03,0xFF,0xF0,
  0x00,0x07,0xFF,0xF4,0x00,0x03,0xFF,0xF0,0x00,0x02,0xFF,0xE0,0x00,0x00,0xBF,0x80,
  0x00,0x00,0x04,0x00,0x00,0x00,0x00,0x00,0x00,0x00,0x00,0x00,0x00,0x00,0x00,0x00,
  0x00,0x00,0x00,0x00,0x00,0x00,0x00,0x00,0x00,0x00,0x00,0x00,0x00,0x00,0x00,0x00,
  0x00,0x00,0x00,0x00,0x00,0x00,0x00,0x00,0x00,0x00,0x00,0x00,0x00,0x00,0x00,0x00,
  0x00,0x00,0x00,0x00,0x00,0x01,0x55,0x50,0x00,0x02,0xFF,0xE0,0x00,0x03,0xFF,0xD0,
  0x00,0x03,0xFF,0xC0,0x00,0x07,0xFF,0x80,0x00,0x07,0xFF,0x40,0x00,0x0B,0xFF,0x00,
  0x00,0x0B,0xFE,0x00,0x00,0x0F,0xFD,0x00,0x00,0x0F,0xFD,0x00,0x00,0x1F,0xFC,0x00,
  0x00,0x1F,0xF8,0x00,0x00,0x2F,0xF4,0x00,0x00,0x15,0x50,0x00,0x00,0x00,0x00,0x00,
  0x00,0x00,0x00,0x10,0x00,0x00,0x00,0x00,0x00,0x00,0x01,0xF4,0x00,0x00,0x00,0x00,
  0x00,0x00,0x2F,0xF4,0x00,0x00,0x00,0x00,0x00,0x06,0xFF,0xF4,0x00,0x00,0x00,0x00,
  0x00,0x6F,0xFF,0xF4,0x00,0x00,0x00,0x00,0x07,0xFF,0xFF,0xF4,0x00,0x00,0x00,0x00,
  0xBF,0xFF,0xFF,0xF0,0x00,0x00,0x00,0x1B,0xFF,0xFF,0xFE,0x40,0x00,0x00,0x01,0xBF,
  0xFF,0xFF,0xE4,0x00,0x00,0x00,0x1F,0xFF,0xFF,0xFD,0x00,0x00,0x00,0x00,0xFF,0xFF,
  0xFF,0x90,0x00,0x00,0x00,0x00,0xFF,0xFF,0xF4,0x00,0x00,0x00,0x00,0x00,0xFF,0xFE,
  0x40,0x00,0x00,0x00,0x00,0x00,0xFF,0xFE,0x40,0x00,0x00,0x00,0x00,0x00,0xFF,0xFF,
  0xF4,0x00,0x00,0x00,0x00,0x00,0xFF,0xFF,0xFF,0x90,0x00,0x00,0x00,0x00,0x1F,0xFF,
  0xFF,0xFD,0x00,0x00,0x00,0x00,0x01,0xBF,0xFF,0xFF,0xE4,0x00,0x00,0x00,0x00,0x1B,
  0xFF,0xFF,0xFE,0x40,0x00,0x00,0x00,0x00,0xBF,0xFF,0xFF,0xF0,0x00,0x00,0x00,0x00,
  0x07,0xFF,0xFF,0xF4,0x00,0x00,0x00,0x00,0x00,0x6F,0xFF,0xF4,0x00,0x00,0x00,0x00,
  0x00,0x06,0xFF,0xF4,0x00,0x00,0x00,0x00,0x00,0x00,0x2F,0xF4,0x00,0x00,0x00,0x00,
  0x00,0x00,0x01,0xF4,0x00,0x00,0x00,0x00,0x00,0x00,0x00,0x10,0x00,0x00,0x00,0x00,
  0x00,0x00,0x00,0x00,0x00,0x00,0xFF,0xFF,0xFF,0xFF,0xFF,0xF0,0x00,0x00,0xFF,0xFF,
  0xFF,0xFF,0xFF,0xF0,0x00,0x00,0xFF,0xFF,0xFF,0xFF,0xFF,0xF0,0x00,0x00,0xFF,0xFF,
  0xFF,0xFF,0xFF,0xF0,0x00,0x00,0xFF,0xFF,0xFF,0xFF,0xFF,0xF0,0x00,0x00,0x6A,0xAA,
  0xAA,0xAA,0xAA,0x90,0x00,0x00,0x00,0x00,0x00,0x00,0x00,0x00,0x00,0x00,0x00,0x00,
  0x00,0x00,0x00,0x00,0x00,0x00,0x00,0x00,0x00,0x00,0x00,0x00,0x00,0x00,0x00,0x00,
  0x00,0x00,0x00,0x00,0x00,0x00,0x55,0x55,0x55,0x55,0x55,0x50,0x00,0x00,0xFF,0xFF,
  0xFF,0xFF,0xFF,0xF0,0x00,0x00,0xFF,0xFF,0xFF,0xFF,0xFF,0xF0,0x00,0x00,0xFF,0xFF,
  0xFF,0xFF,0xFF,0xF0,0x00,0x00,0xFF,0xFF,0xFF,0xFF,0xFF,0xF0,0x00,0x00,0xFF,0xFF,
  0xFF,0xFF,0xFF,0xF0,0x00,0x00,0x00,0x00,0x00,0x00,0x00,0x00,0x00,0x00,0x00,0x00,
  0x00,0x00,0x00,0x00,0x00,0x00,0x00,0x00,0x00,0x00,0x00,0x00,0x00,0x00,0x00,0x00,
  0x00,0x00,0x00,0x00,0x00,0x00,0x00,0x00,0x00,0x00,0x00,0x00,0x00,0x00,0x40,0x00,
  0x00,0x00,0x00,0x00,0x00,0x00,0xF4,0x00,0x00,0x00,0x00,0x00,0x00,0x00,0xFF,0x80,
  0x00,0x00,0x00,0x00,0x00,0x00,0xFF,0xF9,0x00,0x00,0x00,0x00,0x00,0x00,0xFF,0xFF,
  0x90,0x00,0x00,0x00,0x00,0x00,0xFF,0xFF,0xFD,0x00,0x00,0x00,0x00,0x00,0xFF,0xFF,
  0xFF,0xE0,0x00,0x00,0x00,0x00,0x1B,0xFF,0xFF,0xFE,0x40,0x00,0x00,0x00,0x01,0xBF,
  0xFF,0xFF,0xE4,0x00,0x00,0x00,0x00,0x06,0xFF,0xFF,0xFF,0x40,0x00,0x00,0x00,0x00,
  0x6F,0xFF,0xFF,0xF0,0x00,0x00,0x00,0x00,0x01,0xBF,0xFF,0xF4,0x00,0x00,0x00,0x00,
  0x00,0x1B,0xFF,0xF4,0x00,0x00,0x00,0x00,0x00,0x1B,0xFF,0xF4,0x00,0x00,0x00,0x00,
  0x01,0xFF,0xFF,0xF4,0x00,0x00,0x00,0x00,0x6F,0xFF,0xFF,0xF0,0x00,0x00,0x00,0x06,
  0xFF,0xFF,0xFF,0x80,0x00,0x00,0x01,0xBF,0xFF,0xFF,0xF4,0x00,0x00,0x00,0x1B,0xFF,
  0xFF,0xFE,0x40,0x00,0x00,0x00,0xFF,0xFF,0xFF,0xE0,0x00,0x00,0x00,0x00,0xFF,0xFF,
  0xFD,0x00,0x00,0x00,0x00,0x00,0xFF,0xFF,0x90,0x00,0x00,0x00,0x00,0x00,0xFF,0xF9,
  0x00,0x00,0x00,0x00,0x00,0x00,0xFF,0x80,0x00,0x00,0x00,0x00,0x00,0x00,0xF4,0x00,
  0x00,0x00,0x00,0x00,0x00,0x00,0x40,0x00,0x00,0x00,0x00,0x00,0x00,0x00,0x01,0x6F,
  0xFA,0x40,0x00,0x00,0x00,0x1B,0xFF,0xFF,0xF4,0x00,0x00,0x00,0x7F,0xFF,0xFF,0xFE,
  0x00,0x00,0x01,0xFF,0xFF,0xFF,0xFF,0xC0,0x00,0x03,0xFF,0xFF,0xFF,0xFF,0xE0,0x00,
  0x0B,0xFF,0xF9,0x6F,0xFF,0xF0,0x00,0x0F,0xFF,0xD0,0x07,0xFF,0xF4,0x00,0x1F,0xFF,
  0x40,0x01,0xFF,0xF8,0x00,0x1F,0xFF,0x00,0x00,0xFF,0xF8,0x00,0x05,0x55,0x00,0x00,
  0xFF,0xF8,0x00,0x00,0x00,0x00,0x01,0xFF,0xF8,0x00,0x00,0x00,0x00,0x03,0xFF,0xF4,
  0x00,0x00,0x00,0x00,0x0B,0xFF,0xF0,0x00,0x00,0x00,0x00,0x7F,0xFF,0xD0,0x00,0x00,
  0x00,0x01,0xFF,0xFF,0x80,0x00,0x00,0x00,0x0B,0xFF,0xFE,0x00,0x00,0x00,0x00,0x1F,
  0xFF,0xF4,0x00,0x00,0x00,0x00,0x2F,0xFF,0x80,0x00,0x00,0x00,0x00,0x3F,0xFE,0x00,
  0x00,0x00,0x00,0x00,0x7F,0xFC,0x00,0x00,0x00,0x00,0x00,0xBF,0xF8,0x00,0x00,0x00,
  0x00,0x00,0xBF,0xF4,0x00,0x00,0x00,0x00,0x00,0xBF,0xF4,0x00,0x00,0x00,0x00,0x00,
  0x55,0x50,0x00,0x00,0x00,0x00,0x00,0x00,0x00,0x00,0x00,0x00,0x00,0x00,0x00,0x00,
  0x00,0x00,0x00,0x00,0x00,0x1F,0xD0,0x00,0x00,0x00,0x00,0x00,0xBF,0xF4,0x00,0x00,
  0x00,0x00,0x00,0xFF,0xFC,0x00,0x00,0x00,0x00,0x01,0xFF,0xFC,0x00,0x00,0x00,0x00,
  0x00,0xFF,0xFC,0x00,0x00,0x00,0x00,0x00,0xBF,0xF8,0x00,0x00,0x00,0x00,0x00,0x2F,
  0xE0,0x00,0x00,0x00,0x00,0x00,0x05,0x40,0x00,0x00,0x00,0x00,0x00,0x00,0x00,0x00,
  0x00,0x00,0x00,0x00,0x00,0x00,0x00,0x00,0x06,0xBF,0xFE,0x90,0x00,0x00,0x00,0x00,
  0x00,0x00,0xBF,0xFF,0xFF,0xFE,0x40,0x00,0x00,0x00,0x00,0x07,0xFF,0xFF,0xFF,0xFF,
  0xE4,0x00,0x00,0x00,0x00,0x2F,0xFF,0xFF,0xFF,0xFF,0xFD,0x00,0x00,0x00,0x01,0xFF,
  0xFF,0xFE,0xBF,0xFF,0xFF,0x80,0x00,0x00,0x07,0xFF,0xFE,0x40,0x00,0x6F,0xFF,0xE0,
  0x00,0x00,0x0F,0xFF,0xD0,0x00,0x00,0x02,0xFF,0xF8,0x00,0x00,0x2F,0xFE,0x00,0x00,
  0x00,0x00,0x7F,0xFD,0x00,0x00,0x7F,0xF8,0x00,0x00,0x00,0x00,0x0F,0xFF,0x00,0x00,
  0xFF,0xE0,0x01,0xAA,0x41,0x55,0x07,0xFF,0x40,0x01,0xFF,0xC0,0x0B,0xFF,0xE2,0xFF,
  0x41,0xFF,0xC0,0x02,0xFF,0x40,0x2F,0xFF,0xFA,0xFF,0x40,0xFF,0xD0,0x03,0xFF,0x00,
  0x7F,0xFF,0xFF,0xFF,0x40,0x7F,0xD0,0x07,0xFE,0x00,0xFF,0xFF,0xBF,0xFF,0x40,0x7F,
  0xE0,0x0B,0xFD,0x01,0xFF,0xF4,0x0B,0xFF,0x40,0x3F,0xF0,0x0B,0xFC,0x02,0xFF,0xD0,
  0x03,0xFF,0x40,0x2F,0xF0,0x0B,0xFC,0x02,0xFF,0xC0,0x02,0xFF,0x40,0x2F,0xF0,0x0B,
  0xFC,0x02,0xFF,0xC0,0x02,0xFF,0x40,0x2F,0xF0,0x0F,0xFC,0x02,0xFF,0x80,0x02,0xFF,
  0x40,0x2F,0xF0,0x0B,0xFC,0x02,0xFF,0xC0,0x02,0xFF,0x40,0x3F,0xF0,0x0B,0xFC,0x02,
  0xFF,0xD0,0x03,0xFF,0x40,0x7F,0xE0,0x0B,0xFD,0x01,0xFF,0xE0,0x07,0xFF,0x40,0xBF,
  0xD0,0x0B,0xFD,0x00,0xFF,0xF9,0x6F,0xFF,0x81,0xFF,0xC0,0x07,0xFE,0x00,0xBF,0xFF,
  0xFF,0xFF,0xFF,0xFF,0x80,0x03,0xFF,0x00,0x3F,0xFF,0xFE,0xFF,0xFF,0xFF,0x00,0x02,
  0xFF,0x40,0x1F,0xFF,0xF4,0xBF,0xFF,0xFC,0x00,0x01,0xFF,0xC0,0x06,0xFF,0xD0,0x2F,
  0xFF,0xE0,0x00,0x00,0xFF,0xE0,0x00,0x15,0x00,0x01,0x69,0x00,0x00,0x00,0x7F,0xF8,
  0x00,0x00,0x00,0x00,0x00,0x00,0x00,0x00,0x2F,0xFE,0x00,0x00,0x00,0x00,0x00,0x00,
  0x00,0x00,0x0F,0xFF,0xD0,0x00,0x00,0x00,0x00,0x00,0x00,0x00,0x07,0xFF,0xFE,0x95,
  0x55,0x6B,0x40,0x00,0x00,0x00,0x01,0xFF,0xFF,0xFF,0xFF,0xFF,0x40,0x00,0x00,0x00,
  0x00,0x3F,0xFF,0xFF,0xFF,0xFF,0x40,0x00,0x00,0x00,0x00,0x07,0xFF,0xFF,0xFF,0xFF,
  0x40,0x00,0x00,0x00,0x00,0x00,0x6F,0xFF,0xFF,0xFE,0x00,0x00,0x00,0x00,0x00,0x00,
  0x01,0x5A,0xA9,0x40,0x00,0x00,0x00,0x00,0x00,0x00,0x6A,0xAA,0x40,0x00,0x00,0x00,
  0x00,0x00,0x01,0xFF,0xFF,0xD0,0x00,0x00,0x00,0x00,0x00,0x02,0xFF,0xFF,0xE0,0x00,
  0x00,0x00,0x00,0x00,0x03,0xFF,0xFF,0xF0,0x00,0x00,0x00,0x00,0x00,0x07,0xFF,0xFF,
  0xF4,0x00,0x00,0x00,0x00,0x00,0x0B,0xFF,0xFF,0xF8,0x00,0x00,0x00,0x00,0x00,0x0F,
  0xFF,0xFF,0xFC,0x00,0x00,0x00,0x00,0x00,0x1F,0xFF,0xFF,0xFD,0x00,0x00,0x00,0x00,
  0x00,0x2F,0xFF,0x7F,0xFE,0x00,0x00,0x00,0x00,0x00,0x3F,0xFF,0x3F,0xFF,0x00,0x00,
  0x00,0x00,0x00,0x7F,0xFE,0x2F,0xFF,0x40,0x00,0x00,0x00,0x00,0xBF,0xFD,0x1F,0xFF,
  0x80,0x00,0x00,0x00,0x00,0xFF,0xFC,0x0F,0xFF,0xC0,0x00,0x00,0x00,0x01,0xFF,0xF8,
  0x0B,0xFF,0xD0,0x00,0x00,0x00,0x02,0xFF,0xF4,0x07,0xFF,0xE0,0x00,0x00,0x00,0x03,
  0xFF,0xF0,0x03,0xFF,0xF0,0x00,0x00,0x00,0x07,0xFF,0xE0,0x02,0xFF,0xF4,0x00,0x00,
  0x00,0x0B,0xFF,0xD0,0x01,0xFF,0xF8,0x00,0x00,0x00,0x0F,0xFF,0xC0,0x00,0xFF,0xFC,
  0x00,0x00,0x00,0x1F,0xFF,0x80,0x00,0xBF,0xFD,0x00,0x00,0x00,0x2F,0xFF,0xEA,0xAA,
  0xFF,0xFE,0x00,0x00,0x00,0x3F,0xFF,0xFF,0xFF,0xFF,0xFF,0x00,0x00,0x00,0x7F,0xFF,
  0xFF,0xFF,0xFF,0xFF,0x40,0x00,0x00,0xBF,0xFF,0xFF,0xFF,0xFF,0xFF,0x80,0x00,0x00,
  0xFF,0xFF,0xFF,0xFF,0xFF,0xFF,0xC0,0x00,0x02,0xFF,0xF9,0x55,0x55,0x5B,0xFF,0xD0,
  0x00,0x03,0xFF,0xF4,0x00,0x00,0x07,0xFF,0xE0,0x00,0x07,0xFF,0xF0,0x00,0x00,0x03,
  0xFF,0xF0,0x00,0x0B,0xFF,0xE0,0x00,0x00,0x02,0xFF,0xF8,0x00,0x0F,0xFF,0xD0,0x00,
  0x00,0x01,0xFF,0xFC,0x00,0x1F,0xFF,0xC0,0x00,0x00,0x00,0xFF,0xFD,0x00,0x2F,0xFF,
  0x80,0x00,0x00,0x00,0xBF,0xFE,0x00,0x3F,0xFF,0x40,0x00,0x00,0x00,0x7F,0xFF,0x00,
  0x02,0xAA,0xAA,0xAA,0x54,0x00,0x00,0x00,0x07,0xFF,0xFF,0xFF,0xFF,0xD0,0x00,0x00,
  0x07,0xFF,0xFF,0xFF,0xFF,0xFD,0x00,0x00,0x07,0xFF,0xFF,0xFF,0xFF,0xFF,0x40,0x00,
  0x07,0xFF,0xFF,0xFF,0xFF,0xFF,0xD0,0x00,0x07,0xFF,0xFF,0xFF,0xFF,0xFF,0xE0,0x00,
  0x07,0xFF,0xD0,0x00,0x6F,0xFF,0xF0,0x00,0x07,0xFF,0xD0,0x00,0x07,0xFF,0xF4,0x00,
  0x07,0xFF,0xD0,0x00,0x02,0xFF,0xF4,0x00,0x07,0xFF,0xD0,0x00,0x01,0xFF,0xF4,0x00,
  0x07,0xFF,0xD0,0x00,0x02,0xFF,0xF0,0x00,0x07,0xFF,0xD0,0x00,0x02,0xFF,0xF0,0x00,
  0x07,0xFF,0xD0,0x00,0x07,0xFF,0xD0,0x00,0x07,0xFF,0xD0,0x00,0x6F,0xFF,0x80,0x00,
  0x07,0xFF,0xFF,0xFF,0xFF,0xFD,0x00,0x00,0x07,0xFF,0xFF,0xFF,0xFF,0xD0,0x00,0x00,
  0x07,0xFF,0xFF,0xFF,0xFF,0xE4,0x00,0x00,0x07,0xFF,0xFF,0xFF,0xFF,0xFF,0x40,0x00,
  0x07,0xFF,0xFA,0xAA,0xFF,0xFF,0xE0,0x00,0x07,0xFF,0xD0,0x00,0x0B,0xFF,0xF4,0x00,
  0x07,0xFF,0xD0,0x00,0x01,0xFF,0xFC,0x00,0x07,0xFF,0xD0,0x00,0x00,0xBF,0xFD,0x00,
  0x07,0xFF,0xD0,0x00,0x00,0x7F,0xFE,0x00,0x07,0xFF,0xD0,0x00,0x00,0x7F,0xFE,0x00,
  0x07,0xFF,0xD0,0x00,0x00,0x7F,0xFE,0x00,0x07,0xFF,0xD0,0x00,0x00,0xFF,0xFE,0x00,
  0x07,0xFF,0xD0,0x00,0x06,0xFF,0xFD,0x00,0x07,0xFF,0xEA,0xAA,0xBF,0xFF,0xFC,0x00,
  0x07,0xFF,0xFF,0xFF,0xFF,0xFF,0xF8,0x00,0x07,0xFF,0xFF,0xFF,0xFF,0xFF,0xE0,0x00,
  0x07,0xFF,0xFF,0xFF,0xFF,0xFF,0x80,0x00,0x07,0xFF,0xFF,0xFF,0xFF,0xFD,0x00,0x00,
  0x07,0xFF,0xFF,0xFF,0xFE,0x90,0x00,0x00,0x00,0x00,0x00,0x5A,0xFE,0x90,0x00,0x00,
  0x00,0x00,0x00,0x07,0xFF,0xFF,0xFE,0x40,0x00,0x00,0x00,0x00,0x7F,0xFF,0xFF,0xFF,
  0xE0,0x00,0x00,0x00,0x01,0xFF,0xFF,0xFF,0xFF,0xFD,0x00,0x00,0x00,0x0B,0xFF,0xFF,
  0xFF,0xFF,0xFF,0x40,0x00,0x00,0x1F,0xFF,0xFF,0xFF,0xFF,0xFF,0xC0,0x00,0x00,0x7F,
  0xFF,0xF9,0x05,0xBF,0xFF,0xE0,0x00,0x00,0xBF,0xFF,0x80,0x00,0x1F,0xFF,0xF0,0x00,
  0x01,0xFF,0xFE,0x00,0x00,0x03,0xFF,0xF4,0x00,0x02,0xFF,0xF8,0x00,0x00,0x01,0xFF,
  0xF8,0x00,0x03,0xFF,0xF4,0x00,0x00,0x00,0xFF,0xFC,0x00,0x07,0xFF,0xF0,0x00,0x00,
  0x00,0xAA,0xA9,0x00,0x07,0xFF,0xE0,0x00,0x00,0x00,0x00,0x00,0x00,0x0B,0xFF,0xD0,
  0x00,0x00,0x00,0x00,0x00,0x00,0x0B,0xFF,0xC0,0x00,0x00,0x00,0x00,0x00,0x00,0x0B,
  0xFF,0xC0,0x00,0x00,0x00,0x00,0x00,0x00,0x0F,0xFF,0xC0,0x00,0x00,0x00,0x00,0x00,
  0x00,0x0F,0xFF,0xC0,0x00,0x00,0x00,0x00,0x00,0x00,0x0B,0xFF,0xC0,0x00,0x00,0x00,
  0x00,0x00,0x00,0x0B,0xFF,0xD0,0x00,0x00,0x00,0x00,0x00,0x00,0x0B,0xFF,0xD0,0x00,
  0x00,0x00,0x00,0x00,0x00,0x07,0xFF,0xE0,0x00,0x00,0x00,0x00,0x00,0x00,0x03,0xFF,
  0xF0,0x00,0x00,0x00,0xBF,0xFD,0x00,0x03,0xFF,0xF4,0x00,0x00,0x00,0xFF,0xFC,0x00,
  0x01,0xFF,0xFD,0x00,0x00,0x02,0xFF,0xF8,0x00,0x00,0xFF,0xFF,0x00,0x00,0x07,0xFF,
  0xF4,0x00,0x00,0x7F,0xFF,0xD0,0x00,0x6F,0xFF,0xE0,0x00,0x00,0x2F,0xFF,0xFE,0xAA,
  0xFF,0xFF,0xD0,0x00,0x00,0x0F,0xFF,0xFF,0xFF,0xFF,0xFF,0x40,0x00,0x00,0x07,0xFF,
  0xFF,0xFF,0xFF,0xFE,0x00,0x00,0x00,0x00,0xBF,0xFF,0xFF,0xFF,0xF4,0x00,0x00,0x00,
  0x00,0x1F,0xFF,0xFF,0xFF,0x80,0x00,0x00,0x00,0x00,0x01,0xBF,0xFF,0xF9,0x00,0x00,
  0x00,0x00,0x00,0x00,0x05,0x55,0x00,0x00,0x00,0x00,0x02,0xAA,0xAA,0xA5,0x50,0x00,
  0x00,0x00,0x07,0xFF,0xFF,0xFF,0xFE,0x80,0x00,0x00,0x07,0xFF,0xFF,0xFF,0xFF,0xF8,
  0x00,0x00,0x07,0xFF,0xFF,0xFF,0xFF,0xFF,0x40,0x00,0x07,0xFF,0xFF,0xFF,0xFF,0xFF,
  0xD0,0x00,0x07,0xFF,0xFF,0xFF,0xFF,0xFF,0xF4,0x00,0x07,0xFF,0xE5,0x55,0xAF,0xFF,
  0xFD,0x00,0x07,0xFF,0xD0,0x00,0x02,0xFF,0xFF,0x00,0x07,0xFF,0xD0,0x00,0x00,0x7F,
  0xFF,0x40,0x07,0xFF,0xD0,0x00,0x00,0x2F,0xFF,0x80,0x07,0xFF,0xD0,0x00,0x00,0x0F,
  0xFF,0xC0,0x07,0xFF,0xD0,0x00,0x00,0x07,0xFF,0xD0,0x07,0xFF,0xD0,0x00,0x00,0x03,
  0xFF,0xE0,0x07,0xFF,0xD0,0x00,0x00,0x03,0xFF,0xF0,0x07,0xFF,0xD0,0x00,0x00,0x02,
  0xFF,0xF0,0x07,0xFF,0xD0,0x00,0x00,0x02,0xFF,0xF0,0x07,0xFF,0xD0,0x00,0x00,0x02,
  0xFF,0xF0,0x07,0xFF,0xD0,0x00,0x00,0x02,0xFF,0xF0,0x07,0xFF,0xD0,0x00,0x00,0x02,
  0xFF,0xF0,0x07,0xFF,0xD0,0x00,0x00,0x03,0xFF,0xF0,0x07,0xFF,0xD0,0x00,0x00,0x03,
  0xFF,0xE0,0x07,0xFF,0xD0,0x00,0x00,0x07,0xFF,0xE0,0x07,0xFF,0xD0,0x00,0x00,0x0B,
  0xFF,0xD0,0x07,0xFF,0xD0,0x00,0x00,0x1F,0xFF,0xC0,0x07,0xFF,0xD0,0x00,0x00,0x3F,
  0xFF,0x80,0x07,0xFF,0xD0,0x00,0x00,0xFF,0xFF,0x00,0x07,0xFF,0xD0,0x00,0x1B,0xFF,
  0xFE,0x00,0x07,0xFF,0xFA,0xAB,0xFF,0xFF,0xF8,0x00,0x07,0xFF,0xFF,0xFF,0xFF,0xFF,
  0xF0,0x00,0x07,0xFF,0xFF,0xFF,0xFF,0xFF,0x80,0x00,0x07,0xFF,0xFF,0xFF,0xFF,0xFE,
  0x00,0x00,0x07,0xFF,0xFF,0xFF,0xFF,0xE0,0x00,0x00,0x07,0xFF,0xFF,0xFF,0xA9,0x00,
  0x00,0x00,0x02,0xAA,0xAA,0xAA,0xAA,0xAA,0x40,0x07,0xFF,0xFF,0xFF,0xFF,0xFF,0x80,
  0x07,0xFF,0xFF,0xFF,0xFF,0xFF,0x80,0x07,0xFF,0xFF,0xFF,0xFF,0xFF,0x80,0x07,0xFF,
  0xFF,0xFF,0xFF,0xFF,0x80,0x07,0xFF,0xFF,0xFF,0xFF,0xFF,0x80,0x07,0xFF,0xD0,0x00,
  0x00,0x00,0x00,0x07,0xFF,0xD0,0x00,0x00,0x00,0x00,0x07,0xFF,0xD0,0x00,0x00,0x00,
  0x00,0x07,0xFF,0xD0,0x00,0x00,0x00,0x00,0x07,0xFF,0xD0,0x00,0x00,0x00,0x00,0x07,
  0xFF,0xD0,0x00,0x00,0x00,0x00,0x07,0xFF,0xD0,0x00,0x00,0x00,0x00,0x07,0xFF,0xD0,
  0x00,0x00,0x00,0x00,0x07,0xFF,0xFF,0xFF,0xFF,0xFD,0x00,0x07,0xFF,0xFF,0xFF,0xFF,
  0xFD,0x00,0x07,0xFF,0xFF,0xFF,0xFF,0xFD,0x00,0x07,0xFF,0xFF,0xFF,0xFF,0xFD,0x00,
  0x07,0xFF,0xFF,0xFF,0xFF,0xFD,0x00,0x07,0xFF,0xEA,0xAA,0xAA,0xA9,0x00,0x07,0xFF,
  0xD0,0x00,0x00,0x00,0x00,0x07,0xFF,0xD0,0x00,0x00,0x00,0x00,0x07,0xFF,0xD0,0x00,
  0x00,0x00,0x00,0x07,0xFF,0xD0,0x00,0x00,0x00,0x00,0x07,0xFF,0xD0,0x00,0x00,0x00,
  0x00,0x07,0xFF,0xD0,0x00,0x00,0x00,0x00,0x07,0xFF,0xD0,0x00,0x00,0x00,0x00,0x07,
  0xFF,0xEA,0xAA,0xAA,0xAA,0x40,0x07,0xFF,0xFF,0xFF,0xFF,0xFF,0x80,0x07,0xFF,0xFF,
  0xFF,0xFF,0xFF,0x80,0x07,0xFF,0xFF,0xFF,0xFF,0xFF,0x80,0x07,0xFF,0xFF,0xFF,0xFF,
  0xFF,0x80,0x07,0xFF,0xFF,0xFF,0xFF,0xFF,0x80,0x02,0xAA,0xAA,0xAA,0xAA,0xAA,0x00,
  0x07,0xFF,0xFF,0xFF,0xFF,0xFF,0x00,0x07,0xFF,0xFF,0xFF,0xFF,0xFF,0x00,0x07,0xFF,
  0xFF,0xFF,0xFF,0xFF,0x00,0x07,0xFF,0xFF,0xFF,0xFF,0xFF,0x00,0x07,0xFF,0xFF,0xFF,
  0xFF,0xFF,0x00,0x07,0xFF,0xD0,0x00,0x00,0x00,0x00,0x07,0xFF,0xD0,0x00,0x00,0x00,
  0x00,0x07,0xFF,0xD0,0x00,0x00,0x00,0x00,0x07,0xFF,0xD0,0x00,0x00,0x00,0x00,0x07,
  0xFF,0xD0,0x00,0x00,0x00,0x00,0x07,0xFF,0xD0,0x00,0x00,0x00,0x00,0x07,0xFF,0xD0,
  0x00,0x00,0x00,0x00,0x07,0xFF,0xD0,0x00,0x00,0x00,0x00,0x07,0xFF,0xFF,0xFF,0xFF,
  0xF8,0x00,0x07,0xFF,0xFF,0xFF,0xFF,0xF8,0x00,0x07,0xFF,0xFF,0xFF,0xFF,0xF8,0x00,
  0x07,0xFF,0xFF,0xFF,0xFF,0xF8,0x00,0x07,0xFF,0xFF,0xFF,0xFF,0xF8,0x00,0x07,0xFF,
  0xEA,0xAA,0xAA,0xA4,0x00,0x07,0xFF,0xD0,0x00,0x00,0x00,0x00,0x07,0xFF,0xD0,0x00,
  0x00,0x00,0x00,0x07,0xFF,0xD0,0x00,0x00,0x00,0x00,0x07,0xFF,0xD0,0x00,0x00,0x00,
  0x00,0x07,0xFF,0xD0,0x00,0x00,0x00,0x00,0x07,0xFF,0xD0,0x00,0x00,0x00,0x00,0x07,
  0xFF,0xD0,0x00,0x00,0x00,0x00,0x07,0xFF,0xD0,0x00,0x00,0x00,0x00,0x07,0xFF,0xD0,
  0x00,0x00,0x00,0x00,0x07,0xFF,0xD0,0x00,0x00,0x00,0x00,0x07,0xFF,0xD0,0x00,0x00,
  0x00,0x00,0x07,0xFF,0xD0,0x00,0x00,0x00,0x00,0x07,0xFF,0xD0,0x00,0x00,0x00,0x00,
  0x00,0x00,0x00,0x5A,0xFE,0x90,0x00,0x00,0x00,0x00,0x00,0x07,0xFF,0xFF,0xFE,0x40,
  0x00,0x00,0x00,0x00,0x7F,0xFF,0xFF,0xFF,0xE0,0x00,0x00,0x00,0x01,0xFF,0xFF,0xFF,
  0xFF,0xFC,0x00,0x00,0x00,0x0B,0xFF,0xFF,0xFF,0xFF,0xFF,0x40,0x00,0x00,0x1F,0xFF,
  0xFF,0xFF,0xFF,0xFF,0xC0,0x00,0x00,0x3F,0xFF,0xF9,0x01,0xBF,0xFF,0xE0,0x00,0x00,
  0xBF,0xFF,0x80,0x00,0x1F,0xFF,0xF0,0x00,0x00,0xFF,0xFE,0x00,0x00,0x03,0xFF,0xF8,
  0x00,0x02,0xFF,0xFC,0x00,0x00,0x01,0xFF,0xF8,0x00,0x03,0xFF,0xF4,0x00,0x00,0x00,
  0xBF,0xFC,0x00,0x07,0xFF,0xF0,0x00,0x00,0x00,0x00,0x00,0x00,0x07,0xFF,0xE0,0x00,
  0x00,0x00,0x00,0x00,0x00,0x0B,0xFF,0xD0,0x00,0x00,0x00,0x00,0x00,0x00,0x0B,0xFF,
  0xC0,0x00,0x00,0x00,0x00,0x00,0x00,0x0B,0xFF,0xC0,0x00,0x05,0x55,0x55,0x54,0x00,
  0x0F,0xFF,0xC0,0x00,0x0F,0xFF,0xFF,0xFD,0x00,0x0F,0xFF,0xC0,0x00,0x0F,0xFF,0xFF,
  0xFD,0x00,0x0B,0xFF,0xC0,0x00,0x0F,0xFF,0xFF,0xFD,0x00,0x0B,0xFF,0xD0,0x00,0x0F,
  0xFF,0xFF,0xFD,0x00,0x0B,0xFF,0xD0,0x00,0x0A,0xAA,0xBF,0xFD,0x00,0x07,0xFF,0xE0,
  0x00,0x00,0x00,0x7F,0xFD,0x00,0x03,0xFF,0xF0,0x00,0x00,0x00,0x7F,0xFD,0x00,0x03,
  0xFF,0xF8,0x00,0x00,0x00,0xBF,0xFC,0x00,0x01,0xFF,0xFD,0x00,0x00,0x01,0xFF,0xF8,
  0x00,0x00,0xFF,0xFF,0x40,0x00,0x03,0xFF,0xF4,0x00,0x00,0x7F,0xFF,0xE0,0x00,0x2F,
  0xFF,0xF0,0x00,0x00,0x2F,0xFF,0xFE,0xAA,0xFF,0xFF,0xD0,0x00,0x00,0x0F,0xFF,0xFF,
  0xFF,0xFF,0xFF,0x80,0x00,0x00,0x07,0xFF,0xFF,0xFF,0xFF,0xFE,0x00,0x00,0x00,0x00,
  0xBF,0xFF,0xFF,0xFF,0xF8,0x00,0x00,0x00,0x00,0x1F,0xFF,0xFF,0xFF,0x90,0x00,0x00,
  0x00,0x00,0x01,0xBF,0xFF,0xF9,0x00,0x00,0x00,0x00,0x00,0x00,0x05,0x55,0x40,0x00,
  0x00,0x00,0x02,0xAA,0x90,0x00,0x00,0x01,0xAA,0xA4,0x00,0x07,0xFF,0xD0,0x00,0x00,
  0x01,0xFF,0xF4,0x00,0x07,0xFF,0xD0,0x00,0x00,0x01,0xFF,0xF4,0x00,0x07,0xFF,0xD0,
  0x00,0x00,0x01,0xFF,0xF4,0x00,0x07,0xFF,0xD0,0x00,0x00,0x01,0xFF,0xF4,0x00,0x07,
  0xFF,0xD0,0x00,0x00,0x01,0xFF,0xF4,0x00,0x07,0xFF,0xD0,0x00,0x00,0x01,0xFF,0xF4,
  0x00,0x07,0xFF,0xD0,0x00,0x00,0x01,0xFF,0xF4,0x00,0x07,0xFF,0xD0,0x00,0x00,0x01,
  0xFF,0xF4,0x00,0x07,0xFF,0xD0,0x00,0x00,0x01,0xFF,0xF4,0x00,0x07,0xFF,0xD0,0x00,
  0x00,0x01,0xFF,0xF4,0x00,0x07,0xFF,0xD0,0x00,0x00,0x01,0xFF,0xF4,0x00,0x07,0xFF,
  0xD0,0x00,0x00,0x01,0xFF,0xF4,0x00,0x07,0xFF,0xD0,0x00,0x00,0x01,0xFF,0xF4,0x00,
  0x07,0xFF,0xFF,0xFF,0xFF,0xFF,0xFF,0xF4,0x00,0x07,0xFF,0xFF,0xFF,0xFF,0xFF,0xFF,
  0xF4,0x00,0x07,0xFF,0xFF,0xFF,0xFF,0xFF,0xFF,0xF4,0x00,0x07,0xFF,0xFF,0xFF,0xFF,
  0xFF,0xFF,0xF4,0x00,0x07,0xFF,0xFF,0xFF,0xFF,0xFF,0xFF,0xF4,0x00,0x07,0xFF,0xEA,
  0xAA,0xAA,0xAA,0xFF,0xF4,0x00,0x07,0xFF,0xD0,0x00,0x00,0x01,0xFF,0xF4,0x00,0x07,
  0xFF,0xD0,0x00,0x00,0x01,0xFF,0xF4,0x00,0x07,0xFF,0xD0,0x00,0x00,0x01,0xFF,0xF4,
  0x00,0x07,0xFF,0xD0,0x00,0x00,0x01,0xFF,0xF4,0x00,0x07,0xFF,0xD0,0x00,0x00,0x01,
  0xFF,0xF4,0x00,0x07,0xFF,0xD0,0x00,0x00,0x01,0xFF,0xF4,0x00,0x07,0xFF,0xD0,0x00,
  0x00,0x01,0xFF,0xF4,0x00,0x07,0xFF,0xD0,0x00,0x00,0x01,0xFF,0xF4,0x00,0x07,0xFF,
  0xD0,0x00,0x00,0x01,0xFF,0xF4,0x00,0x07,0xFF,0xD0,0x00,0x00,0x01,0xFF,0xF4,0x00,
  0x07,0xFF,0xD0,0x00,0x00,0x01,0xFF,0xF4,0x00,0x07,0xFF,0xD0,0x00,0x00,0x01,0xFF,
  0xF4,0x00,0x07,0xFF,0xD0,0x00,0x00,0x01,0xFF,0xF4,0x00,0x02,0xAA,0x90,0x07,0xFF,
  0xD0,0x07,0xFF,0xD0,0x07,0xFF,0xD0,0x07,0xFF,0xD0,0x07,0xFF,0xD0,0x07,0xFF,0xD0,
  0x07,0xFF,0xD0,0x07,0xFF,0xD0,0x07,0xFF,0xD0,0x07,0xFF,0xD0,0x07,0xFF,0xD0,0x07,
  0xFF,0xD0,0x07,0xFF,0xD0,0x07,0xFF,0xD0,0x07,0xFF,0xD0,0x07,0xFF,0xD0,0x07,0xFF,
  0xD0,0x07,0xFF,0xD0,0x07,0xFF,0xD0,0x07,0xFF,0xD0,0x07,0xFF,0xD0,0x07,0xFF,0xD0,
  0x07,0xFF,0xD0,0x07,0xFF,0xD0,0x07,0xFF,0xD0,0x07,0xFF,0xD0,0x07,0xFF,0xD0,0x07,
  0xFF,0xD0,0x07,0xFF,0xD0,0x07,0xFF,0xD0,0x07,0xFF,0xD0,0x07,0xFF,0xD0,0x00,0x00,
  0x00,0x00,0xAA,0xA4,0x00,0x00,0x00,0x00,0x01,0xFF,0xF4,0x00,0x00,0x00,0x00,0x01,
  0xFF,0xF4,0x00,0x00,0x00,0x00,0x01,0xFF,0xF4,0x00,0x00,0x00,0x00,0x01,0xFF,0xF4,
  0x00,0x00,0x00,0x00,0x01,0xFF,0xF4,0x00,0x00,0x00,0x00,0x01,0xFF,0xF4,0x00,0x00,
  0x00,0x00,0x01,0xFF,0xF4,0x00,0x00,0x00,0x00,0x01,0xFF,0xF4,0x00,0x00,0x00,0x00,
  0x01,0xFF,0xF4,0x00,0x00,0x00,0x00,0x01,0xFF,0xF4,0x00,0x00,0x00,0x00,0x01,0xFF,
  0xF4,0x00,0x00,0x00,0x00,0x01,0xFF,0xF4,0x00,0x00,0x00,0x00,0x01,0xFF,0xF4,0x00,
  0x00,0x00,0x00,0x01,0xFF,0xF4,0x00,0x00,0x00,0x00,0x01,0xFF,0xF4,0x00,0x00,0x00,
  0x00,0x01,0xFF,0xF4,0x00,0x00,0x00,0x00,0x01,0xFF,0xF4,0x00,0x00,0x00,0x00,0x01,
  0xFF,0xF4,0x00,0x00,0x00,0x00,0x01,0xFF,0xF4,0x00,0x00,0x00,0x00,0x01,0xFF,0xF4,
  0x00,0x00,0x00,0x00,0x01,0xFF,0xF4,0x00,0x00,0x00,0x00,0x01,0xFF,0xF4,0x00,0x00,
  0x00,0x00,0x01,0xFF,0xF4,0x00,0x3F,0xFE,0x00,0x01,0xFF,0xF4,0x00,0x3F,0xFF,0x00,
  0x02,0xFF,0xF0,0x00,0x2F,0xFF,0x80,0x07,0xFF,0xF0,0x00,0x1F,0xFF,0xE4,0x1F,0xFF,
  0xE0,0x00,0x0F,0xFF,0xFF,0xFF,0xFF,0xC0,0x00,0x07,0xFF,0xFF,0xFF,0xFF,0x40,0x00,
  0x02,0xFF,0xFF,0xFF,0xFE,0x00,0x00,0x00,0x7F,0xFF,0xFF,0xF4,0x00,0x00,0x00,0x0B,
  0xFF,0xFF,0x40,0x00,0x00,0x00,0x00,0x15,0x50,0x00,0x00,0x00,0x02,0xAA,0x90,0x00,
  0x00,0x1A,0xAA,0x90,0x07,0xFF,0xD0,0x00,0x00,0x3F,0xFF,0xC0,0x07,0xFF,0xD0,0x00,
  0x00,0xFF,0xFF,0x40,0x07,0xFF,0xD0,0x00,0x02,0xFF,0xFD,0x00,0x07,0xFF,0xD0,0x00,
  0x0B,0xFF,0xF8,0x00,0x07,0xFF,0xD0,0x00,0x1F,0xFF,0xE0,0x00,0x07,0xFF,0xD0,0x00,
  0x7F,0xFF,0x80,0x00,0x07,0xFF,0xD0,0x00,0xFF,0xFF,0x00,0x00,0x07,0xFF,0xD0,0x02,
  0xFF,0xFD,0x00,0x00,0x07,0xFF,0xD0,0x0B,0xFF,0xF4,0x00,0x00,0x07,0xFF,0xD0,0x1F,
  0xFF,0xE0,0x00,0x00,0x07,0xFF,0xD0,0x7F,0xFF,0x80,0x00,0x00,0x07,0xFF,0xD0,0xFF,
  0xFE,0x00,0x00,0x00,0x07,0xFF,0xD3,0xFF,0xFC,0x00,0x00,0x00,0x07,0xFF,0xEB,0xFF,
  0xF4,0x00,0x00,0x00,0x07,0xFF,0xFF,0xFF,0xF0,0x00,0x00,0x00,0x07,0xFF,0xFF,0xFF,
  0xF8,0x00,0x00,0x00,0x07,0xFF,0xFF,0xFF,0xFD,0x00,0x00,0x00,0x07,0xFF,0xFF,0xFF,
  0xFF,0x00,0x00,0x00,0x07,0xFF,0xFF,0xFF,0xFF,0x80,0x00,0x00,0x07,0xFF,0xFF,0x5F,
  0xFF,0xD0,0x00,0x00,0x07,0xFF,0xFD,0x0B,0xFF,0xF4,0x00,0x00,0x07,0xFF,0xF4,0x07,
  0xFF,0xF8,0x00,0x00,0x07,0xFF,0xE0,0x01,0xFF,0xFE,0x00,0x00,0x07,0xFF,0xD0,0x00,
  0xBF,0xFF,0x40,0x00,0x07,0xFF,0xD0,0x00,0x3F,0xFF,0xC0,0x00,0x07,0xFF,0xD0,0x00,
  0x1F,0xFF,0xE0,0x00,0x07,0xFF,0xD0,0x00,0x0B,0xFF,0xF4,0x00,0x07,0xFF,0xD0,0x00,
  0x03,0xFF,0xFC,0x00,0x07,0xFF,0xD0,0x00,0x01,0xFF,0xFE,0x00,0x07,0xFF,0xD0,0x00,
  0x00,0xBF,0xFF,0x40,0x07,0xFF,0xD0,0x00,0x00,0x3F,0xFF,0xC0,0x07,0xFF,0xD0,0x00,
  0x00,0x1F,0xFF,0xE0,0x02,0xAA,0x90,0x00,0x00,0x00,0x00,0x07,0xFF,0xD0,0x00,0x00,
  0x00,0x00,0x07,0xFF,0xD0,0x00,0x00,0x00,0x00,0x07,0xFF,0xD0,0x00,0x00,0x00,0x00,
  0x07,0xFF,0xD0,0x00,0x00,0x00,0x00,0x07,0xFF,0xD0,0x00,0x00,0x00,0x00,0x07,0xFF,
  0xD0,0x00,0x00,0x00,0x00,0x07,0xFF,0xD0,0x00,0x00,0x00,0x00,0x07,0xFF,0xD0,0x00,
  0x00,0x00,0x00,0x07,0xFF,0xD0,0x00,0x00,0x00,0x00,0x07,0xFF,0xD0,0x00,0x00,0x00,
  0x00,0x07,0xFF,0xD0,0x00,0x00,0x00,0x00,0x07,0xFF,0xD0,0x00,0x00,0x00,0x00,0x07,
  0xFF,0xD0,0x00,0x00,0x00,0x00,0x07,0xFF,0xD0,0x00,0x00,0x00,0x00,0x07,0xFF,0xD0,
  0x00,0x00,0x00,0x00,0x07,0xFF,0xD0,0x00,0x00,0x00,0x00,0x07,0xFF,0xD0,0x00,0x00,
  0x00,0x00,0x07,0xFF,0xD0,0x00,0x00,0x00,0x00,0x07,0xFF,0xD0,0x00,0x00,0x00,0x00,
  0x07,0xFF,0xD0,0x00,0x00,0x00,0x00,0x07,0xFF,0xD0,0x00,0x00,0x00,0x00,0x07,0xFF,
  0xD0,0x00,0x00,0x00,0x00,0x07,0xFF,0xD0,0x00,0x00,0x00,0x00,0x07,0xFF,0xD0,0x00,
  0x00,0x00,0x00,0x07,0xFF,0xD0,0x00,0x00,0x00,0x00,0x07,0xFF,0xD0,0x00,0x00,0x00,
  0x00,0x07,0xFF,0xEA,0xAA,0xAA,0xA9,0x00,0x07,0xFF,0xFF,0xFF,0xFF,0xFD,0x00,0x07,
  0xFF,0xFF,0xFF,0xFF,0xFD,0x00,0x07,0xFF,0xFF,0xFF,0xFF,0xFD,0x00,0x07,0xFF,0xFF,
  0xFF,0xFF,0xFD,0x00,0x07,0xFF,0xFF,0xFF,0xFF,0xFD,0x00,0x02,0xAA,0xA8,0x00,0x00,
  0x00,0x00,0x1A,0xAA,0x90,0x00,0x07,0xFF,0xFE,0x00,0x00,0x00,0x00,0x3F,0xFF,0xF0,
  0x00,0x07,0xFF,0xFF,0x00,0x00,0x00,0x00,0x7F,0xFF,0xF0,0x00,0x07,0xFF,0xFF,0x40,
  0x00,0x00,0x00,0xBF,0xFF,0xF0,0x00,0x07,0xFF,0xFF,0x80,0x00,0x00,0x00,0xFF,0xFF,
  0xF0,0x00,0x07,0xFF,0xFF,0xC0,0x00,0x00,0x02,0xFF,0xFF,0xF0,0x00,0x07,0xFF,0xFF,
  0xE0,0x00,0x00,0x03,0xFF,0xFF,0xF0,0x00,0x07,0xFF,0xFF,0xF0,0x00,0x00,0x07,0xFF,
  0xFF,0xF0,0x00,0x07,0xFF,0xFF,0xF4,0x00,0x00,0x0B,0xFF,0xFF,0xF0,0x00,0x07,0xFF,
  0xFF,0xF8,0x00,0x00,0x1F,0xFF,0xFF,0xF0,0x00,0x07,0xFF,0xFF,0xFD,0x00,0x00,0x2F,
  0xFF,0xFF,0xF0,0x00,0x07,0xFF,0xFF,0xFE,0x00,0x00,0x3F,0xFF,0xFF,0xF0,0x00,0x07,
  0xFF,0xDF,0xFF,0x00,0x00,0x7F,0xFA,0xFF,0xF0,0x00,0x07,0xFF,0xDB,0xFF,0x40,0x00,
  0xBF,0xF6,0xFF,0xF0,0x00,0x07,0xFF,0xD7,0xFF,0x80,0x01,0xFF,0xF2,0xFF,0xF0,0x00,
  0x07,0xFF,0xD3,0xFF,0xD0,0x02,0xFF,0xE2,0xFF,0xF0,0x00,0x07,0xFF,0xD1,0xFF,0xE0,
  0x03,0xFF,0xC2,0xFF,0xF0,0x00,0x07,0xFF,0xD0,0xFF,0xF0,0x07,0xFF,0x82,0xFF,0xF0,
  0x00,0x07,0xFF,0xD0,0xBF,0xF4,0x0F,0xFF,0x42,0xFF,0xF0,0x00,0x07,0xFF,0xD0,0x7F,
  0xFC,0x1F,0xFF,0x02,0xFF,0xF0,0x00,0x07,0xFF,0xD0,0x3F,0xFD,0x2F,0xFE,0x02,0xFF,
  0xF0,0x00,0x07,0xFF,0xD0,0x1F,0xFE,0x3F,0xFC,0x02,0xFF,0xF0,0x00,0x07,0xFF,0xD0,
  0x0F,0xFF,0xBF,0xF8,0x02,0xFF,0xF0,0x00,0x07,0xFF,0xD0,0x0B,0xFF,0xFF,0xF4,0x02,
  0xFF,0xF0,0x00,0x07,0xFF,0xD0,0x07,0xFF,0xFF,0xF0,0x02,0xFF,0xF0,0x00,0x07,0xFF,
  0xD0,0x03,0xFF,0xFF,0xE0,0x02,0xFF,0xF0,0x00,0x07,0xFF,0xD0,0x01,0xFF,0xFF,0xC0,
  0x02,0xFF,0xF0,0x00,0x07,0xFF,0xD0,0x00,0xFF,0xFF,0x80,0x02,0xFF,0xF0,0x00,0x07,
  0xFF,0xD0,0x00,0xBF,0xFF,0x40,0x02,0xFF,0xF0,0x00,0x07,0xFF,0xD0,0x00,0x7F,0xFF,
  0x00,0x02,0xFF,0xF0,0x00,0x07,0xFF,0xD0,0x00,0x3F,0xFD,0x00,0x02,0xFF,0xF0,0x00,
  0x07,0xFF,0xD0,0x00,0x2F,0xFC,0x00,0x02,0xFF,0xF0,0x00,0x07,0xFF,0xD0,0x00,0x0F,
  0xF8,0x00,0x02,0xFF,0xF0,0x00,0x02,0xAA,0x40,0x00,0x00,0x01,0xAA,0x90,0x00,0x07,
  0xFF,0xD0,0x00,0x00,0x02,0xFF,0xF0,0x00,0x07,0xFF,0xF0,0x00,0x00,0x02,0xFF,0xF0,
  0x00,0x07,0xFF,0xF8,0x00,0x00,0x02,0xFF,0xF0,0x00,0x07,0xFF,0xFD,0x00,0x00,0x02,
  0xFF,0xF0,0x00,0x07,0xFF,0xFF,0x00,0x00,0x02,0xFF,0xF0,0x00,0x07,0xFF,0xFF,0x80,
  0x00,0x02,0xFF,0xF0,0x00,0x07,0xFF,0xFF,0xD0,0x00,0x02,0xFF,0xF0,0x00,0x07,0xFF,
  0xFF,0xF4,0x00,0x02,0xFF,0xF0,0x00,0x07,0xFF,0xFF,0xF8,0x00,0x02,0xFF,0xF0,0x00,
  0x07,0xFF,0xFF,0xFE,0x00,0x02,0xFF,0xF0,0x00,0x07,0xFF,0xFF,0xFF,0x40,0x02,0xFF,
  0xF0,0x00,0x07,0xFF,0xEF,0xFF,0xC0,0x02,0xFF,0xF0,0x00,0x07,0xFF,0xD7,0xFF,0xE0,
  0x02,0xFF,0xF0,0x00,0x07,0xFF,0xD2,0xFF,0xF4,0x02,0xFF,0xF0,0x00,0x07,0xFF,0xD0,
  0xFF,0xFC,0x02,0xFF,0xF0,0x00,0x07,0xFF,0xD0,0x7F,0xFE,0x02,0xFF,0xF0,0x00,0x07,
  0xFF,0xD0,0x2F,0xFF,0x42,0xFF,0xF0,0x00,0x07,0xFF,0xD0,0x0F,0xFF,0xC2,0xFF,0xF0,
  0x00,0x07,0xFF,0xD0,0x07,0xFF,0xE2,0xFF,0xF0,0x00,0x07,0xFF,0xD0,0x02,0xFF,0xF6,
  0xFF,0xF0,0x00,0x07,0xFF,0xD0,0x00,0xFF,0xFF,0xFF,0xF0,0x00,0x07,0xFF,0xD0,0x00,
  0x7F,0xFF,0xFF,0xF0,0x00,0x07,0xFF,0xD0,0x00,0x2F,0xFF,0xFF,0xF0,0x00,0x07,0xFF,
  0xD0,0x00,0x0B,0xFF,0xFF,0xF0,0x00,0x07,0xFF,0xD0,0x00,0x07,0xFF,0xFF,0xF0,0x00,
  0x07,0xFF,0xD0,0x00,0x01,0xFF,0xFF,0xF0,0x00,0x07,0xFF,0xD0,0x00,0x00,0xBF,0xFF,
  0xF0,0x00,0x07,0xFF,0xD0,0x00,0x00,0x3F,0xFF,0xF0,0x00,0x07,0xFF,0xD0,0x00,0x00,
  0x1F,0xFF,0xF0,0x00,0x07,0xFF,0xD0,0x00,0x00,0x0B,0xFF,0xF0,0x00,0x07,0xFF,0xD0,
  0x00,0x00,0x03,0xFF,0xF0,0x00,0x07,0xFF,0xD0,0x00,0x00,0x01,0xFF,0xF0,0x00,0x00,
  0x00,0x00,0x5A,0xFE,0x90,0x00,0x00,0x00,0x00,0x00,0x07,0xFF,0xFF,0xFE,0x40,0x00,
  0x00,0x00,0x00,0x7F,0xFF,0xFF,0xFF,0xE0,0x00,0x00,0x00,0x01,0xFF,0xFF,0xFF,0xFF,
  0xFD,0x00,0x00,0x00,0x0B,0xFF,0xFF,0xFF,0xFF,0xFF,0x40,0x00,0x00,0x1F,0xFF,0xFF,
  0xFF,0xFF,0xFF,0xC0,0x00,0x00,0x3F,0xFF,0xF9,0x01,0xBF,0xFF,0xE0,0x00,0x00,0xBF,
  0xFF,0x80,0x00,0x1F,0xFF,0xF4,0x00,0x01,0xFF,0xFE,0x00,0x00,0x02,0xFF,0xF8,0x00,
  0x02,0xFF,0xF8,0x00,0x00,0x01,0xFF,0xFD,0x00,0x03,0xFF,0xF4,0x00,0x00,0x00,0xBF,
  0xFE,0x00,0x07,0xFF,0xE0,0x00,0x00,0x00,0x7F,0xFE,0x00,0x07,0xFF,0xE0,0x00,0x00,
  0x00,0x3F,0xFF,0x00,0x0B,0xFF,0xD0,0x00,0x00,0x00,0x2F,0xFF,0x40,0x0B,0xFF,0xC0,
  0x00,0x00,0x00,0x2F,0xFF,0x40,0x0B,0xFF,0xC0,0x00,0x00,0x00,0x1F,0xFF,0x40,0x0F,
  0xFF,0xC0,0x00,0x00,0x00,0x1F,0xFF,0x40,0x0B,0xFF,0xC0,0x00,0x00,0x00,0x1F,0xFF,
  0x40,0x0B,0xFF,0xC0,0x00,0x00,0x00,0x1F,0xFF,0x40,0x0B,0xFF,0xD0,0x00,0x00,0x00,
  0x2F,0xFF,0x40,0x0B,0xFF,0xD0,0x00,0x00,0x00,0x2F,0xFF,0x40,0x07,0xFF,0xE0,0x00,
  0x00,0x00,0x3F,0xFF,0x00,0x03,0xFF,0xF0,0x00,0x00,0x00,0x7F,0xFE,0x00,0x02,0xFF,
  0xF4,0x00,0x00,0x00,0xFF,0xFD,0x00,0x01,0xFF,0xFC,0x00,0x00,0x02,0xFF,0xFC,0x00,
  0x00,0xFF,0xFF,0x00,0x00,0x07,0xFF,0xF8,0x00,0x00,0x7F,0xFF,0xD0,0x00,0x2F,0xFF,
  0xF0,0x00,0x00,0x2F,0xFF,0xFE,0xAA,0xFF,0xFF,0xD0,0x00,0x00,0x0F,0xFF,0xFF,0xFF,
  0xFF,0xFF,0x80,0x00,0x00,0x03,0xFF,0xFF,0xFF,0xFF,0xFE,0x00,0x00,0x00,0x00,0xBF,
  0xFF,0xFF,0xFF,0xF4,0x00,0x00,0x00,0x00,0x1F,0xFF,0xFF,0xFF,0x90,0x00,0x00,0x00,
  0x00,0x01,0xBF,0xFF,0xF9,0x00,0x00,0x00,0x00,0x00,0x00,0x05,0x55,0x00,0x00,0x00,
  0x00,0x02,0xAA,0xAA,0xAA,0x54,0x00,0x00,0x00,0x07,0xFF,0xFF,0xFF,0xFF,0x90,0x00,
  0x00,0x07,0xFF,0xFF,0xFF,0xFF,0xF8,0x00,0x00,0x07,0xFF,0xFF,0xFF,0xFF,0xFF,0x00,
  0x00,0x07,0xFF,0xFF,0xFF,0xFF,0xFF,0x80,0x00,0x07,0xFF,0xFF,0xFF,0xFF,0xFF,0xE0,
  0x00,0x07,0xFF,0xD0,0x01,0x6F,0xFF,0xF0,0x00,0x07,0xFF,0xD0,0x00,0x07,0xFF,0xF4,
  0x00,0x07,0xFF,0xD0,0x00,0x02,0xFF,0xF8,0x00,0x07,0xFF,0xD0,0x00,0x01,0xFF,0xFC,
  0x00,0x07,0xFF,0xD0,0x00,0x00,0xFF,0xFC,0x00,0x07,0xFF,0xD0,0x00,0x00,0xFF,0xFC,
  0x00,0x07,0xFF,0xD0,0x00,0x00,0xFF,0xFC,0x00,0x07,0xFF,0xD0,0x00,0x01,0xFF,0xFC,
  0x00,0x07,0xFF,0xD0,0x00,0x02,0xFF,0xF8,0x00,0x07,0xFF,0xD0,0x00,0x07,0xFF,0xF4,
  0x00,0x07,0xFF,0xD0,0x01,0x6F,0xFF,0xF0,0x00,0x07,0xFF,0xFF,0xFF,0xFF,0xFF,0xD0,
  0x00,0x07,0xFF,0xFF,0xFF,0xFF,0xFF,0x80,0x00,0x07,0xFF,0xFF,0xFF,0xFF,0xFE,0x00,
  0x00,0x07,0xFF,0xFF,0xFF,0xFF,0xF8,0x00,0x00,0x07,0xFF,0xFF,0xFF,0xFE,0x80,0x00,
  0x00,0x07,0xFF,0xE5,0x55,0x50,0x00,0x00,0x00,0x07,0xFF,0xD0,0x00,0x00,0x00,0x00,
  0x00,0x07,0xFF,0xD0,0x00,0x00,0x00,0x00,0x00,0x07,0xFF,0xD0,0x00,0x00,0x00,0x00,
  0x00,0x07,0xFF,0xD0,0x00,0x00,0x00,0x00,0x00,0x07,0xFF,0xD0,0x00,0x00,0x00,0x00,
  0x00,0x07,0xFF,0xD0,0x00,0x00,0x00,0x00,0x00,0x07,0xFF,0xD0,0x00,0x00,0x00,0x00,
  0x00,0x07,0xFF,0xD0,0x00,0x00,0x00,0x00,0x00,0x07,0xFF,0xD0,0x00,0x00,0x00,0x00,
  0x00,0x07,0xFF,0xD0,0x00,0x00,0x00,0x00,0x00,0x00,0x00,0x00,0x5A,0xFE,0x90,0x00,
  0x00,0x00,0x00,0x00,0x07,0xFF,0xFF,0xFE,0x40,0x00,0x00,0x00,0x00,0x7F,0xFF,0xFF,
  0xFF,0xE0,0x00,0x00,0x00,0x01,0xFF,0xFF,0xFF,0xFF,0xFD,0x00,0x00,0x00,0x0B,0xFF,
  0xFF,0xFF,0xFF,0xFF,0x40,0x00,0x00,0x1F,0xFF,0xFF,0xFF,0xFF,0xFF,0xC0,0x00,0x00,
  0x3F,0xFF,0xF9,0x01,0xBF,0xFF,0xE0,0x00,0x00,0xBF,0xFF,0x80,0x00,0x1F,0xFF,0xF4,
  0x00,0x01,0xFF,0xFE,0x00,0x00,0x02,0xFF,0xF8,0x00,0x02,0xFF,0xF8,0x00,0x00,0x01,
  0xFF,0xFD,0x00,0x03,0xFF,0xF4,0x00,0x00,0x00,0xBF,0xFE,0x00,0x07,0xFF,0xE0,0x00,
  0x00,0x00,0x7F,0xFE,0x00,0x07,0xFF,0xE0,0x00,0x00,0x00,0x3F,0xFF,0x00,0x0B,0xFF,
  0xD0,0x00,0x00,0x00,0x2F,0xFF,0x40,0x0B,0xFF,0xC0,0x00,0x00,0x00,0x2F,0xFF,0x40,
  0x0B,0xFF,0xC0,0x00,0x00,0x00,0x1F,0xFF,0x40,0x0F,0xFF,0xC0,0x00,0x00,0x00,0x1F,
  0xFF,0x40,0x0B,0xFF,0xC0,0x00,0x00,0x00,0x1F,0xFF,0x40,0x0B,0xFF,0xC0,0x00,0x00,
  0x00,0x1F,0xFF,0x40,0x0B,0xFF,0xD0,0x00,0x00,0x00,0x2F,0xFF,0x40,0x0B,0xFF,0xD0,
  0x00,0x00,0x00,0x2F,0xFF,0x40,0x07,0xFF,0xE0,0x01,0x55,0x40,0x3F,0xFF,0x00,0x03,
  0xFF,0xF0,0x01,0xFF,0xD0,0x7F,0xFE,0x00,0x02,0xFF,0xF4,0x00,0xBF,0xF0,0xBF,0xFD,
  0x00,0x01,0xFF,0xFC,0x00,0x3F,0xFE,0xFF,0xFC,0x00,0x00,0xFF,0xFF,0x00,0x1F,0xFF,
  0xFF,0xF8,0x00,0x00,0x7F,0xFF,0xD0,0x07,0xFF,0xFF,0xF0,0x00,0x00,0x2F,0xFF,0xFE,
  0xAB,0xFF,0xFF,0xD0,0x00,0x00,0x0F,0xFF,0xFF,0xFF,0xFF,0xFF,0x80,0x00,0x00,0x03,
  0xFF,0xFF,0xFF,0xFF,0xFE,0x00,0x00,0x00,0x00,0xBF,0xFF,0xFF,0xFF,0xFF,0x00,0x00,
  0x00,0x00,0x1F,0xFF,0xFF,0xFF,0xFF,0x80,0x00,0x00,0x00,0x01,0xBF,0xFF,0xFB,0xFF,
  0xD0,0x00,0x00,0x00,0x00,0x05,0x55,0x00,0xFF,0xF4,0x00,0x00,0x00,0x00,0x00,0x00,
  0x00,0x7F,0xFC,0x00,0x00,0x00,0x00,0x00,0x00,0x00,0x1A,0xA9,0x00,0x02,0xAA,0xAA,
  0xAA,0x54,0x00,0x00,0x00,0x07,0xFF,0xFF,0xFF,0xFF,0x90,0x00,0x00,0x07,0xFF,0xFF,
  0xFF,0xFF,0xF8,0x00,0x00,0x07,0xFF,0xFF,0xFF,0xFF,0xFF,0x40,0x00,0x07,0xFF,0xFF,
  0xFF,0xFF,0xFF,0xC0,0x00,0x07,0xFF,0xFF,0xFF,0xFF,0xFF,0xE0,0x00,0x07,0xFF,0xD0,
  0x01,0x6F,0xFF,0xF4,0x00,0x07,0xFF,0xD0,0x00,0x07,0xFF,0xF8,0x00,0x07,0xFF,0xD0,
  0x00,0x01,0xFF,0xFC,0x00,0x07,0xFF,0xD0,0x00,0x00,0xFF,0xFC,0x00,0x07,0xFF,0xD0,
  0x00,0x00,0xFF,0xFC,0x00,0x07,0xFF,0xD0,0x00,0x00,0xFF,0xFC,0x00,0x07,0xFF,0xD0,
  0x00,0x00,0xFF,0xFC,0x00,0x07,0xFF,0xD0,0x00,0x01,0xFF,0xF8,0x00,0x07,0xFF,0xD0,
  0x00,0x07,0xFF,0xF8,0x00,0x07,0xFF,0xD0,0x00,0x6F,0xFF,0xF4,0x00,0x07,0xFF,0xFF,
  0xFF,0xFF,0xFF,0xE0,0x00,0x07,0xFF,0xFF,0xFF,0xFF,0xFF,0xC0,0x00,0x07,0xFF,0xFF,
  0xFF,0xFF,0xFF,0x40,0x00,0x07,0xFF,0xFF,0xFF,0xFF,0xF8,0x00,0x00,0x07,0xFF,0xFF,
  0xFF,0xFF,0xE0,0x00,0x00,0x07,0xFF,0xE5,0x5B,0xFF,0xF0,0x00,0x00,0x07,0xFF,0xD0,
  0x02,0xFF,0xF8,0x00,0x00,0x07,0xFF,0xD0,0x01,0xFF,0xFC,0x00,0x00,0x07,0xFF,0xD0,
  0x00,0xBF,0xFE,0x00,0x00,0x07,0xFF,0xD0,0x00,0x7F,0xFF,0x40,0x00,0x07,0xFF,0xD0,
  0x00,0x2F,0xFF,0x80,0x00,0x07,0xFF,0xD0,0x00,0x0F,0xFF,0xD0,0x00,0x07,0xFF,0xD0,
  0x00,0x0B,0xFF,0xE0,0x00,0x07,0xFF,0xD0,0x00,0x03,0xFF,0xF4,0x00,0x07,0xFF,0xD0,
  0x00,0x02,0xFF,0xFC,0x00,0x07,0xFF,0xD0,0x00,0x00,0xFF,0xFD,0x00,0x07,0xFF,0xD0,
  0x00,0x00,0x7F,0xFF,0x00,0x00,0x00,0x06,0xBF,0xE9,0x00,0x00,0x00,0x00,0x01,0xBF,
  0xFF,0xFF,0xD0,0x00,0x00,0x00,0x0B,0xFF,0xFF,0xFF,0xFD,0x00,0x00,0x00,0x2F,0xFF,
  0xFF,0xFF,0xFF,0x40,0x00,0x00,0xBF,0xFF,0xFF,0xFF,0xFF,0xC0,0x00,0x01,0xFF,0xFF,
  0xFA,0xFF,0xFF,0xE0,0x00,0x02,0xFF,0xFD,0x00,0x1B,0xFF,0xF4,0x00,0x03,0xFF,0xF4,
  0x00,0x02,0xFF,0xF8,0x00,0x07,0xFF,0xE0,0x00,0x00,0xFF,0xF8,0x00,0x07,0xFF,0xD0,
  0x00,0x00,0xAA,0xA8,0x00,0x07,0xFF,0xE0,0x00,0x00,0x00,0x00,0x00,0x07,0xFF,0xF4,
  0x00,0x00,0x00,0x00,0x00,0x03,0xFF,0xFE,0x40,0x00,0x00,0x00,0x00,0x02,0xFF,0xFF,
  0xF9,0x00,0x00,0x00,0x00,0x00,0xFF,0xFF,0xFF,0xE9,0x00,0x00,0x00,0x00,0x7F,0xFF,
  0xFF,0xFF,0xD0,0x00,0x00,0x00,0x0B,0xFF,0xFF,0xFF,0xFD,0x00,0x00,0x00,0x01,0xBF,
  0xFF,0xFF,0xFF,0x80,0x00,0x00,0x00,0x06,0xFF,0xFF,0xFF,0xE0,0x00,0x00,0x00,0x00,
  0x16,0xFF,0xFF,0xF4,0x00,0x00,0x00,0x00,0x00,0x1F,0xFF,0xF8,0x00,0x00,0x00,0x00,
  0x00,0x02,0xFF,0xFC,0x00,0x00,0x00,0x00,0x00,0x00,0xFF,0xFD,0x00,0x1F,0xFF,0x40,
  0x00,0x00,0xBF,0xFD,0x00,0x0F,0xFF,0x80,0x00,0x00,0xBF,0xFD,0x00,0x0F,0xFF,0xD0,
  0x00,0x00,0xFF,0xFC,0x00,0x0B,0xFF,0xF4,0x00,0x03,0xFF,0xFC,0x00,0x07,0xFF,0xFE,
  0x55,0x6F,0xFF,0xF8,0x00,0x02,0xFF,0xFF,0xFF,0xFF,0xFF,0xF0,0x00,0x00,0xFF,0xFF,
  0xFF,0xFF,0xFF,0xD0,0x00,0x00,0x3F,0xFF,0xFF,0xFF,0xFF,0x40,0x00,0x00,0x0B,0xFF,
  0xFF,0xFF,0xF8,0x00,0x00,0x00,0x00,0x6F,0xFF,0xFF,0x90,0x00,0x00,0x00,0x00,0x01,
  0x55,0x50,0x00,0x00,0x00,0x1A,0xAA,0xAA,0xAA,0xAA,0xAA,0xAA,0x00,0x2F,0xFF,0xFF,
  0xFF,0xFF,0xFF,0xFF,0x00,0x2F,0xFF,0xFF,0xFF,0xFF,0xFF,0xFF,0x00,0x2F,0xFF,0xFF,
  0xFF,0xFF,0xFF,0xFF,0x00,0x2F,0xFF,0xFF,0xFF,0xFF,0xFF,0xFF,0x00,0x2F,0xFF,0xFF,
  0xFF,0xFF,0xFF,0xFF,0x00,0x00,0x00,0x02,0xFF,0xF4,0x00,0x00,0x00,0x00,0x00,0x02,
  0xFF,0xF0,0x00,0x00,0x00,0x00,0x00,0x02,0xFF,0xF0,0x00,0x00,0x00,0x00,0x00,0x02,
  0xFF,0xF0,0x00,0x00,0x00,0x00,0x00,0x02,0xFF,0xF0,0x00,0x00,0x00,0x00,0x00,0x02,
  0xFF,0xF0,0x00,0x00,0x00,0x00,0x00,0x02,0xFF,0xF0,0x00,0x00,0x00,0x00,0x00,0x02,
  0xFF,0xF0,0x00,0x00,0x00,0x00,0x00,0x02,0xFF,0xF0,0x00,0x00,0x00,0x00,0x00,0x02,
  0xFF,0xF0,0x00,0x00,0x00,0x00,0x00,0x02,0xFF,0xF0,0x00,0x00,0x00,0x00,0x00,0x02,
  0xFF,0xF0,0x00,0x00,0x00,0x00,0x00,0x02,0xFF,0xF0,0x00,0x00,0x00,0x00,0x00,0x02,
  0xFF,0xF0,0x00,0x00,0x00,0x00,0x00,0x02,0xFF,0xF0,0x00,0x00,0x00,0x00,0x00,0x02,
  0xFF,0xF0,0x00,0x00,0x00,0x00,0x00,0x02,0xFF,0xF0,0x00,0x00,0x00,0x00,0x00,0x02,
  0xFF,0xF0,0x00,0x00,0x00,0x00,0x00,0x02,0xFF,0xF0,0x00,0x00,0x00,0x00,0x00,0x02,
  0xFF,0xF0,0x00,0x00,0x00,0x00,0x00,0x02,0xFF,0xF0,0x00,0x00,0x00,0x00,0x00,0x02,
  0xFF,0xF0,0x00,0x00,0x00,0x00,0x00,0x02,0xFF,0xF0,0x00,0x00,0x00,0x00,0x00,0x02,
  0xFF,0xF0,0x00,0x00,0x00,0x00,0x00,0x02,0xFF,0xF0,0x00,0x00,0x00,0x00,0x00,0x02,
  0xFF,0xF0,0x00,0x00,0x00,0x00,0x00,0x02,0xFF,0xF0,0x00,0x00,0x00,0x02,0xAA,0x90,
  0x00,0x00,0x02,0xAA,0x90,0x07,0xFF,0xD0,0x00,0x00,0x03,0xFF,0xE0,0x07,0xFF,0xD0,
  0x00,0x00,0x03,0xFF,0xE0,0x07,0xFF,0xD0,0x00,0x00,0x03,0xFF,0xE0,0x07,0xFF,0xD0,
  0x00,0x00,0x03,0xFF,0xE0,0x07,0xFF,0xD0,0x00,0x00,0x03,0xFF,0xE0,0x07,0xFF,0xD0,
  0x00,0x00,0x03,0xFF,0xE0,0x07,0xFF,0xD0,0x00,0x00,0x03,0xFF,0xE0,0x07,0xFF,0xD0,
  0x00,0x00,0x03,0xFF,0xE0,0x07,0xFF,0xD0,0x00,0x00,0x03,0xFF,0xE0,0x07,0xFF,0xD0,
  0x00,0x00,0x03,0xFF,0xE0,0x07,0xFF,0xD0,0x00,0x00,0x03,0xFF,0xE0,0x07,0xFF,0xD0,
  0x00,0x00,0x03,0xFF,0xE0,0x07,0xFF,0xD0,0x00,0x00,0x03,0xFF,0xE0,0x07,0xFF,0xD0,
  0x00,0x00,0x03,0xFF,0xE0,0x07,0xFF,0xD0,0x00,0x00,0x03,0xFF,0xE0,0x07,0xFF,0xD0,
  0x00,0x00,0x03,0xFF,0xE0,0x07,0xFF,0xD0,0x00,0x00,0x03,0xFF,0xE0,0x07,0xFF,0xD0,
  0x00,0x00,0x03,0xFF,0xE0,0x07,0xFF,0xD0,0x00,0x00,0x03,0xFF,0xE0,0x07,0xFF,0xD0,
  0x00,0x00,0x03,0xFF,0xE0,0x07,0xFF,0xE0,0x00,0x00,0x07,0xFF,0xE0,0x07,0xFF,0xE0,
  0x00,0x00,0x07,0xFF,0xE0,0x03,0xFF,0xF0,0x00,0x00,0x0B,0xFF,0xD0,0x03,0xFF,0xF8,
  0x00,0x00,0x1F,0xFF,0xD0,0x02,0xFF,0xFD,0x00,0x00,0x2F,0xFF,0xC0,0x01,0xFF,0xFF,
  0x80,0x01,0xFF,0xFF,0x80,0x00,0xBF,0xFF,0xFA,0xAF,0xFF,0xFF,0x00,0x00,0x3F,0xFF,
  0xFF,0xFF,0xFF,0xFD,0x00,0x00,0x1F,0xFF,0xFF,0xFF,0xFF,0xF8,0x00,0x00,0x07,0xFF,
  0xFF,0xFF,0xFF,0xE0,0x00,0x00,0x00,0xBF,0xFF,0xFF,0xFE,0x40,0x00,0x00,0x00,0x0A,
  0xFF,0xFF,0xE4,0x00,0x00,0x00,0x00,0x00,0x15,0x54,0x00,0x00,0x00,0x2A,0xAA,0x40,
  0x00,0x00,0x00,0x6A,0xA9,0x00,0x2F,0xFF,0x80,0x00,0x00,0x00,0xBF,0xFE,0x00,0x1F,
  0xFF,0xC0,0x00,0x00,0x00,0xFF,0xFD,0x00,0x0F,0xFF,0xD0,0x00,0x00,0x01,0xFF,0xFC,
  0x00,0x0B,0xFF,0xE0,0x00,0x00,0x02,0xFF,0xF8,0x00,0x07,0xFF,0xF0,0x00,0x00,0x03,
  0xFF,0xF4,0x00,0x03,0xFF,0xF4,0x00,0x00,0x07,0xFF,0xF0,0x00,0x02,0xFF,0xF8,0x00,
  0x00,0x0B,0xFF,0xE0,0x00,0x01,0xFF,0xFC,0x00,0x00,0x0F,0xFF,0xD0,0x00,0x00,0xFF,
  0xFD,0x00,0x00,0x1F,0xFF,0xC0,0x00,0x00,0xBF,0xFE,0x00,0x00,0x2F,0xFF,0x80,0x00,
  0x00,0x7F,0xFF,0x00,0x00,0x3F,0xFF,0x40,0x00,0x00,0x3F,0xFF,0x40,0x00,0x7F,0xFF,
  0x00,0x00,0x00,0x2F,0xFF,0x80,0x00,0xBF,0xFE,0x00,0x00,0x00,0x1F,0xFF,0xC0,0x00,
  0xFF,0xFD,0x00,0x00,0x00,0x0F,0xFF,0xD0,0x01,0xFF,0xFC,0x00,0x00,0x00,0x0B,0xFF,
  0xE0,0x02,0xFF,0xF8,0x00,0x00,0x00,0x07,0xFF,0xF0,0x03,0xFF,0xF4,0x00,0x00,0x00,
  0x03,0xFF,0xF4,0x07,0xFF,0xF0,0x00,0x00,0x00,0x02,0xFF,0xF4,0x07,0xFF,0xD0,0x00,
  0x00,0x00,0x00,0xFF,0xF8,0x0B,0xFF,0xC0,0x00,0x00,0x00,0x00,0xBF,0xFC,0x0F,0xFF,
  0x80,0x00,0x00,0x00,0x00,0x7F,0xFD,0x1F,0xFF,0x40,0x00,0x00,0x00,0x00,0x3F,0xFE,
  0x2F,0xFF,0x00,0x00,0x00,0x00,0x00,0x2F,0xFF,0x7F,0xFE,0x00,0x00,0x00,0x00,0x00,
  0x1F,0xFF,0xFF,0xFD,0x00,0x00,0x00,0x00,0x00,0x0F,0xFF,0xFF,0xFC,0x00,0x00,0x00,
  0x00,0x00,0x0B,0xFF,0xFF,0xF8,0x00,0x00,0x00,0x00,0x00,0x07,0xFF,0xFF,0xF4,0x00,
  0x00,0x00,0x00,0x00,0x03,0xFF,0xFF,0xF0,0x00,0x00,0x00,0x00,0x00,0x02,0xFF,0xFF,
  0xE0,0x00,0x00,0x00,0x00,0x00,0x01,0xFF,0xFF,0xD0,0x00,0x00,0x00,0x00,0x00,0x00,
  0xFF,0xFF,0xC0,0x00,0x00,0x00,0x2A,0xAA,0x00,0x00,0x00,0xAA,0xA0,0x00,0x00,0x0A,
  0xAA,0x80,0x3F,0xFF,0x40,0x00,0x01,0xFF,0xF4,0x00,0x00,0x1F,0xFF,0xC0,0x2F,0xFF,
  0x80,0x00,0x02,0xFF,0xF8,0x00,0x00,0x2F,0xFF,0x80,0x1F,0xFF,0x80,0x00,0x03,0xFF,
  0xFC,0x00,0x00,0x3F,0xFF,0x40,0x0F,0xFF,0xC0,0x00,0x07,0xFF,0xFD,0x00,0x00,0x3F,
  0xFF,0x00,0x0F,0xFF,0xD0,0x00,0x0B,0xFF,0xFD,0x00,0x00,0x7F,0xFE,0x00,0x0B,0xFF,
  0xE0,0x00,0x0B,0xFF,0xFE,0x00,0x00,0xBF,0xFE,0x00,0x07,0xFF,0xE0,0x00,0x0F,0xFF,
  0xFF,0x00,0x00,0xBF,0xFD,0x00,0x03,0xFF,0xF0,0x00,0x1F,0xFF,0xFF,0x40,0x00,0xFF,
  0xFC,0x00,0x02,0xFF,0xF4,0x00,0x2F,0xFF,0xFF,0x80,0x01,0xFF,0xF8,0x00,0x01,0xFF,
  0xF4,0x00,0x3F,0xFF,0xFF,0x80,0x02,0xFF,0xF4,0x00,0x00,0xFF,0xF8,0x00,0x3F,0xFF,
  0xFF,0xC0,0x02,0xFF,0xF0,0x00,0x00,0xFF,0xFC,0x00,0x7F,0xFA,0xFF,0xD0,0x03,0xFF,
  0xE0,0x00,0x00,0xBF,0xFD,0x00,0xBF,0xF5,0xFF,0xE0,0x07,0xFF,0xE0,0x00,0x00,0x7F,
  0xFD,0x00,0xFF,0xF0,0xFF,0xE0,0x0B,0xFF,0xD0,0x00,0x00,0x3F,0xFE,0x00,0xFF,0xE0,
  0xBF,0xF0,0x0B,0xFF,0xC0,0x00,0x00,0x2F,0xFF,0x01,0xFF,0xD0,0x7F,0xF4,0x0F,0xFF,
  0x80,0x00,0x00,0x1F,0xFF,0x42,0xFF,0xC0,0x3F,0xF8,0x1F,0xFF,0x40,0x00,0x00,0x0F,
  0xFF,0x43,0xFF,0x80,0x3F,0xFC,0x1F,0xFF,0x00,0x00,0x00,0x0F,0xFF,0x87,0xFF,0x80,
  0x2F,0xFC,0x2F,0xFE,0x00,0x00,0x00,0x0B,0xFF,0xC7,0xFF,0x40,0x1F,0xFD,0x3F,0xFE,
  0x00,0x00,0x00,0x07,0xFF,0xCB,0xFF,0x00,0x0F,0xFE,0x7F,0xFD,0x00,0x00,0x00,0x03,
  0xFF,0xDF,0xFE,0x00,0x0B,0xFF,0x7F,0xFC,0x00,0x00,0x00,0x02,0xFF,0xFF,0xFD,0x00,
  0x07,0xFF,0xFF,0xF8,0x00,0x00,0x00,0x01,0xFF,0xFF,0xFC,0x00,0x03,0xFF,0xFF,0xF4,
  0x00,0x00,0x00,0x00,0xFF,0xFF,0xF8,0x00,0x03,0xFF,0xFF,0xF0,0x00,0x00,0x00,0x00,
  0xFF,0xFF,0xF4,0x00,0x02,0xFF,0xFF,0xE0,0x00,0x00,0x00,0x00,0xBF,0xFF,0xF4,0x00,
  0x01,0xFF,0xFF,0xE0,0x00,0x00,0x00,0x00,0x7F,0xFF,0xF0,0x00,0x00,0xFF,0xFF,0xD0,
  0x00,0x00,0x00,0x00,0x3F,0xFF,0xE0,0x00,0x00,0xBF,0xFF,0xC0,0x00,0x00,0x00,0x00,
  0x2F,0xFF,0xD0,0x00,0x00,0x7F,0xFF,0x80,0x00,0x00,0x00,0x00,0x1F,0xFF,0xC0,0x00,
  0x00,0x3F,0xFF,0x40,0x00,0x00,0x00,0x00,0x0F,0xFF,0x80,0x00,0x00,0x2F,0xFF,0x00,
  0x00,0x00,0x1A,0xAA,0x80,0x00,0x00,0x06,0xAA,0xA0,0x0F,0xFF,0xE0,0x00,0x00,0x0F,
  0xFF,0xE0,0x07,0xFF,0xF4,0x00,0x00,0x2F,0xFF,0xC0,0x02,0xFF,0xF8,0x00,0x00,0x7F,
  0xFF,0x40,0x01,0xFF,0xFD,0x00,0x00,0xFF,0xFE,0x00,0x00,0xBF,0xFF,0x00,0x01,0xFF,
  0xFC,0x00,0x00,0x3F,0xFF,0x80,0x03,0xFF,0xF8,0x00,0x00,0x1F,0xFF,0xC0,0x0B,0xFF,
  0xF0,0x00,0x00,0x0B,0xFF,0xE0,0x1F,0xFF,0xD0,0x00,0x00,0x07,0xFF,0xF4,0x3F,0xFF,
  0x80,0x00,0x00,0x02,0xFF,0xFC,0x7F,0xFF,0x00,0x00,0x00,0x00,0xFF,0xFE,0xFF,0xFD,
  0x00,0x00,0x00,0x00,0x7F,0xFF,0xFF,0xF8,0x00,0x00,0x00,0x00,0x2F,0xFF,0xFF,0xF4,
  0x00,0x00,0x00,0x00,0x0F,0xFF,0xFF,0xE0,0x00,0x00,0x00,0x00,0x07,0xFF,0xFF,0xC0,
  0x00,0x00,0x00,0x00,0x03,0xFF,0xFF,0x40,0x00,0x00,0x00,0x00,0x07,0xFF,0xFF,0x80,
  0x00,0x00,0x00,0x00,0x0B,0xFF,0xFF,0xD0,0x00,0x00,0x00,0x00,0x1F,0xFF,0xFF,0xF0,
  0x00,0x00,0x00,0x00,0x3F,0xFF,0xFF,0xF8,0x00,0x00,0x00,0x00,0xBF,0xFF,0xFF,0xFD,
  0x00,0x00,0x00,0x01,0xFF,0xFD,0xBF,0xFE,0x00,0x00,0x00,0x03,0xFF,0xF8,0x3F,0xFF,
  0x40,0x00,0x00,0x0B,0xFF,0xF0,0x2F,0xFF,0xC0,0x00,0x00,0x1F,0xFF,0xD0,0x0F,0xFF,
  0xE0,0x00,0x00,0x2F,0xFF,0x80,0x07,0xFF,0xF4,0x00,0x00,0x7F,0xFF,0x40,0x02,0xFF,
  0xFC,0x00,0x00,0xFF,0xFE,0x00,0x00,0xFF,0xFE,0x00,0x02,0xFF,0xFC,0x00,0x00,0xBF,
  0xFF,0x40,0x07,0xFF,0xF4,0x00,0x00,0x3F,0xFF,0x80,0x0F,0xFF,0xE0,0x00,0x00,0x1F,
  0xFF,0xD0,0x2F,0xFF,0xD0,0x00,0x00,0x0B,0xFF,0xF0,0x2A,0xAA,0x40,0x00,0x00,0x01,
  0xAA,0xA8,0x2F,0xFF,0xC0,0x00,0x00,0x03,0xFF,0xF8,0x0F,0xFF,0xD0,0x00,0x00,0x07,
  0xFF,0xF0,0x0B,0xFF,0xF0,0x00,0x00,0x0F,0xFF,0xE0,0x03,0xFF,0xF4,0x00,0x00,0x2F,
  0xFF,0xC0,0x01,0xFF,0xFC,0x00,0x00,0x3F,0xFF,0x40,0x00,0xBF,0xFE,0x00,0x00,0xBF,
  0xFE,0x00,0x00,0x7F,0xFF,0x00,0x00,0xFF,0xFD,0x00,0x00,0x2F,0xFF,0x80,0x02,0xFF,
  0xF8,0x00,0x00,0x0F,0xFF,0xD0,0x07,0xFF,0xF0,0x00,0x00,0x0B,0xFF,0xE0,0x0B,0xFF,
  0xE0,0x00,0x00,0x03,0xFF,0xF4,0x1F,0xFF,0xC0,0x00,0x00,0x01,0xFF,0xF8,0x2F,0xFF,
  0x40,0x00,0x00,0x00,0xFF,0xFD,0x7F,0xFE,0x00,0x00,0x00,0x00,0x7F,0xFF,0xFF,0xFD,
  0x00,0x00,0x00,0x00,0x2F,0xFF,0xFF,0xF8,0x00,0x00,0x00,0x00,0x1F,0xFF,0xFF,0xF0,
  0x00,0x00,0x00,0x00,0x0B,0xFF,0xFF,0xE0,0x00,0x00,0x00,0x00,0x03,0xFF,0xFF,0xC0,
  0x00,0x00,0x00,0x00,0x01,0xFF,0xFF,0x40,0x00,0x00,0x00,0x00,0x00,0xFF,0xFF,0x00,
  0x00,0x00,0x00,0x00,0x00,0x7F,0xFD,0x00,0x00,0x00,0x00,0x00,0x00,0x7F,0xFD,0x00,
  0x00,0x00,0x00,0x00,0x00,0x7F,0xFD,0x00,0x00,0x00,0x00,0x00,0x00,0x7F,0xFD,0x00,
  0x00,0x00,0x00,0x00,0x00,0x7F,0xFD,0x00,0x00,0x00,0x00,0x00,0x00,0x7F,0xFD,0x00,
  0x00,0x00,0x00,0x00,0x00,0x7F,0xFD,0x00,0x00,0x00,0x00,0x00,0x00,0x7F,0xFD,0x00,
  0x00,0x00,0x00,0x00,0x00,0x7F,0xFD,0x00,0x00,0x00,0x00,0x00,0x00,0x7F,0xFD,0x00,
  0x00,0x00,0x00,0x00,0x00,0x7F,0xFD,0x00,0x00,0x00,0x00,0x00,0x00,0x7F,0xFD,0x00,
  0x00,0x00,0x06,0xAA,0xAA,0xAA,0xAA,0xAA,0xA8,0x00,0x0B,0xFF,0xFF,0xFF,0xFF,0xFF,
  0xFC,0x00,0x0B,0xFF,0xFF,0xFF,0xFF,0xFF,0xFC,0x00,0x0B,0xFF,0xFF,0xFF,0xFF,0xFF,
  0xFC,0x00,0x0B,0xFF,0xFF,0xFF,0xFF,0xFF,0xFC,0x00,0x0B,0xFF,0xFF,0xFF,0xFF,0xFF,
  0xF4,0x00,0x00,0x00,0x00,0x00,0x0B,0xFF,0xE0,0x00,0x00,0x00,0x00,0x00,0x1F,0xFF,
  0xC0,0x00,0x00,0x00,0x00,0x00,0x3F,0xFF,0x40,0x00,0x00,0x00,0x00,0x00,0xBF,0xFE,
  0x00,0x00,0x00,0x00,0x00,0x02,0xFF,0xF8,0x00,0x00,0x00,0x00,0x00,0x07,0xFF,0xF0,
  0x00,0x00,0x00,0x00,0x00,0x0F,0xFF,0xD0,0x00,0x00,0x00,0x00,0x00,0x2F,0xFF,0x80,
  0x00,0x00,0x00,0x00,0x00,0x7F,0xFF,0x00,0x00,0x00,0x00,0x00,0x00,0xFF,0xFD,0x00,
  0x00,0x00,0x00,0x00,0x02,0xFF,0xF8,0x00,0x00,0x00,0x00,0x00,0x0B,0xFF,0xF0,0x00,
  0x00,0x00,0x00,0x00,0x1F,0xFF,0xD0,0x00,0x00,0x00,0x00,0x00,0x3F,0xFF,0x40,0x00,
  0x00,0x00,0x00,0x00,0xBF,0xFE,0x00,0x00,0x00,0x00,0x00,0x01,0xFF,0xFC,0x00,0x00,
  0x00,0x00,0x00,0x03,0xFF,0xF4,0x00,0x00,0x00,0x00,0x00,0x0B,0xFF,0xE0,0x00,0x00,
  0x00,0x00,0x00,0x1F,0xFF,0xC0,0x00,0x00,0x00,0x00,0x00,0x7F,0xFF,0x40,0x00,0x00,
  0x00,0x00,0x00,0xFF,0xFD,0x00,0x00,0x00,0x00,0x00,0x02,0xFF,0xFE,0xAA,0xAA,0xAA,
  0xA8,0x00,0x07,0xFF,0xFF,0xFF,0xFF,0xFF,0xFC,0x00,0x0B,0xFF,0xFF,0xFF,0xFF,0xFF,
  0xFC,0x00,0x0B,0xFF,0xFF,0xFF,0xFF,0xFF,0xFC,0x00,0x0B,0xFF,0xFF,0xFF,0xFF,0xFF,
  0xFC,0x00,0x0B,0xFF,0xFF,0xFF,0xFF,0xFF,0xFC,0x00,0x00,0x7F,0xFF,0xFF,0xC0,0x00,
  0x7F,0xFF,0xFF,0xC0,0x00,0x7F,0xFF,0xFF,0xC0,0x00,0x7F,0xFF,0xFF,0xC0,0x00,0x7F,
  0xFF,0xFF,0xC0,0x00,0x7F,0xFC,0x00,0x00,0x00,0x7F,0xFC,0x00,0x00,0x00,0x7F,0xFC,
  0x00,0x00,0x00,0x7F,0xFC,0x00,0x00,0x00,0x7F,0xFC,0x00,0x00,0x00,0x7F,0xFC,0x00,
  0x00,0x00,0x7F,0xFC,0x00,0x00,0x00,0x7F,0xFC,0x00,0x00,0x00,0x7F,0xFC,0x00,0x00,
  0x00,0x7F,0xFC,0x00,0x00,0x00,0x7F,0xFC,0x00,0x00,0x00,0x7F,0xFC,0x00,0x00,0x00,
  0x7F,0xFC,0x00,0x00,0x00,0x7F,0xFC,0x00,0x00,0x00,0x7F,0xFC,0x00,0x00,0x00,0x7F,
  0xFC,0x00,0x00,0x00,0x7F,0xFC,0x00,0x00,0x00,0x7F,0xFC,0x00,0x00,0x00,0x7F,0xFC,
  0x00,0x00,0x00,0x7F,0xFC,0x00,0x00,0x00,0x7F,0xFC,0x00,0x00,0x00,0x7F,0xFC,0x00,
  0x00,0x00,0x7F,0xFC,0x00,0x00,0x00,0x7F,0xFC,0x00,0x00,0x00,0x7F,0xFC,0x00,0x00,
  0x00,0x7F,0xFC,0x00,0x00,0x00,0x7F,0xFC,0x00,0x00,0x00,0x7F,0xFC,0x00,0x00,0x00,
  0x7F,0xFC,0x00,0x00,0x00,0x7F,0xFC,0x00,0x00,0x00,0x7F,0xFC,0x00,0x00,0x00,0x7F,
  0xFC,0x00,0x00,0x00,0x7F,0xFC,0x00,0x00,0x00,0x7F,0xFE,0xAA,0x80,0x00,0x7F,0xFF,
  0xFF,0xC0,0x00,0x7F,0xFF,0xFF,0xC0,0x00,0x7F,0xFF,0xFF,0xC0,0x00,0x7F,0xFF,0xFF,
  0xC0,0x00,0x15,0x55,0x55,0x40,0x00,0x00,0x00,0x00,0x00,0x7F,0xF4,0x00,0x00,0x00,
  0x3F,0xF8,0x00,0x00,0x00,0x3F,0xF8,0x00,0x00,0x00,0x2F,0xFC,0x00,0x00,0x00,0x1F,
  0xFD,0x00,0x00,0x00,0x0F,0xFE,0x00,0x00,0x00,0x0B,0xFF,0x00,0x00,0x00,0x0B,0xFF,
  0x40,0x00,0x00,0x07,0xFF,0x40,0x00,0x00,0x03,0xFF,0x80,0x00,0x00,0x02,0xFF,0xC0,
  0x00,0x00,0x01,0xFF,0xD0,0x00,0x00,0x01,0xFF,0xE0,0x00,0x00,0x00,0xFF,0xE0,0x00,
  0x00,0x00,0xBF,0xF0,0x00,0x00,0x00,0x7F,0xF4,0x00,0x00,0x00,0x3F,0xF8,0x00,0x00,
  0x00,0x3F,0xFC,0x00,0x00,0x00,0x2F,0xFC,0x00,0x00,0x00,0x1F,0xFD,0x00,0x00,0x00,
  0x0F,0xFE,0x00,0x00,0x00,0x0B,0xFF,0x00,0x00,0x00,0x0B,0xFF,0x40,0x00,0x00,0x07,
  0xFF,0x40,0x00,0x00,0x03,0xFF,0x80,0x00,0x00,0x02,0xFF,0xC0,0x00,0x00,0x01,0xFF,
  0xD0,0x00,0x00,0x00,0xFF,0xE0,0x00,0x00,0x00,0xFF,0xF0,0x00,0x00,0x00,0xBF,0xF0,
  0x00,0x00,0x00,0x7F,0xF4,0x00,0x00,0x00,0x3F,0xF8,0x00,0x00,0x00,0x2F,0xFC,0x00,
  0x00,0x00,0x2F,0xFD,0x00,0x00,0x00,0x1F,0xFD,0x00,0x00,0x00,0x0F,0xFE,0x00,0x00,
  0x00,0x0B,0xFF,0x00,0x00,0x00,0x07,0xFF,0x40,0x00,0x00,0x07,0xFF,0x40,0x3F,0xFF,
  0xFF,0xD0,0x00,0x3F,0xFF,0xFF,0xD0,0x00,0x3F,0xFF,0xFF,0xD0,0x00,0x3F,0xFF,0xFF,
  0xD0,0x00,0x3F,0xFF,0xFF,0xD0,0x00,0x00,0x03,0xFF,0xD0,0x00,0x00,0x03,0xFF,0xD0,
  0x00,0x00,0x03,0xFF,0xD0,0x00,0x00,0x03,0xFF,0xD0,0x00,0x00,0x03,0xFF,0xD0,0x00,
  0x00,0x03,0xFF,0xD0,0x00,0x00,0x03,0xFF,0xD0,0x00,0x00,0x03,0xFF,0xD0,0x00,0x00,
  0x03,0xFF,0xD0,0x00,0x00,0x03,0xFF,0xD0,0x00,0x00,0x03,0xFF,0xD0,0x00,0x00,0x03,
  0xFF,0xD0,0x00,0x00,0x03,0xFF,0xD0,0x00,0x00,0x03,0xFF,0xD0,0x00,0x00,0x03,0xFF,
  0xD0,0x00,0x00,0x03,0xFF,0xD0,0x00,0x00,0x03,0xFF,0xD0,0x00,0x00,0x03,0xFF,0xD0,
  0x00,0x00,0x03,0xFF,0xD0,0x00,0x00,0x03,0xFF,0xD0,0x00,0x00,0x03,0xFF,0xD0,0x00,
  0x00,0x03,0xFF,0xD0,0x00,0x00,0x03,0xFF,0xD0,0x00,0x00,0x03,0xFF,0xD0,0x00,0x00,
  0x03,0xFF,0xD0,0x00,0x00,0x03,0xFF,0xD0,0x00,0x00,0x03,0xFF,0xD0,0x00,0x00,0x03,
  0xFF,0xD0,0x00,0x00,0x03,0xFF,0xD0,0x00,0x00,0x03,0xFF,0xD0,0x00,0x00,0x03,0xFF,
  0xD0,0x00,0x00,0x03,0xFF,0xD0,0x00,0x00,0x03,0xFF,0xD0,0x00,0x2A,0xAB,0xFF,0xD0,
  0x00,0x3F,0xFF,0xFF,0xD0,0x00,0x3F,0xFF,0xFF,0xD0,0x00,0x3F,0xFF,0xFF,0xD0,0x00,
  0x3F,0xFF,0xFF,0xD0,0x00,0x15,0x55,0x55,0x40,0x00,0x00,0x00,0xAA,0x90,0x00,0x00,
  0x00,0x02,0xFF,0xF0,0x00,0x00,0x00,0x03,0xFF,0xF8,0x00,0x00,0x00,0x0B,0xFF,0xFC,
  0x00,0x00,0x00,0x0F,0xFF,0xFD,0x00,0x00,0x00,0x1F,0xFF,0xFF,0x00,0x00,0x00,0x3F,
  0xFB,0xFF,0x40,0x00,0x00,0x7F,0xF2,0xFF,0xC0,0x00,0x00,0xFF,0xE1,0xFF,0xD0,0x00,
  0x01,0xFF,0xD0,0xBF,0xF0,0x00,0x03,0xFF,0x80,0x7F,0xF4,0x00,0x07,0xFF,0x40,0x3F,
  0xF8,0x00,0x0B,0xFF,0x00,0x1F,0xFD,0x00,0x1F,0xFD,0x00,0x0F,0xFE,0x00,0x05,0x54,
  0x00,0x01,0x55,0x00,0x00,0x00,0x00,0x00,0x00,0x00,0x00,0x00,0x00,0x00,0x00,0x00,
  0x00,0x00,0x00,0x00,0x00,0x00,0x00,0x00,0x00,0x00,0x00,0x00,0x00,0x00,0x00,0x00,
  0x00,0x00,0x00,0x00,0x00,0x00,0x00,0x00,0x00,0x00,0x00,0x00,0x00,0x00,0x00,0x00,
  0x00,0x00,0x00,0x00,0x00,0x00,0x00,0x00,0x00,0x00,0x00,0x00,0x00,0x00,0x00,0x00,
  0x00,0x00,0x00,0x00,0x00,0x00,0x00,0x00,0x00,0x00,0x00,0x00,0x00,0x00,0x00,0x00,
  0x00,0x00,0x00,0x00,0x00,0x00,0x00,0x00,0x00,0x00,0x00,0x00,0x00,0x00,0x00,0x00,
  0x00,0x00,0x00,0x00,0x00,0x00,0x00,0x00,0x00,0x00,0x7F,0xFF,0xFF,0xFF,0xFF,0xF0,
  0x7F,0xFF,0xFF,0xFF,0xFF,0xF0,0x7F,0xFF,0xFF,0xFF,0xFF,0xF0,0x7F,0xFF,0xFF,0xFF,
  0xFF,0xF0,0x7F,0xFF,0xFF,0xFF,0xFF,0xF0,0x00,0x00,0x00,0x00,0x00,0x00,0x00,0x06,
  0xAA,0x40,0x00,0x00,0x00,0x03,0xFF,0xC0,0x00,0x00,0x00,0x01,0xFF,0xD0,0x00,0x00,
  0x00,0x00,0xBF,0xF0,0x00,0x00,0x00,0x00,0x3F,0xF4,0x00,0x00,0x00,0x00,0x1F,0xFC,
  0x00,0x00,0x00,0x00,0x0B,0xFD,0x00,0x00,0x00,0x00,0x01,0x55,0x00,0x00,0x00,0x00,
  0x00,0x00,0x00,0x00,0x00,0x00,0x00,0x00,0x00,0x00,0x00,0x00,0x00,0x00,0x00,0x00,
  0x00,0x00,0x00,0x00,0x00,0x00,0x00,0x00,0x00,0x00,0x00,0x00,0x00,0x00,0x00,0x00,
  0x00,0x00,0x00,0x00,0x00,0x00,0x00,0x00,0x00,0x00,0x00,0x00,0x00,0x00,0x00,0x00,
  0x00,0x00,0x00,0x00,0x00,0x00,0x00,0x00,0x00,0x00,0x00,0x00,0x00,0x00,0x00,0x00,
  0x00,0x00,0x00,0x00,0x00,0x00,0x00,0x00,0x00,0x00,0x00,0x00,0x00,0x00,0x00,0x00,
  0x00,0x00,0x00,0x00,0x00,0x00,0x00,0x00,0x00,0x00,0x00,0x00,0x00,0x00,0x00,0x00,
  0x00,0x00,0x00,0x00,0x00,0x00,0x00,0x00,0x00,0x00,0x00,0x00,0x00,0x00,0x00,0x00,
  0x00,0x00,0x00,0x00,0x00,0x00,0x00,0x00,0x00,0x00,0x00,0x00,0x00,0x00,0x00,0x00,
  0x00,0x00,0x00,0x00,0x00,0x00,0x00,0x00,0x00,0x00,0x00,0x00,0x00,0x00,0x00,0x00,
  0x00,0x00,0x00,0x00,0x00,0x00,0x00,0x00,0x00,0x00,0x00,0x00,0x00,0x00,0x00,0x00,
  0x00,0x00,0x1A,0xA5,0x40,0x00,0x00,0x00,0x06,0xFF,0xFF,0xF8,0x00,0x00,0x00,0x2F,
  0xFF,0xFF,0xFF,0x40,0x00,0x00,0xBF,0xFF,0xFF,0xFF,0xD0,0x00,0x02,0xFF,0xFF,0xFF,
  0xFF,0xF0,0x00,0x03,0xFF,0xF9,0x5B,0xFF,0xF8,0x00,0x07,0xFF,0xD0,0x00,0xFF,0xFC,
  0x00,0x0B,0xFF,0x80,0x00,0xBF,0xFC,0x00,0x00,0x00,0x00,0x00,0x7F,0xFC,0x00,0x00,
  0x00,0x00,0x00,0x7F,0xFD,0x00,0x00,0x00,0x05,0x5A,0xBF,0xFD,0x00,0x00,0x0B,0xFF,
  0xFF,0xFF,0xFD,0x00,0x00,0xBF,0xFF,0xFF,0xFF,0xFD,0x00,0x02,0xFF,0xFF,0xFF,0xFF,
  0xFD,0x00,0x0B,0xFF,0xFF,0xAA,0xBF,0xFD,0x00,0x0F,0xFF,0xD0,0x00,0x7F,0xFD,0x00,
  0x1F,0xFF,0x40,0x00,0x7F,0xFD,0x00,0x1F,0xFF,0x00,0x00,0xBF,0xFD,0x00,0x2F,0xFF,
  0x00,0x00,0xFF,0xFD,0x00,0x1F,0xFF,0x40,0x02,0xFF,0xFD,0x00,0x1F,0xFF,0xE4,0x6F,
  0xFF,0xFD,0x00,0x0F,0xFF,0xFF,0xFF,0xFF,0xFD,0x00,0x07,0xFF,0xFF,0xFF,0x7F,0xFD,
  0x00,0x01,0xFF,0xFF,0xFD,0x3F,0xFD,0x00,0x00,0x2F,0xFF,0xE0,0x3F,0xFD,0x00,0x00,
  0x00,0x55,0x00,0x00,0x00,0x00,0x02,0xAA,0x90,0x00,0x00,0x00,0x00,0x07,0xFF,0xD0,
  0x00,0x00,0x00,0x00,0x07,0xFF,0xD0,0x00,0x00,0x00,0x00,0x07,0xFF,0xD0,0x00,0x00,
  0x00,0x00,0x07,0xFF,0xD0,0x00,0x00,0x00,0x00,0x07,0xFF,0xD0,0x00,0x00,0x00,0x00,
  0x07,0xFF,0xD0,0x00,0x00,0x00,0x00,0x07,0xFF,0xD0,0x00,0x00,0x00,0x00,0x07,0xFF,
  0xD0,0x06,0xA5,0x00,0x00,0x07,0xFF,0xD0,0xBF,0xFF,0x90,0x00,0x07,0xFF,0xD2,0xFF,
  0xFF,0xF8,0x00,0x07,0xFF,0xDB,0xFF,0xFF,0xFE,0x00,0x07,0xFF,0xEF,0xFF,0xFF,0xFF,
  0x40,0x07,0xFF,0xFF,0xEA,0xFF,0xFF,0xC0,0x07,0xFF,0xFE,0x00,0x2F,0xFF,0xD0,0x07,
  0xFF,0xF8,0x00,0x0B,0xFF,0xE0,0x07,0xFF,0xF4,0x00,0x07,0xFF,0xF0,0x07,0xFF,0xE0,
  0x00,0x03,0xFF,0xF0,0x07,0xFF,0xE0,0x00,0x02,0xFF,0xF4,0x07,0xFF,0xD0,0x00,0x02,
  0xFF,0xF4,0x07,0xFF,0xD0,0x00,0x01,0xFF,0xF4,0x07,0xFF,0xD0,0x00,0x01,0xFF,0xF4,
  0x07,0xFF,0xD0,0x00,0x02,0xFF,0xF4,0x07,0xFF,0xE0,0x00,0x02,0xFF,0xF4,0x07,0xFF,
  0xF0,0x00,0x03,0xFF,0xF0,0x07,0xFF,0xF4,0x00,0x07,0xFF,0xF0,0x07,0xFF,0xFC,0x00,
  0x1F,0xFF,0xE0,0x07,0xFF,0xFF,0x40,0x7F,0xFF,0xC0,0x07,0xFF,0xFF,0xFF,0xFF,0xFF,
  0x80,0x07,0xFF,0xEF,0xFF,0xFF,0xFF,0x00,0x07,0xFF,0xDB,0xFF,0xFF,0xFD,0x00,0x07,
  0xFF,0xD2,0xFF,0xFF,0xF4,0x00,0x07,0xFF,0xD0,0x6F,0xFF,0x80,0x00,0x00,0x00,0x00,
  0x01,0x54,0x00,0x00,0x00,0x00,0x06,0xAA,0x40,0x00,0x00,0x00,0x01,0xBF,0xFF,0xF9,
  0x00,0x00,0x00,0x0B,0xFF,0xFF,0xFF,0x80,0x00,0x00,0x2F,0xFF,0xFF,0xFF,0xE0,0x00,
  0x00,0xBF,0xFF,0xFF,0xFF,0xF8,0x00,0x01,0xFF,0xFF,0xAB,0xFF,0xFD,0x00,0x03,0xFF,
  0xF8,0x00,0xBF,0xFE,0x00,0x07,0xFF,0xE0,0x00,0x2F,0xFF,0x00,0x0B,0xFF,0xD0,0x00,
  0x1F,0xFF,0x40,0x0F,0xFF,0x80,0x00,0x0A,0xAA,0x40,0x1F,0xFF,0x80,0x00,0x00,0x00,
  0x00,0x1F,0xFF,0x40,0x00,0x00,0x00,0x00,0x1F,0xFF,0x40,0x00,0x00,0x00,0x00,0x1F,
  0xFF,0x40,0x00,0x00,0x00,0x00,0x1F,0xFF,0x80,0x00,0x00,0x00,0x00,0x1F,0xFF,0x80,
  0x00,0x00,0x00,0x00,0x0F,0xFF,0xC0,0x00,0x0B,0xFF,0x40,0x0B,0xFF,0xD0,0x00,0x1F,
  0xFF,0x40,0x07,0xFF,0xF4,0x00,0x2F,0xFF,0x00,0x03,0xFF,0xFD,0x01,0xBF,0xFE,0x00,
  0x01,0xFF,0xFF,0xFF,0xFF,0xFD,0x00,0x00,0xBF,0xFF,0xFF,0xFF,0xF8,0x00,0x00,0x2F,
  0xFF,0xFF,0xFF,0xE0,0x00,0x00,0x07,0xFF,0xFF,0xFF,0x40,0x00,0x00,0x00,0xBF,0xFF,
  0xF8,0x00,0x00,0x00,0x00,0x01,0x55,0x40,0x00,0x00,0x00,0x00,0x00,0x00,0x02,0xAA,
  0x90,0x00,0x00,0x00,0x00,0x07,0xFF,0xD0,0x00,0x00,0x00,0x00,0x07,0xFF,0xD0,0x00,
  0x00,0x00,0x00,0x07,0xFF,0xD0,0x00,0x00,0x00,0x00,0x07,0xFF,0xD0,0x00,0x00,0x00,
  0x00,0x07,0xFF,0xD0,0x00,0x00,0x00,0x00,0x07,0xFF,0xD0,0x00,0x00,0x00,0x00,0x07,
  0xFF,0xD0,0x00,0x00,0x1A,0x90,0x07,0xFF,0xD0,0x00,0x06,0xFF,0xFE,0x07,0xFF,0xD0,
  0x00,0x1F,0xFF,0xFF,0xC7,0xFF,0xD0,0x00,0x7F,0xFF,0xFF,0xE7,0xFF,0xD0,0x01,0xFF,
  0xFF,0xFF,0xFB,0xFF,0xD0,0x02,0xFF,0xFF,0xAB,0xFF,0xFF,0xD0,0x07,0xFF,0xFC,0x00,
  0xBF,0xFF,0xD0,0x0B,0xFF,0xF0,0x00,0x2F,0xFF,0xD0,0x0B,0xFF,0xD0,0x00,0x0F,0xFF,
  0xD0,0x0F,0xFF,0xC0,0x00,0x0B,0xFF,0xD0,0x1F,0xFF,0x80,0x00,0x07,0xFF,0xD0,0x1F,
  0xFF,0x80,0x00,0x07,0xFF,0xD0,0x1F,0xFF,0x80,0x00,0x07,0xFF,0xD0,0x1F,0xFF,0x80,
  0x00,0x07,0xFF,0xD0,0x1F,0xFF,0x80,0x00,0x07,0xFF,0xD0,0x0F,0xFF,0x80,0x00,0x07,
  0xFF,0xD0,0x0F,0xFF,0xC0,0x00,0x0B,0xFF,0xD0,0x0B,0xFF,0xE0,0x00,0x1F,0xFF,0xD0,
  0x07,0xFF,0xF4,0x00,0x3F,0xFF,0xD0,0x03,0xFF,0xFD,0x01,0xFF,0xFF,0xD0,0x02,0xFF,
  0xFF,0xFF,0xFF,0xFF,0xD0,0x00,0xFF,0xFF,0xFF,0xF7,0xFF,0xD0,0x00,0x7F,0xFF,0xFF,
  0xE7,0xFF,0xD0,0x00,0x1F,0xFF,0xFF,0x87,0xFF,0xD0,0x00,0x01,0xFF,0xFD,0x07,0xFF,
  0xD0,0x00,0x00,0x05,0x40,0x00,0x00,0x00,0x00,0x00,0x06,0xAA,0x40,0x00,0x00,0x00,
  0x01,0xBF,0xFF,0xF8,0x00,0x00,0x00,0x0B,0xFF,0xFF,0xFF,0x40,0x00,0x00,0x2F,0xFF,
  0xFF,0xFF,0xE0,0x00,0x00,0xBF,0xFF,0xFF,0xFF,0xF4,0x00,0x01,0xFF,0xFE,0x56,0xFF,
  0xFC,0x00,0x03,0xFF,0xF4,0x00,0x7F,0xFE,0x00,0x07,0xFF,0xD0,0x00,0x1F,0xFF,0x00,
  0x0B,0xFF,0x80,0x00,0x0B,0xFF,0x40,0x0F,0xFF,0x40,0x00,0x0B,0xFF,0x80,0x1F,0xFF,
  0xAA,0xAA,0xAB,0xFF,0x80,0x1F,0xFF,0xFF,0xFF,0xFF,0xFF,0x80,0x1F,0xFF,0xFF,0xFF,
  0xFF,0xFF,0x80,0x1F,0xFF,0xFF,0xFF,0xFF,0xFF,0x80,0x1F,0xFF,0xAA,0xAA,0xAA,0xAA,
  0x40,0x1F,0xFF,0x40,0x00,0x00,0x00,0x00,0x0F,0xFF,0x40,0x00,0x00,0x00,0x00,0x0B,
  0xFF,0x80,0x00,0x00,0x00,0x00,0x07,0xFF,0xD0,0x00,0x0F,0xFF,0x40,0x03,0xFF,0xF8,
  0x00,0x2F,0xFF,0x40,0x01,0xFF,0xFF,0xAA,0xFF,0xFE,0x00,0x00,0xBF,0xFF,0xFF,0xFF,
  0xFC,0x00,0x00,0x2F,0xFF,0xFF,0xFF,0xF4,0x00,0x00,0x07,0xFF,0xFF,0xFF,0x80,0x00,
  0x00,0x00,0xBF,0xFF,0xF9,0x00,0x00,0x00,0x00,0x01,0x55,0x40,0x00,0x00,0x00,0x00,
  0x00,0x00,0x00,0x00,0x00,0x6F,0xFE,0x00,0x00,0x06,0xFF,0xFF,0x00,0x00,0x0F,0xFF,
  0xFF,0x00,0x00,0x2F,0xFF,0xFF,0x00,0x00,0x7F,0xFF,0xFF,0x00,0x00,0xBF,0xFF,0x55,
  0x00,0x00,0xBF,0xFD,0x00,0x00,0x00,0xFF,0xF8,0x00,0x00,0x00,0xFF,0xF8,0x00,0x00,
  0x15,0xFF,0xFD,0x55,0x00,0x7F,0xFF,0xFF,0xFE,0x00,0x7F,0xFF,0xFF,0xFE,0x00,0x7F,
  0xFF,0xFF,0xFE,0x00,0x7F,0xFF,0xFF,0xFE,0x00,0x6A,0xFF,0xFE,0xA9,0x00,0x00,0xFF,
  0xF8,0x00,0x00,0x00,0xFF,0xF8,0x00,0x00,0x00,0xFF,0xF8,0x00,0x00,0x00,0xFF,0xF8,
  0x00,0x00,0x00,0xFF,0xF8,0x00,0x00,0x00,0xFF,0xF8,0x00,0x00,0x00,0xFF,0xF8,0x00,
  0x00,0x00,0xFF,0xF8,0x00,0x00,0x00,0xFF,0xF8,0x00,0x00,0x00,0xFF,0xF8,0x00,0x00,
  0x00,0xFF,0xF8,0x00,0x00,0x00,0xFF,0xF8,0x00,0x00,0x00,0xFF,0xF8,0x00,0x00,0x00,
  0xFF,0xF8,0x00,0x00,0x00,0xFF,0xF8,0x00,0x00,0x00,0xFF,0xF8,0x00,0x00,0x00,0xFF,
  0xF8,0x00,0x00,0x00,0xFF,0xF8,0x00,0x00,0x00,0xFF,0xF8,0x00,0x00,0x00,0x00,0x1A,
  0x90,0x01,0x55,0x40,0x00,0x06,0xFF,0xFE,0x07,0xFF,0xD0,0x00,0x1F,0xFF,0xFF,0xC7,
  0xFF,0xD0,0x00,0x7F,0xFF,0xFF,0xE7,0xFF,0xD0,0x01,0xFF,0xFF,0xFF,0xFB,0xFF,0xD0,
  0x02,0xFF,0xFF,0xAB,0xFF,0xFF,0xD0,0x07,0xFF,0xFC,0x00,0xBF,0xFF,0xD0,0x0B,0xFF,
  0xF0,0x00,0x2F,0xFF,0xD0,0x0F,0xFF,0xD0,0x00,0x0F,0xFF,0xD0,0x0F,0xFF,0xC0,0x00,
  0x0B,0xFF,0xD0,0x1F,0xFF,0x80,0x00,0x07,0xFF,0xD0,0x1F,0xFF,0x80,0x00,0x07,0xFF,
  0xD0,0x1F,0xFF,0x80,0x00,0x07,0xFF,0xD0,0x1F,0xFF,0x80,0x00,0x07,0xFF,0xD0,0x1F,
  0xFF,0x80,0x00,0x07,0xFF,0xD0,0x0F,0xFF,0x80,0x00,0x07,0xFF,0xD0,0x0F,0xFF,0xD0,
  0x00,0x0F,0xFF,0xD0,0x0B,0xFF,0xE0,0x00,0x1F,0xFF,0xD0,0x07,0xFF,0xF8,0x00,0x7F,
  0xFF,0xD0,0x03,0xFF,0xFF,0x9A,0xFF,0xFF,0xD0,0x01,0xFF,0xFF,0xFF,0xFF,0xFF,0xD0,
  0x00,0xBF,0xFF,0xFF,0xF7,0xFF,0xD0,0x00,0x2F,0xFF,0xFF,0xD3,0xFF,0xD0,0x00,0x06,
  0xFF,0xFE,0x43,0xFF,0xD0,0x00,0x00,0x1A,0x90,0x03,0xFF,0xD0,0x00,0x00,0x00,0x00,
  0x07,0xFF,0xD0,0x00,0x00,0x00,0x00,0x07,0xFF,0xD0,0x0B,0xFF,0xC0,0x00,0x0B,0xFF,
  0xC0,0x07,0xFF,0xE0,0x00,0x1F,0xFF,0xC0,0x03,0xFF,0xF9,0x45,0xBF,0xFF,0x40,0x01,
  0xFF,0xFF,0xFF,0xFF,0xFE,0x00,0x00,0xBF,0xFF,0xFF,0xFF,0xF8,0x00,0x00,0x2F,0xFF,
  0xFF,0xFF,0xE0,0x00,0x00,0x02,0xFF,0xFF,0xFE,0x40,0x00,0x00,0x00,0x16,0xAA,0x50,
  0x00,0x00,0x06,0xAA,0x80,0x00,0x00,0x00,0x00,0x07,0xFF,0xC0,0x00,0x00,0x00,0x00,
  0x07,0xFF,0xC0,0x00,0x00,0x00,0x00,0x07,0xFF,0xC0,0x00,0x00,0x00,0x00,0x07,0xFF,
  0xC0,0x00,0x00,0x00,0x00,0x07,0xFF,0xC0,0x00,0x00,0x00,0x00,0x07,0xFF,0xC0,0x00,
  0x00,0x00,0x00,0x07,0xFF,0xC0,0x00,0x00,0x00,0x00,0x07,0xFF,0xC0,0x06,0xA9,0x00,
  0x00,0x07,0xFF,0xC0,0xBF,0xFF,0xD0,0x00,0x07,0xFF,0xC3,0xFF,0xFF,0xF4,0x00,0x07,
  0xFF,0xCF,0xFF,0xFF,0xFD,0x00,0x07,0xFF,0xEF,0xFF,0xFF,0xFF,0x00,0x07,0xFF,0xFF,
  0xFF,0xFF,0xFF,0x40,0x07,0xFF,0xFE,0x00,0xBF,0xFF,0x80,0x07,0xFF,0xF4,0x00,0x2F,
  0xFF,0xC0,0x07,0xFF,0xE0,0x00,0x0F,0xFF,0xC0,0x07,0xFF,0xD0,0x00,0x0B,0xFF,0xC0,
  0x07,0xFF,0xD0,0x00,0x0B,0xFF,0xC0,0x07,0xFF,0xD0,0x00,0x0B,0xFF,0xC0,0x07,0xFF,
  0xD0,0x00,0x0B,0xFF,0xC0,0x07,0xFF,0xD0,0x00,0x0B,0xFF,0xC0,0x07,0xFF,0xD0,0x00,
  0x0B,0xFF,0xC0,0x07,0xFF,0xD0,0x00,0x0B,0xFF,0xC0,0x07,0xFF,0xD0,0x00,0x0B,0xFF,
  0xC0,0x07,0xFF,0xD0,0x00,0x0B,0xFF,0xC0,0x07,0xFF,0xD0,0x00,0x0B,0xFF,0xC0,0x07,
  0xFF,0xD0,0x00,0x0B,0xFF,0xC0,0x07,0xFF,0xD0,0x00,0x0B,0xFF,0xC0,0x07,0xFF,0xD0,
  0x00,0x0B,0xFF,0xC0,0x07,0xFF,0xD0,0x00,0x0B,0xFF,0xC0,0x07,0xFF,0xD0,0x00,0x0B,
  0xFF,0xC0,0x07,0xFF,0xD0,0x00,0x0B,0xFF,0xC0,0x00,0x14,0x00,0x01,0xFF,0x40,0x07,
  0xFF,0xC0,0x0B,0xFF,0xD0,0x0B,0xFF,0xD0,0x07,0xFF,0xC0,0x01,0xFF,0x40,0x00,0x14,
  0x00,0x00,0x00,0x00,0x00,0x00,0x00,0x01,0x55,0x40,0x07,0xFF,0xD0,0x07,0xFF,0xD0,
  0x07,0xFF,0xD0,0x07,0xFF,0xD0,0x07,0xFF,0xD0,0x07,0xFF,0xD0,0x07,0xFF,0xD0,0x07,
  0xFF,0xD0,0x07,0xFF,0xD0,0x07,0xFF,0xD0,0x07,0xFF,0xD0,0x07,0xFF,0xD0,0x07,0xFF,
  0xD0,0x07,0xFF,0xD0,0x07,0xFF,0xD0,0x07,0xFF,0xD0,0x07,0xFF,0xD0,0x07,0xFF,0xD0,
  0x07,0xFF,0xD0,0x07,0xFF,0xD0,0x07,0xFF,0xD0,0x07,0xFF,0xD0,0x07,0xFF,0xD0,0x07,
  0xFF,0xD0,0x00,0x01,0x40,0x00,0x00,0x1F,0xF4,0x00,0x00,0x7F,0xFC,0x00,0x00,0xBF,
  0xFD,0x00,0x00,0xBF,0xFD,0x00,0x00,0x7F,0xFC,0x00,0x00,0x2F,0xF4,0x00,0x00,0x01,
  0x40,0x00,0x00,0x00,0x00,0x00,0x00,0x00,0x00,0x00,0x00,0x15,0x54,0x00,0x00,0x7F,
  0xFD,0x00,0x00,0x7F,0xFD,0x00,0x00,0x7F,0xFD,0x00,0x00,0x7F,0xFD,0x00,0x00,0x7F,
  0xFD,0x00,0x00,0x7F,0xFD,0x00,0x00,0x7F,0xFD,0x00,0x00,0x7F,0xFD,0x00,0x00,0x7F,
  0xFD,0x00,0x00,0x7F,0xFD,0x00,0x00,0x7F,0xFD,0x00,0x00,0x7F,0xFD,0x00,0x00,0x7F,
  0xFD,0x00,0x00,0x7F,0xFD,0x00,0x00,0x7F,0xFD,0x00,0x00,0x7F,0xFD,0x00,0x00,0x7F,
  0xFD,0x00,0x00,0x7F,0xFD,0x00,0x00,0x7F,0xFD,0x00,0x00,0x7F,0xFD,0x00,0x00,0x7F,
  0xFD,0x00,0x00,0x7F,0xFD,0x00,0x00,0x7F,0xFD,0x00,0x00,0x7F,0xFD,0x00,0x00,0x7F,
  0xFD,0x00,0x00,0x7F,0xFD,0x00,0x00,0xBF,0xFC,0x00,0x02,0xFF,0xFC,0x00,0x7F,0xFF,
  0xF8,0x00,0x7F,0xFF,0xF4,0x00,0x7F,0xFF,0xE0,0x00,0x7F,0xFF,0x40,0x00,0x7F,0xE8,
  0x00,0x00,0x00,0x00,0x00,0x00,0x06,0xAA,0x80,0x00,0x00,0x00,0x00,0x07,0xFF,0xD0,
  0x00,0x00,0x00,0x00,0x07,0xFF,0xD0,0x00,0x00,0x00,0x00,0x07,0xFF,0xD0,0x00,0x00,
  0x00,0x00,0x07,0xFF,0xD0,0x00,0x00,0x00,0x00,0x07,0xFF,0xD0,0x00,0x00,0x00,0x00,
  0x07,0xFF,0xD0,0x00,0x00,0x00,0x00,0x07,0xFF,0xD0,0x00,0x00,0x00,0x00,0x07,0xFF,
  0xD0,0x00,0x15,0x55,0x40,0x07,0xFF,0xD0,0x00,0x7F,0xFF,0x40,0x07,0xFF,0xD0,0x00,
  0xFF,0xFE,0x00,0x07,0xFF,0xD0,0x03,0xFF,0xF8,0x00,0x07,0xFF,0xD0,0x0B,0xFF,0xE0,
  0x00,0x07,0xFF,0xD0,0x2F,0xFF,0xC0,0x00,0x07,0xFF,0xD0,0x7F,0xFF,0x00,0x00,0x07,
  0xFF,0xD1,0xFF,0xFD,0x00,0x00,0x07,0xFF,0xD7,0xFF,0xF4,0x00,0x00,0x07,0xFF,0xDF,
  0xFF,0xE0,0x00,0x00,0x07,0xFF,0xFF,0xFF,0x80,0x00,0x00,0x07,0xFF,0xFF,0xFF,0x40,
  0x00,0x00,0x07,0xFF,0xFF,0xFF,0xC0,0x00,0x00,0x07,0xFF,0xFF,0xFF,0xE0,0x00,0x00,
  0x07,0xFF,0xFF,0xFF,0xF4,0x00,0x00,0x07,0xFF,0xFA,0xFF,0xFC,0x00,0x00,0x07,0xFF,
  0xE0,0xFF,0xFE,0x00,0x00,0x07,0xFF,0xD0,0x7F,0xFF,0x40,0x00,0x07,0xFF,0xD0,0x2F,
  0xFF,0xD0,0x00,0x07,0xFF,0xD0,0x0F,0xFF,0xE0,0x00,0x07,0xFF,0xD0,0x07,0xFF,0xF8,
  0x00,0x07,0xFF,0xD0,0x02,0xFF,0xFD,0x00,0x07,0xFF,0xD0,0x00,0xBF,0xFF,0x00,0x07,
  0xFF,0xD0,0x00,0x7F,0xFF,0x80,0x07,0xFF,0xD0,0x00,0x2F,0xFF,0xD0,0x06,0xAA,0x80,
  0x07,0xFF,0xD0,0x07,0xFF,0xD0,0x07,0xFF,0xD0,0x07,0xFF,0xD0,0x07,0xFF,0xD0,0x07,
  0xFF,0xD0,0x07,0xFF,0xD0,0x07,0xFF,0xD0,0x07,0xFF,0xD0,0x07,0xFF,0xD0,0x07,0xFF,
  0xD0,0x07,0xFF,0xD0,0x07,0xFF,0xD0,0x07,0xFF,0xD0,0x07,0xFF,0xD0,0x07,0xFF,0xD0,
  0x07,0xFF,0xD0,0x07,0xFF,0xD0,0x07,0xFF,0xD0,0x07,0xFF,0xD0,0x07,0xFF,0xD0,0x07,
  0xFF,0xD0,0x07,0xFF,0xD0,0x07,0xFF,0xD0,0x07,0xFF,0xD0,0x07,0xFF,0xD0,0x07,0xFF,
  0xD0,0x07,0xFF,0xD0,0x07,0xFF,0xD0,0x07,0xFF,0xD0,0x07,0xFF,0xD0,0x07,0xFF,0xD0,
  0x01,0x55,0x40,0x16,0x94,0x00,0x01,0x6A,0x40,0x00,0x07,0xFF,0xC1,0xBF,0xFE,0x40,
  0x1F,0xFF,0xF8,0x00,0x07,0xFF,0xC7,0xFF,0xFF,0xD0,0xBF,0xFF,0xFE,0x00,0x07,0xFF,
  0xCF,0xFF,0xFF,0xF1,0xFF,0xFF,0xFF,0x40,0x07,0xFF,0xEF,0xFF,0xFF,0xFB,0xFF,0xFF,
  0xFF,0xC0,0x07,0xFF,0xFF,0xFF,0xFF,0xFF,0xFE,0xFF,0xFF,0xD0,0x07,0xFF,0xFD,0x02,
  0xFF,0xFF,0xD0,0x1F,0xFF,0xE0,0x07,0xFF,0xF0,0x00,0xBF,0xFF,0x40,0x07,0xFF,0xE0,
  0x07,0xFF,0xE0,0x00,0x7F,0xFE,0x00,0x03,0xFF,0xF0,0x07,0xFF,0xD0,0x00,0x3F,0xFE,
  0x00,0x02,0xFF,0xF0,0x07,0xFF,0xD0,0x00,0x3F,0xFD,0x00,0x02,0xFF,0xF0,0x07,0xFF,
  0xD0,0x00,0x3F,0xFD,0x00,0x02,0xFF,0xF0,0x07,0xFF,0xD0,0x00,0x3F,0xFD,0x00,0x02,
  0xFF,0xF0,0x07,0xFF,0xD0,0x00,0x3F,0xFD,0x00,0x02,0xFF,0xF0,0x07,0xFF,0xD0,0x00,
  0x3F,0xFD,0x00,0x02,0xFF,0xF0,0x07,0xFF,0xD0,0x00,0x3F,0xFD,0x00,0x02,0xFF,0xF0,
  0x07,0xFF,0xD0,0x00,0x3F,0xFD,0x00,0x02,0xFF,0xF0,0x07,0xFF,0xD0,0x00,0x3F,0xFD,
  0x00,0x02,0xFF,0xF0,0x07,0xFF,0xD0,0x00,0x3F,0xFD,0x00,0x02,0xFF,0xF0,0x07,0xFF,
  0xD0,0x00,0x3F,0xFD,0x00,0x02,0xFF,0xF0,0x07,0xFF,0xD0,0x00,0x3F,0xFD,0x00,0x02,
  0xFF,0xF0,0x07,0xFF,0xD0,0x00,0x3F,0xFD,0x00,0x02,0xFF,0xF0,0x07,0xFF,0xD0,0x00,
  0x3F,0xFD,0x00,0x02,0xFF,0xF0,0x07,0xFF,0xD0,0x00,0x3F,0xFD,0x00,0x02,0xFF,0xF0,
  0x07,0xFF,0xD0,0x00,0x3F,0xFD,0x00,0x02,0xFF,0xF0,0x01,0x55,0x40,0x06,0xA5,0x00,
  0x00,0x07,0xFF,0xC0,0xBF,0xFF,0x90,0x00,0x07,0xFF,0xC7,0xFF,0xFF,0xF4,0x00,0x07,
  0xFF,0xCF,0xFF,0xFF,0xFD,0x00,0x07,0xFF,0xEF,0xFF,0xFF,0xFE,0x00,0x07,0xFF,0xFF,
  0xFF,0xFF,0xFF,0x40,0x07,0xFF,0xFE,0x00,0xBF,0xFF,0x80,0x07,0xFF,0xF4,0x00,0x2F,
  0xFF,0x80,0x07,0xFF,0xE0,0x00,0x0F,0xFF,0xC0,0x07,0xFF,0xD0,0x00,0x0F,0xFF,0xC0,
  0x07,0xFF,0xD0,0x00,0x0B,0xFF,0xC0,0x07,0xFF,0xD0,0x00,0x0B,0xFF,0xC0,0x07,0xFF,
  0xD0,0x00,0x0B,0xFF,0xC0,0x07,0xFF,0xD0,0x00,0x0B,0xFF,0xC0,0x07,0xFF,0xD0,0x00,
  0x0B,0xFF,0xC0,0x07,0xFF,0xD0,0x00,0x0B,0xFF,0xC0,0x07,0xFF,0xD0,0x00,0x0B,0xFF,
  0xC0,0x07,0xFF,0xD0,0x00,0x0B,0xFF,0xC0,0x07,0xFF,0xD0,0x00,0x0B,0xFF,0xC0,0x07,
  0xFF,0xD0,0x00,0x0B,0xFF,0xC0,0x07,0xFF,0xD0,0x00,0x0B,0xFF,0xC0,0x07,0xFF,0xD0,
  0x00,0x0B,0xFF,0xC0,0x07,0xFF,0xD0,0x00,0x0B,0xFF,0xC0,0x07,0xFF,0xD0,0x00,0x0B,
  0xFF,0xC0,0x07,0xFF,0xD0,0x00,0x0B,0xFF,0xC0,0x00,0x00,0x06,0xAA,0x40,0x00,0x00,
  0x00,0x01,0xBF,0xFF,0xF9,0x00,0x00,0x00,0x0B,0xFF,0xFF,0xFF,0x80,0x00,0x00,0x2F,
  0xFF,0xFF,0xFF,0xF0,0x00,0x00,0xBF,0xFF,0xFF,0xFF,0xF8,0x00,0x01,0xFF,0xFF,0x96,
  0xFF,0xFE,0x00,0x03,0xFF,0xF8,0x00,0xBF,0xFF,0x00,0x07,0xFF,0xE0,0x00,0x2F,0xFF,
  0x80,0x0B,0xFF,0xD0,0x00,0x0F,0xFF,0xC0,0x0F,0xFF,0xC0,0x00,0x0B,0xFF,0xC0,0x1F,
  0xFF,0x80,0x00,0x07,0xFF,0xD0,0x1F,0xFF,0x40,0x00,0x07,0xFF,0xD0,0x1F,0xFF,0x40,
  0x00,0x07,0xFF,0xE0,0x1F,0xFF,0x40,0x00,0x07,0xFF,0xD0,0x1F,0xFF,0x80,0x00,0x07,
  0xFF,0xD0,0x1F,0xFF,0x80,0x00,0x0B,0xFF,0xD0,0x0F,0xFF,0xC0,0x00,0x0B,0xFF,0xC0,
  0x0B,0xFF,0xD0,0x00,0x1F,0xFF,0xC0,0x07,0xFF,0xF0,0x00,0x2F,0xFF,0x40,0x03,0xFF,
  0xFD,0x00,0xBF,0xFF,0x00,0x01,0xFF,0xFF,0xAB,0xFF,0xFD,0x00,0x00,0xBF,0xFF,0xFF,
  0xFF,0xF8,0x00,0x00,0x2F,0xFF,0xFF,0xFF,0xE0,0x00,0x00,0x07,0xFF,0xFF,0xFF,0x80,
  0x00,0x00,0x00,0xBF,0xFF,0xF8,0x00,0x00,0x00,0x00,0x01,0x55,0x40,0x00,0x00,0x01,
  0x55,0x40,0x16,0xA4,0x00,0x00,0x07,0xFF,0xC0,0xBF,0xFF,0x90,0x00,0x07,0xFF,0xC3,
  0xFF,0xFF,0xF4,0x00,0x07,0xFF,0xDF,0xFF,0xFF,0xFD,0x00,0x07,0xFF,0xEF,0xFF,0xFF,
  0xFF,0x00,0x07,0xFF,0xFF,0xEA,0xFF,0xFF,0x80,0x07,0xFF,0xFE,0x00,0x7F,0xFF,0xC0,
  0x07,0xFF,0xF8,0x00,0x0F,0xFF,0xE0,0x07,0xFF,0xF0,0x00,0x07,0xFF,0xE0,0x07,0xFF,
  0xE0,0x00,0x03,0xFF,0xF0,0x07,0xFF,0xD0,0x00,0x02,0xFF,0xF0,0x07,0xFF,0xD0,0x00,
  0x02,0xFF,0xF4,0x07,0xFF,0xC0,0x00,0x02,0xFF,0xF4,0x07,0xFF,0xD0,0x00,0x02,0xFF,
  0xF4,0x07,0xFF,0xD0,0x00,0x02,0xFF,0xF0,0x07,0xFF,0xD0,0x00,0x03,0xFF,0xF0,0x07,
  0xFF,0xE0,0x00,0x07,0xFF,0xF0,0x07,0xFF,0xF4,0x00,0x0B,0xFF,0xE0,0x07,0xFF,0xF8,
  0x00,0x1F,0xFF,0xD0,0x07,0xFF,0xFF,0x40,0x7F,0xFF,0xC0,0x07,0xFF,0xFF,0xFF,0xFF,
  0xFF,0x80,0x07,0xFF,0xEF,0xFF,0xFF,0xFF,0x00,0x07,0xFF,0xDB,0xFF,0xFF,0xFC,0x00,
  0x07,0xFF,0xD2,0xFF,0xFF,0xE0,0x00,0x07,0xFF,0xD0,0x7F,0xFF,0x40,0x00,0x07,0xFF,
  0xD0,0x01,0x50,0x00,0x00,0x07,0xFF,0xD0,0x00,0x00,0x00,0x00,0x07,0xFF,0xD0,0x00,
  0x00,0x00,0x00,0x07,0xFF,0xD0,0x00,0x00,0x00,0x00,0x07,0xFF,0xD0,0x00,0x00,0x00,
  0x00,0x07,0xFF,0xD0,0x00,0x00,0x00,0x00,0x07,0xFF,0xD0,0x00,0x00,0x00,0x00,0x07,
  0xFF,0xD0,0x00,0x00,0x00,0x00,0x07,0xFF,0xD0,0x00,0x00,0x00,0x00,0x01,0x55,0x40,
  0x00,0x00,0x00,0x00,0x00,0x00,0x1A,0x90,0x01,0x55,0x40,0x00,0x06,0xFF,0xFE,0x07,
  0xFF,0xD0,0x00,0x1F,0xFF,0xFF,0xC7,0xFF,0xD0,0x00,0x7F,0xFF,0xFF,0xE7,0xFF,0xD0,
  0x01,0xFF,0xFF,0xFF,0xFB,0xFF,0xD0,0x02,0xFF,0xFF,0xAB,0xFF,0xFF,0xD0,0x07,0xFF,
  0xFC,0x00,0xBF,0xFF,0xD0,0x0B,0xFF,0xF0,0x00,0x2F,0xFF,0xD0,0x0B,0xFF,0xD0,0x00,
  0x0F,0xFF,0xD0,0x0F,0xFF,0xC0,0x00,0x0B,0xFF,0xD0,0x1F,0xFF,0x80,0x00,0x07,0xFF,
  0xD0,0x1F,0xFF,0x80,0x00,0x07,0xFF,0xD0,0x1F,0xFF,0x80,0x00,0x07,0xFF,0xD0,0x1F,
  0xFF,0x80,0x00,0x07,0xFF,0xD0,0x1F,0xFF,0x80,0x00,0x07,0xFF,0xD0,0x0F,0xFF,0x80,
  0x00,0x07,0xFF,0xD0,0x0F,0xFF,0xC0,0x00,0x0B,0xFF,0xD0,0x0B,0xFF,0xE0,0x00,0x1F,
  0xFF,0xD0,0x07,0xFF,0xF4,0x00,0x3F,0xFF,0xD0,0x03,0xFF,0xFD,0x01,0xFF,0xFF,0xD0,
  0x02,0xFF,0xFF,0xFF,0xFF,0xFF,0xD0,0x00,0xFF,0xFF,0xFF,0xFB,0xFF,0xD0,0x00,0x7F,
  0xFF,0xFF,0xE7,0xFF,0xD0,0x00,0x1F,0xFF,0xFF,0x87,0xFF,0xD0,0x00,0x01,0xFF,0xFD,
  0x07,0xFF,0xD0,0x00,0x00,0x05,0x40,0x07,0xFF,0xD0,0x00,0x00,0x00,0x00,0x07,0xFF,
  0xD0,0x00,0x00,0x00,0x00,0x07,0xFF,0xD0,0x00,0x00,0x00,0x00,0x07,0xFF,0xD0,0x00,
  0x00,0x00,0x00,0x07,0xFF,0xD0,0x00,0x00,0x00,0x00,0x07,0xFF,0xD0,0x00,0x00,0x00,
  0x00,0x07,0xFF,0xD0,0x00,0x00,0x00,0x00,0x07,0xFF,0xD0,0x00,0x00,0x00,0x00,0x07,
  0xFF,0xD0,0x00,0x00,0x00,0x00,0x01,0x55,0x40,0x01,0x55,0x40,0x1A,0x80,0x07,0xFF,
  0xC1,0xFF,0xD0,0x07,0xFF,0xC7,0xFF,0xD0,0x07,0xFF,0xCF,0xFF,0xD0,0x07,0xFF,0xEF,
  0xFF,0xD0,0x07,0xFF,0xFF,0xFF,0xD0,0x07,0xFF,0xFF,0x50,0x40,0x07,0xFF,0xF8,0x00,
  0x00,0x07,0xFF,0xF0,0x00,0x00,0x07,0xFF,0xE0,0x00,0x00,0x07,0xFF,0xD0,0x00,0x00,
  0x07,0xFF,0xD0,0x00,0x00,0x07,0xFF,0xD0,0x00,0x00,0x07,0xFF,0xD0,0x00,0x00,0x07,
  0xFF,0xD0,0x00,0x00,0x07,0xFF,0xD0,0x00,0x00,0x07,0xFF,0xD0,0x00,0x00,0x07,0xFF,
  0xD0,0x00,0x00,0x07,0xFF,0xD0,0x00,0x00,0x07,0xFF,0xD0,0x00,0x00,0x07,0xFF,0xD0,
  0x00,0x00,0x07,0xFF,0xD0,0x00,0x00,0x07,0xFF,0xD0,0x00,0x00,0x07,0xFF,0xD0,0x00,
  0x00,0x07,0xFF,0xD0,0x00,0x00,0x00,0x00,0x5A,0xA9,0x40,0x00,0x00,0x00,0x0B,0xFF,
  0xFF,0xE4,0x00,0x00,0x00,0x7F,0xFF,0xFF,0xFE,0x00,0x00,0x01,0xFF,0xFF,0xFF,0xFF,
  0xC0,0x00,0x03,0xFF,0xFF,0xFF,0xFF,0xE0,0x00,0x07,0xFF,0xF4,0x07,0xFF,0xF4,0x00,
  0x0B,0xFF,0xC0,0x00,0xFF,0xF8,0x00,0x0B,0xFF,0x80,0x00,0xBF,0xF8,0x00,0x0B,0xFF,
  0xC0,0x00,0x00,0x00,0x00,0x0B,0xFF,0xF4,0x00,0x00,0x00,0x00,0x07,0xFF,0xFF,0xE9,
  0x00,0x00,0x00,0x02,0xFF,0xFF,0xFF,0xE4,0x00,0x00,0x00,0xBF,0xFF,0xFF,0xFF,0x40,
  0x00,0x00,0x1F,0xFF,0xFF,0xFF,0xE0,0x00,0x00,0x01,0xBF,0xFF,0xFF,0xF4,0x00,0x00,
  0x00,0x01,0x6F,0xFF,0xFC,0x00,0x00,0x00,0x00,0x01,0xFF,0xFC,0x00,0x05,0x55,0x00,
  0x00,0xBF,0xFD,0x00,0x1F,0xFF,0x40,0x00,0xBF,0xFD,0x00,0x0F,0xFF,0xD0,0x00,0xFF,
  0xFC,0x00,0x0B,0xFF,0xF9,0x5B,0xFF,0xF8,0x00,0x07,0xFF,0xFF,0xFF,0xFF,0xF0,0x00,
  0x01,0xFF,0xFF,0xFF,0xFF,0xD0,0x00,0x00,0x7F,0xFF,0xFF,0xFE,0x00,0x00,0x00,0x06,
  0xFF,0xFF,0xE4,0x00,0x00,0x00,0x00,0x15,0x55,0x00,0x00,0x00,0x00,0x55,0x54,0x00,
  0x00,0x00,0xBF,0xFC,0x00,0x00,0x00,0xBF,0xFC,0x00,0x00,0x00,0xBF,0xFC,0x00,0x00,
  0x00,0xBF,0xFC,0x00,0x00,0x00,0xBF,0xFC,0x00,0x00,0x15,0xFF,0xFD,0x55,0x00,0x3F,
  0xFF,0xFF,0xFD,0x00,0x3F,0xFF,0xFF,0xFD,0x00,0x3F,0xFF,0xFF,0xFD,0x00,0x3F,0xFF,
  0xFF,0xFD,0x00,0x2A,0xFF,0xFE,0xA9,0x00,0x00,0xBF,0xFC,0x00,0x00,0x00,0xBF,0xFC,
  0x00,0x00,0x00,0xBF,0xFC,0x00,0x00,0x00,0xBF,0xFC,0x00,0x00,0x00,0xBF,0xFC,0x00,
  0x00,0x00,0xBF,0xFC,0x00,0x00,0x00,0xBF,0xFC,0x00,0x00,0x00,0xBF,0xFC,0x00,0x00,
  0x00,0xBF,0xFC,0x00,0x00,0x00,0xBF,0xFC,0x00,0x00,0x00,0xBF,0xFC,0x00,0x00,0x00,
  0xBF,0xFC,0x00,0x00,0x00,0xBF,0xFC,0x00,0x00,0x00,0xBF,0xFE,0x00,0x00,0x00,0xBF,
  0xFF,0xFE,0x00,0x00,0x7F,0xFF,0xFE,0x00,0x00,0x2F,0xFF,0xFE,0x00,0x00,0x0B,0xFF,
  0xFE,0x00,0x00,0x01,0xBF,0xFE,0x00,0x00,0x00,0x01,0x54,0x00,0x01,0x55,0x40,0x00,
  0x05,0x55,0x40,0x07,0xFF,0xD0,0x00,0x0B,0xFF,0xC0,0x07,0xFF,0xD0,0x00,0x0B,0xFF,
  0xC0,0x07,0xFF,0xD0,0x00,0x0B,0xFF,0xC0,0x07,0xFF,0xD0,0x00,0x0B,0xFF,0xC0,0x07,
  0xFF,0xD0,0x00,0x0B,0xFF,0xC0,0x07,0xFF,0xD0,0x00,0x0B,0xFF,0xC0,0x07,0xFF,0xD0,
  0x00,0x0B,0xFF,0xC0,0x07,0xFF,0xD0,0x00,0x0B,0xFF,0xC0,0x07,0xFF,0xD0,0x00,0x0B,
  0xFF,0xC0,0x07,0xFF,0xD0,0x00,0x0B,0xFF,0xC0,0x07,0xFF,0xD0,0x00,0x0B,0xFF,0xC0,
  0x07,0xFF,0xD0,0x00,0x0B,0xFF,0xC0,0x07,0xFF,0xD0,0x00,0x0B,0xFF,0xC0,0x07,0xFF,
  0xD0,0x00,0x0B,0xFF,0xC0,0x07,0xFF,0xD0,0x00,0x0F,0xFF,0xC0,0x07,0xFF,0xD0,0x00,
  0x0F,0xFF,0xC0,0x07,0xFF,0xF0,0x00,0x2F,0xFF,0xC0,0x07,0xFF,0xF8,0x00,0x7F,0xFF,
  0xC0,0x03,0xFF,0xFE,0x56,0xFF,0xFF,0xC0,0x02,0xFF,0xFF,0xFF,0xFF,0xFF,0xC0,0x00,
  0xFF,0xFF,0xFF,0xEB,0xFF,0xC0,0x00,0x7F,0xFF,0xFF,0xC7,0xFF,0xC0,0x00,0x1F,0xFF,
  0xFF,0x47,0xFF,0xC0,0x00,0x06,0xFF,0xF4,0x07,0xFF,0xC0,0x00,0x00,0x15,0x00,0x00,
  0x00,0x00,0x15,0x55,0x00,0x00,0x05,0x55,0x40,0x3F,0xFF,0x00,0x00,0x0F,0xFF,0xC0,
  0x2F,0xFF,0x40,0x00,0x1F,0xFF,0x80,0x1F,0xFF,0x80,0x00,0x2F,0xFF,0x40,0x0F,0xFF,
  0x80,0x00,0x3F,0xFF,0x00,0x0B,0xFF,0xC0,0x00,0x7F,0xFE,0x00,0x07,0xFF,0xD0,0x00,
  0xBF,0xFC,0x00,0x03,0xFF,0xE0,0x00,0xBF,0xF8,0x00,0x02,0xFF,0xF0,0x00,0xFF,0xF4,
  0x00,0x01,0xFF,0xF4,0x01,0xFF,0xF0,0x00,0x00,0xFF,0xF8,0x02,0xFF,0xE0,0x00,0x00,
  0xBF,0xFC,0x03,0xFF,0xD0,0x00,0x00,0x7F,0xFC,0x07,0xFF,0xC0,0x00,0x00,0x2F,0xFD,
  0x0B,0xFF,0x80,0x00,0x00,0x1F,0xFE,0x0F,0xFF,0x40,0x00,0x00,0x0F,0xFF,0x0F,0xFF,
  0x00,0x00,0x00,0x0B,0xFF,0x5F,0xFE,0x00,0x00,0x00,0x07,0xFF,0xAF,0xFD,0x00,0x00,
  0x00,0x03,0xFF,0xFF,0xFC,0x00,0x00,0x00,0x02,0xFF,0xFF,0xF8,0x00,0x00,0x00,0x01,
  0xFF,0xFF,0xF4,0x00,0x00,0x00,0x00,0xFF,0xFF,0xF0,0x00,0x00,0x00,0x00,0xBF,0xFF,
  0xE0,0x00,0x00,0x00,0x00,0x7F,0xFF,0xD0,0x00,0x00,0x00,0x00,0x3F,0xFF,0xC0,0x00,
  0x00,0x15,0x55,0x00,0x01,0x55,0x50,0x00,0x05,0x55,0x40,0x3F,0xFE,0x00,0x02,0xFF,
  0xF4,0x00,0x0F,0xFF,0x80,0x2F,0xFF,0x00,0x03,0xFF,0xF8,0x00,0x1F,0xFF,0x40,0x1F,
  0xFF,0x00,0x07,0xFF,0xFC,0x00,0x1F,0xFF,0x00,0x1F,0xFF,0x40,0x07,0xFF,0xFC,0x00,
  0x2F,0xFF,0x00,0x0F,0xFF,0x80,0x0B,0xFF,0xFD,0x00,0x3F,0xFE,0x00,0x0B,0xFF,0xC0,
  0x0F,0xFF,0xFE,0x00,0x7F,0xFD,0x00,0x07,0xFF,0xC0,0x0F,0xFF,0xFF,0x00,0x7F,0xFC,
  0x00,0x03,0xFF,0xD0,0x1F,0xFF,0xFF,0x00,0xBF,0xF8,0x00,0x02,0xFF,0xE0,0x2F,0xFB,
  0xFF,0x40,0xFF,0xF4,0x00,0x02,0xFF,0xE0,0x3F,0xF6,0xFF,0x80,0xFF,0xF4,0x00,0x01,
  0xFF,0xF0,0x3F,0xF1,0xFF,0x81,0xFF,0xF0,0x00,0x00,0xFF,0xF4,0x7F,0xF1,0xFF,0xC2,
  0xFF,0xE0,0x00,0x00,0xBF,0xF4,0xBF,0xE0,0xFF,0xD2,0xFF,0xD0,0x00,0x00,0x7F,0xF8,
  0xFF,0xD0,0xBF,0xE3,0xFF,0xC0,0x00,0x00,0x7F,0xFC,0xFF,0xC0,0x7F,0xE7,0xFF,0x80,
  0x00,0x00,0x3F,0xFE,0xFF,0x80,0x3F,0xFB,0xFF,0x80,0x00,0x00,0x2F,0xFF,0xFF,0x80,
  0x2F,0xFF,0xFF,0x40,0x00,0x00,0x1F,0xFF,0xFF,0x40,0x2F,0xFF,0xFF,0x00,0x00,0x00,
  0x0F,0xFF,0xFF,0x00,0x1F,0xFF,0xFE,0x00,0x00,0x00,0x0B,0xFF,0xFE,0x00,0x0F,0xFF,
  0xFD,0x00,0x00,0x00,0x0B,0xFF,0xFD,0x00,0x0B,0xFF,0xFD,0x00,0x00,0x00,0x07,0xFF,
  0xFC,0x00,0x07,0xFF,0xFC,0x00,0x00,0x00,0x03,0xFF,0xFC,0x00,0x07,0xFF,0xF8,0x00,
  0x00,0x00,0x02,0xFF,0xF8,0x00,0x03,0xFF,0xF4,0x00,0x00,0x15,0x55,0x00,0x00,0x15,
  0x55,0x00,0x1F,0xFF,0x80,0x00,0x7F,0xFE,0x00,0x0B,0xFF,0xC0,0x00,0xBF,0xFC,0x00,
  0x03,0xFF,0xE0,0x01,0xFF,0xF4,0x00,0x02,0xFF,0xF4,0x02,0xFF,0xF0,0x00,0x00,0xFF,
  0xF8,0x07,0xFF,0xD0,0x00,0x00,0x7F,0xFD,0x0F,0xFF,0x80,0x00,0x00,0x2F,0xFE,0x1F,
  0xFF,0x00,0x00,0x00,0x1F,0xFF,0x7F,0xFE,0x00,0x00,0x00,0x0B,0xFF,0xFF,0xFC,0x00,
  0x00,0x00,0x03,0xFF,0xFF,0xF4,0x00,0x00,0x00,0x01,0xFF,0xFF,0xE0,0x00,0x00,0x00,
  0x00,0xFF,0xFF,0xD0,0x00,0x00,0x00,0x01,0xFF,0xFF,0xD0,0x00,0x00,0x00,0x02,0xFF,
  0xFF,0xF0,0x00,0x00,0x00,0x07,0xFF,0xFF,0xF8,0x00,0x00,0x00,0x0F,0xFF,0xFF,0xFD,
  0x00,0x00,0x00,0x2F,0xFF,0x2F,0xFE,0x00,0x00,0x00,0x3F,0xFE,0x1F,0xFF,0x40,0x00,
  0x00,0xBF,0xFC,0x0B,0xFF,0xC0,0x00,0x01,0xFF,0xF4,0x03,0xFF,0xE0,0x00,0x03,0xFF,
  0xF0,0x01,0xFF,0xF4,0x00,0x0B,0xFF,0xD0,0x00,0xFF,0xF8,0x00,0x0F,0xFF,0x80,0x00,
  0x7F,0xFD,0x00,0x2F,0xFF,0x40,0x00,0x2F,0xFF,0x00,0x15,0x55,0x00,0x00,0x05,0x55,
  0x40,0x3F,0xFF,0x00,0x00,0x0F,0xFF,0xC0,0x2F,0xFF,0x00,0x00,0x1F,0xFF,0x80,0x1F,
  0xFF,0x40,0x00,0x2F,0xFF,0x40,0x0F,0xFF,0x80,0x00,0x3F,0xFF,0x00,0x0B,0xFF,0xC0,
  0x00,0x7F,0xFE,0x00,0x07,0xFF,0xD0,0x00,0xBF,0xFC,0x00,0x03,0xFF,0xE0,0x00,0xBF,
  0xF8,0x00,0x02,0xFF,0xF0,0x00,0xFF,0xF4,0x00,0x01,0xFF,0xF0,0x01,0xFF,0xF0,0x00,
  0x00,0xFF,0xF4,0x02,0xFF,0xE0,0x00,0x00,0xBF,0xF8,0x03,0xFF,0xD0,0x00,0x00,0x7F,
  0xFC,0x07,0xFF,0xC0,0x00,0x00,0x2F,0xFD,0x0B,0xFF,0x80,0x00,0x00,0x1F,0xFE,0x0B,
  0xFF,0x40,0x00,0x00,0x0F,0xFF,0x0F,0xFF,0x00,0x00,0x00,0x0B,0xFF,0x1F,0xFE,0x00,
  0x00,0x00,0x07,0xFF,0x6F,0xFD,0x00,0x00,0x00,0x03,0xFF,0xBF,0xFC,0x00,0x00,0x00,
  0x02,0xFF,0xFF,0xF8,0x00,0x00,0x00,0x01,0xFF,0xFF,0xF4,0x00,0x00,0x00,0x00,0xFF,
  0xFF,0xF0,0x00,0x00,0x00,0x00,0xBF,0xFF,0xE0,0x00,0x00,0x00,0x00,0x7F,0xFF,0xD0,
  0x00,0x00,0x00,0x00,0x3F,0xFF,0xC0,0x00,0x00,0x00,0x00,0x2F,0xFF,0x40,0x00,0x00,
  0x00,0x00,0x3F,0xFF,0x00,0x00,0x00,0x00,0x00,0x7F,0xFE,0x00,0x00,0x00,0x00,0x01,
  0xFF,0xFD,0x00,0x00,0x00,0x03,0xFF,0xFF,0xFC,0x00,0x00,0x00,0x03,0xFF,0xFF,0xF4,
  0x00,0x00,0x00,0x03,0xFF,0xFF,0xD0,0x00,0x00,0x00,0x03,0xFF,0xFF,0x40,0x00,0x00,
  0x00,0x03,0xFF,0xE4,0x00,0x00,0x00,0x00,0x00,0x00,0x00,0x00,0x00,0x00,0x00,0x01,
  0x55,0x55,0x55,0x55,0x54,0x00,0x07,0xFF,0xFF,0xFF,0xFF,0xF4,0x00,0x07,0xFF,0xFF,
  0xFF,0xFF,0xF4,0x00,0x07,0xFF,0xFF,0xFF,0xFF,0xF4,0x00,0x07,0xFF,0xFF,0xFF,0xFF,
  0xF4,0x00,0x03,0xFF,0xFF,0xFF,0xFF,0xF0,0x00,0x00,0x00,0x00,0x0B,0xFF,0xD0,0x00,
  0x00,0x00,0x00,0x2F,0xFF,0x40,0x00,0x00,0x00,0x00,0x7F,0xFE,0x00,0x00,0x00,0x00,
  0x01,0xFF,0xFC,0x00,0x00,0x00,0x00,0x03,0xFF,0xF4,0x00,0x00,0x00,0x00,0x0F,0xFF,
  0xD0,0x00,0x00,0x00,0x00,0x2F,0xFF,0x80,0x00,0x00,0x00,0x00,0xBF,0xFE,0x00,0x00,
  0x00,0x00,0x01,0xFF,0xFC,0x00,0x00,0x00,0x00,0x07,0xFF,0xF4,0x00,0x00,0x00,0x00,
  0x0F,0xFF,0xE0,0x00,0x00,0x00,0x00,0x2F,0xFF,0x80,0x00,0x00,0x00,0x00,0xBF,0xFF,
  0x00,0x00,0x00,0x00,0x01,0xFF,0xFE,0x55,0x55,0x54,0x00,0x07,0xFF,0xFF,0xFF,0xFF,
  0xFC,0x00,0x0B,0xFF,0xFF,0xFF,0xFF,0xFC,0x00,0x0B,0xFF,0xFF,0xFF,0xFF,0xFC,0x00,
  0x0B,0xFF,0xFF,0xFF,0xFF,0xFC,0x00,0x0B,0xFF,0xFF,0xFF,0xFF,0xFC,0x00,0x00,0x00,
  0x01,0xAA,0xC0,0x00,0x00,0x2F,0xFF,0xC0,0x00,0x00,0xBF,0xFF,0xC0,0x00,0x02,0xFF,
  0xFF,0xC0,0x00,0x03,0xFF,0xFF,0xC0,0x00,0x07,0xFF,0xF5,0x00,0x00,0x0B,0xFF,0xD0,
  0x00,0x00,0x0B,0xFF,0x80,0x00,0x00,0x0F,0xFF,0x80,0x00,0x00,0x0F,0xFF,0x40,0x00,
  0x00,0x0F,0xFF,0x40,0x00,0x00,0x0F,0xFF,0x40,0x00,0x00,0x0F,0xFF,0x40,0x00,0x00,
  0x0F,0xFF,0x40,0x00,0x00,0x0F,0xFF,0x40,0x00,0x00,0x0F,0xFF,0x40,0x00,0x00,0x1F,
  0xFF,0x40,0x00,0x00,0x7F,0xFF,0x40,0x00,0x1A,0xFF,0xFE,0x00,0x00,0x2F,0xFF,0xF8,
  0x00,0x00,0x2F,0xFF,0x90,0x00,0x00,0x2F,0xFC,0x00,0x00,0x00,0x2F,0xFF,0x90,0x00,
  0x00,0x2F,0xFF,0xF8,0x00,0x00,0x2B,0xFF,0xFE,0x00,0x00,0x00,0x7F,0xFF,0x00,0x00,
  0x00,0x2F,0xFF,0x40,0x00,0x00,0x0F,0xFF,0x40,0x00,0x00,0x0F,0xFF,0x40,0x00,0x00,
  0x0F,0xFF,0x40,0x00,0x00,0x0F,0xFF,0x40,0x00,0x00,0x0F,0xFF,0x40,0x00,0x00,0x0F,
  0xFF,0x40,0x00,0x00,0x0F,0xFF,0x40,0x00,0x00,0x0F,0xFF,0x80,0x00,0x00,0x0B,0xFF,
  0x80,0x00,0x00,0x0B,0xFF,0xC0,0x00,0x00,0x0B,0xFF,0xE4,0x00,0x00,0x07,0xFF,0xFF,
  0xC0,0x00,0x02,0xFF,0xFF,0xC0,0x00,0x00,0xFF,0xFF,0xC0,0x00,0x00,0x2F,0xFF,0xC0,
  0x00,0x00,0x06,0xFF,0xC0,0x00,0x00,0x00,0x00,0x00,0x00,0x00,0x00,0x00,0x00,0x3F,
  0xFD,0x00,0x00,0x3F,0xFD,0x00,0x00,0x3F,0xFD,0x00,0x00,0x3F,0xFD,0x00,0x00,0x3F,
  0xFD,0x00,0x00,0x3F,0xFD,0x00,0x00,0x3F,0xFD,0x00,0x00,0x3F,0xFD,0x00,0x00,0x3F,
  0xFD,0x00,0x00,0x3F,0xFD,0x00,0x00,0x3F,0xFD,0x00,0x00,0x3F,0xFD,0x00,0x00,0x3F,
  0xFD,0x00,0x00,0x3F,0xFD,0x00,0x00,0x3F,0xFD,0x00,0x00,0x3F,0xFD,0x00,0x00,0x3F,
  0xFD,0x00,0x00,0x3F,0xFD,0x00,0x00,0x3F,0xFD,0x00,0x00,0x3F,0xFD,0x00,0x00,0x3F,
  0xFD,0x00,0x00,0x3F,0xFD,0x00,0x00,0x3F,0xFD,0x00,0x00,0x3F,0xFD,0x00,0x00,0x3F,
  0xFD,0x00,0x00,0x3F,0xFD,0x00,0x00,0x3F,0xFD,0x00,0x00,0x3F,0xFD,0x00,0x00,0x3F,
  0xFD,0x00,0x00,0x3F,0xFD,0x00,0x00,0x3F,0xFD,0x00,0x00,0x3F,0xFD,0x00,0x00,0x3F,
  0xFD,0x00,0x00,0x3F,0xFD,0x00,0x00,0x3F,0xFD,0x00,0x00,0x3F,0xFD,0x00,0x00,0x3F,
  0xFD,0x00,0x00,0x3F,0xFD,0x00,0x00,0x3F,0xFD,0x00,0x00,0x3F,0xFD,0x00,0x00,0x3F,
  0xFD,0x00,0x00,0x2A,0xA9,0x00,0x3A,0xA4,0x00,0x00,0x00,0x3F,0xFF,0x40,0x00,0x00,
  0x3F,0xFF,0xE0,0x00,0x00,0x3F,0xFF,0xF8,0x00,0x00,0x3F,0xFF,0xFC,0x00,0x00,0x06,
  0xFF,0xFD,0x00,0x00,0x00,0x7F,0xFE,0x00,0x00,0x00,0x3F,0xFE,0x00,0x00,0x00,0x2F,
  0xFE,0x00,0x00,0x00,0x2F,0xFE,0x00,0x00,0x00,0x2F,0xFE,0x00,0x00,0x00,0x2F,0xFE,
  0x00,0x00,0x00,0x2F,0xFE,0x00,0x00,0x00,0x2F,0xFE,0x00,0x00,0x00,0x2F,0xFF,0x00,
  0x00,0x00,0x2F,0xFF,0x00,0x00,0x00,0x1F,0xFF,0x40,0x00,0x00,0x1F,0xFF,0xC0,0x00,
  0x00,0x0B,0xFF,0xFA,0x40,0x00,0x03,0xFF,0xFF,0x80,0x00,0x00,0x7F,0xFF,0x80,0x00,
  0x00,0x03,0xFF,0x80,0x00,0x00,0x6F,0xFF,0x80,0x00,0x02,0xFF,0xFF,0x80,0x00,0x0B,
  0xFF,0xFE,0x40,0x00,0x1F,0xFF,0xD0,0x00,0x00,0x1F,0xFF,0x40,0x00,0x00,0x2F,0xFF,
  0x00,0x00,0x00,0x2F,0xFF,0x00,0x00,0x00,0x2F,0xFE,0x00,0x00,0x00,0x2F,0xFE,0x00,
  0x00,0x00,0x2F,0xFE,0x00,0x00,0x00,0x2F,0xFE,0x00,0x00,0x00,0x2F,0xFE,0x00,0x00,
  0x00,0x2F,0xFE,0x00,0x00,0x00,0x2F,0xFE,0x00,0x00,0x00,0x7F,0xFE,0x00,0x00,0x01,
  0xFF,0xFD,0x00,0x00,0x3F,0xFF,0xFC,0x00,0x00,0x3F,0xFF,0xF8,0x00,0x00,0x3F,0xFF,
  0xF0,0x00,0x00,0x3F,0xFF,0x80,0x00,0x00,0x3F,0xE9,0x00,0x00,0x00,0x00,0x00,0x00,
  0x00,0x00,0x00,0x01,0xBA,0x40,0x00,0x00,0x10,0x00,0x00,0x1F,0xFF,0xF9,0x00,0x00,
  0xA0,0x00,0x00,0xBF,0xFF,0xFF,0xE9,0x5B,0xE0,0x00,0x00,0xBF,0xFF,0xFF,0xFF,0xFF,
  0xE0,0x00,0x00,0xBF,0xFF,0xFF,0xFF,0xFF,0xE0,0x00,0x00,0xBF,0xAB,0xFF,0xFF,0xFF,
  0xE0,0x00,0x00,0xB4,0x00,0x1B,0xFF,0xFF,0x80,0x00,0x00,0x80,0x00,0x00,0x6F,0xF9,
  0x00,0x00,0x00,0x00,0x00,0x00,0x00,0x00,0x00,0x00,0x00,0x00,0x00,0x00,0x00,0x00,
  0x00,0x00,0x00,0x00,0x00,0x00,0x00,0x00,0x00,0x00,0x00,0x00,0x00,0x00,0x00,0x00,
  0x00,0x00,0x00,0x00,0x00,0x00,0x00,0x00,0x00,0x00,0x00,0x00,0x00,0x00,0x00,0x00,
  0x00,0x00,0x00,0x00,0x00,0x00,0x00,0x00,0x00,0x00,0x00,0x00,0x00,0x00,0x00,0x00,
  0x00,0x00,0x00,0x00,0x00,0x00,0x00,0x00,0x00,0x00,0x00,0x6E,0x40,0x00,0x01,0xFF,
  0xD0,0x00,0x03,0xFF,0xF0,0x00,0x07,0xFF,0xF0,0x00,0x03,0xFF,0xF0,0x00,0x02,0xFF,
  0xE0,0x00,0x00,0xFF,0x80,0x00,0x00,0x15,0x00,0x00,0x00,0x00,0x00,0x00,0x00,0x00,
  0x00,0x00,0x00,0x00,0x00,0x00,0x00,0x00,0x00,0x00,0x00,0x00,0x00,0x00,0x00,0x00,
  0x00,0x00,0x00,0x00,0x00,0x00,0x00,0x00,0x00,0x00,0x00,0x00,0x00,0x00,0x00,0x00,
  0x00,0x00,0x00,0x00,0x00,0x00,0x00,0x00,0x00,0xAA,0x90,0x00,0x00,0x00,0x00,0x00,
  0x00,0x00,0x00,0xFF,0xE0,0x00,0x02,0xAA,0xAA,0xAA,0xAA,0xA0,0x00,0xFF,0xE0,0x00,
  0x03,0xFF,0xFF,0xFF,0xFF,0xF4,0x00,0xFF,0xE0,0x00,0x03,0xFF,0xFF,0xFF,0xFF,0xF0,
  0x00,0xFF,0xE0,0x00,0x03,0xFF,0xFF,0xFF,0xFF,0xF0,0x00,0xFF,0xE0,0x00,0x03,0xFF,
  0xFF,0xFF,0xFF,0xF0,0x00,0xFF,0xE0,0x00,0x00,0x00,0x00,0x01,0xFF,0xE0,0x00,0xFF,
  0xE0,0x00,0x00,0x00,0x00,0x01,0xFF,0xD0,0x00,0xFF,0xE5,0x54,0x00,0x00,0x00,0x03,
  0xFF,0xC0,0x00,0xFF,0xFF,0xFD,0x00,0x00,0x00,0x07,0xFF,0x80,0x00,0xFF,0xFF,0xFD,
  0x00,0x00,0x00,0x0F,0xFF,0x40,0x00,0xFF,0xFF,0xFD,0x00,0x00,0x00,0x2F,0xFE,0x00,
  0x00,0xFF,0xFF,0xFD,0x00,0x00,0x00,0xBF,0xFC,0x00,0x00,0xFF,0xEA,0xA8,0x00,0x00,
  0x07,0xFF,0xF4,0x00,0x00,0xFF,0xE0,0x00,0x00,0x00,0x6F,0xFF,0xE0,0x00,0x00,0xFF,
  0xE0,0x00,0x00,0x06,0xFF,0xFF,0x40,0x00,0x00,0xFF,0xE0,0x00,0x01,0xBF,0xFF,0xFD,
  0x00,0x00,0x00,0xFF,0xE0,0x00,0x2F,0xFF,0xFF,0xE4,0x00,0x00,0x00,0xFF,0xE0,0x00,
  0x1F,0xFF,0xFF,0x40,0x00,0x00,0x00,0xFF,0xE0,0x00,0x0F,0xFF,0xF4,0x00,0x00,0x00,
  0x00,0xFF,0xE0,0x00,0x0B,0xFE,0x40,0x00,0x00,0x00,0x00,0xFF,0xE0,0x00,0x02,0x90,
  0x00,0x00,0x00,0x00,0x00,0x55,0x50,0x00,0x00,0x00,0x00,0x00,0x00,0x00,0x00,0x00,
  0x00,0x00,0x00,0x1A,0xA4,0x02,0xAA,0x00,0x0F,0xFE,0x00,0x00,0x00,0x2F,0xF4,0x03,
  0xFF,0x00,0x0F,0xFE,0x00,0x00,0x00,0x2F,0xF4,0x03,0xFF,0x00,0x0F,0xFE,0x00,0x00,
  0x00,0x2F,0xF4,0x03,0xFF,0x00,0x0F,0xFE,0x00,0x00,0x00,0x2F,0xFA,0xAB,0xFF,0x00,
  0x0F,0xFE,0x00,0x00,0x00,0x2F,0xFF,0xFF,0xFF,0x00,0x1F,0xFF,0x00,0x00,0x00,0x2F,
  0xFF,0xFF,0xFF,0x00,0x2F,0xFF,0x40,0x00,0x00,0x2F,0xFF,0xFF,0xFF,0x00,0x3F,0xFF,
  0x80,0x00,0x00,0x2F,0xFA,0xAB,0xFF,0x00,0xBF,0xFF,0xC0,0x00,0x00,0x2F,0xF4,0x03,
  0xFF,0x01,0xFF,0xFF,0xF0,0x00,0x00,0x2F,0xF4,0x03,0xFF,0x07,0xFF,0xFF,0xF8,0x00,
  0x00,0x2F,0xF4,0x03,0xFF,0x2F,0xFF,0x6F,0xFF,0x40,0x00,0x2F,0xFE,0xAB,0xFF,0xFF,
  0xFF,0x1F,0xFF,0xE0,0x00,0x2F,0xFF,0xFF,0xFF,0xFF,0xFC,0x07,0xFF,0xE0,0x00,0x2F,
  0xFF,0xFF,0xFF,0x7F,0xF4,0x02,0xFF,0xC0,0x00,0x2F,0xFF,0xFF,0xFF,0x2F,0x80,0x00,
  0x7F,0x40,0x00,0x1A,0xAA,0xAA,0xAA,0x09,0x00,0x00,0x0A,0x00,0x00,0x00,0x00,0x00,
  0x00,0x00,0x00,0x02,0xAA,0x40,0x00,0x00,0x00,0x00,0x00,0x0F,0xFD,0x03,0xFF,0x40,
  0x00,0x00,0x00,0x00,0x00,0x1F,0xFD,0x03,0xFF,0x40,0x02,0xAA,0xAA,0xAA,0xA8,0x1F,
  0xFD,0x03,0xFF,0x40,0x03,0xFF,0xFF,0xFF,0xFC,0x1F,0xFD,0x03,0xFF,0x40,0x03,0xFF,
  0xFF,0xFF,0xFC,0x1F,0xFD,0x03,0xFF,0x40,0x03,0xFF,0xFF,0xFF,0xFC,0x1F,0xFD,0x03,
  0xFF,0x40,0x02,0xAA,0xAA,0xBF,0xF8,0x1F,0xFD,0x03,0xFF,0x40,0x00,0x00,0x00,0x3F,
  0xF8,0x1F,0xFD,0x03,0xFF,0x40,0x00,0x00,0x00,0x7F,0xF4,0x1F,0xFD,0x03,0xFF,0x40,
  0x00,0x00,0x00,0x7F,0xF4,0x1F,0xFF,0xFF,0xFF,0x40,0x00,0x00,0x00,0xFF,0xE0,0x1F,
  0xFF,0xFF,0xFF,0x40,0x00,0x00,0x01,0xFF,0xD0,0x1F,0xFF,0xFF,0xFF,0x40,0x00,0x00,
  0x03,0xFF,0xC0,0x1F,0xFF,0xFF,0xFF,0x40,0x00,0x00,0x0B,0xFF,0x80,0x1F,0xFE,0xAB,
  0xFF,0x40,0x00,0x00,0x1F,0xFF,0x00,0x1F,0xFD,0x03,0xFF,0x40,0x00,0x00,0xBF,0xFD,
  0x00,0x1F,0xFD,0x03,0xFF,0x40,0x00,0x02,0xFF,0xF8,0x00,0x1F,0xFD,0x03,0xFF,0x40,
  0x00,0x1F,0xFF,0xE0,0x00,0x1F,0xFD,0x03,0xFF,0x40,0x01,0xBF,0xFF,0x80,0x00,0x1F,
  0xFD,0x03,0xFF,0x40,0x1B,0xFF,0xFE,0x00,0x00,0x1F,0xFD,0x03,0xFF,0x40,0x2F,0xFF,
  0xF4,0x00,0x00,0x1F,0xFD,0x03,0xFF,0x40,0x1F,0xFF,0x80,0x00,0x00,0x1F,0xFD,0x03,
  0xFF,0x40,0x0B,0xFD,0x00,0x00,0x00,0x0A,0xA8,0x03,0xFF,0x40,0x02,0x90,0x00,0x00,
  0x00,0x00,0x00,0x02,0xAA,0x40,0x00,0x00,0x00,0x00,0x6A,0xFF,0xE9,0x40,0x00,0x00,
  0x00,0x00,0x00,0x1B,0xFF,0xFF,0xFF,0xF9,0x00,0x00,0x00,0x00,0x01,0xFF,0xFF,0xFF,
  0xFF,0xFF,0xD0,0x00,0x00,0x00,0x0B,0xFF,0xFF,0xFF,0xFF,0xFF,0xF8,0x00,0x00,0x00,
  0x2F,0xFF,0xFA,0x95,0xAB,0xFF,0xFD,0x00,0x00,0x00,0x7F,0xFE,0x40,0x00,0x00,0x6F,
  0xFF,0x00,0x00,0x00,0xBF,0xF4,0x00,0x00,0x00,0x0B,0xFF,0x40,0x00,0x00,0xBF,0xF0,
  0x00,0x00,0x00,0x07,0xFF,0x80,0x00,0x00,0xBF,0xF0,0x00,0x00,0x00,0x07,0xFF,0x80,
  0x00,0x00,0xBF,0xF4,0x00,0x00,0x00,0x0B,0xFF,0x40,0x00,0x00,0x7F,0xFE,0x40,0x00,
  0x00,0x6F,0xFF,0x00,0x00,0x00,0x2F,0xFF,0xFA,0x95,0xAB,0xFF,0xFD,0x00,0x00,0x00,
  0x0B,0xFF,0xFF,0xFF,0xFF,0xFF,0xF8,0x00,0x00,0x00,0x01,0xFF,0xFF,0xFF,0xFF,0xFF,
  0xD0,0x00,0x00,0x00,0x00,0x2F,0xFF,0xFF,0xFF,0xF9,0x00,0x00,0x00,0x00,0x00,0x00,
  0x6A,0xFF,0xEA,0x40,0x00,0x00,0x00,0x00,0x00,0x00,0x00,0x00,0x00,0x0A,0xA9,0x00,
  0x00,0x00,0x00,0x00,0x00,0x00,0x00,0x0F,0xFE,0x00,0x00,0x55,0x55,0x55,0x55,0x50,
  0x00,0x0F,0xFE,0x00,0x01,0xFF,0xFF,0xFF,0xFF,0xF4,0x00,0x0F,0xFE,0x00,0x01,0xFF,
  0xFF,0xFF,0xFF,0xF4,0x00,0x0F,0xFE,0x00,0x01,0xFF,0xFF,0xFF,0xFF,0xF4,0x00,0x0F,
  0xFE,0x00,0x01,0xFF,0xFF,0xFF,0xFF,0xF0,0x00,0x0F,0xFE,0x00,0x00,0x55,0x55,0x55,
  0xFF,0xE0,0x00,0x0F,0xFE,0x00,0x00,0x00,0x00,0x00,0xFF,0xE0,0x00,0x0F,0xFE,0x00,
  0x00,0x00,0x00,0x01,0xFF,0xD0,0x00,0x0F,0xFE,0x00,0x00,0x00,0x00,0x03,0xFF,0xC7,
  0xFF,0xFF,0xFE,0x00,0x00,0x00,0x00,0x07,0xFF,0x47,0xFF,0xFF,0xFE,0x00,0x00,0x00,
  0x00,0x1F,0xFF,0x07,0xFF,0xFF,0xFE,0x00,0x00,0x00,0x00,0x7F,0xFD,0x07,0xFF,0xFF,
  0xFE,0x00,0x00,0x00,0x01,0xFF,0xF8,0x06,0xAA,0xAF,0xFE,0x00,0x00,0x00,0x07,0xFF,
  0xF0,0x00,0x00,0x0F,0xFE,0x00,0x00,0x00,0x6F,0xFF,0xD0,0x00,0x00,0x0F,0xFE,0x00,
  0x00,0x06,0xFF,0xFF,0x40,0x00,0x00,0x0F,0xFE,0x00,0x00,0x6F,0xFF,0xFC,0x00,0x00,
  0x00,0x0F,0xFE,0x00,0x1B,0xFF,0xFF,0xE0,0x00,0x00,0x00,0x0F,0xFE,0x00,0x0F,0xFF,
  0xFF,0x40,0x00,0x00,0x00,0x0F,0xFE,0x00,0x0B,0xFF,0xF4,0x00,0x00,0x00,0x00,0x0F,
  0xFE,0x00,0x03,0xFE,0x40,0x00,0x00,0x00,0x00,0x0F,0xFE,0x00,0x02,0x90,0x00,0x00,
  0x00,0x00,0x00,0x05,0x54,0x00,0x00,0x00,0x15,0x55,0x55,0x55,0x55,0x55,0x54,0x00,
  0x00,0x00,0x7F,0xFF,0xFF,0xFF,0xFF,0xFF,0xFE,0x00,0x00,0x00,0x7F,0xFF,0xFF,0xFF,
  0xFF,0xFF,0xFE,0x00,0x00,0x00,0x7F,0xFF,0xFF,0xFF,0xFF,0xFF,0xFE,0x00,0x00,0x00,
  0x7F,0xFF,0xFF,0xFF,0xFF,0xFF,0xFE,0x00,0x00,0x00,0x7F,0xF5,0x55,0x55,0x55,0x5F,
  0xFE,0x00,0x00,0x00,0x7F,0xF4,0x00,0x00,0x00,0x0F,0xFE,0x00,0x00,0x00,0x7F,0xF4,
  0x00,0x00,0x00,0x0F,0xFE,0x00,0x00,0x00,0x7F,0xF4,0x00,0x00,0x00,0x0F,0xFE,0x00,
  0x00,0x00,0x7F,0xF4,0x00,0x00,0x00,0x0F,0xFE,0x00,0x00,0x00,0x7F,0xF4,0x00,0x00,
  0x00,0x0F,0xFE,0x00,0x00,0x00,0x7F,0xF4,0x00,0x00,0x00,0x0F,0xFE,0x00,0x00,0x00,
  0x7F,0xFF,0xFF,0xFF,0xFF,0xFF,0xFE,0x00,0x00,0x00,0x7F,0xFF,0xFF,0xFF,0xFF,0xFF,
  0xFE,0x00,0x00,0x00,0x7F,0xFF,0xFF,0xFF,0xFF,0xFF,0xFE,0x00,0x00,0x00,0x7F,0xFF,
  0xFF,0xFF,0xFF,0xFF,0xFE,0x00,0x00,0x00,0x6A,0xAA,0xAA,0xAA,0xAA,0xAA,0xA9,0x00,
  0x00,0x00,0x00,0x00,0x00,0x00,0x00,0x02,0xAA,0x40,0x00,0x00,0x00,0x00,0x00,0x07,
  0xFF,0x02,0xFF,0x80,0x00,0x00,0x00,0x00,0x00,0x07,0xFF,0x02,0xFF,0x80,0x00,0x00,
  0x00,0x00,0x00,0x07,0xFF,0x02,0xFF,0x80,0x00,0x00,0x00,0x00,0x00,0x07,0xFF,0x02,
  0xFF,0x80,0x03,0xFF,0xFF,0xFF,0xFC,0x07,0xFF,0x02,0xFF,0x80,0x03,0xFF,0xFF,0xFF,
  0xFC,0x07,0xFF,0x02,0xFF,0x80,0x03,0xFF,0xFF,0xFF,0xFC,0x07,0xFF,0x02,0xFF,0x80,
  0x03,0xFF,0xFF,0xFF,0xF8,0x07,0xFF,0x02,0xFF,0x80,0x02,0xAA,0xAA,0xBF,0xF8,0x07,
  0xFF,0x02,0xFF,0x80,0x00,0x00,0x00,0x2F,0xF8,0x07,0xFF,0x02,0xFF,0x80,0x00,0x00,
  0x00,0x3F,0xFF,0xFF,0xFF,0x02,0xFF,0x80,0x00,0x00,0x00,0x3F,0xFF,0xFF,0xFF,0x02,
  0xFF,0x80,0x00,0x00,0x00,0x7F,0xFF,0xFF,0xFF,0x02,0xFF,0x80,0x00,0x00,0x00,0xBF,
  0xFF,0xFF,0xFF,0x02,0xFF,0x80,0x00,0x00,0x00,0xFF,0xFA,0xAB,0xFF,0x02,0xFF,0x80,
  0x00,0x00,0x01,0xFF,0xD0,0x07,0xFF,0x02,0xFF,0x80,0x00,0x00,0x02,0xFF,0xC0,0x07,
  0xFF,0x02,0xFF,0x80,0x00,0x00,0x07,0xFF,0x80,0x07,0xFF,0x02,0xFF,0x80,0x00,0x00,
  0x0B,0xFF,0x40,0x07,0xFF,0x02,0xFF,0x80,0x00,0x00,0x1F,0xFE,0x00,0x07,0xFF,0x02,
  0xFF,0x80,0x00,0x00,0x7F,0xFD,0x2A,0xAF,0xFF,0x02,0xFF,0x80,0x00,0x00,0xFF,0xF8,
  0x3F,0xFF,0xFF,0x02,0xFF,0x80,0x00,0x02,0xFF,0xF0,0x3F,0xFF,0xFF,0x02,0xFF,0x80,
  0x00,0x0B,0xFF,0xD0,0x3F,0xFF,0xFF,0x02,0xFF,0x80,0x00,0x3F,0xFF,0x80,0x3F,0xFF,
  0xFF,0x02,0xFF,0x80,0x01,0xFF,0xFE,0x00,0x00,0x07,0xFF,0x02,0xFF,0x80,0x0B,0xFF,
  0xF8,0x00,0x00,0x07,0xFF,0x02,0xFF,0x80,0x3F,0xFF,0xE0,0x00,0x00,0x07,0xFF,0x02,
  0xFF,0x80,0x2F,0xFF,0x40,0x00,0x00,0x07,0xFF,0x02,0xFF,0x80,0x0B,0xFD,0x00,0x00,
  0x00,0x07,0xFF,0x02,0xFF,0x80,0x03,0xE0,0x00,0x00,0x00,0x07,0xFF,0x02,0xFF,0x80,
  0x01,0x40,0x00,0x00,0x00,0x07,0xFF,0x02,0xFF,0x80,0x00,0x00,0x00,0x00,0x00,0x07,
  0xFF,0x02,0xFF,0x80,0x00,0x00,0x00,0x00,0x00,0x07,0xFF,0x02,0xFF,0x80,0x00,0x00,
  0x00,0x00,0x00,0x07,0xFF,0x02,0xFF,0x80,0x00,0x00,0x00,0x00,0x00,0x07,0xFF,0x02,
  0xFF,0x80,0x00,0x00,0x00,0x00,0x00,0x07,0xFF,0x02,0xFF,0x80,0x00,0x00,0x00,0x00,
  0x00,0x07,0xFF,0x02,0xFF,0x80,0x00,0x00,0x00,0x00,0x00,0x01,0x55,0x02,0xFF,0x80,
  0x00,0x00,0x00,0x00,0x00,0x00,0x00,0x02,0xFF,0x80,0x00,0x00,0x00,0x00,0x00,0x00,
  0x00,0x00,0x00,0x00,0x00,0x15,0x55,0x55,0x55,0x55,0x55,0x55,0x50,0x00,0x00,0x3F,
  0xFF,0xFF,0xFF,0xFF,0xFF,0xFF,0xFC,0x00,0x00,0x3F,0xFF,0xFF,0xFF,0xFF,0xFF,0xFF,
  0xFC,0x00,0x00,0x3F,0xFF,0xFF,0xFF,0xFF,0xFF,0xFF,0xFC,0x00,0x00,0x3F,0xFF,0xFF,
  0xFF,0xFF,0xFF,0xFF,0xFC,0x00,0x00,0x15,0x55,0x55,0x55,0x55,0x55,0x7F,0xFC,0x00,
  0x00,0x00,0x00,0x00,0x00,0x00,0x00,0x3F,0xFC,0x00,0x00,0x00,0x00,0x00,0x00,0x00,
  0x00,0x3F,0xFC,0x00,0x00,0x00,0x00,0x00,0x00,0x00,0x00,0x3F,0xFC,0x00,0x00,0x00,
  0x00,0x00,0x00,0x00,0x00,0x3F,0xF8,0x00,0x00,0x00,0x00,0x00,0x00,0x00,0x00,0x3F,
  0xF8,0x00,0x00,0x00,0x00,0x00,0x00,0x00,0x00,0x3F,0xF8,0x00,0x00,0x00,0x00,0x00,
  0x00,0x00,0x00,0x3F,0xF8,0x00,0x00,0x00,0x00,0x00,0x00,0x00,0x00,0x3F,0xF8,0x00,
  0x00,0x00,0x00,0x06,0xAA,0x00,0x00,0x7F,0xF8,0x00,0x00,0x00,0x00,0x07,0xFF,0x40,
  0x00,0x7F,0xF4,0x00,0x00,0x00,0x00,0x07,0xFF,0x40,0x00,0x7F,0xF4,0x00,0x00,0x00,
  0x00,0x07,0xFF,0x40,0x00,0xBF,0xF4,0x00,0x00,0x00,0x00,0x07,0xFF,0x40,0x00,0xBF,
  0xF0,0x00,0x00,0x00,0x00,0x07,0xFF,0x40,0x00,0xBF,0xF0,0x00,0x00,0x00,0x00,0x07,
  0xFF,0x40,0x00,0xFF,0xF0,0x00,0x00,0x00,0x00,0x07,0xFF,0x40,0x00,0xFF,0xE0,0x00,
  0x00,0x00,0x00,0x07,0xFF,0x40,0x01,0xFF,0xE0,0x00,0x00,0x00,0x00,0x07,0xFF,0x40,
  0x01,0xBF,0xD0,0x00,0x00,0x00,0x00,0x07,0xFF,0x40,0x00,0x00,0x00,0x00,0x00,0x00,
  0x00,0x07,0xFF,0x40,0x00,0x00,0x00,0x00,0x00,0x00,0x00,0x07,0xFF,0x40,0x00,0x00,
  0x00,0x00,0x00,0x00,0x00,0x07,0xFF,0x40,0x00,0x00,0x00,0x00,0x1A,0xAA,0xAA,0xAB,
  0xFF,0xAA,0xAA,0xAA,0xAA,0xA4,0x2F,0xFF,0xFF,0xFF,0xFF,0xFF,0xFF,0xFF,0xFF,0xF4,
  0x2F,0xFF,0xFF,0xFF,0xFF,0xFF,0xFF,0xFF,0xFF,0xF4,0x2F,0xFF,0xFF,0xFF,0xFF,0xFF,
  0xFF,0xFF,0xFF,0xF4,0x2F,0xFF,0xFF,0xFF,0xFF,0xFF,0xFF,0xFF,0xFF,0xF4,0x00,0x00,
  0x00,0x00,0x00,0x00,0x00,0x00,0x00,0x00,0x00,0x1F,0xFF,0xFF,0xFF,0xFF,0xFF,0xFF,
  0xF0,0x00,0x00,0x1F,0xFF,0xFF,0xFF,0xFF,0xFF,0xFF,0xF4,0x00,0x00,0x1F,0xFF,0xFF,
  0xFF,0xFF,0xFF,0xFF,0xF4,0x00,0x00,0x1F,0xFF,0xFF,0xFF,0xFF,0xFF,0xFF,0xF0,0x00,
  0x00,0x0A,0xAA,0xAA,0xAA,0xAA,0xAA,0xBF,0xF0,0x00,0x00,0x00,0x00,0x00,0x00,0x00,
  0x00,0xBF,0xF0,0x00,0x00,0x00,0x00,0x00,0x00,0x00,0x00,0xBF,0xF0,0x00,0x00,0x00,
  0x00,0x00,0x00,0x00,0x00,0xBF,0xF0,0x00,0x00,0x00,0x00,0x00,0x00,0x00,0x00,0xBF,
  0xF0,0x00,0x00,0x00,0x00,0x00,0x00,0x00,0x00,0xBF,0xF0,0x00,0x00,0x00,0x00,0x00,
  0x00,0x00,0x00,0xFF,0xF0,0x00,0x00,0x00,0x00,0x00,0x00,0x00,0x00,0xFF,0xE0,0x00,
  0x00,0x00,0x00,0x00,0x00,0x00,0x00,0xFF,0xE0,0x00,0x00,0x00,0x00,0x00,0x00,0x00,
  0x01,0xFF,0xD0,0x00,0x2F,0xFF,0xFF,0xFF,0xFF,0xFF,0xFF,0xFF,0xFF,0xF8,0x2F,0xFF,
  0xFF,0xFF,0xFF,0xFF,0xFF,0xFF,0xFF,0xF8,0x2F,0xFF,0xFF,0xFF,0xFF,0xFF,0xFF,0xFF,
  0xFF,0xF8,0x2F,0xFF,0xFF,0xFF,0xFF,0xFF,0xFF,0xFF,0xFF,0xF8,0x2A,0xAA,0xAA,0xAA,
  0xBF,0xFE,0xAA,0xAA,0xAA,0xA4,0x00,0x00,0x00,0x00,0x3F,0xF8,0x00,0x00,0x00,0x00,
  0x00,0x00,0x00,0x00,0x3F,0xF8,0x00,0x00,0x00,0x00,0x00,0x00,0x00,0x00,0x3F,0xF8,
  0x00,0x00,0x00,0x00,0x00,0x00,0x00,0x00,0x3F,0xF8,0x00,0x00,0x00,0x00,0x00,0x00,
  0x00,0x00,0x3F,0xF8,0x00,0x00,0x00,0x00,0x00,0x15,0x55,0x55,0x7F,0xFD,0x55,0x55,
  0x50,0x00,0x00,0x3F,0xFF,0xFF,0xFF,0xFF,0xFF,0xFF,0xF4,0x00,0x00,0x3F,0xFF,0xFF,
  0xFF,0xFF,0xFF,0xFF,0xF4,0x00,0x00,0x3F,0xFF,0xFF,0xFF,0xFF,0xFF,0xFF,0xF4,0x00,
  0x00,0x3F,0xFF,0xFF,0xFF,0xFF,0xFF,0xFF,0xF4,0x00,0x00,0x00,0x00,0x00,0x00,0x00,
  0x00,0xBF,0xF4,0x00,0x00,0x00,0x00,0x00,0x00,0x00,0x00,0xBF,0xF4,0x00,0x00,0x00,
  0x00,0x00,0x00,0x00,0x00,0xBF,0xF4,0x00,0x00,0x00,0x00,0x00,0x00,0x00,0x00,0xBF,
  0xF4,0x00,0x00,0x00,0x00,0x00,0x00,0x00,0x00,0xBF,0xF4,0x00,0x00,0x00,0x00,0x00,
  0x00,0x00,0x00,0xBF,0xF4,0x00,0x00,0x00,0x00,0x00,0x00,0x00,0x00,0xBF,0xF4,0x00,
  0x00,0x00,0x00,0x00,0x00,0x00,0x00,0xBF,0xF4,0x00,0x00,0x00,0x00,0x00,0x00,0x00,
  0x00,0xBF,0xF4,0x00,0x00,0x00,0x00,0x00,0x00,0x00,0x00,0xBF,0xF4,0x00,0x00,0x00,
  0x00,0x00,0x00,0x00,0x00,0x00,0x00,0x00,0x00,0x00,0x00,0x00,0x00,0x00,0x00,0x00,
  0x00,0x00,0x00,0x1F,0xFF,0xFF,0xFF,0xFF,0xFF,0xFF,0xF4,0x00,0x00,0x1F,0xFF,0xFF,
  0xFF,0xFF,0xFF,0xFF,0xF4,0x00,0x00,0x1F,0xFF,0xFF,0xFF,0xFF,0xFF,0xFF,0xF4,0x00,
  0x00,0x1F,0xFF,0xFF,0xFF,0xFF,0xFF,0xFF,0xF0,0x00,0x00,0x05,0x55,0x55,0x55,0x55,
  0x55,0xBF,0xF0,0x00,0x00,0x00,0x00,0x00,0x00,0x00,0x00,0xBF,0xF0,0x00,0x00,0x00,
  0x00,0x00,0x00,0x00,0x00,0xBF,0xF0,0x00,0x00,0x00,0x00,0x00,0x00,0x00,0x00,0xBF,
  0xF0,0x00,0x00,0x00,0x00,0x00,0x00,0x00,0x00,0xBF,0xF0,0x00,0x00,0x00,0x00,0x00,
  0x00,0x00,0x00,0xFF,0xF0,0x00,0x00,0x00,0x00,0x00,0x00,0x00,0x00,0xFF,0xE0,0x00,
  0x00,0x00,0x00,0x00,0x00,0x00,0x01,0xFF,0xE0,0x00,0x15,0x55,0x55,0x55,0x55,0x55,
  0x56,0xFF,0xE5,0x54,0x2F,0xFF,0xFF,0xFF,0xFF,0xFF,0xFF,0xFF,0xFF,0xF8,0x2F,0xFF,
  0xFF,0xFF,0xFF,0xFF,0xFF,0xFF,0xFF,0xF8,0x2F,0xFF,0xFF,0xFF,0xFF,0xFF,0xFF,0xFF,
  0xFF,0xF8,0x2F,0xFF,0xFF,0xFF,0xFF,0xFF,0xFF,0xFF,0xFF,0xF8,0x15,0x55,0x55,0x55,
  0x55,0x55,0x55,0x55,0x55,0x50,0x00,0x00,0x00,0x00,0x00,0x00,0x00,0x00,0x00,0x00,
  0x00,0x00,0x00,0x00,0x00,0x00,0x00,0x00,0x00,0x00,0x00,0x2F,0xFF,0xFF,0xFF,0xFF,
  0xFF,0xFF,0xF0,0x00,0x00,0x2F,0xFF,0xFF,0xFF,0xFF,0xFF,0xFF,0xF0,0x00,0x00,0x2F,
  0xFF,0xFF,0xFF,0xFF,0xFF,0xFF,0xF0,0x00,0x00,0x2F,0xFF,0xFF,0xFF,0xFF,0xFF,0xFF,
  0xF0,0x00,0x00,0x1A,0xAA,0xAA,0xAA,0xAA,0xAA,0xFF,0xF0,0x00,0x00,0x00,0x00,0x00,
  0x00,0x00,0x00,0xBF,0xF0,0x00,0x00,0x00,0x00,0x00,0x00,0x00,0x00,0xBF,0xF0,0x00,
  0x00,0x1A,0xAA,0xAA,0xAA,0xAA,0xAA,0xFF,0xF0,0x00,0x00,0x2F,0xFF,0xFF,0xFF,0xFF,
  0xFF,0xFF,0xF0,0x00,0x00,0x2F,0xFF,0xFF,0xFF,0xFF,0xFF,0xFF,0xF0,0x00,0x00,0x2F,
  0xFF,0xFF,0xFF,0xFF,0xFF,0xFF,0xF0,0x00,0x00,0x2F,0xFE,0xAA,0xAA,0xAA,0xAA,0xAA,
  0xA0,0x00,0x00,0x2F,0xFD,0x00,0x00,0x00,0x00,0x00,0x00,0x00,0x00,0x2F,0xFD,0x00,
  0x00,0x00,0x00,0x00,0x00,0x00,0x00,0x2F,0xFE,0xAA,0xAA,0xAA,0xAA,0xAA,0xA8,0x00,
  0x00,0x2F,0xFF,0xFF,0xFF,0xFF,0xFF,0xFF,0xFC,0x00,0x00,0x2F,0xFF,0xFF,0xFF,0xFF,
  0xFF,0xFF,0xFC,0x00,0x00,0x2F,0xFF,0xFF,0xFF,0xFF,0xFF,0xFF,0xFC,0x00,0x00,0x1A,
  0xAA,0xAA,0xAA,0xAA,0xAA,0xAA,0xA8,0x00,0x00,0x00,0x00,0x00,0x00,0x00,0x00,0x0A,
  0xA9,0x00,0x00,0x00,0x00,0x00,0x00,0x00,0x00,0x1F,0xFE,0x00,0x00,0x00,0x00,0x00,
  0x00,0x00,0x00,0x1F,0xFE,0x00,0x00,0x00,0x00,0x00,0x00,0x00,0x00,0x1F,0xFE,0x00,
  0x01,0x55,0x55,0x55,0x55,0x54,0x00,0x1F,0xFE,0x00,0x01,0xFF,0xFF,0xFF,0xFF,0xFD,
  0x00,0x1F,0xFE,0x00,0x01,0xFF,0xFF,0xFF,0xFF,0xFD,0x00,0x1F,0xFE,0x00,0x01,0xFF,
  0xFF,0xFF,0xFF,0xFC,0x00,0x1F,0xFE,0x00,0x01,0xFF,0xFF,0xFF,0xFF,0xFC,0x00,0x1F,
  0xFE,0x00,0x00,0x00,0x00,0x00,0x2F,0xFC,0x00,0x1F,0xFE,0x00,0x00,0x00,0x00,0x00,
  0x2F,0xFC,0x00,0x1F,0xFE,0x00,0x00,0x00,0x00,0x00,0x3F,0xF8,0x00,0x1F,0xFE,0x00,
  0x00,0x00,0x00,0x00,0x3F,0xF8,0x00,0x1F,0xFE,0x00,0x00,0x00,0x00,0x00,0x7F,0xF4,
  0x00,0x1F,0xFE,0x00,0x00,0x00,0x00,0x00,0xBF,0xF0,0x00,0x1F,0xFE,0x00,0x00,0x00,
  0x00,0x00,0xFF,0xE0,0x00,0x1F,0xFE,0x00,0x00,0x00,0x00,0x01,0xFF,0xD0,0x00,0x1F,
  0xFE,0x00,0x00,0x00,0x00,0x03,0xFF,0xC0,0x00,0x1F,0xFE,0x00,0x00,0x00,0x00,0x07,
  0xFF,0x80,0x00,0x1F,0xFE,0x00,0x00,0x00,0x00,0x0F,0xFF,0x40,0x00,0x1F,0xFE,0x00,
  0x00,0x00,0x00,0x2F,0xFE,0x00,0x00,0x1F,0xFE,0x00,0x00,0x00,0x00,0xBF,0xFD,0x00,
  0x00,0x1F,0xFE,0x00,0x00,0x00,0x01,0xFF,0xF8,0x00,0x00,0x1F,0xFE,0x00,0x00,0x00,
  0x07,0xFF,0xE0,0x00,0x00,0x1F,0xFE,0x00,0x00,0x00,0x2F,0xFF,0xC0,0x00,0x00,0x1F,
  0xFE,0x00,0x00,0x00,0xBF,0xFF,0x40,0x00,0x00,0x1F,0xFE,0x00,0x00,0x07,0xFF,0xFD,
  0x00,0x00,0x00,0x1F,0xFE,0x00,0x00,0x2F,0xFF,0xF4,0x00,0x00,0x00,0x1F,0xFE,0x00,
  0x02,0xFF,0xFF,0xD0,0x00,0x00,0x00,0x1F,0xFE,0x00,0x1F,0xFF,0xFE,0x00,0x00,0x00,
  0x00,0x1F,0xFE,0x00,0x0F,0xFF,0xF8,0x00,0x00,0x00,0x00,0x1F,0xFE,0x00,0x07,0xFF,
  0xD0,0x00,0x00,0x00,0x00,0x1F,0xFE,0x00,0x02,0xFD,0x00,0x00,0x00,0x00,0x00,0x1F,
  0xFE,0x00,0x00,0xD0,0x00,0x00,0x00,0x00,0x00,0x1F,0xFE,0x00,0x00,0x00,0x00,0x00,
  0x00,0x00,0x00,0x1F,0xFE,0x00,0x00,0x00,0x00,0x00,0x00,0x00,0x00,0x1F,0xFE,0x00,
  0x00,0x00,0x00,0x00,0x00,0x00,0x00,0x1F,0xFE,0x00,0x00,0x00,0x00,0x00,0x00,0x00,
  0x00,0x1F,0xFE,0x00,0x00,0x00,0x00,0x00,0x00,0x00,0x00,0x1F,0xFE,0x00,0x00,0x00,
  0x00,0x00,0x00,0x00,0x00,0x1F,0xFE,0x00,0x00,0x00,0x00,0x00,0x00,0x00,0x00,0x1F,
  0xFE,0x00,0x00,0x00,0x00,0x00,0x00,0x00,0x00,0x00,0x00,0x00,0x00,0x00,0x00,0x00,
  0x00,0x00,0x01,0xAA,0x90,0x00,0x00,0x00,0x00,0x00,0x00,0x00,0x01,0xFF,0xD0,0x00,
  0x00,0x00,0x00,0x00,0x00,0x00,0x01,0xFF,0xD0,0x00,0x00,0x00,0x00,0x00,0x00,0x00,
  0x01,0xFF,0xD0,0x00,0x03,0xFF,0xFF,0xFF,0xFF,0xF0,0x01,0xFF,0xD0,0x00,0x07,0xFF,
  0xFF,0xFF,0xFF,0xF0,0x01,0xFF,0xD0,0x00,0x07,0xFF,0xFF,0xFF,0xFF,0xF0,0x01,0xFF,
  0xD0,0x00,0x07,0xFF,0xFF,0xFF,0xFF,0xF0,0x01,0xFF,0xD0,0x00,0x07,0xFF,0xEA,0xAA,
  0xAA,0xA0,0x01,0xFF,0xD0,0x00,0x07,0xFF,0x80,0x00,0x00,0x00,0x01,0xFF,0xD0,0x00,
  0x07,0xFF,0x80,0x00,0x00,0x00,0x01,0xFF,0xD0,0x00,0x07,0xFF,0x80,0x00,0x00,0x00,
  0x01,0xFF,0xD0,0x00,0x07,0xFF,0x80,0x00,0x00,0x00,0x01,0xFF,0xD0,0x00,0x07,0xFF,
  0x80,0x00,0x00,0x00,0x01,0xFF,0xD0,0x00,0x07,0xFF,0x80,0x00,0x00,0x00,0x01,0xFF,
  0xD0,0x00,0x07,0xFF,0x80,0x00,0x00,0x00,0x01,0xFF,0xEA,0xA9,0x07,0xFF,0x80,0x00,
  0x00,0x00,0x01,0xFF,0xFF,0xFD,0x07,0xFF,0x80,0x00,0x00,0x00,0x01,0xFF,0xFF,0xFD,
  0x07,0xFF,0x80,0x00,0x00,0x00,0x01,0xFF,0xFF,0xFD,0x07,0xFF,0x80,0x00,0x00,0x00,
  0x01,0xFF,0xFF,0xFD,0x07,0xFF,0x80,0x00,0x00,0x00,0x01,0xFF,0xE0,0x00,0x07,0xFF,
  0x80,0x00,0x00,0x00,0x01,0xFF,0xD0,0x00,0x07,0xFF,0x80,0x00,0x00,0x00,0x01,0xFF,
  0xD0,0x00,0x07,0xFF,0x80,0x00,0x00,0x00,0x01,0xFF,0xD0,0x00,0x07,0xFF,0x80,0x00,
  0x00,0x00,0x01,0xFF,0xD0,0x00,0x07,0xFF,0x80,0x00,0x00,0x56,0x81,0xFF,0xD0,0x00,
  0x07,0xFF,0x95,0xAA,0xAF,0xFF,0xC1,0xFF,0xD0,0x00,0x07,0xFF,0xFF,0xFF,0xFF,0xFF,
  0xC1,0xFF,0xD0,0x00,0x07,0xFF,0xFF,0xFF,0xFF,0xFF,0xD1,0xFF,0xD0,0x00,0x07,0xFF,
  0xFF,0xFF,0xFF,0xFF,0xD1,0xFF,0xD0,0x00,0x07,0xFF,0xFF,0xFF,0xFF,0xA9,0x41,0xFF,
  0xD0,0x00,0x01,0x55,0x55,0x54,0x00,0x00,0x01,0xFF,0xD0,0x00,0x00,0x00,0x00,0x00,
  0x00,0x00,0x01,0xFF,0xD0,0x00,0x00,0x00,0x00,0x00,0x00,0x00,0x01,0xFF,0xD0,0x00,
  0x00,0x00,0x00,0x00,0x00,0x00,0x01,0xFF,0xD0,0x00,0x00,0x00,0x00,0x00,0x00,0x00,
  0x01,0xFF,0xD0,0x00,0x00,0x00,0x00,0x00,0x00,0x00,0x01,0xFF,0xD0,0x00,0x00,0x00,
  0x00,0x00,0x00,0x00,0x01,0xFF,0xD0,0x00,0x00,0x00,0x00,0x00,0x00,0x00,0x01,0xFF,
  0xD0,0x00,0x00,0x00,0x00,0x00,0x00,0x00,0x01,0xFF,0xD0,0x00,0x00,0x00,0x00,0x00,
  0x00,0x00,0x01,0xFF,0xD0,0x00,0x00,0x00,0x00,0x00,0x00,0x00,0x00,0x55,0x40,0x00,
  0x00,0x00,0x00,0x00,0x00,0x00,0x00,0xAA,0x90,0x00,0x00,0x00,0x00,0x00,0x00,0x00,
  0x00,0xFF,0xE0,0x00,0x00,0x00,0x00,0x00,0x00,0x00,0x00,0xFF,0xE0,0x00,0x01,0x55,
  0x55,0x55,0x55,0x40,0x00,0xFF,0xE0,0x00,0x07,0xFF,0xFF,0xFF,0xFF,0xD0,0x00,0xFF,
  0xE0,0x00,0x07,0xFF,0xFF,0xFF,0xFF,0xD0,0x00,0xFF,0xE0,0x00,0x07,0xFF,0xFF,0xFF,
  0xFF,0xD0,0x00,0xFF,0xE0,0x00,0x07,0xFF,0xFF,0xFF,0xFF,0xD0,0x00,0xFF,0xE0,0x00,
  0x07,0xFF,0x80,0x00,0x00,0x00,0x00,0xFF,0xE0,0x00,0x07,0xFF,0x80,0x00,0x00,0x00,
  0x00,0xFF,0xE0,0x00,0x07,0xFF,0x80,0x00,0x00,0x00,0x00,0xFF,0xE0,0x00,0x07,0xFF,
  0x80,0x00,0x00,0x00,0x00,0xFF,0xFA,0xA8,0x07,0xFF,0x80,0x00,0x00,0x00,0x00,0xFF,
  0xFF,0xFD,0x07,0xFF,0x80,0x00,0x00,0x00,0x00,0xFF,0xFF,0xFD,0x07,0xFF,0x80,0x00,
  0x00,0x00,0x00,0xFF,0xFF,0xFD,0x07,0xFF,0x80,0x00,0x00,0x00,0x00,0xFF,0xFF,0xFD,
  0x07,0xFF,0x80,0x00,0x00,0x00,0x00,0xFF,0xE0,0x00,0x07,0xFF,0x80,0x00,0x00,0x16,
  0x40,0xFF,0xE0,0x00,0x07,0xFF,0xAA,0xAA,0xAF,0xFF,0x80,0xFF,0xE0,0x00,0x07,0xFF,
  0xFF,0xFF,0xFF,0xFF,0xC0,0xFF,0xE0,0x00,0x07,0xFF,0xFF,0xFF,0xFF,0xFF,0xC0,0xFF,
  0xE0,0x00,0x07,0xFF,0xFF,0xFF,0xFF,0xFF,0xC0,0xFF,0xE0,0x00,0x07,0xFF,0xFF,0xFF,
  0xEA,0x94,0x00,0xFF,0xE0,0x00,0x00,0x00,0x00,0x00,0x00,0x00,0x00,0xFF,0xE0,0x00,
  0x00,0x00,0x00,0x00,0x00,0x00,0x00,0xFF,0xE0,0x00,0x00,0x00,0x00,0x00,0x00,0x00,
  0x00,0xFF,0xE0,0x00,0x00,0x01,0x55,0x40,0x00,0x00,0x00,0xFF,0xE0,0x00,0x00,0x03,
  0xFF,0xC0,0x00,0x00,0x00,0xFF,0xE0,0x00,0x00,0x03,0xFF,0xC0,0x00,0x00,0x00,0xFF,
  0xE0,0x00,0x00,0x03,0xFF,0xC0,0x00,0x00,0x00,0xAA,0xA0,0x00,0x00,0x03,0xFF,0xC0,
  0x00,0x00,0x00,0x00,0x00,0x00,0x00,0x03,0xFF,0xC0,0x00,0x00,0x00,0x00,0x00,0x00,
  0x00,0x03,0xFF,0xC0,0x00,0x00,0x00,0x00,0x00,0x00,0x00,0x03,0xFF,0xC0,0x00,0x00,
  0x00,0x00,0x00,0x00,0x00,0x03,0xFF,0xC0,0x00,0x00,0x00,0x00,0x00,0x00,0x00,0x03,
  0xFF,0xC0,0x00,0x00,0x00,0x00,0x00,0x00,0x00,0x03,0xFF,0xFF,0xFF,0xFF,0xFF,0xFF,
  0xFC,0x00,0x00,0x03,0xFF,0xFF,0xFF,0xFF,0xFF,0xFF,0xFC,0x00,0x00,0x03,0xFF,0xFF,
  0xFF,0xFF,0xFF,0xFF,0xFC,0x00,0x00,0x03,0xFF,0xFF,0xFF,0xFF,0xFF,0xFF,0xFC,0x00,
  0x00,0x01,0x55,0x55,0x55,0x55,0x55,0x55,0x54,0x00,0x00,0x00,0x00,0x00,0x00,0x00,
  0x00,0x02,0xAA,0x40,0x00,0x00,0x00,0x00,0x00,0x0F,0xFD,0x03,0xFF,0x80,0x00,0x00,
  0x00,0x00,0x00,0x0F,0xFD,0x03,0xFF,0x80,0x00,0x00,0x00,0x00,0x00,0x0F,0xFD,0x03,
  0xFF,0x80,0x00,0x00,0x00,0x00,0x00,0x0F,0xFD,0x03,0xFF,0x80,0x0B,0xFF,0xFF,0xFF,
  0xE0,0x0F,0xFD,0x03,0xFF,0x80,0x0B,0xFF,0xFF,0xFF,0xE0,0x0F,0xFD,0x03,0xFF,0x80,
  0x0B,0xFF,0xFF,0xFF,0xE0,0x0F,0xFD,0x03,0xFF,0x80,0x0B,0xFF,0xFF,0xFF,0xE0,0x0F,
  0xFD,0x03,0xFF,0x80,0x0B,0xFF,0xAA,0xAA,0x90,0x0F,0xFD,0x03,0xFF,0x80,0x0B,0xFF,
  0x00,0x00,0x00,0x0F,0xFD,0x03,0xFF,0x80,0x0B,0xFF,0x00,0x00,0x00,0x0F,0xFD,0x03,
  0xFF,0x80,0x0B,0xFF,0x00,0x00,0x00,0x0F,0xFD,0x03,0xFF,0x80,0x0B,0xFF,0x00,0x00,
  0x00,0x0F,0xFD,0x03,0xFF,0x80,0x0B,0xFF,0x00,0x00,0x00,0x0F,0xFD,0x03,0xFF,0x80,
  0x0B,0xFF,0x00,0x00,0x00,0x0F,0xFD,0x03,0xFF,0x80,0x0B,0xFF,0x00,0x00,0x00,0x0F,
  0xFF,0xFF,0xFF,0x80,0x0B,0xFF,0x00,0x00,0x00,0x0F,0xFF,0xFF,0xFF,0x80,0x0B,0xFF,
  0x00,0x00,0x00,0x0F,0xFF,0xFF,0xFF,0x80,0x0B,0xFF,0x00,0x00,0x00,0x0F,0xFF,0xFF,
  0xFF,0x80,0x0B,0xFF,0x00,0x00,0x00,0x0F,0xFE,0xAB,0xFF,0x80,0x0B,0xFF,0x00,0x00,
  0x00,0x0F,0xFD,0x03,0xFF,0x80,0x0B,0xFF,0x00,0x00,0x00,0x0F,0xFD,0x03,0xFF,0x80,
  0x0B,0xFF,0x00,0x00,0x00,0x0F,0xFD,0x03,0xFF,0x80,0x0B,0xFF,0x00,0x00,0x00,0x0F,
  0xFD,0x03,0xFF,0x80,0x0B,0xFF,0x00,0x00,0x00,0x0F,0xFD,0x03,0xFF,0x80,0x0B,0xFF,
  0x00,0x05,0xA9,0x0F,0xFD,0x03,0xFF,0x80,0x0B,0xFF,0xFF,0xFF,0xFE,0x0F,0xFD,0x03,
  0xFF,0x80,0x0B,0xFF,0xFF,0xFF,0xFE,0x0F,0xFD,0x03,0xFF,0x80,0x0B,0xFF,0xFF,0xFF,
  0xFE,0x0F,0xFD,0x03,0xFF,0x80,0x0B,0xFF,0xFF,0xFF,0xFE,0x0F,0xFD,0x03,0xFF,0x80,
  0x0B,0xFF,0xEA,0xA5,0x40,0x0F,0xFD,0x03,0xFF,0x80,0x00,0x00,0x00,0x00,0x00,0x0F,
  0xFD,0x03,0xFF,0x80,0x00,0x00,0x00,0x00,0x00,0x0F,0xFD,0x03,0xFF,0x80,0x00,0x00,
  0x00,0x00,0x00,0x0F,0xFD,0x03,0xFF,0x80,0x00,0x00,0x00,0x00,0x00,0x0F,0xFD,0x03,
  0xFF,0x80,0x00,0x00,0x00,0x00,0x00,0x0F,0xFD,0x03,0xFF,0x80,0x00,0x00,0x00,0x00,
  0x00,0x0F,0xFD,0x03,0xFF,0x80,0x00,0x00,0x00,0x00,0x00,0x0F,0xFD,0x03,0xFF,0x80,
  0x00,0x00,0x00,0x00,0x00,0x00,0x00,0x03,0xFF,0x80,0x00,0x00,0x00,0x00,0x00,0x00,
  0x00,0x03,0xFF,0x80,0x00,0x00,0x00,0x00,0x00,0x00,0x00,0x00,0x00,0x00,0x00,0x00,
  0x00,0x00,0x00,0x00,0x00,0x0A,0xAA,0x00,0x00,0x00,0x00,0x00,0x00,0x00,0x00,0x0F,
  0xFE,0x00,0x00,0x00,0x00,0x00,0x00,0x00,0x00,0x0F,0xFE,0x00,0x00,0x00,0x00,0x00,
  0x00,0x00,0x00,0x0F,0xFE,0x00,0x03,0xFF,0xFF,0xFF,0xFF,0xE0,0x00,0x0F,0xFE,0x00,
  0x03,0xFF,0xFF,0xFF,0xFF,0xE0,0x00,0x0F,0xFE,0x00,0x03,0xFF,0xFF,0xFF,0xFF,0xE0,
  0x00,0x0F,0xFE,0x00,0x03,0xFF,0xFF,0xFF,0xFF,0xE0,0x00,0x0F,0xFE,0x00,0x03,0xFF,
  0xEA,0xAA,0xAA,0x90,0x00,0x0F,0xFE,0x00,0x03,0xFF,0xC0,0x00,0x00,0x00,0x00,0x0F,
  0xFE,0x00,0x03,0xFF,0xC0,0x00,0x00,0x00,0x00,0x0F,0xFE,0x00,0x03,0xFF,0xC0,0x00,
  0x00,0x00,0x00,0x0F,0xFE,0x00,0x03,0xFF,0xC0,0x00,0x00,0x00,0x00,0x0F,0xFE,0x00,
  0x03,0xFF,0xC0,0x00,0x00,0x00,0x00,0x0F,0xFE,0x00,0x03,0xFF,0xC0,0x00,0x00,0xAA,
  0xAA,0xAF,0xFE,0x00,0x03,0xFF,0xC0,0x00,0x01,0xFF,0xFF,0xFF,0xFE,0x00,0x03,0xFF,
  0xC0,0x00,0x01,0xFF,0xFF,0xFF,0xFE,0x00,0x03,0xFF,0xC0,0x00,0x01,0xFF,0xFF,0xFF,
  0xFE,0x00,0x03,0xFF,0xC0,0x00,0x01,0xFF,0xFF,0xFF,0xFE,0x00,0x03,0xFF,0xC0,0x00,
  0x00,0x00,0x00,0x0F,0xFE,0x00,0x03,0xFF,0xC0,0x00,0x00,0x00,0x00,0x0F,0xFE,0x00,
  0x03,0xFF,0xC0,0x00,0x00,0x00,0x00,0x0F,0xFE,0x00,0x03,0xFF,0xC0,0x00,0x00,0x00,
  0x00,0x0F,0xFE,0x00,0x03,0xFF,0xC0,0x00,0x00,0x00,0x00,0x0F,0xFE,0x00,0x03,0xFF,
  0xC0,0x00,0x00,0x00,0x00,0x0F,0xFE,0x00,0x03,0xFF,0xC0,0x00,0x00,0x15,0x00,0x0F,
  0xFE,0x00,0x03,0xFF,0xD5,0x56,0xAB,0xFF,0x00,0x0F,0xFE,0x00,0x03,0xFF,0xFF,0xFF,
  0xFF,0xFF,0x40,0x0F,0xFE,0x00,0x03,0xFF,0xFF,0xFF,0xFF,0xFF,0x40,0x0F,0xFE,0x00,
  0x03,0xFF,0xFF,0xFF,0xFF,0xFF,0x40,0x0F,0xFE,0x00,0x03,0xFF,0xFF,0xFF,0xFF,0xA5,
  0x00,0x0F,0xFE,0x00,0x01,0x55,0x55,0x55,0x00,0x00,0x00,0x0F,0xFE,0x00,0x00,0x00,
  0x00,0x00,0x00,0x00,0x00,0x0F,0xFE,0x00,0x00,0x00,0x00,0x00,0x00,0x00,0x00,0x0F,
  0xFE,0x00,0x00,0x00,0x00,0x00,0x00,0x00,0x00,0x0F,0xFE,0x00,0x00,0x00,0x00,0x00,
  0x00,0x00,0x00,0x0F,0xFE,0x00,0x00,0x00,0x00,0x00,0x00,0x00,0x00,0x0F,0xFE,0x00,
  0x00,0x00,0x00,0x00,0x00,0x00,0x00,0x0F,0xFE,0x00,0x00,0x00,0x00,0x00,0x00,0x00,
  0x00,0x0F,0xFE,0x00,0x00,0x00,0x00,0x00,0x00,0x00,0x00,0x0F,0xFE,0x00,0x00,0x00,
  0x00,0x00,0x00,0x00,0x00,0x0F,0xFE,0x00,0x00,0x00,0x00,0x00,0x00,0x00,0x00,0x05,
  0x55,0x00,0x00,0x0A,0xAA,0xAA,0xAA,0xAA,0xAA,0xAA,0x90,0x00,0x00,0x0F,0xFF,0xFF,
  0xFF,0xFF,0xFF,0xFF,0xE0,0x00,0x00,0x0F,0xFF,0xFF,0xFF,0xFF,0xFF,0xFF,0xE0,0x00,
  0x00,0x0F,0xFF,0xFF,0xFF,0xFF,0xFF,0xFF,0xE0,0x00,0x00,0x0F,0xFF,0xFF,0xFF,0xFF,
  0xFF,0xFF,0xE0,0x00,0x00,0x0F,0xFE,0x00,0x00,0x00,0x00,0x00,0x00,0x00,0x00,0x0F,
  0xFE,0x00,0x00,0x00,0x00,0x00,0x00,0x00,0x00,0x0F,0xFE,0x00,0x00,0x00,0x00,0x00,
  0x00,0x00,0x00,0x0F,0xFE,0x00,0x00,0x00,0x00,0x00,0x00,0x00,0x00,0x0F,0xFE,0x00,
  0x00,0x00,0x00,0x00,0x00,0x00,0x00,0x0F,0xFE,0x00,0x00,0x00,0x00,0x00,0x00,0x00,
  0x00,0x0F,0xFE,0x00,0x00,0x00,0x00,0x00,0x00,0x00,0x00,0x0F,0xFF,0x55,0x55,0x55,
  0x55,0x55,0x50,0x00,0x00,0x0F,0xFF,0xFF,0xFF,0xFF,0xFF,0xFF,0xF4,0x00,0x00,0x0F,
  0xFF,0xFF,0xFF,0xFF,0xFF,0xFF,0xF4,0x00,0x00,0x0F,0xFF,0xFF,0xFF,0xFF,0xFF,0xFF,
  0xF4,0x00,0x00,0x0F,0xFF,0xFF,0xFF,0xFF,0xFF,0xFF,0xF4,0x00,0x00,0x05,0x55,0x55,
  0x55,0x55,0x55,0x55,0x50,0x00,0x00,0x00,0x00,0x00,0x00,0x00,0x00,0x00,0x00,0x00,
  0x00,0x00,0x00,0x00,0x00,0x00,0x00,0x00,0x00,0x00,0x00,0x00,0x00,0x00,0x00,0x00,
  0x00,0x00,0x00,0x00,0x1A,0xAA,0xAA,0xAA,0xAA,0xAA,0xAA,0xAA,0xAA,0xA4,0x3F,0xFF,
  0xFF,0xFF,0xFF,0xFF,0xFF,0xFF,0xFF,0xF8,0x3F,0xFF,0xFF,0xFF,0xFF,0xFF,0xFF,0xFF,
  0xFF,0xF8,0x3F,0xFF,0xFF,0xFF,0xFF,0xFF,0xFF,0xFF,0xFF,0xF8,0x2F,0xFF,0xFF,0xFF,
  0xFF,0xFF,0xFF,0xFF,0xFF,0xF8,0x00,0x00,0x00,0x00,0x3F,0xF8,0x00,0x00,0x00,0x00,
  0x00,0x00,0x00,0x00,0x3F,0xF8,0x00,0x00,0x00,0x00,0x00,0x00,0x00,0x00,0x3F,0xF8,
  0x00,0x00,0x00,0x00,0x00,0x00,0x00,0x00,0x3F,0xF8,0x00,0x00,0x00,0x00,0x00,0x00,
  0x00,0x00,0x3F,0xF8,0x00,0x00,0x00,0x00,0x00,0x00,0x00,0x00,0x3F,0xF8,0x00,0x00,
  0x00,0x00,0x00,0x00,0x00,0x00,0x3F,0xF8,0x00,0x00,0x00,0x00,0x00,0x00,0x00,0x00,
  0x3F,0xF8,0x00,0x00,0x00,0x00,0x00,0x00,0x00,0x00,0x3F,0xF8,0x00,0x00,0x00,0x00,
  0x00,0x00,0x00,0x00,0x3F,0xF8,0x00,0x00,0x00,0x00,0x00,0x00,0x00,0x00,0x3F,0xF8,
  0x00,0x00,0x00,0x00,0x00,0x00,0x00,0x00,0x3F,0xF8,0x00,0x00,0x00,0x00,0x00,0x00,
  0x00,0x00,0x3F,0xF8,0x00,0x00,0x00,0x00,0x00,0x00,0x00,0x00,0x00,0x00,0x00,0x00,
  0x00,0x00,0x00,0x05,0x55,0x55,0x55,0x55,0x55,0x55,0x50,0x00,0x00,0x1F,0xFF,0xFF,
  0xFF,0xFF,0xFF,0xFF,0xF4,0x00,0x00,0x1F,0xFF,0xFF,0xFF,0xFF,0xFF,0xFF,0xF4,0x00,
  0x00,0x1F,0xFF,0xFF,0xFF,0xFF,0xFF,0xFF,0xF4,0x00,0x00,0x1F,0xFF,0xFF,0xFF,0xFF,
  0xFF,0xFF,0xF4,0x00,0x00,0x1F,0xFD,0x55,0x55,0x55,0x55,0x55,0x50,0x00,0x00,0x1F,
  0xFD,0x00,0x00,0x00,0x00,0x00,0x00,0x00,0x00,0x1F,0xFD,0x00,0x00,0x00,0x00,0x00,
  0x00,0x00,0x00,0x1F,0xFD,0x00,0x00,0x00,0x00,0x00,0x00,0x00,0x00,0x1F,0xFD,0x00,
  0x00,0x00,0x00,0x00,0x00,0x00,0x00,0x1F,0xFD,0x00,0x00,0x00,0x00,0x00,0x00,0x00,
  0x00,0x1F,0xFD,0x00,0x00,0x00,0x00,0x00,0x00,0x00,0x00,0x1F,0xFD,0x00,0x00,0x00,
  0x00,0x00,0x00,0x00,0x00,0x1F,0xFD,0x00,0x00,0x00,0x00,0x00,0x00,0x00,0x00,0x1F,
  0xFD,0x00,0x00,0x00,0x00,0x00,0x00,0x00,0x00,0x1F,0xFD,0x00,0x00,0x00,0x00,0x00,
  0x00,0x00,0x00,0x1F,0xFF,0xAA,0xAA,0xAA,0xAA,0xAA,0xA4,0x00,0x00,0x1F,0xFF,0xFF,
  0xFF,0xFF,0xFF,0xFF,0xF8,0x00,0x00,0x1F,0xFF,0xFF,0xFF,0xFF,0xFF,0xFF,0xF8,0x00,
  0x00,0x1F,0xFF,0xFF,0xFF,0xFF,0xFF,0xFF,0xF8,0x00,0x00,0x1A,0xAA,0xAA,0xAA,0xAA,
  0xAA,0xAA,0xA4,0x00,0x00,0x00,0x00,0x00,0x00,0x00,0x00,0x00,0x00,0x00,0x00,0x00,
  0x00,0x00,0x00,0x00,0x00,0x00,0x00,0x00,0x00,0x00,0x00,0x00,0x00,0x00,0x00,0x00,
  0x00,0x00,0x00,0x00,0x00,0x00,0x00,0x00,0x00,0x00,0x00,0x00,0x00,0x00,0x00,0x00,
  0x00,0x00,0x00,0x00,0x00,0x00,0x00,0x00,0x00,0x00,0x00,0x00,0x00,0x00,0x00,0x00,
  0x00,0x00,0x00,0x00,0x00,0x00,0x00,0x00,0x00,0x00,0x1A,0xAA,0xAA,0xAA,0xAA,0xAA,
  0xAA,0xAA,0xAA,0xA4,0x2F,0xFF,0xFF,0xFF,0xFF,0xFF,0xFF,0xFF,0xFF,0xF8,0x2F,0xFF,
  0xFF,0xFF,0xFF,0xFF,0xFF,0xFF,0xFF,0xF8,0x2F,0xFF,0xFF,0xFF,0xFF,0xFF,0xFF,0xFF,
  0xFF,0xF8,0x2F,0xFF,0xFF,0xFF,0xFF,0xFF,0xFF,0xFF,0xFF,0xF8,0x00,0x00,0x00,0x00,
  0x00,0x00,0x00,0x00,0x00,0x00,0x00,0x00,0x00,0x00,0x00,0x00,0x00,0x1A,0xA9,0x00,
  0x00,0x00,0x00,0x00,0x00,0x00,0x00,0x1F,0xFD,0x00,0x00,0x00,0x00,0x00,0x00,0x00,
  0x00,0x1F,0xFD,0x00,0x00,0x00,0x00,0x00,0x00,0x00,0x00,0x1F,0xFD,0x00,0x01,0xFF,
  0xFF,0xFF,0xFF,0xFE,0x00,0x1F,0xFD,0x00,0x01,0xFF,0xFF,0xFF,0xFF,0xFE,0x00,0x1F,
  0xFD,0x00,0x01,0xFF,0xFF,0xFF,0xFF,0xFE,0x00,0x1F,0xFD,0x00,0x01,0xFF,0xFF,0xFF,
  0xFF,0xFE,0x00,0x1F,0xFD,0x00,0x01,0xFF,0xEA,0xAA,0xAA,0xA9,0x00,0x1F,0xFD,0x00,
  0x01,0xFF,0xD0,0x00,0x00,0x00,0x00,0x1F,0xFD,0x00,0x01,0xFF,0xD0,0x00,0x00,0x00,
  0x00,0x1F,0xFD,0x00,0x01,0xFF,0xD0,0x00,0x00,0x00,0x00,0x1F,0xFD,0x00,0x01,0xFF,
  0xD0,0x00,0x00,0x00,0x00,0x1F,0xFD,0x00,0x01,0xFF,0xD0,0x00,0x00,0x00,0x00,0x1F,
  0xFD,0x00,0x01,0xFF,0xD0,0x00,0x00,0x00,0x00,0x1F,0xFD,0x00,0x01,0xFF,0xD0,0x00,
  0x00,0x00,0x00,0x1F,0xFD,0x00,0x01,0xFF,0xD0,0x00,0x00,0x00,0x00,0x1F,0xFD,0x00,
  0x01,0xFF,0xD0,0x00,0x00,0x00,0x00,0x1F,0xFD,0x00,0x01,0xFF,0xD0,0x00,0x00,0x00,
  0x00,0x1F,0xFD,0x00,0x01,0xFF,0xD0,0x00,0x00,0x00,0x00,0x1F,0xFD,0x00,0x01,0xFF,
  0xD0,0x00,0x00,0x00,0x00,0x1F,0xFD,0x00,0x01,0xFF,0xD0,0x00,0x00,0x00,0x00,0x1F,
  0xFD,0x00,0x01,0xFF,0xD0,0x00,0x00,0x00,0x00,0x1F,0xFD,0x00,0x01,0xFF,0xD0,0x00,
  0x00,0x00,0x00,0x1F,0xFD,0x00,0x01,0xFF,0xD0,0x00,0x00,0x00,0x00,0x1F,0xFD,0x00,
  0x01,0xFF,0xD0,0x00,0x00,0x00,0x54,0x1F,0xFD,0x00,0x01,0xFF,0xE5,0x55,0x6A,0xAF,
  0xF8,0x1F,0xFD,0x00,0x01,0xFF,0xFF,0xFF,0xFF,0xFF,0xF8,0x1F,0xFD,0x00,0x01,0xFF,
  0xFF,0xFF,0xFF,0xFF,0xF8,0x1F,0xFD,0x00,0x01,0xFF,0xFF,0xFF,0xFF,0xFF,0xFC,0x1F,
  0xFD,0x00,0x01,0xFF,0xFF,0xFF,0xFF,0xFE,0x94,0x1F,0xFD,0x00,0x00,0x55,0x55,0x55,
  0x54,0x00,0x00,0x1F,0xFD,0x00,0x00,0x00,0x00,0x00,0x00,0x00,0x00,0x1F,0xFD,0x00,
  0x00,0x00,0x00,0x00,0x00,0x00,0x00,0x1F,0xFD,0x00,0x00,0x00,0x00,0x00,0x00,0x00,
  0x00,0x1F,0xFD,0x00,0x00,0x00,0x00,0x00,0x00,0x00,0x00,0x1F,0xFD,0x00,0x00,0x00,
  0x00,0x00,0x00,0x00,0x00,0x1F,0xFD,0x00,0x00,0x00,0x00,0x00,0x00,0x00,0x00,0x1F,
  0xFD,0x00,0x00,0x00,0x00,0x00,0x00,0x00,0x00,0x1F,0xFD,0x00,0x00,0x00,0x00,0x00,
  0x00,0x00,0x00,0x1F,0xFD,0x00,0x00,0x00,0x00,0x00,0x00,0x00,0x00,0x1F,0xFD,0x00,
  0x00,0x00,0x00,0x00,0x00,0x00,0x00,0x05,0x54,0x00,0x00,0x00,0x00,0x00,0x00,0x00,
  0x00,0xAA,0x90,0x00,0x00,0x00,0x00,0x00,0x00,0x00,0x00,0xFF,0xE0,0x00,0x06,0xAA,
  0xAA,0xAA,0xAA,0x90,0x00,0xFF,0xE0,0x00,0x07,0xFF,0xFF,0xFF,0xFF,0xD0,0x00,0xFF,
  0xE0,0x00,0x07,0xFF,0xFF,0xFF,0xFF,0xD0,0x00,0xFF,0xE0,0x00,0x07,0xFF,0xFF,0xFF,
  0xFF,0xD0,0x00,0xFF,0xE0,0x00,0x07,0xFF,0xFF,0xFF,0xFF,0xD0,0x00,0xFF,0xE0,0x00,
  0x00,0x00,0x00,0x00,0xFF,0xD0,0x00,0xFF,0xE0,0x00,0x00,0x00,0x00,0x00,0xFF,0xD0,
  0x00,0xFF,0xE0,0x00,0x00,0x00,0x00,0x00,0xFF,0xD0,0x00,0xFF,0xE0,0x00,0x06,0xAA,
  0xAA,0xAA,0xFF,0xD0,0x00,0xFF,0xFF,0xFD,0x07,0xFF,0xFF,0xFF,0xFF,0xD0,0x00,0xFF,
  0xFF,0xFD,0x07,0xFF,0xFF,0xFF,0xFF,0xD0,0x00,0xFF,0xFF,0xFD,0x07,0xFF,0xFF,0xFF,
  0xFF,0xD0,0x00,0xFF,0xFF,0xFD,0x07,0xFF,0xAA,0xAA,0xAA,0x90,0x00,0xFF,0xFA,0xA8,
  0x07,0xFF,0x40,0x00,0x00,0x00,0x00,0xFF,0xE0,0x00,0x07,0xFF,0x40,0x00,0x00,0x00,
  0x00,0xFF,0xE0,0x00,0x07,0xFF,0x40,0x00,0x00,0x56,0x80,0xFF,0xE0,0x00,0x07,0xFF,
  0xAA,0xAA,0xBF,0xFF,0xC0,0xFF,0xE0,0x00,0x07,0xFF,0xFF,0xFF,0xFF,0xFF,0xD0,0xFF,
  0xE0,0x00,0x07,0xFF,0xFF,0xFF,0xFF,0xFF,0xD0,0xFF,0xE0,0x00,0x07,0xFF,0xFF,0xFF,
  0xFF,0xFF,0xD0,0xFF,0xE0,0x00,0x07,0xFF,0xFF,0xFF,0xEA,0x94,0x00,0xFF,0xE0,0x00,
  0x00,0x00,0x00,0x00,0x00,0x00,0x00,0xFF,0xE0,0x00,0x00,0x00,0x00,0x00,0x00,0x00,
  0x00,0xAA,0x90,0x00,0x00,0x00,0x00,0x00,0x00,0x00,0x00,0x00,0x00,0x00,0x00,0x02,
  0xAA,0xAA,0xAA,0xAA,0xAA,0xAA,0x90,0x00,0x00,0x03,0xFF,0xFF,0xFF,0xFF,0xFF,0xFF,
  0xE0,0x00,0x00,0x03,0xFF,0xFF,0xFF,0xFF,0xFF,0xFF,0xE0,0x00,0x00,0x03,0xFF,0xFF,
  0xFF,0xFF,0xFF,0xFF,0xE0,0x00,0x00,0x03,0xFF,0xEA,0xAA,0xAA,0xAA,0xFF,0xE0,0x00,
  0x00,0x03,0xFF,0x40,0x00,0x00,0x00,0xFF,0xE0,0x00,0x00,0x03,0xFF,0x40,0x00,0x00,
  0x00,0xFF,0xE0,0x00,0x00,0x03,0xFF,0x40,0x00,0x00,0x00,0xFF,0xE0,0x00,0x00,0x03,
  0xFF,0x40,0x00,0x00,0x00,0xFF,0xE0,0x00,0x00,0x03,0xFF,0x40,0x00,0x00,0x00,0xFF,
  0xE0,0x00,0x00,0x03,0xFF,0xFF,0xFF,0xFF,0xFF,0xFF,0xE0,0x00,0x00,0x03,0xFF,0xFF,
  0xFF,0xFF,0xFF,0xFF,0xE0,0x00,0x00,0x03,0xFF,0xFF,0xFF,0xFF,0xFF,0xFF,0xE0,0x00,
  0x00,0x03,0xFF,0xFF,0xFF,0xFF,0xFF,0xFF,0xE0,0x00,0x00,0x02,0xAA,0xAA,0xAA,0xAA,
  0xAA,0xAA,0x90,0x00,0x00,0x00,0x00,0x00,0x00,0x00,0x00,0x02,0xAA,0x40,0x00,0x00,
  0x00,0x00,0x00,0x07,0xFF,0x03,0xFF,0x40,0x00,0x00,0x00,0x00,0x00,0x07,0xFF,0x03,
  0xFF,0x40,0x02,0xAA,0xAA,0xAA,0x90,0x07,0xFF,0x03,0xFF,0x40,0x07,0xFF,0xFF,0xFF,
  0xD0,0x07,0xFF,0x03,0xFF,0x40,0x07,0xFF,0xFF,0xFF,0xD0,0x07,0xFF,0x03,0xFF,0x40,
  0x07,0xFF,0xFF,0xFF,0xD0,0x07,0xFF,0x03,0xFF,0x40,0x02,0xAA,0xAA,0xFF,0xD0,0x07,
  0xFF,0x03,0xFF,0x40,0x00,0x00,0x01,0xFF,0xD0,0x07,0xFF,0x03,0xFF,0x40,0x00,0x00,
  0x01,0xFF,0xD0,0x07,0xFF,0x03,0xFF,0x40,0x00,0x00,0x01,0xFF,0xD1,0x5B,0xFF,0x03,
  0xFF,0x40,0x00,0x00,0x01,0xFF,0xD7,0xFF,0xFF,0x03,0xFF,0x40,0x02,0xAA,0xAB,0xFF,
  0xD7,0xFF,0xFF,0x03,0xFF,0x40,0x03,0xFF,0xFF,0xFF,0xD7,0xFF,0xFF,0x03,0xFF,0x40,
  0x03,0xFF,0xFF,0xFF,0xD7,0xFF,0xFF,0x03,0xFF,0x40,0x03,0xFF,0xFF,0xFF,0xD1,0x5B,
  0xFF,0x03,0xFF,0x40,0x03,0xFF,0x95,0x55,0x40,0x07,0xFF,0x03,0xFF,0x40,0x03,0xFF,
  0x40,0x00,0x00,0x07,0xFF,0x03,0xFF,0x40,0x03,0xFF,0x40,0x00,0x00,0x07,0xFF,0x03,
  0xFF,0x40,0x03,0xFF,0x40,0x00,0x00,0x07,0xFF,0x03,0xFF,0x40,0x03,0xFF,0x95,0x5A,
  0xBF,0x07,0xFF,0x03,0xFF,0x40,0x03,0xFF,0xFF,0xFF,0xFF,0x07,0xFF,0x03,0xFF,0x40,
  0x03,0xFF,0xFF,0xFF,0xFF,0x47,0xFF,0x03,0xFF,0x40,0x03,0xFF,0xFF,0xFF,0xFF,0x47,
  0xFF,0x03,0xFF,0x40,0x03,0xFF,0xFF,0xFF,0xE9,0x07,0xFF,0x03,0xFF,0x40,0x01,0x55,
  0x55,0x00,0x00,0x07,0xFF,0x03,0xFF,0x40,0x00,0x00,0x00,0x00,0x00,0x07,0xFF,0x03,
  0xFF,0x40,0x00,0x00,0x00,0x00,0x00,0x07,0xFF,0x03,0xFF,0x40,0x00,0x00,0x7F,0xF4,
  0x00,0x07,0xFF,0x03,0xFF,0x40,0x00,0x00,0x7F,0xF4,0x00,0x07,0xFF,0x03,0xFF,0x40,
  0x00,0x00,0x7F,0xF4,0x00,0x00,0x00,0x03,0xFF,0x40,0x00,0x00,0x7F,0xF4,0x00,0x00,
  0x00,0x00,0x00,0x00,0x00,0x00,0x7F,0xF4,0x00,0x00,0x00,0x00,0x00,0x00,0x00,0x00,
  0x7F,0xF4,0x00,0x00,0x00,0x00,0x00,0x00,0x00,0x00,0x7F,0xF4,0x00,0x00,0x00,0x00,
  0x00,0x00,0x00,0x00,0x7F,0xF4,0x00,0x00,0x00,0x00,0x00,0x00,0x00,0x00,0x7F,0xFF,
  0xFF,0xFF,0xFF,0xFF,0xFF,0xD0,0x00,0x00,0x7F,0xFF,0xFF,0xFF,0xFF,0xFF,0xFF,0xD0,
  0x00,0x00,0x7F,0xFF,0xFF,0xFF,0xFF,0xFF,0xFF,0xD0,0x00,0x00,0x7F,0xFF,0xFF,0xFF,
  0xFF,0xFF,0xFF,0xD0,0x00,0x00,0x15,0x55,0x55,0x55,0x55,0x55,0x55,0x40,0x00,0x00,
  0x00,0x00,0x00,0x00,0x00,0x0A,0xA9,0x00,0x00,0x00,0x00,0x00,0x00,0x00,0x00,0x1F,
  0xFD,0x00,0x00,0x00,0x00,0x00,0x00,0x00,0x00,0x1F,0xFD,0x00,0x01,0x55,0x55,0x55,
  0x55,0x54,0x00,0x1F,0xFD,0x00,0x02,0xFF,0xFF,0xFF,0xFF,0xF8,0x00,0x1F,0xFD,0x00,
  0x02,0xFF,0xFF,0xFF,0xFF,0xF8,0x00,0x1F,0xFD,0x00,0x02,0xFF,0xFF,0xFF,0xFF,0xF8,
  0x00,0x1F,0xFD,0x00,0x02,0xFF,0xFF,0xFF,0xFF,0xF8,0x00,0x1F,0xFD,0x00,0x01,0x55,
  0x55,0x55,0x7F,0xF8,0x00,0x1F,0xFD,0x00,0x00,0x00,0x00,0x00,0x3F,0xF8,0x00,0x1F,
  0xFD,0x00,0x00,0x00,0x00,0x00,0x3F,0xF8,0x00,0x1F,0xFD,0x00,0x00,0x00,0x00,0x00,
  0x3F,0xF8,0x00,0x1F,0xFD,0x00,0x00,0x00,0x00,0x00,0x3F,0xF8,0x00,0x1F,0xFD,0x00,
  0x00,0x00,0x00,0x00,0x3F,0xF8,0x00,0x1F,0xFD,0x00,0x00,0x00,0x00,0x00,0x3F,0xF8,
  0x00,0x1F,0xFD,0x00,0x02,0xFF,0xFF,0xFF,0xFF,0xF8,0x00,0x1F,0xFD,0x00,0x02,0xFF,
  0xFF,0xFF,0xFF,0xF8,0x00,0x1F,0xFD,0x00,0x02,0xFF,0xFF,0xFF,0xFF,0xF8,0x00,0x1F,
  0xFD,0x00,0x02,0xFF,0xFF,0xFF,0xFF,0xF8,0x00,0x1F,0xFD,0x00,0x02,0xFF,0xE5,0x55,
  0x55,0x54,0x00,0x1F,0xFD,0x00,0x02,0xFF,0xD0,0x00,0x00,0x00,0x00,0x1F,0xFD,0x00,
  0x02,0xFF,0xD0,0x00,0x00,0x00,0x00,0x1F,0xFD,0x00,0x02,0xFF,0xD0,0x00,0x00,0x00,
  0x00,0x1F,0xFD,0x00,0x02,0xFF,0xD0,0x00,0x00,0x00,0x00,0x1F,0xFD,0x00,0x02,0xFF,
  0xD0,0x00,0x00,0x00,0x00,0x1F,0xFD,0x00,0x02,0xFF,0xD0,0x00,0x00,0x00,0x14,0x1F,
  0xFD,0x00,0x02,0xFF,0xD0,0x55,0x56,0xAF,0xFC,0x1F,0xFD,0x00,0x02,0xFF,0xFF,0xFF,
  0xFF,0xFF,0xFC,0x1F,0xFD,0x00,0x02,0xFF,0xFF,0xFF,0xFF,0xFF,0xFC,0x1F,0xFD,0x00,
  0x02,0xFF,0xFF,0xFF,0xFF,0xFF,0xFD,0x1F,0xFD,0x00,0x02,0xFF,0xFF,0xFF,0xFF,0xFE,
  0x94,0x1F,0xFD,0x00,0x01,0xAA,0xAA,0xA9,0x55,0x00,0x00,0x1F,0xFD,0x00,0x00,0x00,
  0x00,0x00,0x00,0x00,0x00,0x1F,0xFD,0x00,0x00,0x00,0x00,0x00,0x00,0x00,0x00,0x1F,
  0xFD,0x00,0x00,0x00,0x00,0x00,0x00,0x00,0x00,0x1F,0xFD,0x00,0x00,0x00,0x00,0x00,
  0x00,0x00,0x00,0x1F,0xFD,0x00,0x00,0x00,0x00,0x00,0x00,0x00,0x00,0x1F,0xFD,0x00,
  0x00,0x00,0x00,0x00,0x00,0x00,0x00,0x1F,0xFD,0x00,0x00,0x00,0x00,0x00,0x00,0x00,
  0x00,0x1F,0xFD,0x00,0x00,0x00,0x00,0x00,0x00,0x00,0x00,0x1F,0xFD,0x00,0x00,0x00,
  0x00,0x00,0x00,0x00,0x00,0x1F,0xFD,0x00,0x00,0x00,0x00,0x00,0x00,0x00,0x00,0x05,
  0x54,0x00,0x00,0x00,0x00,0x00,0x00,0x00,0x00,0x1A,0xA9,0x00,0x00,0x00,0x00,0x00,
  0x00,0x00,0x00,0x1F,0xFD,0x00,0x01,0x55,0x55,0x55,0x55,0x50,0x00,0x1F,0xFD,0x00,
  0x02,0xFF,0xFF,0xFF,0xFF,0xF4,0x00,0x1F,0xFD,0x00,0x02,0xFF,0xFF,0xFF,0xFF,0xF4,
  0x00,0x1F,0xFD,0x00,0x02,0xFF,0xFF,0xFF,0xFF,0xF4,0x00,0x1F,0xFD,0x00,0x02,0xFF,
  0xFF,0xFF,0xFF,0xF4,0x00,0x1F,0xFD,0x00,0x01,0x55,0x55,0x55,0xBF,0xF4,0x00,0x1F,
  0xFD,0x00,0x00,0x00,0x00,0x00,0x7F,0xF4,0x00,0x1F,0xFD,0x00,0x00,0x00,0x00,0x00,
  0x7F,0xF4,0x00,0x1F,0xFD,0x00,0x00,0x55,0x55,0x55,0xBF,0xF4,0x00,0x1F,0xFD,0x00,
  0x02,0xFF,0xFF,0xFF,0xFF,0xF4,0x00,0x1F,0xFD,0x00,0x02,0xFF,0xFF,0xFF,0xFF,0xF4,
  0x00,0x1F,0xFD,0x00,0x02,0xFF,0xFF,0xFF,0xFF,0xF4,0x00,0x1F,0xFD,0x00,0x02,0xFF,
  0xFF,0xFF,0xFF,0xF4,0x00,0x1F,0xFD,0x00,0x02,0xFF,0xC0,0x00,0x00,0x00,0x00,0x1F,
  0xFD,0x00,0x02,0xFF,0xC0,0x00,0x00,0x00,0x00,0x1F,0xFD,0x00,0x02,0xFF,0xC0,0x00,
  0x00,0x00,0x50,0x1F,0xFD,0x00,0x02,0xFF,0xD5,0x55,0x5A,0xBF,0xF4,0x1F,0xFD,0x00,
  0x02,0xFF,0xFF,0xFF,0xFF,0xFF,0xF4,0x1F,0xFD,0x00,0x02,0xFF,0xFF,0xFF,0xFF,0xFF,
  0xF8,0x1F,0xFD,0x00,0x02,0xFF,0xFF,0xFF,0xFF,0xFF,0xF8,0x1F,0xFD,0x00,0x02,0xFF,
  0xFF,0xFF,0xFF,0xFA,0x94,0x1F,0xFD,0x00,0x01,0x55,0x55,0x55,0x50,0x00,0x00,0x1F,
  0xFD,0x00,0x00,0x00,0x00,0x00,0x00,0x00,0x00,0x1F,0xFD,0x00,0x00,0x00,0x00,0x00,
  0x00,0x00,0x00,0x00,0x00,0x00,0x00,0x00,0x00,0x06,0xBF,0xFF,0xFA,0x40,0x00,0x00,
  0x00,0x00,0x01,0xBF,0xFF,0xFF,0xFF,0xF9,0x00,0x00,0x00,0x00,0x0B,0xFF,0xFF,0xFF,
  0xFF,0xFF,0x80,0x00,0x00,0x00,0x2F,0xFF,0xFF,0xFF,0xFF,0xFF,0xF0,0x00,0x00,0x00,
  0xBF,0xFF,0xA5,0x55,0x6B,0xFF,0xF8,0x00,0x00,0x00,0xFF,0xF4,0x00,0x00,0x00,0x7F,
  0xFD,0x00,0x00,0x01,0xFF,0xD0,0x00,0x00,0x00,0x1F,0xFE,0x00,0x00,0x01,0xFF,0xD0,
  0x00,0x00,0x00,0x0F,0xFE,0x00,0x00,0x01,0xFF,0xE0,0x00,0x00,0x00,0x1F,0xFE,0x00,
  0x00,0x00,0xFF,0xF8,0x00,0x00,0x00,0x7F,0xFD,0x00,0x00,0x00,0xBF,0xFF,0xA5,0x55,
  0x6B,0xFF,0xF8,0x00,0x00,0x00,0x2F,0xFF,0xFF,0xFF,0xFF,0xFF,0xF0,0x00,0x00,0x00,
  0x0B,0xFF,0xFF,0xFF,0xFF,0xFF,0x80,0x00,0x00,0x00,0x01,0xBF,0xFF,0xFF,0xFF,0xF9,
  0x00,0x00,0x00,0x00,0x00,0x06,0xBF,0xFF,0xFA,0x40,0x00,0x00,0x00,0x00,0x00,0x00,
  0x00,0x00,0x00,0x00,0x00,0x00,0x00,0x00,0x00,0x00,0x00,0x00,0x00,0x1A,0xA9,0x00,
  0x00,0x00,0x00,0x00,0x00,0x00,0x00,0x1F,0xFD,0x00,0x00,0x00,0x00,0x00,0x00,0x00,
  0x00,0x1F,0xFD,0x00,0x01,0x55,0x55,0x55,0x55,0x54,0x00,0x1F,0xFD,0x00,0x02,0xFF,
  0xFF,0xFF,0xFF,0xFD,0x00,0x1F,0xFD,0x00,0x02,0xFF,0xFF,0xFF,0xFF,0xFD,0x00,0x1F,
  0xFD,0x00,0x02,0xFF,0xFF,0xFF,0xFF,0xFD,0x00,0x1F,0xFD,0x00,0x02,0xFF,0xFF,0xFF,
  0xFF,0xFD,0x00,0x1F,0xFD,0x00,0x02,0xFF,0xC0,0x00,0x1F,0xFD,0x00,0x1F,0xFD,0x00,
  0x02,0xFF,0xC0,0x00,0x1F,0xFD,0x00,0x1F,0xFD,0x00,0x02,0xFF,0xC0,0x00,0x1F,0xFD,
  0x00,0x1F,0xFD,0x00,0x02,0xFF,0xC0,0x00,0x1F,0xFD,0x00,0x1F,0xFD,0x00,0x02,0xFF,
  0xC0,0x00,0x1F,0xFD,0x00,0x1F,0xFD,0x00,0x02,0xFF,0xC0,0x00,0x1F,0xFD,0x00,0x1F,
  0xFD,0x00,0x02,0xFF,0xC0,0x00,0x1F,0xFD,0x00,0x1F,0xFD,0x00,0x02,0xFF,0xC0,0x00,
  0x1F,0xFD,0x00,0x1F,0xFD,0x00,0x02,0xFF,0xC0,0x00,0x1F,0xFD,0x00,0x1F,0xFD,0x00,
  0x02,0xFF,0xC0,0x00,0x1F,0xFD,0x00,0x1F,0xFD,0x00,0x02,0xFF,0xD5,0x55,0x6F,0xFD,
  0x00,0x1F,0xFD,0x00,0x02,0xFF,0xFF,0xFF,0xFF,0xFD,0x00,0x1F,0xFD,0x00,0x02,0xFF,
  0xFF,0xFF,0xFF,0xFD,0x00,0x1F,0xFD,0x00,0x02,0xFF,0xFF,0xFF,0xFF,0xFD,0x00,0x1F,
  0xFD,0x00,0x02,0xFF,0xFF,0xFF,0xFF,0xFD,0x00,0x1F,0xFD,0x00,0x01,0x55,0x55,0x55,
  0x55,0x54,0x00,0x1F,0xFD,0x00,0x00,0x00,0x00,0x00,0x00,0x00,0x00,0x1F,0xFD,0x00,
  0x00,0x00,0x00,0x00,0x00,0x00,0x00,0x1F,0xFD,0x00,0x00,0x00,0x55,0x50,0x00,0x00,
  0x00,0x1F,0xFD,0x00,0x00,0x00,0xFF,0xE0,0x00,0x00,0x00,0x1F,0xFD,0x00,0x00,0x00,
  0xFF,0xE0,0x00,0x00,0x00,0x1F,0xFD,0x00,0x00,0x00,0xFF,0xE0,0x00,0x00,0x00,0x05,
  0x54,0x00,0x00,0x00,0xFF,0xE0,0x00,0x00,0x00,0x00,0x00,0x00,0x00,0x00,0xFF,0xE0,
  0x00,0x00,0x00,0x00,0x00,0x00,0x00,0x00,0xFF,0xE0,0x00,0x00,0x00,0x00,0x00,0x00,
  0x00,0x00,0xFF,0xE0,0x00,0x00,0x00,0x00,0x00,0x00,0x00,0x00,0xFF,0xE0,0x00,0x00,
  0x00,0x00,0x00,0x00,0x00,0x00,0xFF,0xF5,0x55,0x55,0x55,0x55,0x55,0x40,0x00,0x00,
  0xFF,0xFF,0xFF,0xFF,0xFF,0xFF,0xFF,0x80,0x00,0x00,0xFF,0xFF,0xFF,0xFF,0xFF,0xFF,
  0xFF,0x80,0x00,0x00,0xFF,0xFF,0xFF,0xFF,0xFF,0xFF,0xFF,0x80,0x00,0x00,0xFF,0xFF,
  0xFF,0xFF,0xFF,0xFF,0xFF,0x80,0x00,0x00,0x55,0x55,0x55,0x55,0x55,0x55,0x55,0x00,
  0x00,0x00,0x00,0x00,0x00,0x00,0x01,0xAA,0x90,0x00,0x00,0x00,0x00,0x00,0x00,0x00,
  0x01,0xFF,0xD0,0x00,0x00,0x00,0x00,0x00,0x00,0x00,0x01,0xFF,0xD0,0x00,0x05,0x55,
  0x00,0x00,0x15,0x54,0x01,0xFF,0xD0,0x00,0x07,0xFF,0x40,0x00,0x7F,0xF4,0x01,0xFF,
  0xD0,0x00,0x07,0xFF,0x40,0x00,0x7F,0xF4,0x01,0xFF,0xD0,0x00,0x07,0xFF,0x40,0x00,
  0x7F,0xF4,0x01,0xFF,0xD0,0x00,0x07,0xFF,0x40,0x00,0x7F,0xF4,0x01,0xFF,0xD0,0x00,
  0x07,0xFF,0x40,0x00,0x7F,0xF4,0x01,0xFF,0xD0,0x00,0x07,0xFF,0x40,0x00,0x7F,0xF4,
  0x01,0xFF,0xD0,0x00,0x07,0xFF,0x40,0x00,0x7F,0xF4,0x01,0xFF,0xD0,0x00,0x07,0xFF,
  0x40,0x00,0x7F,0xF4,0x01,0xFF,0xD0,0x00,0x07,0xFF,0x40,0x00,0x7F,0xF4,0x01,0xFF,
  0xD0,0x00,0x07,0xFF,0xAA,0xAA,0xBF,0xF4,0x01,0xFF,0xD0,0x00,0x07,0xFF,0xFF,0xFF,
  0xFF,0xF4,0x01,0xFF,0xD0,0x00,0x07,0xFF,0xFF,0xFF,0xFF,0xF4,0x01,0xFF,0xE5,0x55,
  0x07,0xFF,0xFF,0xFF,0xFF,0xF4,0x01,0xFF,0xFF,0xFD,0x07,0xFF,0xFF,0xFF,0xFF,0xF4,
  0x01,0xFF,0xFF,0xFD,0x07,0xFF,0x40,0x00,0x7F,0xF4,0x01,0xFF,0xFF,0xFD,0x07,0xFF,
  0x40,0x00,0x7F,0xF4,0x01,0xFF,0xFF,0xFD,0x07,0xFF,0x40,0x00,0x7F,0xF4,0x01,0xFF,
  0xE5,0x54,0x07,0xFF,0x40,0x00,0x7F,0xF4,0x01,0xFF,0xD0,0x00,0x07,0xFF,0x40,0x00,
  0x7F,0xF4,0x01,0xFF,0xD0,0x00,0x07,0xFF,0x40,0x00,0x7F,0xF4,0x01,0xFF,0xD0,0x00,
  0x07,0xFF,0x40,0x00,0x7F,0xF4,0x01,0xFF,0xD0,0x00,0x07,0xFF,0x40,0x00,0x7F,0xF4,
  0x01,0xFF,0xD0,0x00,0x07,0xFF,0x40,0x00,0x7F,0xF4,0x01,0xFF,0xD0,0x00,0x07,0xFF,
  0xFF,0xFF,0xFF,0xF4,0x01,0xFF,0xD0,0x00,0x07,0xFF,0xFF,0xFF,0xFF,0xF4,0x01,0xFF,
  0xD0,0x00,0x07,0xFF,0xFF,0xFF,0xFF,0xF4,0x01,0xFF,0xD0,0x00,0x07,0xFF,0xFF,0xFF,
  0xFF,0xF4,0x01,0xFF,0xD0,0x00,0x06,0xAA,0xAA,0xAA,0xAA,0xA4,0x01,0xFF,0xD0,0x00,
  0x00,0x00,0x00,0x00,0x00,0x00,0x01,0xFF,0xD0,0x00,0x00,0x00,0x00,0x00,0x00,0x00,
  0x01,0xFF,0xD0,0x00,0x00,0x00,0x00,0x00,0x00,0x00,0x01,0xFF,0xD0,0x00,0x00,0x00,
  0x00,0x00,0x00,0x00,0x01,0xFF,0xD0,0x00,0x00,0x00,0x00,0x00,0x00,0x00,0x01,0xFF,
  0xD0,0x00,0x00,0x00,0x00,0x00,0x00,0x00,0x01,0xFF,0xD0,0x00,0x00,0x00,0x00,0x00,
  0x00,0x00,0x01,0xFF,0xD0,0x00,0x00,0x00,0x00,0x00,0x00,0x00,0x01,0xFF,0xD0,0x00,
  0x00,0x00,0x00,0x00,0x00,0x00,0x01,0xFF,0xD0,0x00,0x00,0x00,0x00,0x00,0x00,0x00,
  0x00,0x00,0x00,0x00,0x00,0x00,0x00,0x00,0x00,0x00,0x00,0x02,0xAA,0x40,0x00,0x00,
  0x00,0x00,0x00,0x0F,0xFD,0x03,0xFF,0x40,0x01,0x55,0x00,0x05,0x50,0x0F,0xFD,0x03,
  0xFF,0x40,0x07,0xFF,0x00,0x1F,0xFC,0x0F,0xFD,0x03,0xFF,0x40,0x07,0xFF,0x00,0x1F,
  0xFC,0x0F,0xFD,0x03,0xFF,0x40,0x07,0xFF,0x00,0x1F,0xFC,0x0F,0xFD,0x03,0xFF,0x40,
  0x07,0xFF,0x00,0x1F,0xFC,0x0F,0xFD,0x03,0xFF,0x40,0x07,0xFF,0x00,0x1F,0xFC,0x0F,
  0xFD,0x03,0xFF,0x40,0x07,0xFF,0x55,0x6F,0xFC,0x0F,0xFD,0x03,0xFF,0x40,0x07,0xFF,
  0xFF,0xFF,0xFC,0x0F,0xFD,0x03,0xFF,0x40,0x07,0xFF,0xFF,0xFF,0xFC,0x0F,0xFF,0xAB,
  0xFF,0x40,0x07,0xFF,0xFF,0xFF,0xFC,0x0F,0xFF,0xFF,0xFF,0x40,0x07,0xFF,0xFF,0xFF,
  0xFC,0x0F,0xFF,0xFF,0xFF,0x40,0x07,0xFF,0x00,0x1F,0xFC,0x0F,0xFF,0xFF,0xFF,0x40,
  0x07,0xFF,0x00,0x1F,0xFC,0x0F,0xFF,0xFF,0xFF,0x40,0x07,0xFF,0x00,0x1F,0xFC,0x0F,
  0xFD,0x03,0xFF,0x40,0x07,0xFF,0x00,0x1F,0xFC,0x0F,0xFD,0x03,0xFF,0x40,0x07,0xFF,
  0x00,0x1F,0xFC,0x0F,0xFD,0x03,0xFF,0x40,0x07,0xFF,0xFF,0xFF,0xFC,0x0F,0xFD,0x03,
  0xFF,0x40,0x07,0xFF,0xFF,0xFF,0xFC,0x0F,0xFD,0x03,0xFF,0x40,0x07,0xFF,0xFF,0xFF,
  0xFC,0x0F,0xFD,0x03,0xFF,0x40,0x07,0xFF,0xFF,0xFF,0xFC,0x0F,0xFD,0x03,0xFF,0x40,
  0x06,0xAA,0xAA,0xAA,0xA8,0x0F,0xFD,0x03,0xFF,0x40,0x00,0x00,0x00,0x00,0x00,0x0F,
  0xFD,0x03,0xFF,0x40,0x00,0x00,0x00,0x00,0x00,0x0A,0xA9,0x03,0xFF,0x40,0x00,0x00,
  0x00,0x00,0x00,0x00,0x00,0x00,0x00,0x00,0x00,0x00,0x55,0x55,0x55,0x55,0x55,0x55,
  0x55,0x00,0x00,0x00,0xFF,0xFF,0xFF,0xFF,0xFF,0xFF,0xFF,0x40,0x00,0x00,0xFF,0xFF,
  0xFF,0xFF,0xFF,0xFF,0xFF,0x40,0x00,0x00,0xFF,0xFF,0xFF,0xFF,0xFF,0xFF,0xFF,0x40,
  0x00,0x00,0xFF,0xFF,0xFF,0xFF,0xFF,0xFF,0xFF,0x40,0x00,0x00,0x55,0x55,0x55,0x55,
  0x55,0x5B,0xFF,0x40,0x00,0x00,0x00,0x00,0x00,0x00,0x00,0x07,0xFF,0x40,0x00,0x00,
  0x00,0x00,0x00,0x00,0x00,0x07,0xFF,0x40,0x00,0x00,0x00,0x00,0x00,0x00,0x00,0x07,
  0xFF,0x40,0x00,0x00,0x00,0x00,0x00,0x00,0x00,0x07,0xFF,0x40,0x00,0x00,0x00,0x00,
  0x00,0x00,0x00,0x07,0xFF,0x40,0x00,0x00,0x00,0x00,0x00,0x00,0x00,0x07,0xFF,0x40,
  0x00,0x00,0x00,0x00,0x00,0x00,0x00,0x07,0xFF,0x40,0x00,0x00,0x00,0x00,0x00,0x00,
  0x00,0x07,0xFF,0x40,0x00,0x00,0x00,0x00,0x00,0x00,0x00,0x07,0xFF,0x40,0x00,0x00,
  0x00,0x00,0x00,0x00,0x00,0x00,0x00,0x00,0x00,0x00,0x00,0x00,0x00,0x00,0x00,0x02,
  0xAA,0x40,0x00,0x00,0x00,0x00,0x00,0x0F,0xFD,0x03,0xFF,0x40,0x00,0x00,0x15,0x50,
  0x00,0x0F,0xFD,0x03,0xFF,0x40,0x00,0x00,0x7F,0xF4,0x00,0x0F,0xFD,0x03,0xFF,0x40,
  0x00,0x00,0x7F,0xF4,0x00,0x0F,0xFD,0x03,0xFF,0x40,0x00,0x00,0x7F,0xF4,0x00,0x0F,
  0xFD,0x03,0xFF,0x40,0x00,0x00,0x7F,0xF4,0x00,0x0F,0xFD,0x03,0xFF,0x40,0x00,0x00,
  0x7F,0xF4,0x00,0x0F,0xFD,0x03,0xFF,0x40,0x00,0x00,0x7F,0xF4,0x00,0x0F,0xFD,0x03,
  0xFF,0x40,0x00,0x00,0xBF,0xF8,0x00,0x0F,0xFD,0x03,0xFF,0x40,0x00,0x00,0xBF,0xF8,
  0x00,0x0F,0xFF,0xAB,0xFF,0x40,0x00,0x00,0xFF,0xFC,0x00,0x0F,0xFF,0xFF,0xFF,0x40,
  0x00,0x01,0xFF,0xFD,0x00,0x0F,0xFF,0xFF,0xFF,0x40,0x00,0x02,0xFF,0xFF,0x00,0x0F,
  0xFF,0xFF,0xFF,0x40,0x00,0x07,0xFF,0xFF,0x80,0x0F,0xFF,0xFF,0xFF,0x40,0x00,0x0F,
  0xFF,0xFF,0xD0,0x0F,0xFD,0x03,0xFF,0x40,0x00,0x3F,0xFD,0xFF,0xF8,0x0F,0xFD,0x03,
  0xFF,0x40,0x01,0xFF,0xF8,0xBF,0xFE,0x4F,0xFD,0x03,0xFF,0x40,0x07,0xFF,0xF4,0x2F,
  0xFF,0xEF,0xFD,0x03,0xFF,0x40,0x3F,0xFF,0xD0,0x0F,0xFF,0xDF,0xFD,0x03,0xFF,0x40,
  0x2F,0xFF,0x80,0x02,0xFF,0x8F,0xFD,0x03,0xFF,0x40,0x0F,0xFE,0x00,0x00,0xBE,0x0F,
  0xFD,0x03,0xFF,0x40,0x07,0xF4,0x00,0x00,0x19,0x0F,0xFD,0x03,0xFF,0x40,0x02,0x80,
  0x00,0x00,0x00,0x0F,0xFD,0x03,0xFF,0x40,0x00,0x00,0x00,0x00,0x00,0x0A,0xA9,0x03,
  0xFF,0x40,0x00,0x00,0x00,0x00,0x00,0x00,0x00,0x00,0x00,0x00,0x00,0x00,0x00,0x00,
  0x00,0x00,0x00,0x00,0x00,0x00,0x00,0x00,0xFF,0xFF,0xFF,0xFF,0xFF,0xFF,0xFF,0x40,
  0x00,0x00,0xFF,0xFF,0xFF,0xFF,0xFF,0xFF,0xFF,0x40,0x00,0x00,0xFF,0xFF,0xFF,0xFF,
  0xFF,0xFF,0xFF,0x40,0x00,0x00,0xFF,0xFF,0xFF,0xFF,0xFF,0xFF,0xFF,0x40,0x00,0x00,
  0x55,0x55,0x55,0x55,0x55,0x5B,0xFF,0x40,0x00,0x00,0x00,0x00,0x00,0x00,0x00,0x07,
  0xFF,0x40,0x00,0x00,0x00,0x00,0x00,0x00,0x00,0x07,0xFF,0x40,0x00,0x00,0x00,0x00,
  0x00,0x00,0x00,0x07,0xFF,0x40,0x00,0x00,0x00,0x00,0x00,0x00,0x00,0x07,0xFF,0x40,
  0x00,0x00,0x00,0x00,0x00,0x00,0x00,0x07,0xFF,0x40,0x00,0x00,0x00,0x00,0x00,0x00,
  0x00,0x07,0xFF,0x40,0x00,0x00,0x00,0x00,0x00,0x00,0x00,0x07,0xFF,0x40,0x00,0x00,
  0x00,0x00,0x00,0x00,0x00,0x07,0xFF,0x40,0x00,0x00,0x00,0x00,0x00,0x00,0x00,0x07,
  0xFF,0x40,0x00,0x00,0x00,0x00,0x00,0x00,0x00,0x00,0x00,0x00,0x00,0x00,0x00,0x00,
  0x00,0x00,0x00,0x0A,0xAA,0x00,0x00,0x00,0x00,0x00,0x00,0x00,0x00,0x0F,0xFE,0x00,
  0x00,0x00,0x00,0x00,0x00,0x00,0x00,0x0F,0xFE,0x00,0x00,0x00,0x02,0xAA,0x40,0x00,
  0x00,0x0F,0xFE,0x00,0x00,0x00,0x03,0xFF,0x80,0x00,0x00,0x0F,0xFE,0x00,0x00,0x00,
  0x03,0xFF,0x80,0x00,0x00,0x0F,0xFE,0x00,0x00,0x00,0x03,0xFF,0x80,0x00,0x00,0x0F,
  0xFE,0x00,0x00,0x00,0x03,0xFF,0x80,0x00,0x00,0x0F,0xFE,0x00,0x00,0x00,0x03,0xFF,
  0x80,0x00,0x00,0x0F,0xFE,0x00,0x00,0x00,0x03,0xFF,0x80,0x00,0x00,0x0F,0xFE,0x00,
  0x00,0x00,0x07,0xFF,0x80,0x00,0x00,0x0F,0xFE,0x00,0x00,0x00,0x07,0xFF,0x80,0x00,
  0x00,0x0F,0xFE,0x00,0x00,0x00,0x07,0xFF,0x80,0x00,0x00,0x0F,0xFE,0x00,0x00,0x00,
  0x07,0xFF,0xC0,0x0F,0xFF,0xFF,0xFE,0x00,0x00,0x00,0x0B,0xFF,0xC0,0x0F,0xFF,0xFF,
  0xFE,0x00,0x00,0x00,0x0F,0xFF,0xD0,0x0F,0xFF,0xFF,0xFE,0x00,0x00,0x00,0x0F,0xFF,
  0xE0,0x0F,0xFF,0xFF,0xFE,0x00,0x00,0x00,0x1F,0xFF,0xF0,0x0A,0xAA,0xAF,0xFE,0x00,
  0x00,0x00,0x2F,0xFF,0xF4,0x00,0x00,0x0F,0xFE,0x00,0x00,0x00,0x7F,0xFF,0xF8,0x00,
  0x00,0x0F,0xFE,0x00,0x00,0x00,0xBF,0xFF,0xFD,0x00,0x00,0x0F,0xFE,0x00,0x00,0x01,
  0xFF,0xEF,0xFE,0x00,0x00,0x0F,0xFE,0x00,0x00,0x02,0xFF,0xC7,0xFF,0x40,0x00,0x0F,
  0xFE,0x00,0x00,0x0B,0xFF,0x83,0xFF,0xD0,0x00,0x0F,0xFE,0x00,0x00,0x1F,0xFF,0x42,
  0xFF,0xF0,0x00,0x0F,0xFE,0x00,0x00,0x7F,0xFE,0x00,0xFF,0xFD,0x00,0x0F,0xFE,0x00,
  0x02,0xFF,0xFC,0x00,0x7F,0xFF,0x80,0x0F,0xFE,0x00,0x1B,0xFF,0xF4,0x00,0x2F,0xFF,
  0xF4,0x0F,0xFE,0x00,0x3F,0xFF,0xE0,0x00,0x0B,0xFF,0xF0,0x0F,0xFE,0x00,0x1F,0xFF,
  0x80,0x00,0x02,0xFF,0xD0,0x0F,0xFE,0x00,0x0B,0xFE,0x00,0x00,0x00,0xBF,0x40,0x0F,
  0xFE,0x00,0x03,0xF4,0x00,0x00,0x00,0x1A,0x00,0x0F,0xFE,0x00,0x00,0x80,0x00,0x00,
  0x00,0x00,0x00,0x0F,0xFE,0x00,0x00,0x00,0x00,0x00,0x00,0x00,0x00,0x0F,0xFE,0x00,
  0x00,0x00,0x00,0x00,0x00,0x00,0x00,0x0F,0xFE,0x00,0x00,0x00,0x00,0x00,0x00,0x00,
  0x00,0x0F,0xFE,0x00,0x00,0x00,0x00,0x00,0x00,0x00,0x00,0x0F,0xFE,0x00,0x00,0x00,
  0x00,0x00,0x00,0x00,0x00,0x0F,0xFE,0x00,0x00,0x00,0x00,0x00,0x00,0x00,0x00,0x0F,
  0xFE,0x00,0x00,0x00,0x00,0x00,0x00,0x00,0x00,0x0F,0xFE,0x00,0x00,0x00,0x00,0x00,
  0x00,0x00,0x00,0x0F,0xFE,0x00,0x00,0x00,0x00,0x00,0x00,0x00,0x00,0x05,0x54,0x00,
  0x00,0x00,0x00,0x00,0x00,0x00,0x00,0x0A,0xA9,0x00,0x00,0x00,0x00,0x00,0x00,0x00,
  0x00,0x0F,0xFE,0x00,0x00,0x00,0x06,0xAA,0x40,0x00,0x00,0x0F,0xFE,0x00,0x00,0x00,
  0x07,0xFF,0x80,0x00,0x00,0x0F,0xFE,0x00,0x00,0x00,0x07,0xFF,0x80,0x00,0x00,0x0F,
  0xFE,0x00,0x00,0x00,0x07,0xFF,0x80,0x00,0x00,0x0F,0xFE,0x00,0x00,0x00,0x07,0xFF,
  0x80,0x00,0x00,0x0F,0xFE,0x00,0x00,0x00,0x07,0xFF,0x80,0x05,0x55,0x5F,0xFE,0x00,
  0x00,0x00,0x0B,0xFF,0x80,0x0B,0xFF,0xFF,0xFE,0x00,0x00,0x00,0x0B,0xFF,0xC0,0x0B,
  0xFF,0xFF,0xFE,0x00,0x00,0x00,0x0F,0xFF,0xD0,0x0B,0xFF,0xFF,0xFE,0x00,0x00,0x00,
  0x1F,0xFF,0xE0,0x0B,0xFF,0xFF,0xFE,0x00,0x00,0x00,0x3F,0xFF,0xF0,0x05,0x55,0x5F,
  0xFE,0x00,0x00,0x00,0x7F,0xFF,0xF8,0x00,0x00,0x0F,0xFE,0x00,0x00,0x01,0xFF,0xFF,
  0xFE,0x00,0x00,0x0F,0xFE,0x00,0x00,0x07,0xFF,0xDF,0xFF,0x80,0x00,0x0F,0xFE,0x00,
  0x00,0x1F,0xFF,0x87,0xFF,0xE0,0x00,0x0F,0xFE,0x00,0x00,0xBF,0xFF,0x02,0xFF,0xFE,
  0x00,0x0F,0xFE,0x00,0x1B,0xFF,0xFD,0x00,0xBF,0xFF,0xE0,0x0F,0xFE,0x00,0x2F,0xFF,
  0xF4,0x00,0x3F,0xFF,0xC0,0x0F,0xFE,0x00,0x0F,0xFF,0xD0,0x00,0x0B,0xFF,0x40,0x0F,
  0xFE,0x00,0x07,0xFE,0x00,0x00,0x01,0xFE,0x00,0x0F,0xFE,0x00,0x02,0xF4,0x00,0x00,
  0x00,0x18,0x00,0x0F,0xFE,0x00,0x00,0x40,0x00,0x00,0x00,0x00,0x00,0x0F,0xFE,0x00,
  0x00,0x00,0x00,0x00,0x00,0x00,0x00,0x00,0x00,0x00,0x00,0x01,0x55,0x55,0x55,0x01,
  0x55,0x55,0x54,0x00,0x00,0x0B,0xFF,0xFF,0xFF,0x4F,0xFF,0xFF,0xFE,0x00,0x00,0x0B,
  0xFF,0xFF,0xFF,0x4F,0xFF,0xFF,0xFE,0x00,0x00,0x0B,0xFF,0xFF,0xFF,0x4F,0xFF,0xFF,
  0xFE,0x00,0x00,0x0B,0xFF,0xFF,0xFF,0x4F,0xFF,0xFF,0xFE,0x00,0x00,0x05,0x55,0x5B,
  0xFF,0x45,0x55,0x5F,0xFE,0x00,0x00,0x00,0x00,0x07,0xFF,0x40,0x00,0x0F,0xFE,0x00,
  0x00,0x00,0x00,0x07,0xFF,0x40,0x00,0x0F,0xFE,0x00,0x00,0x00,0x00,0x07,0xFF,0x40,
  0x00,0x0F,0xFE,0x00,0x00,0x00,0x00,0x07,0xFF,0x40,0x00,0x0F,0xFE,0x00,0x00,0x00,
  0x00,0x07,0xFF,0x40,0x00,0x0F,0xFE,0x00,0x00,0x00,0x00,0x07,0xFF,0x40,0x00,0x0F,
  0xFE,0x00,0x00,0x00,0x00,0x07,0xFF,0x40,0x00,0x0F,0xFE,0x00,0x00,0x00,0x00,0x07,
  0xFF,0x40,0x00,0x0F,0xFE,0x00,0x00,0x00,0x00,0x07,0xFF,0x40,0x00,0x0F,0xFE,0x00,
  0x00,0x00,0x00,0x07,0xFF,0x40,0x00,0x0F,0xFE,0x00,0x00,0x00,0x00,0x00,0x00,0x00,
  0x00,0x00,0x00,0x00,0x00,0x00,0x00,0x00,0x2A,0xA4,0x00,0x00,0x00,0x00,0x00,0x00,
  0x00,0x00,0x3F,0xFC,0x00,0x00,0x00,0x00,0x00,0x00,0x00,0x00,0x7F,0xFC,0x00,0x00,
  0x00,0x00,0x00,0x00,0x00,0x00,0xBF,0xFD,0x00,0x00,0x00,0x00,0x00,0x00,0x00,0x01,
  0xFF,0xFE,0x00,0x00,0x00,0x00,0x00,0x00,0x00,0x03,0xFF,0xFF,0x80,0x00,0x00,0x00,
  0x00,0x00,0x00,0x1F,0xFF,0xFF,0xE0,0x00,0x00,0x00,0x00,0x00,0x00,0xBF,0xFE,0xFF,
  0xFD,0x00,0x00,0x00,0x00,0x00,0x0B,0xFF,0xF8,0x7F,0xFF,0x90,0x00,0x00,0x00,0x06,
  0xBF,0xFF,0xE0,0x1F,0xFF,0xFE,0x50,0x00,0x02,0xFF,0xFF,0xFF,0x80,0x06,0xFF,0xFF,
  0xFF,0x40,0x01,0xFF,0xFF,0xF9,0x00,0x00,0x7F,0xFF,0xFF,0x00,0x00,0xFF,0xFF,0x90,
  0x00,0x00,0x07,0xFF,0xFE,0x00,0x00,0xBF,0xE4,0x00,0x00,0x00,0x00,0x6F,0xFD,0x00,
  0x00,0x24,0x00,0x00,0x00,0x00,0x00,0x00,0x58,0x00,0x00,0x00,0x00,0x00,0x00,0x00,
  0x00,0x00,0x00,0x00,0x2A,0xAA,0xAA,0xAA,0xAA,0xAA,0xAA,0xAA,0xAA,0xA4,0x2F,0xFF,
  0xFF,0xFF,0xFF,0xFF,0xFF,0xFF,0xFF,0xF4,0x2F,0xFF,0xFF,0xFF,0xFF,0xFF,0xFF,0xFF,
  0xFF,0xF4,0x2F,0xFF,0xFF,0xFF,0xFF,0xFF,0xFF,0xFF,0xFF,0xF4,0x2A,0xAA,0xAA,0xAA,
  0xFF,0xFE,0xAA,0xAA,0xAA,0xA4,0x00,0x00,0x00,0x00,0x3F,0xF8,0x00,0x00,0x00,0x00,
  0x00,0x00,0x00,0x00,0x3F,0xF8,0x00,0x00,0x00,0x00,0x00,0x15,0x55,0x55,0xBF,0xF9,
  0x55,0x55,0x50,0x00,0x00,0x1F,0xFF,0xFF,0xFF,0xFF,0xFF,0xFF,0xF0,0x00,0x00,0x1F,
  0xFF,0xFF,0xFF,0xFF,0xFF,0xFF,0xF0,0x00,0x00,0x1F,0xFF,0xFF,0xFF,0xFF,0xFF,0xFF,
  0xF0,0x00,0x00,0x1F,0xFF,0xFF,0xFF,0xFF,0xFF,0xFF,0xF0,0x00,0x00,0x00,0x00,0x00,
  0x00,0x00,0x00,0xBF,0xF0,0x00,0x00,0x00,0x00,0x00,0x00,0x00,0x00,0xBF,0xF0,0x00,
  0x00,0x1F,0xFF,0xFF,0xFF,0xFF,0xFF,0xFF,0xF0,0x00,0x00,0x1F,0xFF,0xFF,0xFF,0xFF,
  0xFF,0xFF,0xF0,0x00,0x00,0x1F,0xFF,0xFF,0xFF,0xFF,0xFF,0xFF,0xF0,0x00,0x00,0x1F,
  0xFF,0xFF,0xFF,0xFF,0xFF,0xFF,0xF0,0x00,0x00,0x1F,0xFD,0x00,0x00,0x00,0x00,0x00,
  0x00,0x00,0x00,0x1F,0xFD,0x00,0x00,0x00,0x00,0x00,0x00,0x00,0x00,0x1F,0xFE,0x55,
  0x55,0x55,0x55,0x55,0x54,0x00,0x00,0x1F,0xFF,0xFF,0xFF,0xFF,0xFF,0xFF,0xFC,0x00,
  0x00,0x1F,0xFF,0xFF,0xFF,0xFF,0xFF,0xFF,0xFC,0x00,0x00,0x1F,0xFF,0xFF,0xFF,0xFF,
  0xFF,0xFF,0xFC,0x00,0x00,0x1F,0xFF,0xFF,0xFF,0xFF,0xFF,0xFF,0xFC,0x00,0x00,0x00,
  0x00,0x00,0x15,0x54,0x00,0x00,0x00,0x00,0x00,0x00,0x00,0x00,0x7F,0xF8,0x00,0x00,
  0x00,0x00,0x00,0x00,0x00,0x00,0x7F,0xF8,0x00,0x00,0x00,0x00,0x00,0x00,0x00,0x00,
  0x7F,0xF8,0x00,0x00,0x00,0x00,0x00,0x00,0x00,0x00,0x7F,0xF8,0x00,0x00,0x00,0x00,
  0x00,0x00,0x00,0x00,0xBF,0xFC,0x00,0x00,0x00,0x00,0x00,0x00,0x00,0x00,0xFF,0xFC,
  0x00,0x00,0x00,0x00,0x00,0x00,0x00,0x01,0xFF,0xFD,0x00,0x00,0x00,0x00,0x00,0x00,
  0x00,0x02,0xFF,0xFF,0x00,0x00,0x00,0x00,0x00,0x00,0x00,0x07,0xFF,0xFF,0x40,0x00,
  0x00,0x00,0x00,0x00,0x00,0x0B,0xFF,0xFF,0xC0,0x00,0x00,0x00,0x00,0x00,0x00,0x2F,
  0xFF,0xFF,0xE0,0x00,0x00,0x00,0x00,0x00,0x00,0xBF,0xFD,0xBF,0xF8,0x00,0x00,0x00,
  0x00,0x00,0x02,0xFF,0xF4,0x3F,0xFE,0x00,0x00,0x00,0x00,0x00,0x1B,0xFF,0xE0,0x1F,
  0xFF,0xD0,0x00,0x00,0x00,0x00,0xBF,0xFF,0xC0,0x0B,0xFF,0xF9,0x00,0x00,0x00,0x1B,
  0xFF,0xFF,0x00,0x02,0xFF,0xFF,0x90,0x00,0x06,0xFF,0xFF,0xF8,0x00,0x00,0xBF,0xFF,
  0xFE,0x80,0x07,0xFF,0xFF,0xE0,0x00,0x00,0x1F,0xFF,0xFF,0x80,0x03,0xFF,0xFE,0x40,
  0x00,0x00,0x02,0xFF,0xFF,0x40,0x01,0xFF,0xF4,0x00,0x00,0x00,0x00,0x2F,0xFE,0x00,
  0x00,0xB9,0x40,0x00,0x00,0x00,0x00,0x01,0xBD,0x00,0x00,0x00,0x00,0x00,0x00,0x00,
  0x00,0x00,0x04,0x00,0x00,0x00,0x00,0x00,0x00,0x00,0x00,0x00,0x00,0x00,0x00,0x00,
  0x00,0x00,0x00,0x00,0x00,0x00,0x00,0x00,0x00,0x00,0x00,0x00,0x00,0x00,0x00,0x00,
  0x00,0x00,0x00,0x00,0x00,0x00,0x00,0x00,0x00,0x00,0x00,0x00,0x00,0x00,0x00,0x00,
  0x00,0x00,0x00,0x00,0x00,0x00,0x00,0x00,0x00,0x00,0x00,0x00,0x00,0x00,0x00,0x00,
  0x1A,0xAA,0xAA,0xAA,0xAA,0xAA,0xAA,0xAA,0xAA,0xA4,0x2F,0xFF,0xFF,0xFF,0xFF,0xFF,
  0xFF,0xFF,0xFF,0xF8,0x2F,0xFF,0xFF,0xFF,0xFF,0xFF,0xFF,0xFF,0xFF,0xF8,0x2F,0xFF,
  0xFF,0xFF,0xFF,0xFF,0xFF,0xFF,0xFF,0xF8,0x2F,0xFF,0xFF,0xFF,0xFF,0xFF,0xFF,0xFF,
  0xFF,0xF8,0x00,0x00,0x00,0x00,0x00,0x00,0x00,0x00,0x00,0x00,0x00,0x00,0x00,0x00,
  0x00,0x00,0x00,0x1A,0xA9,0x00,0x00,0x00,0x00,0x00,0x00,0x00,0x00,0x1F,0xFD,0x00,
  0x00,0x00,0x00,0x00,0x00,0x00,0x00,0x1F,0xFD,0x00,0x00,0x00,0x01,0xAA,0x80,0x00,
  0x00,0x1F,0xFD,0x00,0x00,0x00,0x02,0xFF,0xC0,0x00,0x00,0x1F,0xFD,0x00,0x00,0x00,
  0x02,0xFF,0xC0,0x00,0x00,0x1F,0xFD,0x00,0x00,0x00,0x02,0xFF,0xC0,0x00,0x00,0x1F,
  0xFD,0x00,0x00,0x00,0x02,0xFF,0xC0,0x00,0x00,0x1F,0xFD,0x00,0x00,0x00,0x02,0xFF,
  0xC0,0x00,0x00,0x1F,0xFD,0x00,0x00,0x00,0x02,0xFF,0xC0,0x00,0x00,0x1F,0xFD,0x00,
  0x00,0x00,0x02,0xFF,0xC0,0x00,0x00,0x1F,0xFD,0x00,0x00,0x00,0x02,0xFF,0xD0,0x00,
  0x00,0x1F,0xFD,0x00,0x00,0x00,0x03,0xFF,0xD0,0x00,0x00,0x1F,0xFD,0x00,0x00,0x00,
  0x03,0xFF,0xD0,0x00,0x00,0x1F,0xFD,0x00,0x00,0x00,0x07,0xFF,0xE0,0x00,0x00,0x1F,
  0xFD,0x00,0x00,0x00,0x07,0xFF,0xF0,0x00,0x00,0x1F,0xFD,0x00,0x00,0x00,0x0B,0xFF,
  0xF4,0x00,0x00,0x1F,0xFD,0x00,0x00,0x00,0x0F,0xFF,0xF4,0x00,0x00,0x1F,0xFD,0x00,
  0x00,0x00,0x1F,0xFF,0xFC,0x00,0x00,0x1F,0xFD,0x00,0x00,0x00,0x2F,0xFF,0xFD,0x00,
  0x00,0x1F,0xFD,0x00,0x00,0x00,0x7F,0xFF,0xFF,0x00,0x00,0x1F,0xFD,0x00,0x00,0x00,
  0xBF,0xF7,0xFF,0x40,0x00,0x1F,0xFD,0x00,0x00,0x01,0xFF,0xE3,0xFF,0xD0,0x00,0x1F,
  0xFD,0x00,0x00,0x07,0xFF,0xD1,0xFF,0xF0,0x00,0x1F,0xFD,0x00,0x00,0x0F,0xFF,0x80,
  0xFF,0xFC,0x00,0x1F,0xFD,0x00,0x00,0x3F,0xFF,0x40,0x7F,0xFF,0x40,0x1F,0xFD,0x00,
  0x01,0xFF,0xFD,0x00,0x2F,0xFF,0xE0,0x1F,0xFD,0x00,0x0B,0xFF,0xF8,0x00,0x0B,0xFF,
  0xFD,0x1F,0xFD,0x00,0x3F,0xFF,0xF0,0x00,0x02,0xFF,0xF8,0x1F,0xFD,0x00,0x1F,0xFF,
  0xC0,0x00,0x00,0xBF,0xF0,0x1F,0xFD,0x00,0x0B,0xFF,0x00,0x00,0x00,0x2F,0xD0,0x1F,
  0xFD,0x00,0x03,0xF8,0x00,0x00,0x00,0x02,0x40,0x1F,0xFD,0x00,0x01,0x90,0x00,0x00,
  0x00,0x00,0x00,0x1F,0xFD,0x00,0x00,0x00,0x00,0x00,0x00,0x00,0x00,0x1F,0xFD,0x00,
  0x00,0x00,0x00,0x00,0x00,0x00,0x00,0x1F,0xFD,0x00,0x00,0x00,0x00,0x00,0x00,0x00,
  0x00,0x1F,0xFD,0x00,0x00,0x00,0x00,0x00,0x00,0x00,0x00,0x1F,0xFD,0x00,0x00,0x00,
  0x00,0x00,0x00,0x00,0x00,0x1F,0xFD,0x00,0x00,0x00,0x00,0x00,0x00,0x00,0x00,0x1F,
  0xFD,0x00,0x00,0x00,0x00,0x00,0x00,0x00,0x00,0x1F,0xFD,0x00,0x00,0x00,0x00,0x00,
  0x00,0x00,0x00,0x1F,0xFD,0x00,0x00,0x00,0x00,0x00,0x00,0x00,0x00,0x05,0x54,0x00,
  0x00,0x00,0x00,0x00,0x00,0x00,0x00,0x1A,0xA9,0x00,0x00,0x00,0x00,0x00,0x00,0x00,
  0x00,0x1F,0xFD,0x00,0x00,0x00,0x01,0x55,0x40,0x00,0x00,0x1F,0xFD,0x00,0x00,0x00,
  0x03,0xFF,0xC0,0x00,0x00,0x1F,0xFD,0x00,0x00,0x00,0x03,0xFF,0xC0,0x00,0x00,0x1F,
  0xFD,0x00,0x00,0x00,0x03,0xFF,0xC0,0x00,0x00,0x1F,0xFD,0x00,0x00,0x00,0x03,0xFF,
  0xC0,0x00,0x00,0x1F,0xFD,0x00,0x00,0x00,0x03,0xFF,0xC0,0x00,0x00,0x1F,0xFD,0x00,
  0x00,0x00,0x07,0xFF,0xC0,0x00,0x00,0x1F,0xFD,0x00,0x00,0x00,0x07,0xFF,0xD0,0x00,
  0x00,0x1F,0xFD,0x00,0x00,0x00,0x0B,0xFF,0xD0,0x00,0x00,0x1F,0xFD,0x00,0x00,0x00,
  0x0F,0xFF,0xE0,0x00,0x00,0x1F,0xFD,0x00,0x00,0x00,0x1F,0xFF,0xF4,0x00,0x00,0x1F,
  0xFD,0x00,0x00,0x00,0x3F,0xFF,0xF8,0x00,0x00,0x1F,0xFD,0x00,0x00,0x00,0x7F,0xFF,
  0xFD,0x00,0x00,0x1F,0xFD,0x00,0x00,0x01,0xFF,0xFF,0xFF,0x40,0x00,0x1F,0xFD,0x00,
  0x00,0x07,0xFF,0xD7,0xFF,0xD0,0x00,0x1F,0xFD,0x00,0x00,0x1F,0xFF,0x82,0xFF,0xF8,
  0x00,0x1F,0xFD,0x00,0x00,0xBF,0xFF,0x41,0xFF,0xFF,0x40,0x1F,0xFD,0x00,0x0B,0xFF,
  0xFD,0x00,0x7F,0xFF,0xF4,0x1F,0xFD,0x00,0x2F,0xFF,0xF4,0x00,0x1F,0xFF,0xE0,0x1F,
  0xFD,0x00,0x0F,0xFF,0xD0,0x00,0x02,0xFF,0xC0,0x1F,0xFD,0x00,0x07,0xFF,0x40,0x00,
  0x00,0x7F,0x40,0x1F,0xFD,0x00,0x02,0xF4,0x00,0x00,0x00,0x06,0x00,0x1F,0xFD,0x00,
  0x00,0x40,0x00,0x00,0x00,0x00,0x00,0x1F,0xFD,0x00,0x00,0x00,0x00,0x00,0x00,0x00,
  0x00,0x1F,0xFD,0x00,0x00,0x00,0x00,0x00,0x00,0x00,0x00,0x1F,0xFD,0x00,0x00,0x00,
  0xAA,0xA0,0x00,0x00,0x00,0x1F,0xFD,0x00,0x00,0x00,0xFF,0xE0,0x00,0x00,0x00,0x1F,
  0xFD,0x00,0x00,0x00,0xFF,0xE0,0x00,0x00,0x00,0x1F,0xFD,0x00,0x00,0x00,0xFF,0xE0,
  0x00,0x00,0x00,0x00,0x00,0x00,0x00,0x00,0xFF,0xE0,0x00,0x00,0x00,0x00,0x00,0x00,
  0x00,0x00,0xFF,0xE0,0x00,0x00,0x00,0x00,0x00,0x00,0x00,0x00,0xFF,0xE0,0x00,0x00,
  0x00,0x00,0x00,0x00,0x00,0x00,0xFF,0xE0,0x00,0x00,0x00,0x00,0x00,0x00,0x00,0x00,
  0xFF,0xF0,0x00,0x00,0x00,0x00,0x00,0x00,0x00,0x00,0xFF,0xFF,0xFF,0xFF,0xFF,0xFF,
  0xFF,0x80,0x00,0x00,0xFF,0xFF,0xFF,0xFF,0xFF,0xFF,0xFF,0x80,0x00,0x00,0xFF,0xFF,
  0xFF,0xFF,0xFF,0xFF,0xFF,0x80,0x00,0x00,0xFF,0xFF,0xFF,0xFF,0xFF,0xFF,0xFF,0x80,
  0x00,0x00,0x55,0x55,0x55,0x55,0x55,0x55,0x55,0x40,0x00,0x00,0x00,0x00,0x00,0x00,
  0x00,0x1A,0xA9,0x00,0x00,0x00,0x00,0x00,0x00,0x00,0x00,0x1F,0xFD,0x00,0x00,0x00,
  0x03,0xFF,0xC0,0x00,0x00,0x1F,0xFD,0x00,0x00,0x00,0x03,0xFF,0xC0,0x00,0x00,0x1F,
  0xFD,0x00,0x00,0x00,0x03,0xFF,0xC0,0x00,0x00,0x1F,0xFD,0x00,0x00,0x00,0x03,0xFF,
  0xC0,0x00,0x00,0x1F,0xFD,0x00,0x00,0x00,0x03,0xFF,0xC0,0x00,0x00,0x1F,0xFD,0x00,
  0x00,0x00,0x07,0xFF,0xC0,0x00,0x00,0x1F,0xFD,0x00,0x00,0x00,0x07,0xFF,0xC0,0x00,
  0x00,0x1F,0xFD,0x00,0x00,0x00,0x0B,0xFF,0xD0,0x00,0x00,0x1F,0xFD,0x00,0x00,0x00,
  0x0F,0xFF,0xE0,0x00,0x00,0x1F,0xFD,0x00,0x00,0x00,0x1F,0xFF,0xF4,0x00,0x00,0x1F,
  0xFD,0x00,0x00,0x00,0x2F,0xFF,0xF8,0x00,0x00,0x1F,0xFD,0x00,0x00,0x00,0x7F,0xFF,
  0xFE,0x00,0x00,0x1F,0xFD,0x00,0x00,0x01,0xFF,0xFF,0xFF,0x40,0x00,0x1F,0xFD,0x00,
  0x00,0x07,0xFF,0xD7,0xFF,0xE0,0x00,0x1F,0xFD,0x00,0x00,0x1F,0xFF,0x82,0xFF,0xFD,
  0x00,0x1F,0xFD,0x00,0x00,0xBF,0xFF,0x40,0xFF,0xFF,0x90,0x1F,0xFD,0x00,0x1B,0xFF,
  0xFD,0x00,0x3F,0xFF,0xF4,0x1F,0xFD,0x00,0x2F,0xFF,0xF4,0x00,0x0B,0xFF,0xE0,0x1F,
  0xFD,0x00,0x0F,0xFF,0xD0,0x00,0x02,0xFF,0xC0,0x1F,0xFD,0x00,0x07,0xFE,0x00,0x00,
  0x00,0x2F,0x40,0x1F,0xFD,0x00,0x02,0xE4,0x00,0x00,0x00,0x01,0x00,0x1F,0xFD,0x00,
  0x00,0x40,0x00,0x00,0x00,0x00,0x00,0x1F,0xFD,0x00,0x00,0x00,0x00,0x00,0x00,0x00,
  0x00,0x05,0x55,0x00,0x00,0x00,0x00,0x01,0x6A,0xBA,0xA5,0x00,0x00,0x00,0x00,0x00,
  0x00,0x6F,0xFF,0xFF,0xFF,0xE4,0x00,0x00,0x00,0x00,0x06,0xFF,0xFF,0xFF,0xFF,0xFF,
  0x40,0x00,0x00,0x00,0x1F,0xFF,0xFF,0xFF,0xFF,0xFF,0xE0,0x00,0x00,0x00,0x7F,0xFF,
  0xFA,0xAA,0xBF,0xFF,0xF4,0x00,0x00,0x00,0xBF,0xFD,0x00,0x00,0x01,0xBF,0xFC,0x00,
  0x00,0x01,0xFF,0xE0,0x00,0x00,0x00,0x2F,0xFD,0x00,0x00,0x01,0xFF,0xD0,0x00,0x00,
  0x00,0x0F,0xFE,0x00,0x00,0x01,0xFF,0xD0,0x00,0x00,0x00,0x0F,0xFE,0x00,0x00,0x01,
  0xFF,0xE0,0x00,0x00,0x00,0x2F,0xFD,0x00,0x00,0x00,0xFF,0xF9,0x00,0x00,0x01,0xBF,
  0xFC,0x00,0x00,0x00,0x7F,0xFF,0xEA,0x56,0xAF,0xFF,0xF8,0x00,0x00,0x00,0x2F,0xFF,
  0xFF,0xFF,0xFF,0xFF,0xE0,0x00,0x00,0x00,0x07,0xFF,0xFF,0xFF,0xFF,0xFF,0x40,0x00,
  0x00,0x00,0x00,0x7F,0xFF,0xFF,0xFF,0xF8,0x00,0x00,0x00,0x00,0x00,0x01,0xAF,0xFF,
  0xE9,0x40,0x00,0x00,0x00,0x00,0x00,0x00,0x00,0x00,0x01,0xAA,0x90,0x00,0x00,0x00,
  0x00,0x00,0x00,0x00,0x01,0xFF,0xD0,0x00,0x00,0x00,0x00,0x00,0x00,0x00,0x01,0xFF,
  0xD0,0x00,0x00,0x00,0x1A,0xA9,0x00,0x00,0x01,0xFF,0xD0,0x00,0x00,0x02,0xFF,0xFF,
  0x90,0x00,0x01,0xFF,0xD0,0x00,0x00,0x0F,0xFF,0xFF,0xF4,0x00,0x01,0xFF,0xD0,0x00,
  0x00,0x3F,0xFF,0xFF,0xFD,0x00,0x01,0xFF,0xD0,0x00,0x00,0xBF,0xFF,0xFF,0xFF,0x40,
  0x01,0xFF,0xD0,0x00,0x01,0xFF,0xF9,0x6F,0xFF,0x80,0x01,0xFF,0xD0,0x00,0x03,0xFF,
  0xD0,0x03,0xFF,0xD0,0x01,0xFF,0xD0,0x00,0x07,0xFF,0x80,0x00,0xFF,0xE0,0x01,0xFF,
  0xD0,0x00,0x0B,0xFF,0x00,0x00,0xBF,0xF0,0x01,0xFF,0xD0,0x00,0x0F,0xFE,0x00,0x00,
  0x7F,0xF4,0x01,0xFF,0xD0,0x00,0x0F,0xFD,0x00,0x00,0x3F,0xF8,0x01,0xFF,0xD0,0x00,
  0x1F,0xFD,0x00,0x00,0x2F,0xF8,0x01,0xFF,0xD0,0x00,0x1F,0xFC,0x00,0x00,0x2F,0xFC,
  0x01,0xFF,0xE5,0x54,0x1F,0xFC,0x00,0x00,0x2F,0xFC,0x01,0xFF,0xFF,0xFD,0x2F,0xFC,
  0x00,0x00,0x2F,0xFC,0x01,0xFF,0xFF,0xFD,0x2F,0xFC,0x00,0x00,0x2F,0xFC,0x01,0xFF,
  0xFF,0xFD,0x1F,0xFC,0x00,0x00,0x2F,0xFC,0x01,0xFF,0xFF,0xFD,0x1F,0xFC,0x00,0x00,
  0x2F,0xF8,0x01,0xFF,0xE5,0x55,0x1F,0xFD,0x00,0x00,0x3F,0xF8,0x01,0xFF,0xD0,0x00,
  0x0F,0xFE,0x00,0x00,0x3F,0xF4,0x01,0xFF,0xD0,0x00,0x0B,0xFF,0x00,0x00,0x7F,0xF4,
  0x01,0xFF,0xD0,0x00,0x07,0xFF,0x40,0x00,0xFF,0xF0,0x01,0xFF,0xD0,0x00,0x03,0xFF,
  0xC0,0x02,0xFF,0xD0,0x01,0xFF,0xD0,0x00,0x02,0xFF,0xF4,0x0B,0xFF,0xC0,0x01,0xFF,
  0xD0,0x00,0x00,0xFF,0xFF,0xFF,0xFF,0x40,0x01,0xFF,0xD0,0x00,0x00,0x7F,0xFF,0xFF,
  0xFE,0x00,0x01,0xFF,0xD0,0x00,0x00,0x1F,0xFF,0xFF,0xF8,0x00,0x01,0xFF,0xD0,0x00,
  0x00,0x07,0xFF,0xFF,0xE0,0x00,0x01,0xFF,0xD0,0x00,0x00,0x00,0xBF,0xFE,0x40,0x00,
  0x01,0xFF,0xD0,0x00,0x00,0x00,0x01,0x40,0x00,0x00,0x01,0xFF,0xD0,0x00,0x00,0x00,
  0x00,0x00,0x00,0x00,0x01,0xFF,0xD0,0x00,0x00,0x00,0x00,0x00,0x00,0x00,0x01,0xFF,
  0xD0,0x00,0x00,0x00,0x00,0x00,0x00,0x00,0x01,0xFF,0xD0,0x00,0x00,0x00,0x00,0x00,
  0x00,0x00,0x01,0xFF,0xD0,0x00,0x00,0x00,0x00,0x00,0x00,0x00,0x01,0xFF,0xD0,0x00,
  0x00,0x00,0x00,0x00,0x00,0x00,0x01,0xFF,0xD0,0x00,0x00,0x00,0x00,0x00,0x00,0x00,
  0x01,0xFF,0xD0,0x00,0x00,0x00,0x00,0x00,0x00,0x00,0x01,0xFF,0xD0,0x00,0x00,0x00,
  0x00,0x00,0x00,0x00,0x00,0x00,0x00,0x00,0x00,0x00,0x00,0x00,0x00,0x00,0x00,0xAA,
  0x90,0x00,0x00,0x00,0x00,0x00,0x00,0x00,0x00,0xFF,0xE0,0x00,0x00,0x00,0x00,0x00,
  0x00,0x00,0x00,0xFF,0xE0,0x00,0x00,0x00,0x6F,0xFE,0x40,0x00,0x00,0xFF,0xE0,0x00,
  0x00,0x07,0xFF,0xFF,0xF8,0x00,0x00,0xFF,0xE0,0x00,0x00,0x2F,0xFF,0xFF,0xFF,0x40,
  0x00,0xFF,0xE0,0x00,0x00,0xBF,0xFF,0xFF,0xFF,0xD0,0x00,0xFF,0xE0,0x00,0x02,0xFF,
  0xFF,0xFF,0xFF,0xF0,0x00,0xFF,0xE0,0x00,0x07,0xFF,0xE4,0x06,0xFF,0xF8,0x00,0xFF,
  0xE0,0x00,0x0B,0xFF,0x80,0x00,0x7F,0xFC,0x00,0xFF,0xE0,0x00,0x0F,0xFF,0x00,0x00,
  0x2F,0xFD,0x00,0xFF,0xE0,0x00,0x1F,0xFD,0x00,0x00,0x0F,0xFE,0x00,0xFF,0xE0,0x00,
  0x1F,0xFD,0x00,0x00,0x0F,0xFE,0x00,0xFF,0xFF,0xFD,0x2F,0xFD,0x00,0x00,0x0B,0xFE,
  0x00,0xFF,0xFF,0xFD,0x1F,0xFD,0x00,0x00,0x0F,0xFE,0x00,0xFF,0xFF,0xFD,0x1F,0xFE,
  0x00,0x00,0x1F,0xFE,0x00,0xFF,0xFF,0xFD,0x0F,0xFF,0x40,0x00,0x2F,0xFD,0x00,0xFF,
  0xFA,0xA8,0x0B,0xFF,0xD0,0x00,0xBF,0xFC,0x00,0xFF,0xE0,0x00,0x03,0xFF,0xFA,0x5B,
  0xFF,0xF4,0x00,0xFF,0xE0,0x00,0x01,0xFF,0xFF,0xFF,0xFF,0xE0,0x00,0xFF,0xE0,0x00,
  0x00,0x7F,0xFF,0xFF,0xFF,0x80,0x00,0xFF,0xE0,0x00,0x00,0x1F,0xFF,0xFF,0xFE,0x00,
  0x00,0xFF,0xE0,0x00,0x00,0x02,0xFF,0xFF,0xE4,0x00,0x00,0xFF,0xE0,0x00,0x00,0x00,
  0x16,0xA9,0x00,0x00,0x00,0xFF,0xE0,0x00,0x00,0x00,0x00,0x00,0x00,0x00,0x00,0xFF,
  0xE0,0x00,0x00,0x00,0x00,0x00,0x00,0x00,0x00,0xFF,0xE0,0x00,0x00,0x00,0x00,0x00,
  0x00,0x00,0x00,0xFF,0xE0,0x00,0x00,0x03,0xFF,0xC0,0x00,0x00,0x00,0xFF,0xE0,0x00,
  0x00,0x03,0xFF,0xC0,0x00,0x00,0x00,0xFF,0xE0,0x00,0x00,0x03,0xFF,0xC0,0x00,0x00,
  0x00,0xFF,0xE0,0x00,0x00,0x03,0xFF,0xC0,0x00,0x00,0x00,0x00,0x00,0x00,0x00,0x03,
  0xFF,0xC0,0x00,0x00,0x00,0x00,0x00,0x00,0x00,0x03,0xFF,0xC0,0x00,0x00,0x00,0x00,
  0x00,0x00,0x00,0x03,0xFF,0xC0,0x00,0x00,0x00,0x00,0x00,0x00,0x00,0x03,0xFF,0xC0,
  0x00,0x00,0x00,0x00,0x00,0x00,0x00,0x03,0xFF,0xC0,0x00,0x00,0x00,0x00,0x00,0x00,
  0x00,0x03,0xFF,0xFF,0xFF,0xFF,0xFF,0xFF,0xFC,0x00,0x00,0x03,0xFF,0xFF,0xFF,0xFF,
  0xFF,0xFF,0xFC,0x00,0x00,0x03,0xFF,0xFF,0xFF,0xFF,0xFF,0xFF,0xFC,0x00,0x00,0x03,
  0xFF,0xFF,0xFF,0xFF,0xFF,0xFF,0xFC,0x00,0x00,0x01,0x55,0x55,0x55,0x55,0x55,0x55,
  0x54,0x00,0x00,0x00,0x00,0x00,0x00,0x00,0x00,0xAA,0x90,0x00,0x00,0x00,0x05,0x94,
  0x00,0x00,0x00,0xFF,0xE0,0x00,0x00,0x02,0xFF,0xFF,0xE0,0x00,0x00,0xFF,0xE0,0x00,
  0x00,0x2F,0xFF,0xFF,0xFD,0x00,0x00,0xFF,0xE0,0x00,0x00,0xBF,0xFF,0xFF,0xFF,0x80,
  0x00,0xFF,0xE0,0x00,0x02,0xFF,0xFF,0xFF,0xFF,0xE0,0x00,0xFF,0xE0,0x00,0x07,0xFF,
  0xF5,0x57,0xFF,0xF4,0x00,0xFF,0xE0,0x00,0x0F,0xFF,0x80,0x00,0xBF,0xF8,0x00,0xFF,
  0xE0,0x00,0x1F,0xFE,0x00,0x00,0x2F,0xFC,0x00,0xFF,0xFA,0xA8,0x1F,0xFD,0x00,0x00,
  0x1F,0xFD,0x00,0xFF,0xFF,0xFD,0x1F,0xFC,0x00,0x00,0x1F,0xFD,0x00,0xFF,0xFF,0xFD,
  0x1F,0xFD,0x00,0x00,0x1F,0xFD,0x00,0xFF,0xFF,0xFD,0x1F,0xFD,0x00,0x00,0x2F,0xFD,
  0x00,0xFF,0xFF,0xFC,0x0F,0xFF,0x00,0x00,0x7F,0xFC,0x00,0xFF,0xE0,0x00,0x0B,0xFF,
  0xD0,0x01,0xFF,0xF8,0x00,0xFF,0xE0,0x00,0x03,0xFF,0xFE,0xAF,0xFF,0xF0,0x00,0xFF,
  0xE0,0x00,0x01,0xFF,0xFF,0xFF,0xFF,0xD0,0x00,0xFF,0xE0,0x00,0x00,0x7F,0xFF,0xFF,
  0xFF,0x40,0x00,0xFF,0xE0,0x00,0x00,0x0B,0xFF,0xFF,0xF8,0x00,0x00,0xFF,0xE0,0x00,
  0x00,0x00,0x6F,0xFA,0x40,0x00,0x00,0xFF,0xE0,0x00,0x00,0x00,0x00,0x00,0x00,0x00,
  0x00,0xAA,0x90,0x00,0x00,0x00,0x00,0x00,0x00,0x00,0x00,0x00,0x00,0x00,0x00,0x06,
  0xAA,0xAA,0xAA,0xAA,0xAA,0xAA,0x90,0x00,0x00,0x07,0xFF,0xFF,0xFF,0xFF,0xFF,0xFF,
  0xE0,0x00,0x00,0x07,0xFF,0xFF,0xFF,0xFF,0xFF,0xFF,0xE0,0x00,0x00,0x07,0xFF,0xFF,
  0xFF,0xFF,0xFF,0xFF,0xE0,0x00,0x00,0x06,0xAA,0xAA,0xAA,0xAA,0xAA,0xFF,0xE0,0x00,
  0x00,0x00,0x00,0x00,0x00,0x00,0x00,0xFF,0xE0,0x00,0x00,0x00,0x00,0x00,0x00,0x00,
  0x00,0xFF,0xE0,0x00,0x00,0x06,0xAA,0xAA,0xAA,0xAA,0xAA,0xFF,0xE0,0x00,0x00,0x07,
  0xFF,0xFF,0xFF,0xFF,0xFF,0xFF,0xE0,0x00,0x00,0x07,0xFF,0xFF,0xFF,0xFF,0xFF,0xFF,
  0xE0,0x00,0x00,0x07,0xFF,0xFF,0xFF,0xFF,0xFF,0xFF,0xE0,0x00,0x00,0x07,0xFF,0x95,
  0x55,0x55,0x55,0x55,0x50,0x00,0x00,0x07,0xFF,0x40,0x00,0x00,0x00,0x00,0x00,0x00,
  0x00,0x07,0xFF,0x40,0x00,0x00,0x00,0x00,0x00,0x00,0x00,0x07,0xFF,0xEA,0xAA,0xAA,
  0xAA,0xAA,0xA8,0x00,0x00,0x07,0xFF,0xFF,0xFF,0xFF,0xFF,0xFF,0xF8,0x00,0x00,0x07,
  0xFF,0xFF,0xFF,0xFF,0xFF,0xFF,0xF8,0x00,0x00,0x07,0xFF,0xFF,0xFF,0xFF,0xFF,0xFF,
  0xF8,0x00,0x00,0x06,0xAA,0xAA,0xAA,0xAA,0xAA,0xAA,0xA8,0x00,0x00,0x00,0x00,0x00,
  0x00,0x00,0x00,0x0A,0xAA,0x00,0x00,0x00,0x00,0x00,0x00,0x00,0x00,0x0F,0xFE,0x00,
  0x00,0x00,0x00,0x00,0x00,0x00,0x00,0x0F,0xFE,0x00,0x00,0x00,0x1A,0xA9,0x00,0x00,
  0x00,0x0F,0xFE,0x00,0x00,0x01,0xFF,0xFF,0xD0,0x00,0x00,0x0F,0xFE,0x00,0x00,0x0B,
  0xFF,0xFF,0xF8,0x00,0x00,0x0F,0xFE,0x00,0x00,0x2F,0xFF,0xFF,0xFE,0x00,0x00,0x0F,
  0xFE,0x00,0x00,0x7F,0xFF,0xFF,0xFF,0x40,0x00,0x0F,0xFE,0x00,0x00,0xFF,0xFD,0x5F,
  0xFF,0xC0,0x00,0x0F,0xFE,0x00,0x02,0xFF,0xE0,0x02,0xFF,0xD0,0x00,0x0F,0xFE,0x00,
  0x03,0xFF,0xC0,0x00,0xFF,0xF0,0x00,0x0F,0xFE,0x00,0x07,0xFF,0x40,0x00,0x7F,0xF4,
  0x00,0x0F,0xFE,0x00,0x0B,0xFF,0x00,0x00,0x3F,0xF4,0x00,0x0F,0xFE,0x00,0x0B,0xFE,
  0x00,0x00,0x2F,0xF8,0x00,0x0F,0xFE,0x00,0x0F,0xFE,0x00,0x00,0x2F,0xFC,0x00,0x0F,
  0xFE,0x00,0x0F,0xFD,0x00,0x00,0x2F,0xFF,0xFF,0xFF,0xFE,0x00,0x0F,0xFD,0x00,0x00,
  0x1F,0xFF,0xFF,0xFF,0xFE,0x00,0x0F,0xFD,0x00,0x00,0x1F,0xFF,0xFF,0xFF,0xFE,0x00,
  0x0F,0xFD,0x00,0x00,0x1F,0xFF,0xFF,0xFF,0xFE,0x00,0x0F,0xFD,0x00,0x00,0x1F,0xFE,
  0xAA,0xAF,0xFE,0x00,0x0F,0xFE,0x00,0x00,0x2F,0xFC,0x00,0x0F,0xFE,0x00,0x0B,0xFE,
  0x00,0x00,0x2F,0xF8,0x00,0x0F,0xFE,0x00,0x0B,0xFF,0x00,0x00,0x3F,0xF8,0x00,0x0F,
  0xFE,0x00,0x07,0xFF,0x40,0x00,0x7F,0xF4,0x00,0x0F,0xFE,0x00,0x03,0xFF,0x80,0x00,
  0xBF,0xF0,0x00,0x0F,0xFE,0x00,0x02,0xFF,0xD0,0x01,0xFF,0xE0,0x00,0x0F,0xFE,0x00,
  0x01,0xFF,0xF8,0x0B,0xFF,0xD0,0x00,0x0F,0xFE,0x00,0x00,0xBF,0xFF,0xFF,0xFF,0x80,
  0x00,0x0F,0xFE,0x00,0x00,0x3F,0xFF,0xFF,0xFF,0x00,0x00,0x0F,0xFE,0x00,0x00,0x1F,
  0xFF,0xFF,0xFC,0x00,0x00,0x0F,0xFE,0x00,0x00,0x02,0xFF,0xFF,0xE0,0x00,0x00,0x0F,
  0xFE,0x00,0x00,0x00,0x6F,0xFE,0x40,0x00,0x00,0x0F,0xFE,0x00,0x00,0x00,0x01,0x50,
  0x00,0x00,0x00,0x0F,0xFE,0x00,0x00,0x00,0x00,0x00,0x00,0x00,0x00,0x0F,0xFE,0x00,
  0x00,0x00,0x00,0x00,0x00,0x00,0x00,0x0F,0xFE,0x00,0x00,0x00,0x00,0x00,0x00,0x00,
  0x00,0x0F,0xFE,0x00,0x00,0x00,0x00,0x00,0x00,0x00,0x00,0x0F,0xFE,0x00,0x00,0x00,
  0x00,0x00,0x00,0x00,0x00,0x0F,0xFE,0x00,0x00,0x00,0x00,0x00,0x00,0x00,0x00,0x0F,
  0xFE,0x00,0x00,0x00,0x00,0x00,0x00,0x00,0x00,0x0F,0xFE,0x00,0x00,0x00,0x00,0x00,
  0x00,0x00,0x00,0x0F,0xFE,0x00,0x00,0x00,0x00,0x00,0x00,0x00,0x00,0x05,0x54,0x00,
  0x00,0x00,0x00,0x00,0x00,0x00,0x00,0x02,0xAA,0x40,0x00,0x00,0x00,0x00,0x00,0x07,
  0xFF,0x02,0xFF,0x80,0x00,0x00,0x00,0x00,0x00,0x07,0xFF,0x02,0xFF,0x80,0x00,0x00,
  0xAA,0x40,0x00,0x07,0xFF,0x02,0xFF,0x80,0x00,0x0B,0xFF,0xF8,0x00,0x07,0xFF,0x02,
  0xFF,0x80,0x00,0x2F,0xFF,0xFE,0x00,0x07,0xFF,0x02,0xFF,0x80,0x00,0xBF,0xFF,0xFF,
  0x80,0x07,0xFF,0x02,0xFF,0x80,0x01,0xFF,0xFF,0xFF,0xD0,0x07,0xFF,0x02,0xFF,0x80,
  0x02,0xFF,0xEB,0xFF,0xE0,0x07,0xFF,0x02,0xFF,0x80,0x03,0xFF,0x80,0xBF,0xF0,0x07,
  0xFF,0x02,0xFF,0x80,0x07,0xFF,0x00,0x3F,0xF4,0x07,0xFF,0x02,0xFF,0x80,0x0B,0xFE,
  0x00,0x2F,0xF8,0x07,0xFF,0x02,0xFF,0x80,0x0F,0xFD,0x00,0x1F,0xFC,0x07,0xFF,0x02,
  0xFF,0x80,0x0F,0xFC,0x00,0x0F,0xFC,0x07,0xFF,0x02,0xFF,0x80,0x1F,0xFC,0x00,0x0F,
  0xFD,0x07,0xFF,0x02,0xFF,0x80,0x1F,0xFC,0x00,0x0F,0xFE,0xAB,0xFF,0x02,0xFF,0x80,
  0x1F,0xFC,0x00,0x0F,0xFF,0xFF,0xFF,0x02,0xFF,0x80,0x1F,0xFC,0x00,0x0B,0xFF,0xFF,
  0xFF,0x02,0xFF,0x80,0x1F,0xFC,0x00,0x0B,0xFF,0xFF,0xFF,0x02,0xFF,0x80,0x1F,0xFC,
  0x00,0x0F,0xFF,0xFF,0xFF,0x02,0xFF,0x80,0x1F,0xFC,0x00,0x0F,0xFD,0x07,0xFF,0x02,
  0xFF,0x80,0x1F,0xFC,0x00,0x0F,0xFD,0x07,0xFF,0x02,0xFF,0x80,0x0F,0xFC,0x00,0x0F,
  0xFC,0x07,0xFF,0x02,0xFF,0x80,0x0F,0xFD,0x00,0x1F,0xFC,0x07,0xFF,0x02,0xFF,0x80,
  0x0B,0xFE,0x00,0x2F,0xF8,0x07,0xFF,0x02,0xFF,0x80,0x07,0xFF,0x00,0x3F,0xF4,0x07,
  0xFF,0x02,0xFF,0x80,0x03,0xFF,0x80,0xBF,0xF0,0x07,0xFF,0x02,0xFF,0x80,0x02,0xFF,
  0xFB,0xFF,0xE0,0x07,0xFF,0x02,0xFF,0x80,0x01,0xFF,0xFF,0xFF,0xC0,0x07,0xFF,0x02,
  0xFF,0x80,0x00,0xBF,0xFF,0xFF,0x80,0x07,0xFF,0x02,0xFF,0x80,0x00,0x2F,0xFF,0xFE,
  0x00,0x07,0xFF,0x02,0xFF,0x80,0x00,0x0B,0xFF,0xF8,0x00,0x07,0xFF,0x02,0xFF,0x80,
  0x00,0x00,0xAA,0x80,0x00,0x07,0xFF,0x02,0xFF,0x80,0x00,0x00,0x00,0x00,0x00,0x07,
  0xFF,0x02,0xFF,0x80,0x00,0x00,0x00,0x00,0x00,0x07,0xFF,0x02,0xFF,0x80,0x00,0x00,
  0x00,0x00,0x00,0x07,0xFF,0x02,0xFF,0x80,0x00,0x00,0x00,0x00,0x00,0x07,0xFF,0x02,
  0xFF,0x80,0x00,0x00,0x00,0x00,0x00,0x07,0xFF,0x02,0xFF,0x80,0x00,0x00,0x00,0x00,
  0x00,0x07,0xFF,0x02,0xFF,0x80,0x00,0x00,0x00,0x00,0x00,0x01,0x55,0x02,0xFF,0x80,
  0x00,0x00,0x00,0x00,0x00,0x00,0x00,0x02,0xFF,0x80,0x00,0x00,0x00,0x00,0x00,0x00,
  0x00,0x00,0x00,0x00,0x00,0x00,0x00,0x00,0x00,0x00,0x00,0x0A,0xA9,0x00,0x00,0x00,
  0x00,0x00,0x00,0x00,0x00,0x0F,0xFE,0x00,0x00,0x00,0x01,0x50,0x00,0x00,0x00,0x0F,
  0xFE,0x00,0x00,0x00,0xBF,0xFF,0x90,0x00,0x00,0x0F,0xFE,0x00,0x00,0x0B,0xFF,0xFF,
  0xF8,0x00,0x00,0x0F,0xFE,0x00,0x00,0x2F,0xFF,0xFF,0xFF,0x00,0x00,0x0F,0xFE,0x00,
  0x00,0xBF,0xFF,0xFF,0xFF,0xFF,0xFF,0xFF,0xFE,0x00,0x02,0xFF,0xFF,0xBF,0xFF,0xFF,
  0xFF,0xFF,0xFE,0x00,0x07,0xFF,0xE4,0x02,0xFF,0xFF,0xFF,0xFF,0xFE,0x00,0x0B,0xFF,
  0x80,0x00,0x7F,0xFF,0xFF,0xFF,0xFE,0x00,0x0F,0xFF,0x00,0x00,0x2F,0xFE,0xAA,0xAF,
  0xFE,0x00,0x0F,0xFD,0x00,0x00,0x1F,0xFD,0x00,0x0F,0xFE,0x00,0x1F,0xFD,0x00,0x00,
  0x1F,0xFD,0x00,0x0F,0xFE,0x00,0x1F,0xFD,0x00,0x00,0x0F,0xFD,0x00,0x0F,0xFE,0x00,
  0x0F,0xFD,0x00,0x00,0x1F,0xFD,0x00,0x0F,0xFE,0x00,0x0F,0xFE,0x00,0x00,0x1F,0xFD,
  0x00,0x0F,0xFE,0x00,0x0B,0xFF,0x40,0x00,0x3F,0xFF,0xFF,0xFF,0xFE,0x00,0x07,0xFF,
  0xD0,0x00,0xBF,0xFF,0xFF,0xFF,0xFE,0x00,0x03,0xFF,0xF9,0x5B,0xFF,0xFF,0xFF,0xFF,
  0xFE,0x00,0x01,0xFF,0xFF,0xFF,0xFF,0xFF,0xFF,0xFF,0xFE,0x00,0x00,0x7F,0xFF,0xFF,
  0xFF,0x95,0x55,0x5F,0xFE,0x00,0x00,0x1F,0xFF,0xFF,0xFD,0x00,0x00,0x0F,0xFE,0x00,
  0x00,0x02,0xFF,0xFF,0xE0,0x00,0x00,0x0F,0xFE,0x00,0x00,0x00,0x1A,0xA9,0x00,0x00,
  0x00,0x0F,0xFE,0x00,0x00,0x00,0x00,0x00,0x00,0x00,0x00,0x0F,0xFE,0x00,0x00,0x00,
  0x00,0x00,0x00,0x00,0x00,0x0F,0xFE,0x00,0x00,0x00,0x00,0x00,0x00,0x00,0x00,0x0F,
  0xFE,0x00,0x00,0x00,0x6A,0xA4,0x00,0x00,0x00,0x0F,0xFE,0x00,0x00,0x00,0x7F,0xF4,
  0x00,0x00,0x00,0x0F,0xFE,0x00,0x00,0x00,0x7F,0xF4,0x00,0x00,0x00,0x0F,0xFE,0x00,
  0x00,0x00,0x7F,0xF4,0x00,0x00,0x00,0x05,0x54,0x00,0x00,0x00,0x7F,0xF4,0x00,0x00,
  0x00,0x00,0x00,0x00,0x00,0x00,0x7F,0xF4,0x00,0x00,0x00,0x00,0x00,0x00,0x00,0x00,
  0x7F,0xF4,0x00,0x00,0x00,0x00,0x00,0x00,0x00,0x00,0x7F,0xF4,0x00,0x00,0x00,0x00,
  0x00,0x00,0x00,0x00,0x7F,0xF4,0x00,0x00,0x00,0x00,0x00,0x00,0x00,0x00,0x7F,0xFF,
  0xFF,0xFF,0xFF,0xFF,0xFF,0x80,0x00,0x00,0x7F,0xFF,0xFF,0xFF,0xFF,0xFF,0xFF,0x80,
  0x00,0x00,0x7F,0xFF,0xFF,0xFF,0xFF,0xFF,0xFF,0x80,0x00,0x00,0x7F,0xFF,0xFF,0xFF,
  0xFF,0xFF,0xFF,0x80,0x00,0x00,0x55,0x55,0x55,0x55,0x55,0x55,0x55,0x40,0x00,0x00,
  0x00,0x00,0x55,0x55,0x00,0x00,0x00,0x00,0x00,0x00,0x05,0xBF,0xFF,0xFF,0xFA,0x40,
  0x00,0x00,0x00,0x00,0x6F,0xFF,0xFF,0xFF,0xFF,0xF8,0x00,0x00,0x00,0x02,0xFF,0xFF,
  0xFF,0xFF,0xFF,0xFF,0x80,0x00,0x00,0x0F,0xFF,0xFF,0xFF,0xFF,0xFF,0xFF,0xE0,0x00,
  0x00,0x2F,0xFF,0x94,0x00,0x00,0x1B,0xFF,0xF4,0x00,0x00,0x3F,0xFD,0x00,0x00,0x00,
  0x00,0xBF,0xF8,0x00,0x00,0x3F,0xFC,0x00,0x00,0x00,0x00,0x7F,0xF8,0x00,0x00,0x3F,
  0xFD,0x00,0x00,0x00,0x00,0xBF,0xF8,0x00,0x00,0x2F,0xFF,0x40,0x00,0x00,0x06,0xFF,
  0xF4,0x00,0x00,0x0F,0xFF,0xFE,0xAA,0xAA,0xFF,0xFF,0xE0,0x00,0x00,0x07,0xFF,0xFF,
  0xFF,0xFF,0xFF,0xFF,0x80,0x00,0x00,0x00,0xBF,0xFF,0xFF,0xFF,0xFF,0xFD,0x00,0x00,
  0x00,0x00,0x06,0xFF,0xFF,0xFF,0xFF,0x90,0x00,0x00,0x00,0x00,0x00,0x05,0x6A,0xA9,
  0x50,0x00,0x00,0x00,0x00,0x00,0x00,0x00,0x00,0x00,0x00,0x00,0x00,0x00,0x1A,0xAA,
  0xAA,0xAA,0xAA,0xAA,0xAA,0xAA,0xAA,0xA4,0x2F,0xFF,0xFF,0xFF,0xFF,0xFF,0xFF,0xFF,
  0xFF,0xF4,0x2F,0xFF,0xFF,0xFF,0xFF,0xFF,0xFF,0xFF,0xFF,0xF4,0x2F,0xFF,0xFF,0xFF,
  0xFF,0xFF,0xFF,0xFF,0xFF,0xF4,0x2F,0xFF,0xFF,0xFF,0xFF,0xFF,0xFF,0xFF,0xFF,0xF4,
  0x00,0x00,0x00,0x00,0x3F,0xF8,0x00,0x00,0x00,0x00,0x00,0x00,0x00,0x00,0x3F,0xF8,
  0x00,0x00,0x00,0x00,0x00,0x05,0x55,0x55,0x7F,0xF9,0x55,0x55,0x50,0x00,0x00,0x1F,
  0xFF,0xFF,0xFF,0xFF,0xFF,0xFF,0xF0,0x00,0x00,0x1F,0xFF,0xFF,0xFF,0xFF,0xFF,0xFF,
  0xF0,0x00,0x00,0x1F,0xFF,0xFF,0xFF,0xFF,0xFF,0xFF,0xF0,0x00,0x00,0x1F,0xFF,0xFF,
  0xFF,0xFF,0xFF,0xFF,0xF0,0x00,0x00,0x00,0x00,0x00,0x00,0x00,0x00,0xBF,0xF0,0x00,
  0x00,0x00,0x00,0x00,0x00,0x00,0x00,0xBF,0xF0,0x00,0x00,0x1F,0xFF,0xFF,0xFF,0xFF,
  0xFF,0xFF,0xF0,0x00,0x00,0x1F,0xFF,0xFF,0xFF,0xFF,0xFF,0xFF,0xF0,0x00,0x00,0x1F,
  0xFF,0xFF,0xFF,0xFF,0xFF,0xFF,0xF0,0x00,0x00,0x1F,0xFF,0xFF,0xFF,0xFF,0xFF,0xFF,
  0xF0,0x00,0x00,0x1F,0xFD,0x00,0x00,0x00,0x00,0x00,0x00,0x00,0x00,0x1F,0xFD,0x00,
  0x00,0x00,0x00,0x00,0x00,0x00,0x00,0x1F,0xFE,0x55,0x55,0x55,0x55,0x55,0x54,0x00,
  0x00,0x1F,0xFF,0xFF,0xFF,0xFF,0xFF,0xFF,0xFC,0x00,0x00,0x1F,0xFF,0xFF,0xFF,0xFF,
  0xFF,0xFF,0xFC,0x00,0x00,0x1F,0xFF,0xFF,0xFF,0xFF,0xFF,0xFF,0xFC,0x00,0x00,0x1F,
  0xFF,0xFF,0xFF,0xFF,0xFF,0xFF,0xFC,0x00,0x00,0x00,0x00,0x00,0x00,0x00,0x00,0x01,
  0xAA,0x80,0x00,0x00,0x00,0x00,0x00,0x02,0xFF,0xC1,0xFF,0xC0,0x00,0x00,0x15,0x50,
  0x00,0x02,0xFF,0xC1,0xFF,0xC0,0x00,0x02,0xFF,0xFE,0x00,0x02,0xFF,0xC1,0xFF,0xC0,
  0x00,0x2F,0xFF,0xFF,0xE0,0x02,0xFF,0xC1,0xFF,0xC0,0x00,0xBF,0xFF,0xFF,0xF8,0x02,
  0xFF,0xC1,0xFF,0xC0,0x02,0xFF,0xFE,0xFF,0xFD,0x02,0xFF,0xC1,0xFF,0xC0,0x03,0xFF,
  0x90,0x1F,0xFF,0x02,0xFF,0xC1,0xFF,0xC0,0x07,0xFF,0x00,0x03,0xFF,0x42,0xFF,0xC1,
  0xFF,0xC0,0x0B,0xFE,0x00,0x02,0xFF,0x42,0xFF,0xC1,0xFF,0xC0,0x0B,0xFD,0x00,0x02,
  0xFF,0x82,0xFF,0xC1,0xFF,0xC0,0x0B,0xFE,0x00,0x02,0xFF,0x42,0xFF,0xC1,0xFF,0xC0,
  0x07,0xFF,0x40,0x07,0xFF,0x42,0xFF,0xC1,0xFF,0xC0,0x03,0xFF,0xE5,0x6F,0xFE,0x02,
  0xFF,0xC1,0xFF,0xC0,0x01,0xFF,0xFF,0xFF,0xFD,0x02,0xFF,0xC1,0xFF,0xC0,0x00,0x7F,
  0xFF,0xFF,0xF4,0x02,0xFF,0xC1,0xFF,0xC0,0x00,0x1B,0xFF,0xFF,0x80,0x02,0xFF,0xC1,
  0xFF,0xC0,0x00,0x01,0xBF,0xF9,0x00,0x02,0xFF,0xC1,0xFF,0xC0,0x00,0x00,0x00,0x00,
  0x00,0x02,0xFF,0xC1,0xFF,0xC0,0x00,0x00,0x00,0x00,0x56,0x92,0xFF,0xC1,0xFF,0xC0,
  0x6A,0xAB,0xFF,0xFF,0xFF,0xE2,0xFF,0xC1,0xFF,0xC0,0x7F,0xFF,0xFF,0xFF,0xFF,0xE2,
  0xFF,0xC1,0xFF,0xC0,0x3F,0xFF,0xFF,0xFF,0xFF,0xE2,0xFF,0xC1,0xFF,0xC0,0x3F,0xFF,
  0xFF,0xFF,0xFE,0x92,0xFF,0xC1,0xFF,0xC0,0x2F,0xFE,0xFF,0xF5,0x00,0x02,0xFF,0xC1,
  0xFF,0xC0,0x00,0x00,0x7F,0xF0,0x00,0x02,0xFF,0xC1,0xFF,0xC0,0x00,0x00,0x7F,0xF0,
  0x15,0x56,0xFF,0xC1,0xFF,0xC0,0x00,0x00,0x7F,0xF0,0x3F,0xFF,0xFF,0xC1,0xFF,0xC0,
  0x00,0x00,0x7F,0xF0,0x3F,0xFF,0xFF,0xC1,0xFF,0xC0,0x00,0x00,0x7F,0xF0,0x3F,0xFF,
  0xFF,0xC1,0xFF,0xC0,0x00,0x00,0x7F,0xF0,0x3F,0xFF,0xFF,0xC1,0xFF,0xC0,0x00,0x00,
  0x7F,0xF0,0x00,0x02,0xFF,0xC1,0xFF,0xC0,0x00,0x00,0x7F,0xF0,0x00,0x02,0xFF,0xC1,
  0xFF,0xC0,0x00,0x00,0x7F,0xF0,0x00,0x02,0xFF,0xC1,0xFF,0xC0,0x00,0x00,0x7F,0xF0,
  0x00,0x02,0xFF,0xC1,0xFF,0xC0,0x00,0x00,0x7F,0xF0,0x00,0x02,0xFF,0xC1,0xFF,0xC0,
  0x00,0x00,0x7F,0xF0,0x00,0x02,0xFF,0xC1,0xFF,0xC0,0x00,0x00,0x7F,0xF0,0x00,0x02,
  0xFF,0xC1,0xFF,0xC0,0x00,0x00,0x00,0x00,0x00,0x02,0xFF,0xC1,0xFF,0xC0,0x00,0x00,
  0x00,0x00,0x00,0x00,0x55,0x41,0xFF,0xC0,0x00,0x00,0x00,0x00,0x00,0x00,0x00,0x01,
  0xFF,0xC0,0x00,0x00,0x00,0x00,0x00,0x00,0x00,0x00,0x00,0x00,0x00,0x00,0x00,0x00,
  0x00,0x00,0x00,0x00,0x00,0x00,0x00,0x00,0x01,0x6B,0xFF,0xFF,0xE9,0x00,0x00,0x00,
  0x00,0x00,0x2F,0xFF,0xFF,0xFF,0xFF,0xE4,0x00,0x00,0x00,0x02,0xFF,0xFF,0xFF,0xFF,
  0xFF,0xFF,0x40,0x00,0x00,0x0B,0xFF,0xFF,0xFF,0xFF,0xFF,0xFF,0xD0,0x00,0x00,0x1F,
  0xFF,0xE5,0x00,0x01,0x5B,0xFF,0xF0,0x00,0x00,0x3F,0xFE,0x00,0x00,0x00,0x00,0xFF,
  0xF4,0x00,0x00,0x3F,0xFC,0x00,0x00,0x00,0x00,0x7F,0xF8,0x00,0x00,0x3F,0xFC,0x00,
  0x00,0x00,0x00,0x7F,0xF8,0x00,0x00,0x2F,0xFF,0x40,0x00,0x00,0x01,0xFF,0xF4,0x00,
  0x00,0x1F,0xFF,0xFA,0x95,0x56,0xAF,0xFF,0xF0,0x00,0x00,0x07,0xFF,0xFF,0xFF,0xFF,
  0xFF,0xFF,0xC0,0x00,0x00,0x01,0xBF,0xFF,0xFF,0xFF,0xFF,0xFE,0x00,0x00,0x00,0x00,
  0x1B,0xFF,0xFF,0xFF,0xFF,0x90,0x00,0x00,0x00,0x00,0x00,0x16,0xAA,0xAA,0x94,0x00,
  0x00,0x00,0x00,0x00,0x00,0x00,0x00,0x00,0x00,0x00,0x00,0x00,0x15,0x55,0x55,0x55,
  0x55,0x55,0x55,0x55,0x55,0x50,0x2F,0xFF,0xFF,0xFF,0xFF,0xFF,0xFF,0xFF,0xFF,0xF4,
  0x2F,0xFF,0xFF,0xFF,0xFF,0xFF,0xFF,0xFF,0xFF,0xF4,0x2F,0xFF,0xFF,0xFF,0xFF,0xFF,
  0xFF,0xFF,0xFF,0xF4,0x2F,0xFF,0xFF,0xFF,0xFF,0xFF,0xFF,0xFF,0xFF,0xF4,0x15,0x55,
  0x55,0x55,0x55,0x55,0x55,0x55,0x55,0x50,0x00,0x00,0x00,0x00,0x00,0x00,0x00,0x00,
  0x00,0x00,0x00,0x05,0x55,0x55,0x55,0x55,0x55,0x55,0x50,0x00,0x00,0x1F,0xFF,0xFF,
  0xFF,0xFF,0xFF,0xFF,0xF0,0x00,0x00,0x1F,0xFF,0xFF,0xFF,0xFF,0xFF,0xFF,0xF0,0x00,
  0x00,0x1F,0xFF,0xFF,0xFF,0xFF,0xFF,0xFF,0xF0,0x00,0x00,0x1F,0xFF,0xFF,0xFF,0xFF,
  0xFF,0xFF,0xF0,0x00,0x00,0x00,0x00,0x00,0x00,0x00,0x00,0xBF,0xF0,0x00,0x00,0x00,
  0x00,0x00,0x00,0x00,0x00,0xBF,0xF0,0x00,0x00,0x1F,0xFF,0xFF,0xFF,0xFF,0xFF,0xFF,
  0xF0,0x00,0x00,0x1F,0xFF,0xFF,0xFF,0xFF,0xFF,0xFF,0xF0,0x00,0x00,0x1F,0xFF,0xFF,
  0xFF,0xFF,0xFF,0xFF,0xF0,0x00,0x00,0x1F,0xFF,0xFF,0xFF,0xFF,0xFF,0xFF,0xF0,0x00,
  0x00,0x1F,0xFD,0x00,0x00,0x00,0x00,0x00,0x00,0x00,0x00,0x1F,0xFD,0x00,0x00,0x00,
  0x00,0x00,0x00,0x00,0x00,0x1F,0xFE,0x55,0x55,0x55,0x55,0x55,0x54,0x00,0x00,0x1F,
  0xFF,0xFF,0xFF,0xFF,0xFF,0xFF,0xFC,0x00,0x00,0x1F,0xFF,0xFF,0xFF,0xFF,0xFF,0xFF,
  0xFC,0x00,0x00,0x1F,0xFF,0xFF,0xFF,0xFF,0xFF,0xFF,0xFC,0x00,0x00,0x1F,0xFF,0xFF,
  0xFF,0xFF,0xFF,0xFF,0xFC,0x00,0x00,0x00,0x00,0x00,0x00,0x00,0x00,0x1A,0xA9,0x00,
  0x00,0x00,0x00,0x00,0x00,0x00,0x00,0x1F,0xFD,0x00,0x00,0x00,0x00,0x00,0x00,0x00,
  0x00,0x1F,0xFD,0x00,0x00,0x00,0x6B,0xFE,0x90,0x00,0x00,0x1F,0xFD,0x00,0x00,0x06,
  0xFF,0xFF,0xF9,0x00,0x00,0x1F,0xFD,0x00,0x00,0x2F,0xFF,0xFF,0xFF,0x80,0x00,0x1F,
  0xFD,0x00,0x00,0xBF,0xFF,0xFF,0xFF,0xE0,0x00,0x1F,0xFD,0x00,0x01,0xFF,0xFF,0xFF,
  0xFF,0xF4,0x00,0x1F,0xFD,0x00,0x03,0xFF,0xF4,0x01,0xFF,0xFC,0x00,0x1F,0xFD,0x00,
  0x07,0xFF,0xC0,0x00,0x3F,0xFD,0x00,0x1F,0xFD,0x00,0x0B,0xFF,0x40,0x00,0x1F,0xFE,
  0x00,0x1F,0xFD,0x00,0x0F,0xFE,0x00,0x00,0x0B,0xFF,0x00,0x1F,0xFD,0x00,0x0F,0xFE,
  0x00,0x00,0x0B,0xFF,0x00,0x1F,0xFD,0x00,0x0F,0xFE,0x00,0x00,0x0B,0xFF,0x40,0x1F,
  0xFD,0x00,0x0F,0xFE,0x00,0x00,0x0B,0xFF,0x00,0x1F,0xFD,0x00,0x0F,0xFF,0x00,0x00,
  0x0F,0xFF,0x00,0x1F,0xFD,0x00,0x0B,0xFF,0x80,0x00,0x2F,0xFE,0x00,0x1F,0xFD,0x00,
  0x07,0xFF,0xE0,0x00,0xBF,0xFD,0x00,0x1F,0xFD,0x00,0x02,0xFF,0xFE,0x5B,0xFF,0xF8,
  0x00,0x1F,0xFD,0x00,0x00,0xFF,0xFF,0xFF,0xFF,0xF0,0x00,0x1F,0xFD,0x00,0x00,0x7F,
  0xFF,0xFF,0xFF,0xD0,0x00,0x1F,0xFD,0x00,0x00,0x0B,0xFF,0xFF,0xFE,0x00,0x00,0x1F,
  0xFD,0x00,0x00,0x01,0xBF,0xFF,0xE4,0x00,0x00,0x1F,0xFD,0x00,0x00,0x00,0x05,0xA5,
  0x00,0x00,0x00,0x1F,0xFD,0x00,0x00,0x00,0x00,0x00,0x00,0x00,0x00,0x1F,0xFD,0x00,
  0x00,0x00,0x00,0x00,0x00,0x00,0x00,0x1F,0xFD,0x00,0x00,0x00,0x55,0x50,0x00,0x00,
  0x00,0x1F,0xFD,0x00,0x00,0x00,0xFF,0xE0,0x00,0x00,0x00,0x1F,0xFD,0x00,0x00,0x00,
  0xFF,0xE0,0x00,0x00,0x00,0x1F,0xFD,0x00,0x00,0x00,0xFF,0xE0,0x00,0x00,0x00,0x1A,
  0xA9,0x00,0x00,0x00,0xFF,0xE0,0x00,0x00,0x00,0x00,0x00,0x00,0x00,0x00,0xFF,0xE0,
  0x00,0x00,0x00,0x00,0x00,0x00,0x00,0x00,0xFF,0xE0,0x00,0x00,0x00,0x00,0x00,0x00,
  0x00,0x00,0xFF,0xE0,0x00,0x00,0x00,0x00,0x00,0x00,0x00,0x00,0xFF,0xE0,0x00,0x00,
  0x00,0x00,0x00,0x00,0x00,0x00,0xFF,0xF0,0x00,0x00,0x00,0x00,0x00,0x00,0x00,0x00,
  0xFF,0xFF,0xFF,0xFF,0xFF,0xFF,0xFF,0x80,0x00,0x00,0xFF,0xFF,0xFF,0xFF,0xFF,0xFF,
  0xFF,0x80,0x00,0x00,0xFF,0xFF,0xFF,0xFF,0xFF,0xFF,0xFF,0x80,0x00,0x00,0xFF,0xFF,
  0xFF,0xFF,0xFF,0xFF,0xFF,0x80,0x00,0x00,0x55,0x55,0x55,0x55,0x55,0x55,0x55,0x40,
  0x00,0x00,0x00,0x00,0x00,0x00,0x01,0xAA,0x90,0x00,0x00,0x00,0x00,0x00,0x00,0x00,
  0x01,0xFF,0xD0,0x00,0x00,0x00,0x00,0x00,0x00,0x00,0x01,0xFF,0xD0,0x00,0x00,0x00,
  0x00,0x00,0x00,0x00,0x01,0xFF,0xD0,0x00,0x0A,0xAA,0xAA,0xAA,0xAA,0xAA,0x41,0xFF,
  0xD0,0x00,0x0F,0xFF,0xFF,0xFF,0xFF,0xFF,0x81,0xFF,0xD0,0x00,0x0F,0xFF,0xFF,0xFF,
  0xFF,0xFF,0x81,0xFF,0xD0,0x00,0x0F,0xFF,0xFF,0xFF,0xFF,0xFF,0x81,0xFF,0xD0,0x00,
  0x0F,0xFF,0xFF,0xFF,0xFF,0xFF,0x41,0xFF,0xD0,0x00,0x00,0x00,0x07,0xFF,0x40,0x00,
  0x01,0xFF,0xD0,0x00,0x00,0x00,0x07,0xFF,0x40,0x00,0x01,0xFF,0xD0,0x00,0x00,0x00,
  0x07,0xFF,0x40,0x00,0x01,0xFF,0xD0,0x00,0x00,0x00,0x0B,0xFF,0x40,0x00,0x01,0xFF,
  0xD0,0x00,0x00,0x00,0x0B,0xFF,0x40,0x00,0x01,0xFF,0xD0,0x00,0x00,0x00,0x0B,0xFF,
  0x80,0x00,0x01,0xFF,0xD0,0x00,0x00,0x00,0x0F,0xFF,0x80,0x00,0x01,0xFF,0xE0,0x00,
  0x00,0x00,0x0F,0xFF,0xC0,0x00,0x01,0xFF,0xFF,0xFD,0x00,0x00,0x1F,0xFF,0xD0,0x00,
  0x01,0xFF,0xFF,0xFD,0x00,0x00,0x2F,0xFF,0xE0,0x00,0x01,0xFF,0xFF,0xFD,0x00,0x00,
  0x3F,0xFF,0xF0,0x00,0x01,0xFF,0xFF,0xFD,0x00,0x00,0xBF,0xFF,0xF8,0x00,0x01,0xFF,
  0xEA,0xA9,0x00,0x00,0xFF,0xEF,0xFD,0x00,0x01,0xFF,0xD0,0x00,0x00,0x02,0xFF,0xCF,
  0xFE,0x00,0x01,0xFF,0xD0,0x00,0x00,0x07,0xFF,0x87,0xFF,0x80,0x01,0xFF,0xD0,0x00,
  0x00,0x1F,0xFF,0x03,0xFF,0xE0,0x01,0xFF,0xD0,0x00,0x00,0x3F,0xFE,0x01,0xFF,0xF8,
  0x01,0xFF,0xD0,0x00,0x01,0xFF,0xFC,0x00,0xBF,0xFE,0x01,0xFF,0xD0,0x00,0x07,0xFF,
  0xF4,0x00,0x3F,0xFF,0xE1,0xFF,0xD0,0x00,0x6F,0xFF,0xE0,0x00,0x1F,0xFF,0xF1,0xFF,
  0xD0,0x00,0x7F,0xFF,0x80,0x00,0x03,0xFF,0xD1,0xFF,0xD0,0x00,0x2F,0xFE,0x00,0x00,
  0x00,0xBF,0x41,0xFF,0xD0,0x00,0x0B,0xF8,0x00,0x00,0x00,0x1E,0x01,0xFF,0xD0,0x00,
  0x03,0xD0,0x00,0x00,0x00,0x00,0x01,0xFF,0xD0,0x00,0x01,0x00,0x00,0x00,0x00,0x00,
  0x01,0xFF,0xD0,0x00,0x00,0x00,0x00,0x00,0x00,0x00,0x01,0xFF,0xD0,0x00,0x00,0x00,
  0x00,0x00,0x00,0x00,0x01,0xFF,0xD0,0x00,0x00,0x00,0x00,0x00,0x00,0x00,0x01,0xFF,
  0xD0,0x00,0x00,0x00,0x00,0x00,0x00,0x00,0x01,0xFF,0xD0,0x00,0x00,0x00,0x00,0x00,
  0x00,0x00,0x01,0xFF,0xD0,0x00,0x00,0x00,0x00,0x00,0x00,0x00,0x01,0xFF,0xD0,0x00,
  0x00,0x00,0x00,0x00,0x00,0x00,0x01,0xFF,0xD0,0x00,0x00,0x00,0x00,0x00,0x00,0x00,
  0x00,0x00,0x00,0x00,0x00,0x00,0x00,0x00,0x00,0x00,0x00,0x0A,0xA9,0x00,0x00,0x00,
  0x00,0x00,0x00,0x00,0x00,0x0F,0xFE,0x00,0x00,0x00,0x00,0x00,0x00,0x00,0x00,0x0F,
  0xFE,0x00,0x07,0xFF,0xFF,0xFF,0xFF,0xFF,0x80,0x0F,0xFE,0x00,0x07,0xFF,0xFF,0xFF,
  0xFF,0xFF,0x80,0x0F,0xFE,0x00,0x07,0xFF,0xFF,0xFF,0xFF,0xFF,0x80,0x0F,0xFE,0x00,
  0x07,0xFF,0xFF,0xFF,0xFF,0xFF,0x80,0x0F,0xFE,0x00,0x06,0xAA,0xAB,0xFF,0xEA,0xAA,
  0x40,0x0F,0xFE,0x00,0x00,0x00,0x07,0xFF,0x80,0x00,0x00,0x0F,0xFE,0x00,0x00,0x00,
  0x07,0xFF,0x80,0x00,0x00,0x0F,0xFE,0x00,0x00,0x00,0x07,0xFF,0xC0,0x00,0x00,0x1F,
  0xFE,0x00,0x00,0x00,0x0B,0xFF,0xC0,0x02,0xFF,0xFF,0xFE,0x00,0x00,0x00,0x0F,0xFF,
  0xD0,0x02,0xFF,0xFF,0xFE,0x00,0x00,0x00,0x1F,0xFF,0xF0,0x02,0xFF,0xFF,0xFE,0x00,
  0x00,0x00,0x2F,0xFF,0xF4,0x02,0xFF,0xFF,0xFE,0x00,0x00,0x00,0x7F,0xFF,0xFD,0x01,
  0x55,0x6F,0xFE,0x00,0x00,0x01,0xFF,0xFF,0xFF,0x00,0x00,0x0F,0xFE,0x00,0x00,0x07,
  0xFF,0xDB,0xFF,0xD0,0x00,0x0F,0xFE,0x00,0x00,0x1F,0xFF,0x83,0xFF,0xF4,0x00,0x0F,
  0xFE,0x00,0x00,0xBF,0xFF,0x01,0xFF,0xFF,0x40,0x0F,0xFE,0x00,0x1B,0xFF,0xFD,0x00,
  0x7F,0xFF,0xE0,0x0F,0xFE,0x00,0x2F,0xFF,0xF4,0x00,0x1F,0xFF,0xD0,0x0F,0xFE,0x00,
  0x0F,0xFF,0xD0,0x00,0x07,0xFF,0x80,0x0F,0xFE,0x00,0x07,0xFF,0x40,0x00,0x00,0xBF,
  0x00,0x0F,0xFE,0x00,0x02,0xF4,0x00,0x00,0x00,0x05,0x00,0x0F,0xFE,0x00,0x00,0x40,
  0x00,0x00,0x00,0x00,0x00,0x0F,0xFE,0x00,0x00,0x00,0x00,0x00,0x00,0x00,0x00,0x0F,
  0xFE,0x00,0x00,0x00,0x55,0x50,0x00,0x00,0x00,0x0F,0xFE,0x00,0x00,0x00,0x7F,0xF4,
  0x00,0x00,0x00,0x0F,0xFE,0x00,0x00,0x00,0x7F,0xF4,0x00,0x00,0x00,0x0F,0xFE,0x00,
  0x00,0x00,0x7F,0xF4,0x00,0x00,0x00,0x00,0x00,0x00,0x00,0x00,0x7F,0xF4,0x00,0x00,
  0x00,0x00,0x00,0x00,0x00,0x00,0x7F,0xF4,0x00,0x00,0x00,0x00,0x00,0x00,0x00,0x00,
  0x7F,0xF4,0x00,0x00,0x00,0x00,0x00,0x00,0x00,0x00,0x7F,0xF4,0x00,0x00,0x00,0x00,
  0x00,0x00,0x00,0x00,0x7F,0xF4,0x00,0x00,0x00,0x00,0x00,0x00,0x00,0x00,0x7F,0xFF,
  0xFF,0xFF,0xFF,0xFF,0xFF,0x80,0x00,0x00,0x7F,0xFF,0xFF,0xFF,0xFF,0xFF,0xFF,0x80,
  0x00,0x00,0x7F,0xFF,0xFF,0xFF,0xFF,0xFF,0xFF,0x80,0x00,0x00,0x7F,0xFF,0xFF,0xFF,
  0xFF,0xFF,0xFF,0x80,0x00,0x00,0x55,0x55,0x55,0x55,0x55,0x55,0x55,0x40,0x00,0x00,
  0x00,0x00,0x00,0x00,0x00,0x0A,0xA9,0x00,0x00,0x00,0x00,0x00,0x00,0x00,0x00,0x0F,
  0xFE,0x00,0x01,0x55,0x55,0x55,0x55,0x55,0x40,0x0F,0xFE,0x00,0x07,0xFF,0xFF,0xFF,
  0xFF,0xFF,0x80,0x0F,0xFE,0x00,0x07,0xFF,0xFF,0xFF,0xFF,0xFF,0x80,0x0F,0xFE,0x00,
  0x07,0xFF,0xFF,0xFF,0xFF,0xFF,0x80,0x0F,0xFE,0x00,0x07,0xFF,0xFF,0xFF,0xFF,0xFF,
  0x80,0x0F,0xFE,0x00,0x01,0x55,0x57,0xFF,0x95,0x55,0x40,0x0F,0xFE,0x00,0x00,0x00,
  0x07,0xFF,0x80,0x00,0x00,0x0F,0xFE,0x00,0x00,0x00,0x07,0xFF,0xC0,0x00,0x00,0x0F,
  0xFE,0x00,0x00,0x00,0x0B,0xFF,0xD0,0x01,0xAA,0xAF,0xFE,0x00,0x00,0x00,0x0F,0xFF,
  0xE0,0x01,0xFF,0xFF,0xFE,0x00,0x00,0x00,0x1F,0xFF,0xF0,0x01,0xFF,0xFF,0xFE,0x00,
  0x00,0x00,0x3F,0xFF,0xF8,0x01,0xFF,0xFF,0xFE,0x00,0x00,0x00,0xBF,0xFF,0xFD,0x01,
  0xFF,0xFF,0xFE,0x00,0x00,0x01,0xFF,0xEF,0xFF,0x40,0x00,0x0F,0xFE,0x00,0x00,0x07,
  0xFF,0xD7,0xFF,0xD0,0x00,0x0F,0xFE,0x00,0x00,0x1F,0xFF,0x83,0xFF,0xF8,0x00,0x0F,
  0xFE,0x00,0x00,0xBF,0xFF,0x01,0xFF,0xFF,0x90,0x0F,0xFE,0x00,0x1B,0xFF,0xFD,0x00,
  0x7F,0xFF,0xE0,0x0F,0xFE,0x00,0x2F,0xFF,0xF4,0x00,0x1F,0xFF,0xC0,0x0F,0xFE,0x00,
  0x0F,0xFF,0xD0,0x00,0x02,0xFF,0x40,0x0F,0xFE,0x00,0x07,0xFE,0x00,0x00,0x00,0x6E,
  0x00,0x0F,0xFE,0x00,0x02,0xE4,0x00,0x00,0x00,0x05,0x00,0x0F,0xFE,0x00,0x00,0x40,
  0x00,0x00,0x00,0x00,0x00,0x0A,0xA9,0x00,0x00,0x00,0x00,0x00,0x15,0xA9,0x54,0x00,
  0x00,0x00,0x00,0x00,0x00,0x1B,0xFF,0xFF,0xFF,0x90,0x00,0x00,0x00,0x00,0x02,0xFF,
  0xFF,0xFF,0xFF,0xFE,0x00,0x00,0x00,0x00,0x0B,0xFF,0xFF,0xFF,0xFF,0xFF,0xD0,0x00,
  0x00,0x00,0x3F,0xFF,0xFF,0xEF,0xFF,0xFF,0xF4,0x00,0x00,0x00,0xBF,0xFE,0x40,0x00,
  0x06,0xFF,0xFC,0x00,0x00,0x00,0xFF,0xF4,0x00,0x00,0x00,0x2F,0xFD,0x00,0x00,0x01,
  0xFF,0xE0,0x00,0x00,0x00,0x0F,0xFE,0x00,0x00,0x01,0xFF,0xD0,0x00,0x00,0x00,0x0F,
  0xFE,0x00,0x00,0x01,0xFF,0xE0,0x00,0x00,0x00,0x1F,0xFE,0x00,0x00,0x00,0xFF,0xF8,
  0x00,0x00,0x00,0x7F,0xFD,0x00,0x00,0x00,0x7F,0xFF,0x95,0x55,0x5B,0xFF,0xF8,0x00,
  0x00,0x00,0x2F,0xFF,0xFF,0xFF,0xFF,0xFF,0xF0,0x00,0x00,0x00,0x07,0xFF,0xFF,0xFF,
  0xFF,0xFF,0x80,0x00,0x00,0x00,0x00,0xBF,0xFF,0xFF,0xFF,0xF9,0x00,0x00,0x00,0x00,
  0x00,0x06,0xBF,0xFF,0xFA,0x40,0x00,0x00,0x00,0x00,0x00,0x00,0x00,0x10,0x00,0x00,
  0x00,0x00,0x00,0x00,0x00,0x00,0x00,0x00,0x00,0x0A,0xA9,0x00,0x00,0x00,0x00,0x00,
  0x00,0x00,0x00,0x0F,0xFE,0x00,0x00,0x00,0x00,0x00,0x00,0x00,0x00,0x0F,0xFE,0x00,
  0x01,0xFF,0xFF,0xFF,0xFF,0xFF,0xF0,0x0F,0xFE,0x00,0x01,0xFF,0xFF,0xFF,0xFF,0xFF,
  0xF0,0x0F,0xFE,0x00,0x01,0xFF,0xFF,0xFF,0xFF,0xFF,0xF0,0x0F,0xFE,0x00,0x01,0xFF,
  0xFF,0xFF,0xFF,0xFF,0xF0,0x0F,0xFE,0x00,0x01,0xAA,0xAA,0xFF,0xFA,0xAA,0xA0,0x0F,
  0xFE,0x00,0x00,0x00,0x02,0xFF,0xF0,0x00,0x00,0x0F,0xFE,0x00,0x00,0x00,0x02,0xFF,
  0xF4,0x00,0x00,0x0F,0xFE,0x00,0x00,0x00,0x07,0xFF,0xF8,0x00,0x00,0x0F,0xFE,0x00,
  0x00,0x00,0x0F,0xFF,0xFE,0x00,0x00,0x0F,0xFE,0x00,0x00,0x00,0x7F,0xFF,0xFF,0x80,
  0x00,0x0F,0xFE,0x00,0x00,0x02,0xFF,0xFB,0xFF,0xF9,0x00,0x0F,0xFE,0x00,0x00,0x6F,
  0xFF,0xF1,0xFF,0xFF,0xE4,0x0F,0xFE,0x00,0x07,0xFF,0xFF,0xD0,0x7F,0xFF,0xF8,0x0F,
  0xFE,0x00,0x07,0xFF,0xFF,0x40,0x1F,0xFF,0xF4,0x0F,0xFE,0x00,0x02,0xFF,0xF8,0x00,
  0x02,0xFF,0xE0,0x0F,0xFE,0x00,0x01,0xFF,0x90,0x00,0x00,0x1B,0xD0,0x0F,0xFE,0x00,
  0x00,0xA4,0x00,0x00,0x00,0x00,0x40,0x0F,0xFE,0x00,0x00,0x00,0x00,0x00,0x00,0x00,
  0x00,0x0F,0xFE,0x00,0x00,0x00,0x00,0x01,0x55,0x6A,0xFE,0x0F,0xFE,0x00,0x2F,0xFF,
  0xFF,0xFF,0xFF,0xFF,0xFE,0x0F,0xFE,0x00,0x1F,0xFF,0xFF,0xFF,0xFF,0xFF,0xFE,0x0F,
  0xFE,0x00,0x1F,0xFF,0xFF,0xFF,0xFF,0xFF,0xFF,0x0F,0xFE,0x00,0x1F,0xFF,0xFF,0xFF,
  0xFF,0xFA,0x54,0x0F,0xFE,0x00,0x0A,0xAA,0xAA,0xFF,0xE0,0x00,0x00,0x0F,0xFE,0x00,
  0x00,0x00,0x00,0xFF,0xE0,0x00,0x00,0x0F,0xFE,0x00,0x00,0x00,0x00,0xFF,0xE0,0x00,
  0x00,0x0F,0xFE,0x00,0x00,0x00,0x00,0xFF,0xE0,0x00,0x00,0x0F,0xFE,0x00,0x00,0x00,
  0x00,0xFF,0xE0,0x00,0x00,0x0F,0xFE,0x00,0x00,0x00,0x00,0xFF,0xE0,0x00,0x00,0x0F,
  0xFE,0x00,0x00,0x00,0x00,0xFF,0xE0,0x00,0x00,0x0F,0xFE,0x00,0x00,0x00,0x00,0xFF,
  0xE0,0x00,0x00,0x0F,0xFE,0x00,0x00,0x00,0x00,0xFF,0xE0,0x00,0x00,0x0F,0xFE,0x00,
  0x00,0x00,0x00,0xFF,0xE0,0x00,0x00,0x0F,0xFE,0x00,0x00,0x00,0x00,0xFF,0xE0,0x00,
  0x00,0x0F,0xFE,0x00,0x00,0x00,0x00,0xFF,0xE0,0x00,0x00,0x0F,0xFE,0x00,0x00,0x00,
  0x00,0xFF,0xE0,0x00,0x00,0x0F,0xFE,0x00,0x00,0x00,0x00,0xFF,0xE0,0x00,0x00,0x0F,
  0xFE,0x00,0x00,0x00,0x00,0x00,0x00,0x00,0x00,0x0F,0xFE,0x00,0x00,0x00,0x00,0x00,
  0x00,0x00,0x00,0x00,0x00,0x00,0x00,0x00,0x00,0x00,0x00,0x00,0x00,0x1A,0xA9,0x00,
  0x00,0x00,0x00,0x00,0x00,0x00,0x00,0x1F,0xFD,0x00,0x00,0x00,0x00,0x00,0x00,0x00,
  0x00,0x1F,0xFD,0x00,0x02,0xAA,0xAA,0xAA,0xAA,0xAA,0x90,0x1F,0xFD,0x00,0x03,0xFF,
  0xFF,0xFF,0xFF,0xFF,0xD0,0x1F,0xFD,0x00,0x03,0xFF,0xFF,0xFF,0xFF,0xFF,0xD0,0x1F,
  0xFD,0x00,0x03,0xFF,0xFF,0xFF,0xFF,0xFF,0xD0,0x1F,0xFD,0x00,0x02,0xAA,0xAB,0xFF,
  0xEA,0xAA,0x90,0x1F,0xFD,0x00,0x00,0x00,0x02,0xFF,0xD0,0x00,0x00,0x1F,0xFD,0x00,
  0x00,0x00,0x02,0xFF,0xD0,0x00,0x00,0x1F,0xFD,0x00,0x00,0x00,0x03,0xFF,0xD0,0x00,
  0x00,0x1F,0xFD,0x00,0x00,0x00,0x03,0xFF,0xE0,0x00,0x00,0x1F,0xFD,0x00,0x00,0x00,
  0x07,0xFF,0xF0,0x00,0x00,0x1F,0xFD,0x00,0x00,0x00,0x0B,0xFF,0xF4,0x00,0x00,0x1F,
  0xFD,0x00,0x00,0x00,0x1F,0xFF,0xFC,0x00,0x00,0x1F,0xFD,0x00,0x00,0x00,0x3F,0xFF,
  0xFE,0x00,0x00,0x1F,0xFD,0x00,0x00,0x00,0xBF,0xFF,0xFF,0x80,0x00,0x1F,0xFD,0x00,
  0x00,0x02,0xFF,0xE7,0xFF,0xE0,0x00,0x1F,0xFD,0x00,0x00,0x0B,0xFF,0xD2,0xFF,0xF9,
  0x00,0x1F,0xFD,0x00,0x00,0x7F,0xFF,0x80,0xBF,0xFF,0x90,0x1F,0xFD,0x00,0x07,0xFF,
  0xFE,0x00,0x2F,0xFF,0xF8,0x1F,0xFD,0x00,0x1F,0xFF,0xF8,0x00,0x0B,0xFF,0xF0,0x1F,
  0xFD,0x00,0x0B,0xFF,0xE0,0x00,0x02,0xFF,0xD0,0x1F,0xFD,0x00,0x03,0xFF,0x40,0x00,
  0x00,0x6F,0x80,0x1F,0xFD,0x00,0x01,0xF8,0x00,0x00,0x00,0x02,0x40,0x1F,0xFD,0x00,
  0x00,0x40,0x00,0x00,0x00,0x00,0x00,0x1F,0xFD,0x00,0x00,0x00,0x00,0x00,0x00,0x00,
  0x00,0x1F,0xFD,0x00,0x00,0x00,0xAA,0xA0,0x00,0x00,0x00,0x1F,0xFD,0x00,0x00,0x00,
  0xFF,0xE0,0x00,0x00,0x00,0x1F,0xFD,0x00,0x00,0x00,0xFF,0xE0,0x00,0x00,0x00,0x1F,
  0xFD,0x00,0x00,0x00,0xFF,0xE0,0x00,0x00,0x00,0x00,0x00,0x00,0x00,0x00,0xFF,0xE0,
  0x00,0x00,0x00,0x00,0x00,0x00,0x00,0x00,0xFF,0xE0,0x00,0x00,0x00,0x00,0x00,0x00,
  0x00,0x00,0xFF,0xE0,0x00,0x00,0x00,0x00,0x00,0x00,0x00,0x00,0xFF,0xE0,0x00,0x00,
  0x00,0x00,0x00,0x00,0x00,0x00,0xFF,0xF0,0x00,0x00,0x00,0x00,0x00,0x00,0x00,0x00,
  0xFF,0xFF,0xFF,0xFF,0xFF,0xFF,0xFF,0x80,0x00,0x00,0xFF,0xFF,0xFF,0xFF,0xFF,0xFF,
  0xFF,0x80,0x00,0x00,0xFF,0xFF,0xFF,0xFF,0xFF,0xFF,0xFF,0x80,0x00,0x00,0xFF,0xFF,
  0xFF,0xFF,0xFF,0xFF,0xFF,0x80,0x00,0x00,0x55,0x55,0x55,0x55,0x55,0x55,0x55,0x40,
  0x00,0x00,0x15,0x50,0x00,0x00,0x00,0x02,0xAA,0x40,0x00,0x00,0x7F,0xF0,0x00,0x07,
  0xFF,0x43,0xFF,0x40,0x00,0x00,0x7F,0xF0,0x00,0x07,0xFF,0x43,0xFF,0x40,0x00,0x00,
  0x7F,0xF0,0x00,0x07,0xFF,0x43,0xFF,0x40,0x01,0x55,0xBF,0xF5,0x55,0x07,0xFF,0x43,
  0xFF,0x40,0x0B,0xFF,0xFF,0xFF,0xFF,0x47,0xFF,0x43,0xFF,0x40,0x0B,0xFF,0xFF,0xFF,
  0xFF,0x47,0xFF,0x43,0xFF,0x40,0x0B,0xFF,0xFF,0xFF,0xFF,0x47,0xFF,0x43,0xFF,0x40,
  0x0B,0xFF,0xFF,0xFF,0xFF,0x47,0xFF,0x43,0xFF,0x40,0x05,0x55,0xBF,0xF5,0x55,0x07,
  0xFF,0x43,0xFF,0x40,0x00,0x00,0x7F,0xF4,0x00,0x07,0xFF,0x43,0xFF,0x40,0x00,0x00,
  0xBF,0xF4,0x06,0xAF,0xFF,0x43,0xFF,0x40,0x00,0x00,0xBF,0xF8,0x07,0xFF,0xFF,0x43,
  0xFF,0x40,0x00,0x00,0xFF,0xFC,0x07,0xFF,0xFF,0x43,0xFF,0x40,0x00,0x02,0xFF,0xFD,
  0x07,0xFF,0xFF,0x43,0xFF,0x40,0x00,0x03,0xFF,0xFF,0x07,0xFF,0xFF,0x43,0xFF,0x40,
  0x00,0x0B,0xFF,0xFF,0x80,0x07,0xFF,0x43,0xFF,0x40,0x00,0x2F,0xFE,0xFF,0xE0,0x07,
  0xFF,0x43,0xFF,0x40,0x00,0xBF,0xFC,0xBF,0xFD,0x07,0xFF,0x43,0xFF,0x40,0x02,0xFF,
  0xF4,0x7F,0xFF,0x97,0xFF,0x43,0xFF,0x40,0x2F,0xFF,0xE0,0x1F,0xFF,0xC7,0xFF,0x43,
  0xFF,0x40,0x1F,0xFF,0x80,0x07,0xFF,0x47,0xFF,0x43,0xFF,0x40,0x0B,0xFE,0x00,0x00,
  0xBF,0x07,0xFF,0x43,0xFF,0x40,0x03,0xF4,0x00,0x00,0x19,0x07,0xFF,0x43,0xFF,0x40,
  0x01,0x40,0x00,0x00,0x00,0x01,0x55,0x03,0xFF,0x40,0x00,0x00,0x00,0x00,0x00,0x00,
  0x00,0x03,0xFF,0x40,0x00,0x00,0x00,0x00,0x02,0xFF,0xC0,0x03,0xFF,0x40,0x00,0x00,
  0x00,0x00,0x03,0xFF,0xC0,0x03,0xFF,0x40,0x00,0x00,0x00,0x00,0x03,0xFF,0xD0,0x00,
  0x00,0x00,0x00,0x00,0x00,0x00,0x07,0xFF,0xE0,0x00,0x00,0x00,0x00,0x00,0x00,0x00,
  0x0F,0xFF,0xF4,0x00,0x00,0x00,0x00,0x00,0x00,0x00,0x2F,0xFF,0xFC,0x00,0x00,0x00,
  0x00,0x00,0x00,0x00,0xBF,0xFF,0xFF,0x00,0x00,0x00,0x00,0x00,0x00,0x06,0xFF,0xFB,
  0xFF,0xD0,0x00,0x00,0x00,0x00,0x00,0x2F,0xFF,0xD3,0xFF,0xF9,0x00,0x00,0x00,0x00,
  0x06,0xFF,0xFF,0x40,0xFF,0xFF,0xE4,0x00,0x00,0x06,0xFF,0xFF,0xFD,0x00,0x2F,0xFF,
  0xFF,0xA0,0x00,0x07,0xFF,0xFF,0xE0,0x00,0x0B,0xFF,0xFF,0xE0,0x00,0x03,0xFF,0xFE,
  0x40,0x00,0x01,0xBF,0xFF,0xD0,0x00,0x01,0xFF,0xE4,0x00,0x00,0x00,0x0B,0xFF,0x80,
  0x00,0x00,0xE5,0x00,0x00,0x00,0x00,0x00,0x1A,0x40,0x00,0x00,0x00,0x00,0x15,0x54,
  0x00,0x00,0x00,0x00,0x00,0x00,0x00,0x00,0x3F,0xF8,0x00,0x00,0x00,0x00,0x00,0x00,
  0x00,0x00,0x3F,0xF8,0x00,0x00,0x00,0x00,0x00,0x00,0x00,0x00,0x3F,0xF8,0x00,0x00,
  0x00,0x00,0x00,0x00,0x00,0x00,0x3F,0xF8,0x00,0x00,0x00,0x00,0x00,0x00,0x00,0x00,
  0x3F,0xF8,0x00,0x00,0x00,0x00,0x00,0xBF,0xFF,0xFF,0xFF,0xFF,0xFF,0xFF,0xFD,0x00,
  0x00,0xBF,0xFF,0xFF,0xFF,0xFF,0xFF,0xFF,0xFD,0x00,0x00,0xBF,0xFF,0xFF,0xFF,0xFF,
  0xFF,0xFF,0xFD,0x00,0x00,0xBF,0xFF,0xFF,0xFF,0xFF,0xFF,0xFF,0xFD,0x00,0x00,0x55,
  0x55,0x55,0xBF,0xFD,0x55,0x55,0x54,0x00,0x00,0x00,0x00,0x00,0x7F,0xFC,0x00,0x00,
  0x00,0x00,0x00,0x00,0x00,0x00,0xBF,0xFD,0x00,0x00,0x00,0x00,0x00,0x00,0x00,0x00,
  0xFF,0xFF,0x00,0x00,0x00,0x00,0x00,0x00,0x00,0x02,0xFF,0xFF,0x40,0x00,0x00,0x00,
  0x00,0x00,0x00,0x0B,0xFF,0xFF,0xD0,0x00,0x00,0x00,0x00,0x00,0x00,0x2F,0xFF,0xFF,
  0xF4,0x00,0x00,0x00,0x00,0x00,0x01,0xBF,0xFD,0xBF,0xFE,0x00,0x00,0x00,0x00,0x00,
  0x0B,0xFF,0xF8,0x2F,0xFF,0xD0,0x00,0x00,0x00,0x01,0xBF,0xFF,0xE0,0x0F,0xFF,0xFE,
  0x40,0x00,0x01,0xAF,0xFF,0xFF,0x80,0x02,0xFF,0xFF,0xFA,0x40,0x07,0xFF,0xFF,0xFD,
  0x00,0x00,0x7F,0xFF,0xFF,0xC0,0x02,0xFF,0xFF,0xE0,0x00,0x00,0x0B,0xFF,0xFF,0x40,
  0x01,0xFF,0xF9,0x00,0x15,0x50,0x00,0x7F,0xFF,0x00,0x00,0xBA,0x40,0x00,0x3F,0xF8,
  0x00,0x05,0xAE,0x00,0x00,0x00,0x00,0x00,0x3F,0xF8,0x00,0x00,0x00,0x00,0x00,0x00,
  0x00,0x00,0x3F,0xF8,0x00,0x00,0x00,0x00,0x00,0x00,0x00,0x00,0x3F,0xF8,0x00,0x00,
  0x00,0x00,0x00,0x00,0x00,0x00,0x3F,0xF8,0x00,0x00,0x00,0x00,0x00,0x00,0x00,0x00,
  0x3F,0xF8,0x00,0x00,0x00,0x00,0x00,0x00,0x00,0x00,0x3F,0xF8,0x00,0x00,0x00,0x00,
  0x05,0x55,0x55,0x55,0x7F,0xF9,0x55,0x55,0x55,0x50,0x2F,0xFF,0xFF,0xFF,0xFF,0xFF,
  0xFF,0xFF,0xFF,0xF8,0x2F,0xFF,0xFF,0xFF,0xFF,0xFF,0xFF,0xFF,0xFF,0xF8,0x2F,0xFF,
  0xFF,0xFF,0xFF,0xFF,0xFF,0xFF,0xFF,0xF8,0x2F,0xFF,0xFF,0xFF,0xFF,0xFF,0xFF,0xFF,
  0xFF,0xF8,0x15,0x55,0x55,0x55,0x55,0x55,0x55,0x55,0x55,0x54,0x00,0x00,0x00,0x00,
  0x00,0x00,0x00,0x06,0xAA,0x40,0x00,0x00,0x00,0x00,0x00,0x00,0x00,0x0B,0xFF,0x40,
  0x00,0x00,0x00,0x00,0x00,0x00,0x00,0x0B,0xFF,0x40,0x00,0xBF,0xFF,0xFF,0xFF,0xFF,
  0xC0,0x0B,0xFF,0x40,0x00,0xBF,0xFF,0xFF,0xFF,0xFF,0xC0,0x0B,0xFF,0x40,0x00,0xBF,
  0xFF,0xFF,0xFF,0xFF,0xC0,0x0B,0xFF,0x40,0x00,0xBF,0xFF,0xFF,0xFF,0xFF,0xC0,0x0B,
  0xFF,0x40,0x00,0x55,0x55,0x55,0x56,0xFF,0xC0,0x0B,0xFF,0x40,0x00,0x00,0x00,0x00,
  0x02,0xFF,0xC0,0x0B,0xFF,0x40,0x00,0x00,0x00,0x00,0x02,0xFF,0xC0,0x0B,0xFF,0x40,
  0x00,0x00,0x00,0x00,0x02,0xFF,0xC0,0x0B,0xFF,0x40,0x00,0x55,0x56,0xAA,0xAF,0xFF,
  0xC0,0x0B,0xFF,0x40,0x02,0xFF,0xFF,0xFF,0xFF,0xFF,0x80,0x0B,0xFF,0x40,0x01,0xFF,
  0xFF,0xFF,0xFF,0xFF,0x80,0x0B,0xFF,0x40,0x01,0xFF,0xFF,0xFF,0xFF,0xFF,0x80,0x0B,
  0xFF,0x40,0x00,0xFF,0xFF,0xAA,0x57,0xFF,0x40,0x0B,0xFF,0x40,0x00,0x55,0x00,0x00,
  0x07,0xFF,0x40,0x0B,0xFF,0x40,0x00,0x00,0x00,0x00,0x07,0xFF,0x00,0x0B,0xFF,0x40,
  0x00,0x00,0x00,0x00,0x0B,0xFF,0x00,0x0B,0xFF,0x40,0x00,0x00,0x00,0x00,0x0F,0xFF,
  0x55,0x0B,0xFF,0x40,0x15,0x55,0xAA,0xAA,0xAF,0xFF,0xFF,0x4B,0xFF,0x40,0x3F,0xFF,
  0xFF,0xFF,0xFF,0xFF,0xFF,0x4B,0xFF,0x40,0x2F,0xFF,0xFF,0xFF,0xFF,0xFF,0xFF,0x4B,
  0xFF,0x40,0x2F,0xFF,0xFF,0xFF,0xFF,0xFF,0xFE,0x4B,0xFF,0x40,0x1F,0xFF,0xFF,0xFF,
  0xEA,0x95,0x40,0x0B,0xFF,0x40,0x05,0x50,0x02,0xFF,0xC0,0x00,0x00,0x0B,0xFF,0x40,
  0x00,0x00,0x02,0xFF,0xC0,0x00,0x00,0x0B,0xFF,0x40,0x00,0x00,0x02,0xFF,0xC0,0x00,
  0x00,0x0B,0xFF,0x40,0x00,0x00,0x02,0xFF,0xC0,0x00,0x00,0x0B,0xFF,0x40,0x00,0x00,
  0x02,0xFF,0xC0,0x00,0x00,0x0B,0xFF,0x40,0x00,0x00,0x02,0xFF,0xC0,0x00,0x00,0x0B,
  0xFF,0x40,0x00,0x00,0x02,0xFF,0xC0,0x00,0x00,0x0B,0xFF,0x40,0x00,0x00,0x02,0xFF,
  0xC0,0x00,0x00,0x0B,0xFF,0x40,0x00,0x00,0x02,0xFF,0xC0,0x00,0x00,0x0B,0xFF,0x40,
  0x00,0x00,0x02,0xFF,0xC0,0x00,0x00,0x0B,0xFF,0x40,0x00,0x00,0x02,0xFF,0xC0,0x00,
  0x00,0x0B,0xFF,0x40,0x00,0x00,0x02,0xFF,0xC0,0x00,0x00,0x0B,0xFF,0x40,0x00,0x00,
  0x02,0xFF,0xC0,0x00,0x00,0x0B,0xFF,0x40,0x00,0x00,0x02,0xFF,0xC0,0x00,0x00,0x0B,
  0xFF,0x40,0x00,0x00,0x00,0x00,0x00,0x00,0x00,0x0B,0xFF,0x40,0x00,0x00,0x00,0x00,
  0x00,0x00,0x00,0x0B,0xFF,0x40,0x00,0x00,0x00,0x00,0x00,0x00,0x00,0x00,0x00,0x00,
  0x00,0x00,0x00,0x00,0x00,0x00,0x00,0x00,0x00,0x00,0x00,0x2F,0xFF,0xFF,0xFF,0xFF,
  0xFF,0xFF,0xF8,0x00,0x00,0x2F,0xFF,0xFF,0xFF,0xFF,0xFF,0xFF,0xF8,0x00,0x00,0x2F,
  0xFF,0xFF,0xFF,0xFF,0xFF,0xFF,0xF8,0x00,0x00,0x2F,0xFF,0xFF,0xFF,0xFF,0xFF,0xFF,
  0xF8,0x00,0x00,0x15,0x55,0x55,0x55,0x55,0x55,0x7F,0xF8,0x00,0x00,0x00,0x00,0x00,
  0x00,0x00,0x00,0x3F,0xF8,0x00,0x00,0x00,0x00,0x00,0x00,0x00,0x00,0x3F,0xF8,0x00,
  0x00,0x00,0x00,0x00,0x00,0x00,0x00,0x3F,0xF8,0x00,0x00,0x00,0x00,0x00,0x00,0x00,
  0x00,0x3F,0xF8,0x00,0x00,0x00,0x00,0x00,0x00,0x00,0x00,0x3F,0xF8,0x00,0x00,0x00,
  0x00,0x00,0x00,0x00,0x00,0x3F,0xF8,0x00,0x00,0x00,0x55,0x55,0x6A,0xAA,0xAB,0xFF,
  0xF8,0x00,0x00,0xBF,0xFF,0xFF,0xFF,0xFF,0xFF,0xFF,0xF4,0x00,0x00,0xBF,0xFF,0xFF,
  0xFF,0xFF,0xFF,0xFF,0xF4,0x00,0x00,0x7F,0xFF,0xFF,0xFF,0xFF,0xFF,0xFF,0xF4,0x00,
  0x00,0x7F,0xFF,0xFF,0xFF,0xAA,0xA5,0xBF,0xF4,0x00,0x00,0x25,0x55,0x40,0x00,0x00,
  0x00,0x7F,0xF0,0x00,0x00,0x00,0x00,0x00,0x00,0x00,0x00,0xBF,0xF0,0x00,0x00,0x00,
  0x00,0x00,0x00,0x00,0x00,0xBF,0xF0,0x00,0x00,0x00,0x00,0x00,0x00,0x00,0x00,0xFF,
  0xE0,0x00,0x00,0x00,0x00,0x00,0x00,0x00,0x00,0xFF,0xE0,0x00,0x00,0x00,0x00,0x00,
  0x00,0x00,0x01,0xFF,0xD0,0x00,0x00,0x00,0x00,0x00,0x00,0x00,0x02,0xFF,0xD0,0x00,
  0x00,0x00,0x00,0x00,0x00,0x00,0x02,0xFF,0xC0,0x00,0x00,0x00,0x00,0x00,0x00,0x00,
  0x02,0xAF,0xC0,0x00,0x00,0x00,0x00,0x00,0x00,0x00,0x00,0x00,0x00,0x00,0x00,0x00,
  0x00,0x00,0x00,0x00,0x00,0x00,0x00,0x00,0x15,0x55,0x55,0x55,0x55,0x55,0x55,0x55,
  0x55,0x54,0x2F,0xFF,0xFF,0xFF,0xFF,0xFF,0xFF,0xFF,0xFF,0xF4,0x2F,0xFF,0xFF,0xFF,
  0xFF,0xFF,0xFF,0xFF,0xFF,0xF4,0x2F,0xFF,0xFF,0xFF,0xFF,0xFF,0xFF,0xFF,0xFF,0xF4,
  0x2F,0xFF,0xFF,0xFF,0xFF,0xFF,0xFF,0xFF,0xFF,0xF4,0x15,0x55,0x55,0x55,0x55,0x55,
  0x55,0x55,0x55,0x50,0x00,0x00,0x00,0x00,0x00,0x00,0x01,0xAA,0x90,0x00,0x00,0x00,
  0x00,0x00,0x00,0x00,0x01,0xFF,0xD0,0x00,0x00,0x00,0x00,0x00,0x00,0x00,0x01,0xFF,
  0xD0,0x00,0x01,0x55,0x55,0x55,0x55,0x50,0x01,0xFF,0xD0,0x00,0x07,0xFF,0xFF,0xFF,
  0xFF,0xF4,0x01,0xFF,0xD0,0x00,0x07,0xFF,0xFF,0xFF,0xFF,0xF4,0x01,0xFF,0xD0,0x00,
  0x07,0xFF,0xFF,0xFF,0xFF,0xF4,0x01,0xFF,0xD0,0x00,0x07,0xFF,0xFF,0xFF,0xFF,0xF4,
  0x01,0xFF,0xD0,0x00,0x07,0xFF,0x95,0x55,0x55,0x50,0x01,0xFF,0xD0,0x00,0x07,0xFF,
  0x80,0x00,0x00,0x00,0x01,0xFF,0xD0,0x00,0x07,0xFF,0x80,0x00,0x00,0x00,0x01,0xFF,
  0xD0,0x00,0x07,0xFF,0x80,0x00,0x00,0x00,0x01,0xFF,0xD0,0x00,0x07,0xFF,0x80,0x00,
  0x00,0x00,0x01,0xFF,0xD0,0x00,0x07,0xFF,0x80,0x00,0x00,0x00,0x01,0xFF,0xD0,0x00,
  0x07,0xFF,0x80,0x00,0x00,0x00,0x01,0xFF,0xD0,0x00,0x07,0xFF,0xFF,0xFF,0xFF,0xE0,
  0x01,0xFF,0xE5,0x54,0x07,0xFF,0xFF,0xFF,0xFF,0xE0,0x01,0xFF,0xFF,0xFD,0x07,0xFF,
  0xFF,0xFF,0xFF,0xE0,0x01,0xFF,0xFF,0xFD,0x07,0xFF,0xFF,0xFF,0xFF,0xE0,0x01,0xFF,
  0xFF,0xFD,0x07,0xFF,0xAA,0xAA,0xAA,0x90,0x01,0xFF,0xFF,0xFD,0x07,0xFF,0x80,0x00,
  0x00,0x00,0x01,0xFF,0xEA,0xA9,0x07,0xFF,0x80,0x00,0x00,0x00,0x01,0xFF,0xD0,0x00,
  0x07,0xFF,0x80,0x00,0x00,0x00,0x01,0xFF,0xD0,0x00,0x07,0xFF,0x80,0x00,0x00,0x00,
  0x01,0xFF,0xD0,0x00,0x07,0xFF,0x80,0x00,0x00,0x00,0x01,0xFF,0xD0,0x00,0x07,0xFF,
  0x80,0x00,0x00,0x00,0x01,0xFF,0xD0,0x00,0x07,0xFF,0x80,0x00,0x05,0x6A,0x81,0xFF,
  0xD0,0x00,0x07,0xFF,0xEA,0xBF,0xFF,0xFF,0xC1,0xFF,0xD0,0x00,0x07,0xFF,0xFF,0xFF,
  0xFF,0xFF,0xC1,0xFF,0xD0,0x00,0x07,0xFF,0xFF,0xFF,0xFF,0xFF,0xC1,0xFF,0xD0,0x00,
  0x07,0xFF,0xFF,0xFF,0xFF,0xFF,0x81,0xFF,0xD0,0x00,0x03,0xFF,0xAA,0xAA,0x95,0x40,
  0x01,0xFF,0xD0,0x00,0x00,0x00,0x00,0x00,0x00,0x00,0x01,0xFF,0xD0,0x00,0x00,0x00,
  0x00,0x00,0x00,0x00,0x01,0xFF,0xD0,0x00,0x00,0x00,0x00,0x00,0x00,0x00,0x01,0xFF,
  0xD0,0x00,0x00,0x00,0x00,0x00,0x00,0x00,0x01,0xFF,0xD0,0x00,0x00,0x00,0x00,0x00,
  0x00,0x00,0x01,0xFF,0xD0,0x00,0x00,0x00,0x00,0x00,0x00,0x00,0x01,0xFF,0xD0,0x00,
  0x00,0x00,0x00,0x00,0x00,0x00,0x01,0xFF,0xD0,0x00,0x00,0x00,0x00,0x00,0x00,0x00,
  0x01,0xFF,0xD0,0x00,0x00,0x00,0x00,0x00,0x00,0x00,0x01,0xFF,0xD0,0x00,0x00,0x00,
  0x00,0x00,0x00,0x00,0x00,0x00,0x00,0x00,0x00,0x00,0x00,0x00,0x00,0x00,0x00,0x02,
  0xAA,0x40,0x00,0x00,0x00,0x00,0x00,0x07,0xFF,0x43,0xFF,0x40,0x01,0x55,0x55,0x55,
  0x50,0x07,0xFF,0x43,0xFF,0x40,0x07,0xFF,0xFF,0xFF,0xF4,0x07,0xFF,0x43,0xFF,0x40,
  0x07,0xFF,0xFF,0xFF,0xF4,0x07,0xFF,0x43,0xFF,0x40,0x07,0xFF,0xFF,0xFF,0xF4,0x07,
  0xFF,0x43,0xFF,0x40,0x07,0xFF,0xFF,0xFF,0xF4,0x07,0xFF,0x43,0xFF,0x40,0x07,0xFF,
  0x95,0x55,0x50,0x07,0xFF,0x43,0xFF,0x40,0x07,0xFF,0x40,0x00,0x00,0x07,0xFF,0x43,
  0xFF,0x40,0x07,0xFF,0x40,0x00,0x00,0x07,0xFF,0x43,0xFF,0x40,0x07,0xFF,0x95,0x55,
  0x47,0xFF,0xFF,0x43,0xFF,0x40,0x07,0xFF,0xFF,0xFF,0xC7,0xFF,0xFF,0x43,0xFF,0x40,
  0x07,0xFF,0xFF,0xFF,0xC7,0xFF,0xFF,0x43,0xFF,0x40,0x07,0xFF,0xFF,0xFF,0xC7,0xFF,
  0xFF,0x43,0xFF,0x40,0x07,0xFF,0xFF,0xFF,0xC6,0xAB,0xFF,0x43,0xFF,0x40,0x07,0xFF,
  0x40,0x00,0x00,0x07,0xFF,0x43,0xFF,0x40,0x07,0xFF,0x40,0x00,0x00,0x07,0xFF,0x43,
  0xFF,0x40,0x07,0xFF,0x40,0x00,0x05,0x07,0xFF,0x43,0xFF,0x40,0x07,0xFF,0xAA,0xAB,
  0xFF,0x07,0xFF,0x43,0xFF,0x40,0x07,0xFF,0xFF,0xFF,0xFF,0x07,0xFF,0x43,0xFF,0x40,
  0x07,0xFF,0xFF,0xFF,0xFF,0x47,0xFF,0x43,0xFF,0x40,0x07,0xFF,0xFF,0xFF,0xFF,0x47,
  0xFF,0x43,0xFF,0x40,0x07,0xFF,0xFF,0xFA,0x95,0x07,0xFF,0x43,0xFF,0x40,0x00,0x00,
  0x00,0x00,0x00,0x07,0xFF,0x43,0xFF,0x40,0x00,0x00,0x00,0x00,0x00,0x01,0x55,0x02,
  0xAA,0x40,0x00,0x00,0x00,0x00,0x00,0x00,0x00,0x00,0x00,0x00,0x00,0x00,0x6A,0xAA,
  0xAA,0xAA,0xAA,0xAA,0xAA,0x40,0x00,0x00,0xBF,0xFF,0xFF,0xFF,0xFF,0xFF,0xFF,0x40,
  0x00,0x00,0xBF,0xFF,0xFF,0xFF,0xFF,0xFF,0xFF,0x40,0x00,0x00,0xBF,0xFF,0xFF,0xFF,
  0xFF,0xFF,0xFF,0x40,0x00,0x00,0xBF,0xFA,0xAA,0xAA,0xAA,0xAF,0xFF,0x40,0x00,0x00,
  0xBF,0xF0,0x00,0x00,0x00,0x07,0xFF,0x40,0x00,0x00,0xBF,0xF0,0x00,0x00,0x00,0x07,
  0xFF,0x40,0x00,0x00,0xBF,0xF0,0x00,0x00,0x00,0x07,0xFF,0x40,0x00,0x00,0xBF,0xF0,
  0x00,0x00,0x00,0x07,0xFF,0x40,0x00,0x00,0xBF,0xF0,0x00,0x00,0x00,0x07,0xFF,0x40,
  0x00,0x00,0xBF,0xFF,0xFF,0xFF,0xFF,0xFF,0xFF,0x40,0x00,0x00,0xBF,0xFF,0xFF,0xFF,
  0xFF,0xFF,0xFF,0x40,0x00,0x00,0xBF,0xFF,0xFF,0xFF,0xFF,0xFF,0xFF,0x40,0x00,0x00,
  0xBF,0xFF,0xFF,0xFF,0xFF,0xFF,0xFF,0x40,0x00,0x00,0x6A,0xAA,0xAA,0xAA,0xAA,0xAA,
  0xAA,0x40,0x00,0x00,0x00,0x00,0x00,0x00,0x00,0x0A,0xA9,0x00,0x00,0x00,0x00,0x00,
  0x00,0x00,0x00,0x1F,0xFE,0x00,0x00,0x00,0x00,0x00,0x00,0x00,0x00,0x1F,0xFE,0x00,
  0x01,0x55,0x55,0x55,0x55,0x55,0x00,0x1F,0xFE,0x00,0x02,0xFF,0xFF,0xFF,0xFF,0xFF,
  0x40,0x1F,0xFE,0x00,0x02,0xFF,0xFF,0xFF,0xFF,0xFF,0x40,0x1F,0xFE,0x00,0x02,0xFF,
  0xFF,0xFF,0xFF,0xFF,0x40,0x1F,0xFE,0x00,0x02,0xFF,0xFF,0xFF,0xFF,0xFF,0x40,0x1F,
  0xFE,0x00,0x02,0xFF,0xD5,0x55,0x55,0x55,0x00,0x1F,0xFE,0x00,0x02,0xFF,0xC0,0x00,
  0x00,0x00,0x00,0x1F,0xFE,0x00,0x02,0xFF,0xC0,0x00,0x00,0x00,0x00,0x1F,0xFE,0x00,
  0x02,0xFF,0xC0,0x00,0x00,0x00,0x00,0x1F,0xFE,0x00,0x02,0xFF,0xC0,0x00,0x00,0x00,
  0x00,0x1F,0xFE,0x00,0x02,0xFF,0xC0,0x00,0x00,0x00,0x00,0x1F,0xFE,0x00,0x02,0xFF,
  0xC0,0x00,0x00,0x00,0x00,0x1F,0xFE,0x00,0x02,0xFF,0xFF,0xFF,0xFF,0xF8,0x00,0x1F,
  0xFE,0x00,0x02,0xFF,0xFF,0xFF,0xFF,0xF8,0x00,0x1F,0xFE,0x00,0x02,0xFF,0xFF,0xFF,
  0xFF,0xF8,0x00,0x1F,0xFE,0x00,0x02,0xFF,0xFF,0xFF,0xFF,0xF8,0x00,0x1F,0xFE,0x00,
  0x02,0xFF,0xEA,0xAA,0xAA,0xA4,0x00,0x1F,0xFE,0x00,0x02,0xFF,0xC0,0x00,0x00,0x00,
  0x00,0x1F,0xFE,0x00,0x02,0xFF,0xC0,0x00,0x00,0x00,0x00,0x1F,0xFE,0x00,0x02,0xFF,
  0xC0,0x00,0x00,0x00,0x00,0x1F,0xFE,0x00,0x02,0xFF,0xC0,0x00,0x00,0x00,0x00,0x1F,
  0xFE,0x00,0x02,0xFF,0xC0,0x00,0x00,0x00,0x00,0x1F,0xFE,0x00,0x02,0xFF,0xC0,0x00,
  0x00,0x00,0x00,0x1F,0xFE,0x00,0x02,0xFF,0xC0,0x00,0x01,0x5A,0xB0,0x1F,0xFE,0x00,
  0x02,0xFF,0xEA,0xAF,0xFF,0xFF,0xF4,0x1F,0xFE,0x00,0x02,0xFF,0xFF,0xFF,0xFF,0xFF,
  0xF4,0x1F,0xFE,0x00,0x02,0xFF,0xFF,0xFF,0xFF,0xFF,0xF4,0x1F,0xFE,0x00,0x02,0xFF,
  0xFF,0xFF,0xFF,0xFF,0xE4,0x1F,0xFE,0x00,0x01,0xFF,0xAA,0xAA,0xA9,0x50,0x00,0x1F,
  0xFE,0x00,0x00,0x00,0x00,0x00,0x00,0x00,0x00,0x1F,0xFE,0x00,0x00,0x00,0x00,0x00,
  0x00,0x00,0x00,0x1F,0xFE,0x00,0x00,0x00,0x00,0x00,0x00,0x00,0x00,0x1F,0xFE,0x00,
  0x00,0x00,0x00,0x00,0x00,0x00,0x00,0x1F,0xFE,0x00,0x00,0x00,0x00,0x00,0x00,0x00,
  0x00,0x1F,0xFE,0x00,0x00,0x00,0x00,0x00,0x00,0x00,0x00,0x1F,0xFE,0x00,0x00,0x00,
  0x00,0x00,0x00,0x00,0x00,0x1F,0xFE,0x00,0x00,0x00,0x00,0x00,0x00,0x00,0x00,0x1F,
  0xFE,0x00,0x00,0x00,0x00,0x00,0x00,0x00,0x00,0x1F,0xFE,0x00,0x00,0x00,0x00,0x00,
  0x00,0x00,0x00,0x00,0x00,0x00,0x00,0x00,0x00,0x00,0x00,0x00,0x01,0xAA,0x90,0x00,
  0x00,0x00,0x00,0x00,0x00,0x00,0x01,0xFF,0xD0,0x00,0x00,0x00,0x00,0x00,0x00,0x00,
  0x01,0xFF,0xD0,0x00,0x00,0x00,0x00,0x00,0x00,0x00,0x01,0xFF,0xD0,0x00,0x1F,0xFF,
  0xFF,0xFF,0xFF,0xFF,0x41,0xFF,0xD0,0x00,0x1F,0xFF,0xFF,0xFF,0xFF,0xFF,0x81,0xFF,
  0xD0,0x00,0x1F,0xFF,0xFF,0xFF,0xFF,0xFF,0x81,0xFF,0xD0,0x00,0x1F,0xFF,0xFF,0xFF,
  0xFF,0xFF,0x81,0xFF,0xD0,0x00,0x1A,0xBF,0xFE,0xAB,0xFF,0xEA,0x41,0xFF,0xD0,0x00,
  0x00,0x2F,0xFC,0x02,0xFF,0xC0,0x01,0xFF,0xD0,0x00,0x00,0x2F,0xFC,0x02,0xFF,0xC0,
  0x01,0xFF,0xD0,0x00,0x00,0x2F,0xFC,0x02,0xFF,0xC0,0x01,0xFF,0xD0,0x00,0x00,0x2F,
  0xFC,0x02,0xFF,0xC0,0x01,0xFF,0xD0,0x00,0x00,0x2F,0xFC,0x02,0xFF,0xC0,0x01,0xFF,
  0xD0,0x00,0x00,0x2F,0xFC,0x02,0xFF,0xC0,0x01,0xFF,0xD0,0x00,0x00,0x2F,0xFC,0x02,
  0xFF,0xC0,0x01,0xFF,0xE5,0x54,0x00,0x2F,0xFC,0x02,0xFF,0xC0,0x01,0xFF,0xFF,0xFD,
  0x00,0x2F,0xFC,0x02,0xFF,0xC0,0x01,0xFF,0xFF,0xFD,0x00,0x2F,0xFC,0x02,0xFF,0xC0,
  0x01,0xFF,0xFF,0xFD,0x00,0x2F,0xFC,0x02,0xFF,0xC0,0x01,0xFF,0xFF,0xFD,0x00,0x2F,
  0xFC,0x02,0xFF,0xC0,0x01,0xFF,0xE5,0x55,0x00,0x2F,0xFC,0x02,0xFF,0xC0,0x01,0xFF,
  0xD0,0x00,0x00,0x2F,0xFC,0x02,0xFF,0xC0,0x01,0xFF,0xD0,0x00,0x00,0x2F,0xFC,0x02,
  0xFF,0xC0,0x01,0xFF,0xD0,0x00,0x00,0x2F,0xFC,0x02,0xFF,0xC0,0x01,0xFF,0xD0,0x00,
  0x00,0x2F,0xFC,0x02,0xFF,0xC0,0x01,0xFF,0xD0,0x00,0x00,0x2F,0xFC,0x06,0xFF,0xEA,
  0xE1,0xFF,0xD0,0x00,0x7F,0xFF,0xFF,0xFF,0xFF,0xFF,0xF1,0xFF,0xD0,0x00,0x3F,0xFF,
  0xFF,0xFF,0xFF,0xFF,0xF1,0xFF,0xD0,0x00,0x3F,0xFF,0xFF,0xFF,0xFF,0xFF,0xF1,0xFF,
  0xD0,0x00,0x3F,0xFF,0xFF,0xFF,0xFF,0xE9,0x51,0xFF,0xD0,0x00,0x2A,0xAA,0xAA,0x55,
  0x40,0x00,0x01,0xFF,0xD0,0x00,0x00,0x00,0x00,0x00,0x00,0x00,0x01,0xFF,0xD0,0x00,
  0x00,0x00,0x00,0x00,0x00,0x00,0x01,0xFF,0xD0,0x00,0x00,0x00,0x00,0x00,0x00,0x00,
  0x01,0xFF,0xD0,0x00,0x00,0x00,0x00,0x00,0x00,0x00,0x01,0xFF,0xD0,0x00,0x00,0x00,
  0x00,0x00,0x00,0x00,0x01,0xFF,0xD0,0x00,0x00,0x00,0x00,0x00,0x00,0x00,0x01,0xFF,
  0xD0,0x00,0x00,0x00,0x00,0x00,0x00,0x00,0x01,0xFF,0xD0,0x00,0x00,0x00,0x00,0x00,
  0x00,0x00,0x01,0xFF,0xD0,0x00,0x00,0x00,0x00,0x00,0x00,0x00,0x01,0xFF,0xD0,0x00,
  0x00,0x00,0x00,0x00,0x00,0x00,0x00,0x00,0x00,0x00,0x00,0x00,0x00,0x00,0x00,0x00,
  0x00,0xAA,0x90,0x00,0x00,0x00,0x0B,0xFF,0x00,0x00,0x01,0xFF,0xD0,0x00,0x00,0x00,
  0x0B,0xFF,0x00,0x00,0x01,0xFF,0xD0,0x00,0x00,0x00,0x0B,0xFF,0x00,0x00,0x01,0xFF,
  0xD0,0x00,0x00,0x00,0x0B,0xFF,0x00,0x00,0x01,0xFF,0xD0,0x00,0x00,0x00,0x0B,0xFF,
  0x00,0x00,0x01,0xFF,0xD0,0x00,0x2A,0xAA,0xAF,0xFF,0xAA,0xAA,0x81,0xFF,0xD0,0x00,
  0x3F,0xFF,0xFF,0xFF,0xFF,0xFF,0xC1,0xFF,0xD0,0x00,0x3F,0xFF,0xFF,0xFF,0xFF,0xFF,
  0xC1,0xFF,0xD0,0x00,0x3F,0xFF,0xFF,0xFF,0xFF,0xFF,0xC1,0xFF,0xD0,0x00,0x3F,0xFF,
  0xFF,0xFF,0xFF,0xFF,0xC1,0xFF,0xD0,0x00,0x00,0x00,0x00,0x00,0x00,0x00,0x01,0xFF,
  0xD0,0x00,0x00,0x00,0x00,0x00,0x00,0x00,0x01,0xFF,0xD0,0x00,0x00,0x00,0x16,0xA9,
  0x40,0x00,0x01,0xFF,0xD0,0x00,0x00,0x01,0xBF,0xFF,0xF4,0x00,0x01,0xFF,0xD0,0x00,
  0x00,0x0B,0xFF,0xFF,0xFE,0x00,0x01,0xFF,0xD0,0x00,0x00,0x2F,0xFF,0xFF,0xFF,0xC0,
  0x01,0xFF,0xFA,0xA9,0x00,0xBF,0xFF,0xFF,0xFF,0xE0,0x01,0xFF,0xFF,0xFD,0x01,0xFF,
  0xF9,0x02,0xFF,0xF4,0x01,0xFF,0xFF,0xFD,0x02,0xFF,0xD0,0x00,0x7F,0xFC,0x01,0xFF,
  0xFF,0xFD,0x03,0xFF,0x80,0x00,0x2F,0xFD,0x01,0xFF,0xFF,0xFD,0x07,0xFF,0x40,0x00,
  0x1F,0xFD,0x01,0xFF,0xD0,0x00,0x07,0xFF,0x40,0x00,0x0F,0xFD,0x01,0xFF,0xD0,0x00,
  0x07,0xFF,0x40,0x00,0x0F,0xFD,0x01,0xFF,0xD0,0x00,0x07,0xFF,0x40,0x00,0x1F,0xFD,
  0x01,0xFF,0xD0,0x00,0x03,0xFF,0x80,0x00,0x2F,0xFD,0x01,0xFF,0xD0,0x00,0x02,0xFF,
  0xD0,0x00,0x7F,0xFC,0x01,0xFF,0xD0,0x00,0x01,0xFF,0xF9,0x06,0xFF,0xF4,0x01,0xFF,
  0xD0,0x00,0x00,0xBF,0xFF,0xFF,0xFF,0xE0,0x01,0xFF,0xD0,0x00,0x00,0x2F,0xFF,0xFF,
  0xFF,0xC0,0x01,0xFF,0xD0,0x00,0x00,0x0B,0xFF,0xFF,0xFE,0x00,0x01,0xFF,0xD0,0x00,
  0x00,0x01,0xBF,0xFF,0xF4,0x00,0x01,0xFF,0xD0,0x00,0x00,0x00,0x16,0xA9,0x40,0x00,
  0x01,0xFF,0xD0,0x00,0x00,0x00,0x00,0x00,0x00,0x00,0x01,0xFF,0xD0,0x00,0x00,0x00,
  0x00,0x00,0x00,0x00,0x01,0xFF,0xD0,0x00,0x00,0x00,0x00,0x00,0x00,0x00,0x01,0xFF,
  0xD0,0x00,0x00,0x00,0x00,0x00,0x00,0x00,0x01,0xFF,0xD0,0x00,0x00,0x00,0x00,0x00,
  0x00,0x00,0x01,0xFF,0xD0,0x00,0x00,0x00,0x00,0x00,0x00,0x00,0x01,0xFF,0xD0,0x00,
  0x00,0x00,0x00,0x00,0x00,0x00,0x01,0xFF,0xD0,0x00,0x00,0x00,0x00,0x00,0x00,0x00,
  0x01,0xFF,0xD0,0x00,0x00,0x00,0x00,0x00,0x00,0x00,0x00,0x00,0x00,0x00,0x00,0x00,
  0x06,0xAA,0x00,0x00,0x00,0xAA,0x90,0x00,0x00,0x00,0x07,0xFF,0x40,0x00,0x00,0xFF,
  0xE0,0x00,0x00,0x00,0x07,0xFF,0x40,0x00,0x00,0xFF,0xE0,0x00,0x00,0x00,0x07,0xFF,
  0x40,0x00,0x00,0xFF,0xE0,0x00,0x15,0x55,0x5B,0xFF,0x95,0x55,0x50,0xFF,0xE0,0x00,
  0x2F,0xFF,0xFF,0xFF,0xFF,0xFF,0xD0,0xFF,0xE0,0x00,0x2F,0xFF,0xFF,0xFF,0xFF,0xFF,
  0xD0,0xFF,0xE0,0x00,0x2F,0xFF,0xFF,0xFF,0xFF,0xFF,0xD0,0xFF,0xE0,0x00,0x2F,0xFF,
  0xFF,0xFF,0xFF,0xFF,0xD0,0xFF,0xE0,0x00,0x00,0x00,0x00,0x00,0x00,0x00,0x00,0xFF,
  0xE0,0x00,0x00,0x00,0x01,0x55,0x00,0x00,0x00,0xFF,0xE0,0x00,0x00,0x01,0xBF,0xFF,
  0xE4,0x00,0x00,0xFF,0xE0,0x00,0x00,0x0B,0xFF,0xFF,0xFF,0x40,0x00,0xFF,0xE0,0x00,
  0x00,0x2F,0xFF,0xFF,0xFF,0xD0,0x00,0xFF,0xFF,0xFD,0x00,0xBF,0xFF,0xFF,0xFF,0xF4,
  0x00,0xFF,0xFF,0xFD,0x00,0xFF,0xF9,0x01,0xBF,0xF8,0x00,0xFF,0xFF,0xFD,0x02,0xFF,
  0xD0,0x00,0x2F,0xFC,0x00,0xFF,0xFF,0xFD,0x02,0xFF,0xC0,0x00,0x1F,0xFD,0x00,0xFF,
  0xEA,0xA8,0x02,0xFF,0xC0,0x00,0x0F,0xFD,0x00,0xFF,0xE0,0x00,0x02,0xFF,0xC0,0x00,
  0x1F,0xFD,0x00,0xFF,0xE0,0x00,0x01,0xFF,0xE0,0x00,0x2F,0xFC,0x00,0xFF,0xE0,0x00,
  0x00,0xFF,0xF9,0x45,0xFF,0xF8,0x00,0xFF,0xE0,0x00,0x00,0xBF,0xFF,0xFF,0xFF,0xF0,
  0x00,0xFF,0xE0,0x00,0x00,0x2F,0xFF,0xFF,0xFF,0xD0,0x00,0xFF,0xE0,0x00,0x00,0x07,
  0xFF,0xFF,0xFE,0x40,0x00,0xFF,0xE0,0x00,0x00,0x00,0x6F,0xFF,0xE4,0x00,0x00,0xFF,
  0xE0,0x00,0x00,0x00,0x00,0x54,0x00,0x00,0x00,0xFF,0xE0,0x00,0x00,0x00,0x00,0x00,
  0x00,0x00,0x00,0xFF,0xE0,0x00,0x00,0x01,0xAA,0x40,0x00,0x00,0x00,0xFF,0xE0,0x00,
  0x00,0x03,0xFF,0xC0,0x00,0x00,0x00,0xFF,0xE0,0x00,0x00,0x03,0xFF,0xC0,0x00,0x00,
  0x00,0xAA,0xA0,0x00,0x00,0x03,0xFF,0xC0,0x00,0x00,0x00,0x00,0x00,0x00,0x00,0x03,
  0xFF,0xC0,0x00,0x00,0x00,0x00,0x00,0x00,0x00,0x03,0xFF,0xC0,0x00,0x00,0x00,0x00,
  0x00,0x00,0x00,0x03,0xFF,0xC0,0x00,0x00,0x00,0x00,0x00,0x00,0x00,0x03,0xFF,0xC0,
  0x00,0x00,0x00,0x00,0x00,0x00,0x00,0x03,0xFF,0xFF,0xFF,0xFF,0xFF,0xFF,0xFC,0x00,
  0x00,0x03,0xFF,0xFF,0xFF,0xFF,0xFF,0xFF,0xFC,0x00,0x00,0x03,0xFF,0xFF,0xFF,0xFF,
  0xFF,0xFF,0xFC,0x00,0x00,0x03,0xFF,0xFF,0xFF,0xFF,0xFF,0xFF,0xFC,0x00,0x00,0x01,
  0x55,0x55,0x55,0x55,0x55,0x55,0x54,0x00,0x00,0x00,0x06,0xAA,0x00,0x00,0x00,0x0A,
  0xA9,0x00,0x00,0x00,0x07,0xFF,0x40,0x00,0x00,0x0F,0xFE,0x00,0x00,0x00,0x07,0xFF,
  0x40,0x00,0x00,0x0F,0xFE,0x00,0x00,0x00,0x07,0xFF,0x40,0x00,0x00,0x0F,0xFE,0x00,
  0x15,0x55,0x5B,0xFF,0x95,0x55,0x40,0x0F,0xFE,0x00,0x2F,0xFF,0xFF,0xFF,0xFF,0xFF,
  0xD0,0x0F,0xFE,0x00,0x2F,0xFF,0xFF,0xFF,0xFF,0xFF,0xD0,0x0F,0xFE,0x00,0x2F,0xFF,
  0xFF,0xFF,0xFF,0xFF,0xD0,0x0F,0xFE,0x00,0x2F,0xFF,0xFF,0xFF,0xFF,0xFF,0xD0,0x0F,
  0xFE,0x00,0x00,0x00,0x00,0x00,0x00,0x00,0x00,0x0F,0xFE,0x00,0x00,0x00,0x01,0x55,
  0x00,0x00,0x00,0x0F,0xFE,0x00,0x00,0x00,0x7F,0xFF,0xE4,0x00,0x00,0x0F,0xFE,0x00,
  0x00,0x07,0xFF,0xFF,0xFE,0x00,0x00,0x0F,0xFE,0x00,0x00,0x1F,0xFF,0xFF,0xFF,0xD0,
  0x00,0x0F,0xFE,0x00,0x00,0x7F,0xFF,0xFF,0xFF,0xF0,0x7F,0xFF,0xFE,0x00,0x00,0xBF,
  0xF9,0x01,0xFF,0xF8,0x7F,0xFF,0xFE,0x00,0x00,0xFF,0xE0,0x00,0x3F,0xFC,0x7F,0xFF,
  0xFE,0x00,0x01,0xFF,0xD0,0x00,0x2F,0xFC,0x7F,0xFF,0xFE,0x00,0x01,0xFF,0xC0,0x00,
  0x1F,0xFC,0x6A,0xAF,0xFE,0x00,0x01,0xFF,0xD0,0x00,0x2F,0xFC,0x00,0x0F,0xFE,0x00,
  0x00,0xFF,0xE0,0x00,0x3F,0xFC,0x00,0x0F,0xFE,0x00,0x00,0xBF,0xFD,0x46,0xFF,0xF4,
  0x00,0x0F,0xFE,0x00,0x00,0x7F,0xFF,0xFF,0xFF,0xE0,0x00,0x0F,0xFE,0x00,0x00,0x1F,
  0xFF,0xFF,0xFF,0xC0,0x00,0x0F,0xFE,0x00,0x00,0x06,0xFF,0xFF,0xFE,0x00,0x00,0x0F,
  0xFE,0x00,0x00,0x00,0x6F,0xFF,0xE0,0x00,0x00,0x0F,0xFE,0x00,0x00,0x00,0x00,0x54,
  0x00,0x00,0x00,0x0F,0xFE,0x00,0x00,0x00,0x00,0x00,0x00,0x00,0x00,0x0F,0xFE,0x00,
  0x00,0x00,0x6A,0xA0,0x00,0x00,0x00,0x0F,0xFE,0x00,0x00,0x00,0xBF,0xF4,0x00,0x00,
  0x00,0x0F,0xFE,0x00,0x00,0x00,0xBF,0xF4,0x00,0x00,0x00,0x0F,0xFE,0x00,0x00,0x00,
  0xBF,0xF4,0x00,0x00,0x00,0x00,0x00,0x00,0x00,0x00,0xBF,0xF4,0x00,0x00,0x00,0x00,
  0x00,0x00,0x00,0x00,0xBF,0xF4,0x00,0x00,0x00,0x00,0x00,0x00,0x00,0x00,0xBF,0xF4,
  0x00,0x00,0x00,0x00,0x00,0x00,0x00,0x00,0xBF,0xF4,0x00,0x00,0x00,0x00,0x00,0x00,
  0x00,0x00,0xBF,0xFF,0xFF,0xFF,0xFF,0xFF,0xFF,0x80,0x00,0x00,0xBF,0xFF,0xFF,0xFF,
  0xFF,0xFF,0xFF,0x80,0x00,0x00,0xBF,0xFF,0xFF,0xFF,0xFF,0xFF,0xFF,0x80,0x00,0x00,
  0xBF,0xFF,0xFF,0xFF,0xFF,0xFF,0xFF,0x80,0x00,0x00,0x55,0x55,0x55,0x55,0x55,0x55,
  0x55,0x40,0x00,0x00,0x00,0x00,0x00,0x00,0x00,0x00,0x00,0x00,0x00,0x00,0x07,0xFF,
  0x40,0x00,0x00,0x0A,0xA9,0x00,0x00,0x00,0x07,0xFF,0x40,0x00,0x00,0x0F,0xFE,0x00,
  0x00,0x00,0x07,0xFF,0x40,0x00,0x00,0x0F,0xFE,0x00,0x05,0x55,0x5B,0xFF,0x55,0x55,
  0x40,0x0F,0xFE,0x00,0x2F,0xFF,0xFF,0xFF,0xFF,0xFF,0xD0,0x0F,0xFE,0x00,0x2F,0xFF,
  0xFF,0xFF,0xFF,0xFF,0xD0,0x0F,0xFE,0x00,0x2F,0xFF,0xFF,0xFF,0xFF,0xFF,0xD0,0x0F,
  0xFE,0x00,0x2F,0xFF,0xFF,0xFF,0xFF,0xFF,0xD0,0x0F,0xFE,0x00,0x15,0x55,0x55,0x55,
  0x55,0x55,0x40,0x0F,0xFE,0x00,0x00,0x00,0x00,0x54,0x00,0x00,0x00,0x0F,0xFE,0x00,
  0x00,0x00,0x6F,0xFF,0xE0,0x00,0x00,0x0F,0xFE,0x00,0x00,0x06,0xFF,0xFF,0xFE,0x00,
  0x00,0x0F,0xFE,0x00,0x00,0x1F,0xFF,0xFF,0xFF,0xD0,0x6A,0xAF,0xFE,0x00,0x00,0x7F,
  0xFF,0xFF,0xFF,0xF0,0x7F,0xFF,0xFE,0x00,0x00,0xFF,0xF9,0x05,0xFF,0xF8,0x7F,0xFF,
  0xFE,0x00,0x01,0xFF,0xE0,0x00,0x3F,0xFC,0x7F,0xFF,0xFE,0x00,0x01,0xFF,0xD0,0x00,
  0x1F,0xFC,0x7F,0xFF,0xFE,0x00,0x01,0xFF,0xC0,0x00,0x1F,0xFC,0x00,0x0F,0xFE,0x00,
  0x01,0xFF,0xD0,0x00,0x2F,0xFC,0x00,0x0F,0xFE,0x00,0x00,0xFF,0xF4,0x00,0xBF,0xF8,
  0x00,0x0F,0xFE,0x00,0x00,0x7F,0xFF,0xEF,0xFF,0xF4,0x00,0x0F,0xFE,0x00,0x00,0x2F,
  0xFF,0xFF,0xFF,0xD0,0x00,0x0F,0xFE,0x00,0x00,0x0B,0xFF,0xFF,0xFF,0x40,0x00,0x0F,
  0xFE,0x00,0x00,0x00,0x7F,0xFF,0xF4,0x00,0x00,0x0F,0xFE,0x00,0x00,0x00,0x01,0x55,
  0x00,0x00,0x00,0x0F,0xFE,0x00,0x00,0x00,0x00,0x00,0x00,0x00,0x00,0x00,0x00,0x00,
  0x00,0x00,0x55,0x55,0x55,0x55,0x55,0x55,0x55,0x00,0x00,0x00,0xBF,0xFF,0xFF,0xFF,
  0xFF,0xFF,0xFE,0x00,0x00,0x00,0xBF,0xFF,0xFF,0xFF,0xFF,0xFF,0xFE,0x00,0x00,0x00,
  0xBF,0xFF,0xFF,0xFF,0xFF,0xFF,0xFE,0x00,0x00,0x00,0xBF,0xFF,0xFF,0xFF,0xFF,0xFF,
  0xFE,0x00,0x00,0x00,0xBF,0xF5,0x55,0x55,0x55,0x5F,0xFE,0x00,0x00,0x00,0xBF,0xF0,
  0x00,0x00,0x00,0x0F,0xFE,0x00,0x00,0x00,0xBF,0xF0,0x00,0x00,0x00,0x0F,0xFE,0x00,
  0x00,0x00,0xBF,0xF0,0x00,0x00,0x00,0x0F,0xFE,0x00,0x00,0x00,0xBF,0xF0,0x00,0x00,
  0x00,0x0F,0xFE,0x00,0x00,0x00,0xBF,0xFF,0xFF,0xFF,0xFF,0xFF,0xFE,0x00,0x00,0x00,
  0xBF,0xFF,0xFF,0xFF,0xFF,0xFF,0xFE,0x00,0x00,0x00,0xBF,0xFF,0xFF,0xFF,0xFF,0xFF,
  0xFE,0x00,0x00,0x00,0xBF,0xFF,0xFF,0xFF,0xFF,0xFF,0xFE,0x00,0x00,0x00,0xAA,0xAA,
  0xAA,0xAA,0xAA,0xAA,0xA9,0x00,0x00,0x00,0x00,0xAA,0x90,0x00,0x00,0x0A,0xA9,0x00,
  0x00,0x00,0x01,0xFF,0xE0,0x00,0x00,0x0F,0xFE,0x00,0x00,0x00,0x01,0xFF,0xE0,0x00,
  0x00,0x0F,0xFE,0x00,0x00,0x00,0x01,0xFF,0xE0,0x00,0x00,0x0F,0xFE,0x00,0x01,0x55,
  0x55,0xFF,0xE5,0x55,0x54,0x0F,0xFE,0x00,0x0B,0xFF,0xFF,0xFF,0xFF,0xFF,0xFC,0x0F,
  0xFE,0x00,0x0B,0xFF,0xFF,0xFF,0xFF,0xFF,0xFC,0x0F,0xFE,0x00,0x0B,0xFF,0xFF,0xFF,
  0xFF,0xFF,0xFC,0x0F,0xFE,0x00,0x0B,0xFF,0xFF,0xFF,0xFF,0xFF,0xFC,0x0F,0xFE,0x00,
  0x05,0x55,0x55,0x55,0x55,0x55,0x54,0x0F,0xFE,0x00,0x00,0x00,0x00,0x00,0x00,0x00,
  0x00,0x0F,0xFE,0x00,0x00,0x00,0x0A,0xFF,0xE9,0x00,0x00,0x0F,0xFE,0x00,0x00,0x00,
  0xBF,0xFF,0xFF,0xD0,0x00,0x0F,0xFE,0x00,0x00,0x07,0xFF,0xFF,0xFF,0xF8,0x00,0x0F,
  0xFE,0x00,0x00,0x1F,0xFF,0xFF,0xFF,0xFD,0x00,0x0F,0xFE,0x00,0x00,0x2F,0xFF,0x95,
  0xBF,0xFF,0x00,0x0F,0xFE,0x00,0x00,0x7F,0xF8,0x00,0x0B,0xFF,0x80,0x0F,0xFE,0x00,
  0x00,0x7F,0xF0,0x00,0x03,0xFF,0x80,0x0F,0xFE,0x00,0x00,0xBF,0xF0,0x00,0x02,0xFF,
  0xC0,0x0F,0xFE,0x00,0x00,0x7F,0xF0,0x00,0x02,0xFF,0x80,0x0F,0xFE,0x00,0x00,0x7F,
  0xF8,0x00,0x07,0xFF,0x80,0x0F,0xFE,0x00,0x00,0x3F,0xFE,0x51,0x6F,0xFF,0x40,0x0F,
  0xFE,0x00,0x00,0x1F,0xFF,0xFF,0xFF,0xFD,0x00,0x0F,0xFE,0x00,0x00,0x07,0xFF,0xFF,
  0xFF,0xF8,0x00,0x0F,0xFE,0x00,0x00,0x01,0xFF,0xFF,0xFF,0xD0,0x00,0x0F,0xFE,0x00,
  0x00,0x00,0x1B,0xFF,0xF9,0x00,0x00,0x0F,0xFE,0x00,0x00,0x00,0x01,0xFF,0xD0,0x00,
  0x00,0x0F,0xFE,0x00,0x00,0x00,0x01,0xFF,0xD0,0x00,0x00,0x0F,0xFE,0x00,0x00,0x00,
  0x01,0xFF,0xD0,0x01,0x55,0x0F,0xFE,0x00,0x15,0x55,0x5A,0xFF,0xFB,0xFF,0xFE,0x0F,
  0xFE,0x00,0x1F,0xFF,0xFF,0xFF,0xFF,0xFF,0xFE,0x0F,0xFE,0x00,0x1F,0xFF,0xFF,0xFF,
  0xFF,0xFF,0xFF,0x0F,0xFE,0x00,0x0F,0xFF,0xFF,0xFF,0xFF,0xFF,0xFE,0x0F,0xFE,0x00,
  0x0F,0xFF,0xFF,0xFF,0xEA,0xA5,0x00,0x0F,0xFE,0x00,0x05,0x55,0x50,0x00,0x00,0x00,
  0x00,0x0F,0xFE,0x00,0x00,0x00,0x00,0x00,0x00,0x00,0x00,0x0F,0xFE,0x00,0x00,0x00,
  0x00,0x00,0x00,0x00,0x00,0x0F,0xFE,0x00,0x00,0x00,0x00,0x00,0x00,0x00,0x00,0x0F,
  0xFE,0x00,0x00,0x00,0x00,0x00,0x00,0x00,0x00,0x0F,0xFE,0x00,0x00,0x00,0x00,0x00,
  0x00,0x00,0x00,0x0F,0xFE,0x00,0x00,0x00,0x00,0x00,0x00,0x00,0x00,0x0F,0xFE,0x00,
  0x00,0x00,0x00,0x00,0x00,0x00,0x00,0x00,0x00,0x00,0x00,0x00,0x00,0x00,0x00,0x00,
  0x00,0x00,0x00,0x00,0x00,0x00,0x00,0x00,0x3F,0xF8,0x00,0x00,0x00,0x00,0x00,0x00,
  0x00,0x00,0x3F,0xF8,0x00,0x00,0x00,0x00,0x00,0x00,0x00,0x00,0x3F,0xF8,0x00,0x00,
  0x00,0x00,0x02,0xAA,0xAA,0xAA,0xBF,0xFE,0xAA,0xAA,0xAA,0x40,0x03,0xFF,0xFF,0xFF,
  0xFF,0xFF,0xFF,0xFF,0xFF,0x80,0x03,0xFF,0xFF,0xFF,0xFF,0xFF,0xFF,0xFF,0xFF,0x80,
  0x03,0xFF,0xFF,0xFF,0xFF,0xFF,0xFF,0xFF,0xFF,0x80,0x02,0xAA,0xAA,0xAA,0xAA,0xAA,
  0xAA,0xAA,0xAA,0x40,0x00,0x00,0x00,0x00,0x00,0x00,0x00,0x00,0x00,0x00,0x00,0x00,
  0x01,0x6B,0xFF,0xFF,0xE9,0x00,0x00,0x00,0x00,0x00,0x2F,0xFF,0xFF,0xFF,0xFF,0xE4,
  0x00,0x00,0x00,0x01,0xFF,0xFF,0xFF,0xFF,0xFF,0xFE,0x00,0x00,0x00,0x03,0xFF,0xFF,
  0xEA,0xAB,0xFF,0xFF,0x80,0x00,0x00,0x0B,0xFF,0xD0,0x00,0x00,0x1B,0xFF,0xD0,0x00,
  0x00,0x0F,0xFF,0x00,0x00,0x00,0x01,0xFF,0xE0,0x00,0x00,0x0B,0xFF,0x40,0x00,0x00,
  0x02,0xFF,0xD0,0x00,0x00,0x0B,0xFF,0xE5,0x00,0x01,0x5F,0xFF,0xD0,0x00,0x00,0x03,
  0xFF,0xFF,0xFF,0xFF,0xFF,0xFF,0x80,0x00,0x00,0x00,0xBF,0xFF,0xFF,0xFF,0xFF,0xFE,
  0x00,0x00,0x00,0x00,0x1B,0xFF,0xFF,0xFF,0xFF,0xE0,0x00,0x00,0x00,0x00,0x00,0x5A,
  0xBF,0xFE,0xA5,0x00,0x00,0x00,0x00,0x00,0x00,0x00,0x00,0x00,0x00,0x00,0x00,0x00,
  0x15,0x55,0x55,0x55,0x55,0x55,0x55,0x55,0x55,0x50,0x2F,0xFF,0xFF,0xFF,0xFF,0xFF,
  0xFF,0xFF,0xFF,0xF4,0x2F,0xFF,0xFF,0xFF,0xFF,0xFF,0xFF,0xFF,0xFF,0xF4,0x2F,0xFF,
  0xFF,0xFF,0xFF,0xFF,0xFF,0xFF,0xFF,0xF4,0x2F,0xFF,0xFF,0xFF,0xFF,0xFF,0xFF,0xFF,
  0xFF,0xF4,0x15,0x55,0x55,0x55,0x55,0x55,0x55,0x55,0x55,0x50,0x00,0x00,0x00,0x00,
  0x00,0x00,0x00,0x00,0x00,0x00,0x00,0x15,0x55,0x55,0x55,0x55,0x55,0x55,0x50,0x00,
  0x00,0x2F,0xFF,0xFF,0xFF,0xFF,0xFF,0xFF,0xF0,0x00,0x00,0x2F,0xFF,0xFF,0xFF,0xFF,
  0xFF,0xFF,0xF0,0x00,0x00,0x2F,0xFF,0xFF,0xFF,0xFF,0xFF,0xFF,0xF0,0x00,0x00,0x2F,
  0xFF,0xFF,0xFF,0xFF,0xFF,0xFF,0xF0,0x00,0x00,0x00,0x00,0x00,0x00,0x00,0x00,0xFF,
  0xF0,0x00,0x00,0x00,0x00,0x00,0x00,0x00,0x00,0xFF,0xF0,0x00,0x00,0x00,0x00,0x00,
  0x00,0x00,0x00,0xFF,0xF0,0x00,0x00,0x00,0x00,0x00,0x00,0x00,0x00,0xFF,0xF0,0x00,
  0x00,0x00,0x00,0x00,0x00,0x00,0x00,0xFF,0xF0,0x00,0x00,0x00,0x00,0x00,0x00,0x00,
  0x00,0xFF,0xF0,0x00,0x00,0x00,0x00,0x00,0x00,0x00,0x00,0xFF,0xF0,0x00,0x00,0x00,
  0x00,0x00,0x00,0x00,0x00,0x00,0x00,0x00,0x00,0x00,0x00,0xFF,0xD0,0x00,0x00,0x1A,
  0xA9,0x00,0x00,0x00,0x00,0xFF,0xE0,0x00,0x00,0x1F,0xFE,0x00,0x00,0x00,0x00,0xFF,
  0xE0,0x00,0x00,0x1F,0xFE,0x00,0x01,0x55,0x55,0xFF,0xE5,0x55,0x54,0x1F,0xFE,0x00,
  0x07,0xFF,0xFF,0xFF,0xFF,0xFF,0xFC,0x1F,0xFE,0x00,0x07,0xFF,0xFF,0xFF,0xFF,0xFF,
  0xFC,0x1F,0xFE,0x00,0x07,0xFF,0xFF,0xFF,0xFF,0xFF,0xFC,0x1F,0xFE,0x00,0x07,0xFF,
  0xFF,0xFF,0xFF,0xFF,0xF8,0x1F,0xFE,0x00,0x00,0x00,0x00,0x00,0x00,0x00,0x00,0x1F,
  0xFE,0x00,0x00,0x00,0x16,0xAF,0xA9,0x00,0x00,0x1F,0xFE,0x00,0x00,0x01,0xFF,0xFF,
  0xFF,0xE0,0x00,0x1F,0xFE,0x00,0x00,0x0B,0xFF,0xFF,0xFF,0xFD,0x00,0x1F,0xFE,0x00,
  0x00,0x2F,0xFF,0xFF,0xFF,0xFF,0x00,0x1F,0xFE,0x00,0x00,0x3F,0xFD,0x00,0x1B,0xFF,
  0x80,0x1F,0xFE,0x00,0x00,0x7F,0xF4,0x00,0x03,0xFF,0xC0,0x1F,0xFE,0x00,0x00,0x7F,
  0xF0,0x00,0x02,0xFF,0xC0,0x1F,0xFE,0x00,0x00,0x7F,0xF4,0x00,0x03,0xFF,0x80,0x1F,
  0xFE,0x00,0x00,0x3F,0xFE,0x55,0x6F,0xFF,0x40,0x1F,0xFE,0x00,0x00,0x1F,0xFF,0xFF,
  0xFF,0xFE,0x00,0x1F,0xFE,0x00,0x00,0x07,0xFF,0xFF,0xFF,0xF8,0x00,0x1F,0xFE,0x00,
  0x00,0x00,0xBF,0xFF,0xFF,0x90,0x00,0x1F,0xFE,0x00,0x00,0x00,0x05,0xAA,0x94,0x00,
  0x00,0x1F,0xFE,0x00,0x00,0x00,0x00,0x00,0x00,0x01,0x54,0x1F,0xFE,0x00,0x15,0x55,
  0x5A,0xAA,0xAB,0xFF,0xFD,0x1F,0xFE,0x00,0x1F,0xFF,0xFF,0xFF,0xFF,0xFF,0xFD,0x1F,
  0xFE,0x00,0x1F,0xFF,0xFF,0xFF,0xFF,0xFF,0xFE,0x1F,0xFE,0x00,0x0F,0xFF,0xFF,0xFF,
  0xFF,0xFE,0xA5,0x1F,0xFE,0x00,0x0F,0xFF,0xFA,0xAA,0x55,0x40,0x00,0x1F,0xFE,0x00,
  0x00,0x00,0x00,0x00,0x00,0x00,0x00,0x1F,0xFE,0x00,0x00,0x00,0x00,0x00,0x00,0x00,
  0x00,0x1F,0xFE,0x00,0x00,0x01,0xFF,0xD0,0x00,0x00,0x00,0x1F,0xFE,0x00,0x00,0x01,
  0xFF,0xD0,0x00,0x00,0x00,0x1F,0xFE,0x00,0x00,0x01,0xFF,0xD0,0x00,0x00,0x00,0x00,
  0x00,0x00,0x00,0x01,0xFF,0xD0,0x00,0x00,0x00,0x00,0x00,0x00,0x00,0x01,0xFF,0xD0,
  0x00,0x00,0x00,0x00,0x00,0x00,0x00,0x01,0xFF,0xD0,0x00,0x00,0x00,0x00,0x00,0x00,
  0x00,0x01,0xFF,0xFF,0xFF,0xFF,0xFF,0xFF,0xFF,0x80,0x00,0x01,0xFF,0xFF,0xFF,0xFF,
  0xFF,0xFF,0xFF,0x80,0x00,0x01,0xFF,0xFF,0xFF,0xFF,0xFF,0xFF,0xFF,0x80,0x00,0x01,
  0xFF,0xFF,0xFF,0xFF,0xFF,0xFF,0xFF,0x80,0x00,0x00,0x55,0x55,0x55,0x55,0x55,0x55,
  0x55,0x40,
};

static const KGlyph preg_b46_glyphs[] = {
  {0x0020,     0,  0,  0,   0,   0, 11},
  {0x0021,     0, 14, 34,   0, -33, 14},
  {0x0022,   136, 17, 33,   0, -33, 17},
  {0x0023,   301, 29, 33,   0, -33, 29},
  {0x0024,   565, 29, 42,   0, -37, 29},
  {0x0025,   901, 44, 36,   0, -34, 44},
  {0x0026,  1297, 30, 34,   0, -33, 30},
  {0x0027,  1569,  9, 33,   0, -33,  9},
  {0x0028,  1668, 18, 44,   0, -34, 18},
  {0x0029,  1888, 18, 44,   0, -34, 18},
  {0x002A,  2108, 25, 33,   0, -33, 25},
  {0x002B,  2339, 30, 25,   0, -25, 30},
  {0x002C,  2539, 13, 14,   0,  -4, 13},
  {0x002D,  2595, 21, 17,   0, -17, 21},
  {0x002E,  2697, 13,  9,   0,  -8, 13},
  {0x002F,  2733, 17, 40,   0, -35, 17},
  {0x0030,  2933, 30, 34,   0, -33, 30},
  {0x0031,  3205, 22, 33,   0, -33, 22},
  {0x0032,  3403, 28, 33,   0, -33, 28},
  {0x0033,  3634, 29, 34,   0, -33, 29},
  {0x0034,  3906, 30, 33,   0, -33, 30},
  {0x0035,  4170, 29, 34,   0, -33, 29},
  {0x0036,  4442, 30, 34,   0, -33, 30},
  {0x0037,  4714, 26, 33,   0, -33, 26},
  {0x0038,  4945, 30, 34,   0, -33, 30},
  {0x0039,  5217, 30, 35,   0, -34, 30},
  {0x003A,  5497, 13, 26,   0, -25, 13},
  {0x003B,  5601, 13, 35,   0, -25, 13},
  {0x003C,  5741, 30, 26,   0, -26, 30},
  {0x003D,  5949, 30, 22,   0, -22, 30},
  {0x003E,  6125, 30, 26,   0, -26, 30},
  {0x003F,  6333, 25, 34,   0, -33, 25},
  {0x0040,  6571, 40, 38,   0, -33, 40},
  {0x0041,  6951, 33, 33,   0, -33, 33},
  {0x0042,  7248, 29, 33,   0, -33, 29},
  {0x0043,  7512, 33, 34,   0, -33, 33},
  {0x0044,  7818, 32, 33,   0, -33, 32},
  {0x0045,  8082, 27, 33,   0, -33, 27},
  {0x0046,  8313, 26, 33,   0, -33, 26},
  {0x0047,  8544, 34, 34,   0, -33, 34},
  {0x0048,  8850, 33, 33,   0, -33, 33},
  {0x0049,  9147, 12, 33,   0, -33, 12},
  {0x004A,  9246, 25, 34,   0, -33, 25},
  {0x004B,  9484, 31, 33,   0, -33, 31},
  {0x004C,  9748, 25, 33,   0, -33, 25},
  {0x004D,  9979, 41, 33,   0, -33, 41},
  {0x004E, 10342, 33, 33,   0, -33, 33},
  {0x004F, 10639, 35, 34,   0, -33, 35},
  {0x0050, 10945, 29, 33,   0, -33, 29},
  {0x0051, 11209, 35, 36,   0, -33, 35},
  {0x0052, 11533, 29, 33,   0, -33, 29},
  {0x0053, 11797, 29, 34,   0, -33, 29},
  {0x0054, 12069, 30, 33,   0, -33, 30},
  {0x0055, 12333, 32, 34,   0, -33, 32},
  {0x0056, 12605, 33, 33,   0, -33, 33},
  {0x0057, 12902, 46, 33,   0, -33, 46},
  {0x0058, 13298, 32, 33,   0, -33, 32},
  {0x0059, 13562, 32, 33,   0, -33, 32},
  {0x005A, 13826, 29, 33,   0, -33, 29},
  {0x005B, 14090, 18, 44,   0, -34, 18},
  {0x005C, 14310, 17, 40,   0, -35, 17},
  {0x005D, 14510, 18, 44,   0, -34, 18},
  {0x005E, 14730, 21, 32,   0, -32, 21},
  {0x005F, 14922, 23,  6,  -1,   0, 21},
  {0x0060, 14958, 22, 35,   0, -35, 22},
  {0x0061, 15168, 26, 26,   0, -25, 26},
  {0x0062, 15350, 28, 34,   0, -33, 28},
  {0x0063, 15588, 26, 26,   0, -25, 26},
  {0x0064, 15770, 28, 34,   0, -33, 28},
  {0x0065, 16008, 26, 26,   0, -25, 26},
  {0x0066, 16190, 17, 35,   0, -35, 17},
  {0x0067, 16365, 28, 35,   0, -25, 28},
  {0x0068, 16610, 28, 33,   0, -33, 28},
  {0x0069, 16841, 12, 35,   0, -35, 12},
  {0x006A, 16946, 14, 45,  -2, -35, 12},
  {0x006B, 17126, 26, 33,   0, -33, 26},
  {0x006C, 17357, 12, 33,   0, -33, 12},
  {0x006D, 17456, 40, 25,   0, -25, 40},
  {0x006E, 17706, 28, 25,   0, -25, 28},
  {0x006F, 17881, 27, 26,   0, -25, 27},
  {0x0070, 18063, 28, 35,   0, -25, 28},
  {0x0071, 18308, 28, 35,   0, -25, 28},
  {0x0072, 18553, 18, 25,   0, -25, 18},
  {0x0073, 18678, 25, 26,   0, -25, 25},
  {0x0074, 18860, 17, 32,   0, -31, 17},
  {0x0075, 19020, 27, 26,   0, -25, 27},
  {0x0076, 19202, 26, 25,   0, -25, 26},
  {0x0077, 19377, 38, 25,   0, -25, 38},
  {0x0078, 19627, 25, 25,   0, -25, 25},
  {0x0079, 19802, 26, 35,   0, -25, 26},
  {0x007A, 20047, 25, 25,   0, -25, 25},
  {0x007B, 20222, 18, 44,   0, -34, 18},
  {0x007C, 20442, 16, 43,   0, -38, 16},
  {0x007D, 20614, 18, 44,   0, -34, 18},
  {0x007E, 20834, 30, 17,   0, -17, 30},
  {0x00B7, 20970, 13, 18,   0, -18, 13},
  {0xAC12, 21042, 40, 41,   0, -37, 40},
  {0xAC31, 21452, 40, 41,   0, -37, 40},
  {0xAC80, 21862, 40, 41,   0, -37, 40},
  {0xACC4, 22272, 40, 42,   0, -37, 40},
  {0xACE0, 22692, 40, 34,   0, -34, 40},
  {0xAD6D, 23032, 40, 40,   0, -35, 40},
  {0xAE00, 23432, 40, 40,   0, -36, 40},
  {0xAE30, 23832, 40, 42,   0, -37, 40},
  {0xB2E4, 24252, 40, 42,   0, -37, 40},
  {0xB2E8, 24672, 40, 41,   0, -37, 40},
  {0xB300, 25082, 40, 42,   0, -37, 40},
  {0xB354, 25502, 40, 42,   0, -37, 40},
  {0xB450, 25922, 40, 40,   0, -35, 40},
  {0xB4DC, 26322, 40, 34,   0, -34, 40},
  {0xB514, 26662, 40, 42,   0, -37, 40},
  {0xB78C, 27082, 40, 41,   0, -37, 40},
  {0xB80C, 27492, 40, 41,   0, -37, 40},
  {0xB9AC, 27902, 40, 42,   0, -37, 40},
  {0xB9C1, 28322, 40, 42,   0, -37, 40},
  {0xBBFC, 28742, 40, 41,   0, -37, 40},
  {0xBC14, 29152, 40, 42,   0, -37, 40},
  {0xBC31, 29572, 40, 42,   0, -37, 40},
  {0xC0C9, 29992, 40, 42,   0, -37, 40},
  {0xC11C, 30412, 40, 42,   0, -37, 40},
  {0xC11E, 30832, 40, 42,   0, -37, 40},
  {0xC220, 31252, 40, 41,   0, -37, 40},
  {0xC2A4, 31662, 40, 35,   0, -35, 40},
  {0xC2DC, 32012, 40, 42,   0, -37, 40},
  {0xC2E0, 32432, 40, 41,   0, -37, 40},
  {0xC2F1, 32842, 40, 41,   0, -37, 40},
  {0xC544, 33252, 40, 42,   0, -37, 40},
  {0xC548, 33672, 40, 41,   0, -37, 40},
  {0xC54C, 34082, 40, 41,   0, -37, 40},
  {0xC5B4, 34492, 40, 42,   0, -37, 40},
  {0xC5D0, 34912, 40, 42,   0, -37, 40},
  {0xC5F0, 35332, 40, 41,   0, -37, 40},
  {0xC6B8, 35742, 40, 41,   0, -37, 40},
  {0xC6E8, 36152, 40, 42,   0, -37, 40},
  {0xC744, 36572, 40, 41,   0, -37, 40},
  {0xC778, 36982, 40, 41,   0, -37, 40},
  {0xC790, 37392, 40, 42,   0, -37, 40},
  {0xC804, 37812, 40, 41,   0, -37, 40},
  {0xC815, 38222, 40, 42,   0, -37, 40},
  {0xC950, 38642, 40, 42,   0, -37, 40},
  {0xC9C4, 39062, 40, 41,   0, -37, 40},
  {0xCCC7, 39472, 40, 41,   0, -37, 40},
  {0xCD08, 39882, 40, 37,   0, -37, 40},
  {0xD034, 40252, 40, 42,   0, -37, 40},
  {0xD06C, 40672, 40, 34,   0, -34, 40},
  {0xD0C0, 41012, 40, 42,   0, -37, 40},
  {0xD15C, 41432, 40, 41,   0, -37, 40},
  {0xD2F0, 41842, 40, 42,   0, -37, 40},
  {0xD30C, 42262, 40, 42,   0, -37, 40},
  {0xD558, 42682, 40, 42,   0, -37, 40},
  {0xD55C, 43102, 40, 41,   0, -37, 40},
  {0xD5CC, 43512, 40, 41,   0, -37, 40},
  {0xD5D8, 43922, 40, 42,   0, -38, 40},
  {0xD68C, 44342, 40, 42,   0, -37, 40},
  {0xD751, 44762, 40, 43,   0, -38, 40},
  {0xD770, 45192, 40, 41,   0, -37, 40},
};

static const KFontG preg_b46 = { preg_b46_bits, preg_b46_glyphs, 156, 44, 56 };
