// Pretendard-Bold.otf 46px 에서 자동 생성. tools/build_fonts.py 를 다시 돌려서 고칠 것.
// 글자 134개, 비트맵 19135바이트
#pragma once
#include "kfont.h"

static const uint8_t pre_b46_bits[] = {
  0x0F,0xC0,0x0F,0xC0,0x0F,0xC0,0x0F,0xC0,0x0F,0xC0,0x0F,0xC0,0x0F,0xC0,0x0F,0xC0,
  0x0F,0xC0,0x0F,0xC0,0x0F,0xC0,0x0F,0xC0,0x0F,0xC0,0x0F,0xC0,0x0F,0xC0,0x0F,0xC0,
  0x0F,0xC0,0x0F,0xC0,0x0F,0xC0,0x0F,0xC0,0x0F,0xC0,0x0F,0xC0,0x0F,0xC0,0x00,0x00,
  0x00,0x00,0x00,0x00,0x07,0x80,0x0F,0xC0,0x0F,0xE0,0x1F,0xE0,0x1F,0xE0,0x0F,0xC0,
  0x07,0x80,0x00,0x00,0x1C,0x1E,0x00,0x3E,0x3E,0x00,0x3E,0x3E,0x00,0x3E,0x3E,0x00,
  0x3E,0x3E,0x00,0x3E,0x3E,0x00,0x3E,0x3E,0x00,0x3E,0x3E,0x00,0x3E,0x3E,0x00,0x3E,
  0x3E,0x00,0x3E,0x3E,0x00,0x3E,0x3E,0x00,0x3E,0x3E,0x00,0x00,0x00,0x00,0x00,0x00,
  0x00,0x00,0x00,0x00,0x00,0x00,0x00,0x00,0x00,0x00,0x00,0x00,0x00,0x00,0x00,0x00,
  0x00,0x00,0x00,0x00,0x00,0x00,0x00,0x00,0x00,0x00,0x00,0x00,0x00,0x00,0x00,0x00,
  0x00,0x00,0x00,0x00,0x00,0x00,0x00,0x00,0x00,0x00,0x00,0x00,0x00,0x00,0x00,0x00,
  0x00,0x00,0x00,0x00,0x00,0x00,0x00,0x00,0x78,0x07,0x80,0x00,0x7C,0x0F,0x80,0x00,
  0xFC,0x0F,0x80,0x00,0xF8,0x0F,0x80,0x00,0xF8,0x0F,0x80,0x00,0xF8,0x1F,0x00,0x00,
  0xF8,0x1F,0x00,0x00,0xF8,0x1F,0x00,0x01,0xF8,0x1F,0x00,0x1F,0xFF,0xFF,0xF0,0x1F,
  0xFF,0xFF,0xF0,0x1F,0xFF,0xFF,0xF0,0x3F,0xFF,0xFF,0xF0,0x1F,0xFF,0xFF,0xE0,0x03,
  0xF0,0x3E,0x00,0x03,0xE0,0x3E,0x00,0x03,0xE0,0x3E,0x00,0x03,0xE0,0x7C,0x00,0x03,
  0xE0,0x7C,0x00,0x03,0xE0,0x7C,0x00,0x7F,0xFF,0xFF,0xC0,0x7F,0xFF,0xFF,0xC0,0x7F,
  0xFF,0xFF,0xC0,0x7F,0xFF,0xFF,0xC0,0xFF,0xFF,0xFF,0xC0,0x07,0xC0,0xF8,0x00,0x07,
  0xC0,0xF8,0x00,0x0F,0x80,0xF8,0x00,0x0F,0x80,0xF8,0x00,0x0F,0x81,0xF0,0x00,0x0F,
  0x81,0xF0,0x00,0x0F,0x81,0xF0,0x00,0x0F,0x81,0xF0,0x00,0x00,0x03,0x00,0x00,0x00,
  0x07,0x00,0x00,0x00,0x07,0x00,0x00,0x00,0x07,0x00,0x00,0x00,0x1F,0xE0,0x00,0x00,
  0xFF,0xF8,0x00,0x03,0xFF,0xFE,0x00,0x07,0xFF,0xFF,0x00,0x0F,0xFF,0xFF,0x80,0x0F,
  0xFF,0xFF,0xC0,0x1F,0xE7,0x3F,0xC0,0x1F,0xC7,0x1F,0xE0,0x1F,0xC7,0x0F,0xE0,0x1F,
  0x87,0x0F,0xE0,0x1F,0xC7,0x00,0x00,0x1F,0xC7,0x00,0x00,0x1F,0xF7,0x00,0x00,0x1F,
  0xFF,0x00,0x00,0x0F,0xFF,0xE0,0x00,0x07,0xFF,0xF8,0x00,0x03,0xFF,0xFE,0x00,0x00,
  0xFF,0xFF,0x80,0x00,0x1F,0xFF,0xC0,0x00,0x07,0xFF,0xC0,0x00,0x07,0x3F,0xE0,0x00,
  0x07,0x1F,0xE0,0x00,0x07,0x0F,0xE0,0x3F,0x07,0x0F,0xE0,0x3F,0x87,0x0F,0xE0,0x3F,
  0x87,0x0F,0xE0,0x3F,0xC7,0x1F,0xE0,0x1F,0xFF,0x7F,0xE0,0x1F,0xFF,0xFF,0xC0,0x0F,
  0xFF,0xFF,0x80,0x07,0xFF,0xFF,0x00,0x03,0xFF,0xFE,0x00,0x00,0x7F,0xF8,0x00,0x00,
  0x07,0x00,0x00,0x00,0x07,0x00,0x00,0x00,0x07,0x00,0x00,0x00,0x07,0x00,0x00,0x00,
  0x00,0x00,0x00,0x00,0x38,0x00,0x00,0x00,0x00,0x01,0xFE,0x00,0x01,0xE0,0x00,0x03,
  0xFF,0x00,0x03,0xE0,0x00,0x07,0xFF,0x80,0x07,0xC0,0x00,0x07,0xEF,0xC0,0x07,0xC0,
  0x00,0x0F,0x87,0xC0,0x0F,0x80,0x00,0x0F,0x83,0xC0,0x1F,0x00,0x00,0x0F,0x03,0xC0,
  0x3F,0x00,0x00,0x0F,0x03,0xE0,0x3E,0x00,0x00,0x0F,0x03,0xE0,0x7C,0x00,0x00,0x0F,
  0x03,0xC0,0xF8,0x00,0x00,0x0F,0x83,0xC0,0xF8,0x00,0x00,0x0F,0x87,0xC1,0xF0,0x00,
  0x00,0x07,0xCF,0xC3,0xE0,0x00,0x00,0x07,0xFF,0x83,0xE0,0x00,0x00,0x03,0xFF,0x07,
  0xC0,0x00,0x00,0x01,0xFE,0x0F,0x80,0x00,0x00,0x00,0x78,0x0F,0x80,0x00,0x00,0x00,
  0x00,0x1F,0x03,0xF8,0x00,0x00,0x00,0x3E,0x0F,0xFC,0x00,0x00,0x00,0x3E,0x1F,0xFE,
  0x00,0x00,0x00,0x7C,0x1F,0xFE,0x00,0x00,0x00,0xF8,0x3E,0x1F,0x00,0x00,0x01,0xF8,
  0x3E,0x1F,0x00,0x00,0x01,0xF0,0x3C,0x0F,0x00,0x00,0x03,0xE0,0x3C,0x0F,0x00,0x00,
  0x07,0xC0,0x3C,0x0F,0x80,0x00,0x07,0xC0,0x3C,0x0F,0x00,0x00,0x0F,0x80,0x3C,0x0F,
  0x00,0x00,0x1F,0x00,0x3E,0x1F,0x00,0x00,0x1F,0x00,0x3F,0x1F,0x00,0x00,0x3E,0x00,
  0x1F,0xFE,0x00,0x00,0x7C,0x00,0x1F,0xFE,0x00,0x00,0x7C,0x00,0x0F,0xFC,0x00,0x00,
  0x00,0x00,0x03,0xF0,0x00,0x00,0x00,0x00,0x00,0x00,0x00,0x00,0x3F,0x00,0x00,0x00,
  0xFF,0xC0,0x00,0x01,0xFF,0xF0,0x00,0x03,0xFF,0xF0,0x00,0x07,0xFF,0xF8,0x00,0x07,
  0xFB,0xF8,0x00,0x07,0xE0,0xFC,0x00,0x07,0xC0,0xFC,0x00,0x07,0xC0,0xFC,0x00,0x07,
  0xC0,0xF8,0x00,0x07,0xE1,0xF8,0x00,0x07,0xE3,0xF8,0x00,0x07,0xF7,0xF0,0x00,0x03,
  0xFF,0xE0,0x00,0x01,0xFF,0xC0,0x00,0x01,0xFF,0x80,0x00,0x01,0xFF,0x00,0x00,0x07,
  0xFF,0x03,0xF0,0x0F,0xFF,0x83,0xF0,0x1F,0xFF,0xC3,0xF0,0x1F,0xCF,0xE3,0xF0,0x3F,
  0x87,0xF7,0xE0,0x3F,0x87,0xFF,0xE0,0x3F,0x03,0xFF,0xE0,0x3F,0x01,0xFF,0xC0,0x3F,
  0x00,0xFF,0xC0,0x3F,0x80,0x7F,0x80,0x3F,0xC0,0xFF,0x80,0x1F,0xFF,0xFF,0xC0,0x1F,
  0xFF,0xFF,0xE0,0x0F,0xFF,0xFF,0xF0,0x07,0xFF,0xF3,0xF8,0x01,0xFF,0xC3,0xF8,0x00,
  0x00,0x00,0x00,0x1C,0x00,0x3E,0x00,0x3E,0x00,0x3E,0x00,0x3E,0x00,0x3E,0x00,0x3E,
  0x00,0x3E,0x00,0x3E,0x00,0x3E,0x00,0x3E,0x00,0x3E,0x00,0x3E,0x00,0x00,0x00,0x00,
  0x00,0x00,0x00,0x00,0x00,0x00,0x00,0x00,0x00,0x00,0x00,0x00,0x00,0x00,0x00,0x00,
  0x00,0x00,0x00,0x00,0x00,0x00,0x00,0x00,0x00,0x00,0x00,0x00,0x00,0x00,0x00,0x00,
  0x00,0x00,0x00,0x00,0x00,0x00,0x3F,0x80,0x00,0x3F,0x00,0x00,0x7E,0x00,0x00,0xFE,
  0x00,0x00,0xFC,0x00,0x01,0xFC,0x00,0x01,0xFC,0x00,0x03,0xF8,0x00,0x03,0xF8,0x00,
  0x03,0xF8,0x00,0x07,0xF0,0x00,0x07,0xF0,0x00,0x07,0xF0,0x00,0x07,0xF0,0x00,0x0F,
  0xE0,0x00,0x0F,0xE0,0x00,0x0F,0xE0,0x00,0x0F,0xE0,0x00,0x0F,0xE0,0x00,0x0F,0xE0,
  0x00,0x0F,0xE0,0x00,0x0F,0xE0,0x00,0x0F,0xE0,0x00,0x0F,0xE0,0x00,0x0F,0xE0,0x00,
  0x0F,0xE0,0x00,0x0F,0xE0,0x00,0x0F,0xE0,0x00,0x0F,0xE0,0x00,0x07,0xE0,0x00,0x07,
  0xF0,0x00,0x07,0xF0,0x00,0x07,0xF0,0x00,0x03,0xF0,0x00,0x03,0xF8,0x00,0x03,0xF8,
  0x00,0x01,0xF8,0x00,0x01,0xFC,0x00,0x00,0xFC,0x00,0x00,0xFE,0x00,0x00,0x7E,0x00,
  0x00,0x7F,0x00,0x00,0x3F,0x00,0x00,0x00,0x00,0x7F,0x00,0x00,0x3F,0x00,0x00,0x3F,
  0x80,0x00,0x1F,0x80,0x00,0x1F,0xC0,0x00,0x0F,0xE0,0x00,0x0F,0xE0,0x00,0x07,0xE0,
  0x00,0x07,0xF0,0x00,0x07,0xF0,0x00,0x03,0xF8,0x00,0x03,0xF8,0x00,0x03,0xF8,0x00,
  0x03,0xF8,0x00,0x01,0xFC,0x00,0x01,0xFC,0x00,0x01,0xFC,0x00,0x01,0xFC,0x00,0x01,
  0xFC,0x00,0x01,0xFC,0x00,0x01,0xFC,0x00,0x01,0xFC,0x00,0x01,0xFC,0x00,0x01,0xFC,
  0x00,0x01,0xFC,0x00,0x01,0xFC,0x00,0x01,0xFC,0x00,0x01,0xFC,0x00,0x01,0xFC,0x00,
  0x03,0xF8,0x00,0x03,0xF8,0x00,0x03,0xF8,0x00,0x03,0xF8,0x00,0x07,0xF0,0x00,0x07,
  0xF0,0x00,0x07,0xF0,0x00,0x0F,0xE0,0x00,0x0F,0xE0,0x00,0x0F,0xC0,0x00,0x1F,0xC0,
  0x00,0x1F,0x80,0x00,0x3F,0x00,0x00,0x7F,0x00,0x00,0x00,0x00,0x00,0x00,0x1C,0x00,
  0x00,0x00,0x3C,0x00,0x00,0x00,0x3C,0x00,0x00,0x00,0x3C,0x00,0x00,0x06,0x1C,0x70,
  0x00,0x0F,0x9C,0xF8,0x00,0x0F,0xFF,0xF8,0x00,0x07,0xFF,0xF0,0x00,0x01,0xFF,0xC0,
  0x00,0x00,0xFF,0x00,0x00,0x01,0xFF,0xC0,0x00,0x07,0xFF,0xF0,0x00,0x0F,0xFF,0xF8,
  0x00,0x0F,0x9D,0xF8,0x00,0x07,0x1C,0x70,0x00,0x04,0x3C,0x30,0x00,0x00,0x3C,0x00,
  0x00,0x00,0x3C,0x00,0x00,0x00,0x3C,0x00,0x00,0x00,0x00,0x00,0x00,0x00,0x00,0x00,
  0x00,0x00,0x00,0x00,0x00,0x00,0x00,0x00,0x00,0x00,0x00,0x00,0x00,0x00,0x00,0x00,
  0x00,0x00,0x00,0x00,0x00,0x00,0x00,0x00,0x00,0x00,0x00,0x00,0x00,0x00,0x00,0x00,
  0x00,0x00,0x00,0x00,0x00,0x00,0x00,0x00,0x00,0x00,0x00,0x00,0x00,0x00,0x00,0x00,
  0x00,0x00,0x00,0x00,0x00,0x00,0x0F,0xC0,0x00,0x00,0x0F,0xC0,0x00,0x00,0x0F,0xC0,
  0x00,0x00,0x0F,0xC0,0x00,0x00,0x0F,0xC0,0x00,0x00,0x0F,0xC0,0x00,0x00,0x0F,0xC0,
  0x00,0x00,0x0F,0xC0,0x00,0x0F,0xFF,0xFF,0xC0,0x0F,0xFF,0xFF,0xC0,0x0F,0xFF,0xFF,
  0xC0,0x0F,0xFF,0xFF,0xC0,0x0F,0xFF,0xFF,0xC0,0x0F,0xFF,0xFF,0xC0,0x00,0x0F,0xC0,
  0x00,0x00,0x0F,0xC0,0x00,0x00,0x0F,0xC0,0x00,0x00,0x0F,0xC0,0x00,0x00,0x0F,0xC0,
  0x00,0x00,0x0F,0xC0,0x00,0x00,0x0F,0xC0,0x00,0x00,0x0F,0xC0,0x00,0x00,0x00,0x00,
  0x00,0x00,0x00,0x00,0x00,0x00,0x00,0x1F,0xC0,0x1F,0x80,0x1F,0x80,0x1F,0x80,0x1F,
  0x00,0x3F,0x00,0x3F,0x00,0x3E,0x00,0x3E,0x00,0x3E,0x00,0x3E,0x00,0x7C,0x00,0x00,
  0x00,0x00,0x00,0x00,0x1F,0xFF,0xC0,0x1F,0xFF,0xC0,0x1F,0xFF,0xC0,0x1F,0xFF,0xC0,
  0x1F,0xFF,0xC0,0x00,0x00,0x00,0x00,0x00,0x00,0x00,0x00,0x00,0x00,0x00,0x00,0x00,
  0x00,0x00,0x00,0x00,0x00,0x00,0x00,0x00,0x00,0x00,0x00,0x00,0x00,0x00,0x00,0x00,
  0x00,0x00,0x00,0x00,0x00,0x00,0x07,0x00,0x1F,0x80,0x1F,0xC0,0x1F,0xC0,0x1F,0xC0,
  0x1F,0xC0,0x0F,0x80,0x00,0x00,0x00,0x00,0x00,0x00,0x1F,0x80,0x00,0x3F,0x00,0x00,
  0x3F,0x00,0x00,0x3F,0x00,0x00,0x3E,0x00,0x00,0x7E,0x00,0x00,0x7E,0x00,0x00,0x7E,
  0x00,0x00,0x7C,0x00,0x00,0xFC,0x00,0x00,0xFC,0x00,0x00,0xFC,0x00,0x00,0xF8,0x00,
  0x01,0xF8,0x00,0x01,0xF8,0x00,0x01,0xF0,0x00,0x03,0xF0,0x00,0x03,0xF0,0x00,0x03,
  0xF0,0x00,0x03,0xE0,0x00,0x07,0xE0,0x00,0x07,0xE0,0x00,0x07,0xE0,0x00,0x07,0xC0,
  0x00,0x0F,0xC0,0x00,0x0F,0xC0,0x00,0x0F,0x80,0x00,0x0F,0x80,0x00,0x1F,0x80,0x00,
  0x1F,0x80,0x00,0x1F,0x00,0x00,0x3F,0x00,0x00,0x3F,0x00,0x00,0x3F,0x00,0x00,0x3E,
  0x00,0x00,0x7E,0x00,0x00,0x7E,0x00,0x00,0x7E,0x00,0x00,0x7C,0x00,0x00,0x00,0x0F,
  0xE0,0x00,0x00,0x7F,0xF8,0x00,0x00,0xFF,0xFE,0x00,0x03,0xFF,0xFF,0x00,0x03,0xFF,
  0xFF,0x80,0x07,0xFF,0xFF,0x80,0x0F,0xF0,0x3F,0xC0,0x0F,0xE0,0x1F,0xE0,0x1F,0xE0,
  0x0F,0xE0,0x1F,0xC0,0x0F,0xE0,0x1F,0xC0,0x07,0xF0,0x1F,0xC0,0x07,0xF0,0x3F,0x80,
  0x07,0xF0,0x3F,0x80,0x07,0xF0,0x3F,0x80,0x07,0xF0,0x3F,0x80,0x07,0xF0,0x3F,0x80,
  0x07,0xF0,0x3F,0x80,0x07,0xF0,0x3F,0x80,0x07,0xF0,0x3F,0x80,0x07,0xF0,0x3F,0x80,
  0x07,0xF0,0x1F,0x80,0x07,0xF0,0x1F,0xC0,0x07,0xF0,0x1F,0xC0,0x0F,0xE0,0x1F,0xC0,
  0x0F,0xE0,0x0F,0xE0,0x1F,0xE0,0x0F,0xF0,0x1F,0xC0,0x07,0xF8,0x7F,0xC0,0x07,0xFF,
  0xFF,0x80,0x03,0xFF,0xFF,0x00,0x01,0xFF,0xFE,0x00,0x00,0xFF,0xFC,0x00,0x00,0x3F,
  0xF0,0x00,0x00,0x00,0x00,0x00,0x00,0x3F,0x00,0x00,0x7F,0x80,0x01,0xFF,0x80,0x07,
  0xFF,0x80,0x0F,0xFF,0x80,0x3F,0xFF,0x80,0x3F,0xFF,0x80,0x3F,0xBF,0x80,0x3E,0x3F,
  0x80,0x38,0x3F,0x80,0x30,0x3F,0x80,0x00,0x3F,0x80,0x00,0x3F,0x80,0x00,0x3F,0x80,
  0x00,0x3F,0x80,0x00,0x3F,0x80,0x00,0x3F,0x80,0x00,0x3F,0x80,0x00,0x3F,0x80,0x00,
  0x3F,0x80,0x00,0x3F,0x80,0x00,0x3F,0x80,0x00,0x3F,0x80,0x00,0x3F,0x80,0x00,0x3F,
  0x80,0x00,0x3F,0x80,0x00,0x3F,0x80,0x00,0x3F,0x80,0x00,0x3F,0x80,0x00,0x3F,0x80,
  0x00,0x3F,0x80,0x00,0x3F,0x80,0x00,0x3F,0x80,0x00,0x3F,0x80,0x00,0x01,0xFF,0xF0,
  0x00,0x03,0xFF,0xFC,0x00,0x07,0xFF,0xFE,0x00,0x0F,0xFF,0xFF,0x00,0x1F,0xFB,0xFF,
  0x00,0x1F,0xC0,0x7F,0x80,0x1F,0xC0,0x3F,0x80,0x3F,0x80,0x1F,0x80,0x3F,0x80,0x1F,
  0x80,0x00,0x00,0x1F,0x80,0x00,0x00,0x1F,0x80,0x00,0x00,0x3F,0x80,0x00,0x00,0x3F,
  0x80,0x00,0x00,0x7F,0x00,0x00,0x00,0xFE,0x00,0x00,0x01,0xFE,0x00,0x00,0x03,0xFC,
  0x00,0x00,0x07,0xF8,0x00,0x00,0x0F,0xF0,0x00,0x00,0x1F,0xE0,0x00,0x00,0x3F,0xC0,
  0x00,0x00,0x7F,0x80,0x00,0x00,0xFF,0x00,0x00,0x03,0xFE,0x00,0x00,0x07,0xFC,0x00,
  0x00,0x0F,0xF8,0x00,0x00,0x1F,0xFF,0xFF,0x80,0x1F,0xFF,0xFF,0xC0,0x1F,0xFF,0xFF,
  0xC0,0x1F,0xFF,0xFF,0xC0,0x1F,0xFF,0xFF,0xC0,0x1F,0xFF,0xFF,0xC0,0x00,0x1F,0xC0,
  0x00,0x00,0xFF,0xF8,0x00,0x01,0xFF,0xFE,0x00,0x07,0xFF,0xFF,0x00,0x07,0xFF,0xFF,
  0x00,0x0F,0xFD,0xFF,0x80,0x0F,0xE0,0x3F,0x80,0x1F,0xC0,0x1F,0xC0,0x1F,0xC0,0x1F,
  0xC0,0x1F,0x80,0x1F,0xC0,0x00,0x00,0x1F,0xC0,0x00,0x00,0x1F,0xC0,0x00,0x00,0x3F,
  0x80,0x00,0x00,0xFF,0x00,0x00,0x1F,0xFE,0x00,0x00,0x1F,0xFC,0x00,0x00,0x1F,0xF0,
  0x00,0x00,0x1F,0xFE,0x00,0x00,0x1F,0xFF,0x80,0x00,0x00,0x7F,0xC0,0x00,0x00,0x1F,
  0xC0,0x00,0x00,0x0F,0xE0,0x00,0x00,0x0F,0xE0,0x00,0x00,0x0F,0xE0,0x3F,0x80,0x0F,
  0xE0,0x3F,0xC0,0x0F,0xE0,0x1F,0xC0,0x1F,0xE0,0x1F,0xF0,0x7F,0xC0,0x0F,0xFF,0xFF,
  0xC0,0x0F,0xFF,0xFF,0x80,0x07,0xFF,0xFF,0x00,0x01,0xFF,0xFC,0x00,0x00,0x7F,0xF0,
  0x00,0x00,0x00,0x00,0x00,0x00,0x00,0xFF,0x00,0x00,0x01,0xFF,0x00,0x00,0x03,0xFF,
  0x00,0x00,0x03,0xFF,0x00,0x00,0x07,0xFF,0x00,0x00,0x07,0xFF,0x00,0x00,0x0F,0xFF,
  0x00,0x00,0x1F,0xFF,0x00,0x00,0x1F,0xBF,0x00,0x00,0x3F,0xBF,0x00,0x00,0x7F,0x3F,
  0x00,0x00,0x7E,0x3F,0x00,0x00,0xFE,0x3F,0x00,0x01,0xFC,0x3F,0x00,0x01,0xF8,0x3F,
  0x00,0x03,0xF8,0x3F,0x00,0x07,0xF0,0x3F,0x00,0x07,0xE0,0x3F,0x00,0x0F,0xE0,0x3F,
  0x00,0x0F,0xC0,0x3F,0x00,0x1F,0xC0,0x3F,0x00,0x3F,0x80,0x3F,0x00,0x3F,0xFF,0xFF,
  0xF0,0x3F,0xFF,0xFF,0xF0,0x3F,0xFF,0xFF,0xF0,0x3F,0xFF,0xFF,0xF0,0x3F,0xFF,0xFF,
  0xF0,0x00,0x00,0x3F,0x00,0x00,0x00,0x3F,0x00,0x00,0x00,0x3F,0x00,0x00,0x00,0x3F,
  0x00,0x00,0x00,0x3F,0x00,0x00,0x00,0x3F,0x00,0x07,0xFF,0xFF,0x00,0x07,0xFF,0xFF,
  0x80,0x07,0xFF,0xFF,0x80,0x07,0xFF,0xFF,0x80,0x07,0xFF,0xFF,0x80,0x0F,0xFF,0xFF,
  0x80,0x0F,0xC0,0x00,0x00,0x0F,0xC0,0x00,0x00,0x0F,0xC0,0x00,0x00,0x0F,0xC0,0x00,
  0x00,0x0F,0xC0,0x00,0x00,0x0F,0xC0,0x00,0x00,0x0F,0xCF,0xF8,0x00,0x0F,0xDF,0xFE,
  0x00,0x0F,0xFF,0xFF,0x00,0x0F,0xFF,0xFF,0x80,0x1F,0xFF,0xFF,0x80,0x1F,0xE0,0x3F,
  0xC0,0x1F,0xC0,0x1F,0xC0,0x00,0x00,0x1F,0xC0,0x00,0x00,0x0F,0xE0,0x00,0x00,0x0F,
  0xE0,0x00,0x00,0x0F,0xE0,0x00,0x00,0x0F,0xE0,0x1F,0x80,0x0F,0xE0,0x1F,0xC0,0x1F,
  0xC0,0x1F,0xC0,0x1F,0xC0,0x0F,0xF0,0x7F,0x80,0x0F,0xFF,0xFF,0x80,0x07,0xFF,0xFF,
  0x00,0x03,0xFF,0xFE,0x00,0x01,0xFF,0xFC,0x00,0x00,0x7F,0xF0,0x00,0x00,0x00,0x00,
  0x00,0x00,0x0F,0xE0,0x00,0x00,0x7F,0xFC,0x00,0x00,0xFF,0xFE,0x00,0x01,0xFF,0xFF,
  0x00,0x03,0xFF,0xFF,0x80,0x07,0xFF,0xFF,0xC0,0x07,0xF8,0x3F,0xC0,0x0F,0xE0,0x1F,
  0xE0,0x0F,0xC0,0x0F,0xE0,0x1F,0xC0,0x07,0xE0,0x1F,0xC0,0x00,0x00,0x1F,0x80,0x00,
  0x00,0x3F,0x87,0xF8,0x00,0x3F,0x9F,0xFE,0x00,0x3F,0xBF,0xFF,0x00,0x3F,0xFF,0xFF,
  0x80,0x3F,0xFF,0xFF,0xC0,0x3F,0xF0,0x3F,0xC0,0x3F,0xE0,0x1F,0xE0,0x3F,0xC0,0x0F,
  0xE0,0x3F,0xC0,0x07,0xE0,0x3F,0x80,0x07,0xE0,0x1F,0x80,0x07,0xE0,0x1F,0xC0,0x07,
  0xE0,0x1F,0xC0,0x0F,0xE0,0x1F,0xC0,0x0F,0xE0,0x0F,0xE0,0x1F,0xE0,0x0F,0xF8,0x3F,
  0xC0,0x07,0xFF,0xFF,0xC0,0x03,0xFF,0xFF,0x80,0x01,0xFF,0xFF,0x00,0x00,0xFF,0xFC,
  0x00,0x00,0x3F,0xF0,0x00,0x00,0x00,0x00,0x00,0x3F,0xFF,0xFF,0x00,0x3F,0xFF,0xFF,
  0x80,0x3F,0xFF,0xFF,0x80,0x3F,0xFF,0xFF,0x80,0x3F,0xFF,0xFF,0x80,0x3F,0xFF,0xFF,
  0x80,0x00,0x00,0x7F,0x00,0x00,0x00,0x7F,0x00,0x00,0x00,0xFE,0x00,0x00,0x00,0xFE,
  0x00,0x00,0x01,0xFC,0x00,0x00,0x01,0xFC,0x00,0x00,0x03,0xF8,0x00,0x00,0x03,0xF8,
  0x00,0x00,0x07,0xF0,0x00,0x00,0x07,0xF0,0x00,0x00,0x0F,0xE0,0x00,0x00,0x0F,0xE0,
  0x00,0x00,0x1F,0xC0,0x00,0x00,0x1F,0xC0,0x00,0x00,0x3F,0x80,0x00,0x00,0x3F,0x80,
  0x00,0x00,0x7F,0x00,0x00,0x00,0x7F,0x00,0x00,0x00,0xFE,0x00,0x00,0x00,0xFE,0x00,
  0x00,0x01,0xFC,0x00,0x00,0x01,0xFC,0x00,0x00,0x03,0xF8,0x00,0x00,0x03,0xF8,0x00,
  0x00,0x07,0xF0,0x00,0x00,0x07,0xF0,0x00,0x00,0x0F,0xE0,0x00,0x00,0x00,0x1F,0xE0,
  0x00,0x00,0xFF,0xF8,0x00,0x01,0xFF,0xFE,0x00,0x07,0xFF,0xFF,0x00,0x07,0xFF,0xFF,
  0x80,0x0F,0xF8,0x7F,0x80,0x0F,0xE0,0x3F,0xC0,0x1F,0xC0,0x1F,0xC0,0x1F,0xC0,0x0F,
  0xC0,0x1F,0xC0,0x0F,0xC0,0x0F,0xC0,0x0F,0xC0,0x0F,0xC0,0x1F,0xC0,0x0F,0xE0,0x3F,
  0x80,0x07,0xF8,0x7F,0x80,0x03,0xFF,0xFE,0x00,0x00,0xFF,0xFC,0x00,0x00,0xFF,0xF8,
  0x00,0x03,0xFF,0xFF,0x00,0x07,0xFF,0xFF,0x80,0x0F,0xF0,0x3F,0xC0,0x1F,0xC0,0x1F,
  0xC0,0x1F,0xC0,0x0F,0xE0,0x3F,0x80,0x0F,0xE0,0x3F,0x80,0x0F,0xE0,0x3F,0x80,0x0F,
  0xE0,0x3F,0xC0,0x0F,0xE0,0x3F,0xC0,0x1F,0xE0,0x1F,0xF0,0x3F,0xE0,0x1F,0xFF,0xFF,
  0xC0,0x0F,0xFF,0xFF,0x80,0x07,0xFF,0xFF,0x00,0x01,0xFF,0xFE,0x00,0x00,0x7F,0xF8,
  0x00,0x00,0x00,0x00,0x00,0x00,0x00,0x00,0x00,0x00,0x1F,0xC0,0x00,0x00,0xFF,0xF8,
  0x00,0x03,0xFF,0xFC,0x00,0x07,0xFF,0xFE,0x00,0x0F,0xFF,0xFF,0x00,0x0F,0xFD,0xFF,
  0x80,0x1F,0xE0,0x3F,0xC0,0x1F,0xC0,0x1F,0xC0,0x3F,0x80,0x0F,0xC0,0x3F,0x80,0x0F,
  0xE0,0x3F,0x80,0x0F,0xE0,0x3F,0x80,0x0F,0xE0,0x3F,0x80,0x0F,0xE0,0x3F,0x80,0x0F,
  0xE0,0x1F,0xC0,0x1F,0xE0,0x1F,0xE0,0x3F,0xF0,0x1F,0xF8,0xFF,0xE0,0x0F,0xFF,0xFF,
  0xE0,0x07,0xFF,0xF7,0xE0,0x03,0xFF,0xE7,0xE0,0x01,0xFF,0x87,0xE0,0x00,0x3E,0x0F,
  0xE0,0x00,0x00,0x0F,0xE0,0x00,0x00,0x0F,0xE0,0x1F,0x80,0x1F,0xC0,0x1F,0xC0,0x1F,
  0xC0,0x1F,0xE0,0x3F,0x80,0x0F,0xF9,0xFF,0x80,0x0F,0xFF,0xFF,0x00,0x07,0xFF,0xFE,
  0x00,0x03,0xFF,0xFC,0x00,0x01,0xFF,0xF8,0x00,0x00,0x7F,0xE0,0x00,0x00,0x00,0x00,
  0x00,0x00,0x00,0x0F,0x80,0x1F,0xC0,0x1F,0xC0,0x1F,0xC0,0x1F,0xC0,0x1F,0xC0,0x0F,
  0x80,0x00,0x00,0x00,0x00,0x00,0x00,0x00,0x00,0x00,0x00,0x00,0x00,0x00,0x00,0x00,
  0x00,0x00,0x00,0x00,0x00,0x07,0x00,0x1F,0x80,0x1F,0xC0,0x1F,0xC0,0x1F,0xC0,0x1F,
  0xC0,0x0F,0x80,0x00,0x00,0x00,0x00,0x0F,0x80,0x1F,0xC0,0x1F,0xC0,0x1F,0xC0,0x1F,
  0xC0,0x1F,0xC0,0x0F,0x80,0x00,0x00,0x00,0x00,0x00,0x00,0x00,0x00,0x00,0x00,0x00,
  0x00,0x00,0x00,0x00,0x00,0x00,0x00,0x00,0x00,0x00,0x00,0x00,0x00,0x00,0x00,0x00,
  0x00,0x1F,0xC0,0x1F,0x80,0x1F,0x80,0x1F,0x80,0x1F,0x00,0x3F,0x00,0x3F,0x00,0x3E,
  0x00,0x3E,0x00,0x3E,0x00,0x3E,0x00,0x7C,0x00,0x00,0x00,0x00,0x00,0x00,0x00,0x00,
  0x00,0x00,0xC0,0x00,0x00,0x07,0xC0,0x00,0x00,0x1F,0xC0,0x00,0x00,0x7F,0xC0,0x00,
  0x01,0xFF,0xC0,0x00,0x0F,0xFF,0xC0,0x00,0x3F,0xFF,0x00,0x00,0xFF,0xFC,0x00,0x03,
  0xFF,0xE0,0x00,0x0F,0xFF,0x80,0x00,0x0F,0xFC,0x00,0x00,0x0F,0xF0,0x00,0x00,0x0F,
  0xF0,0x00,0x00,0x0F,0xFC,0x00,0x00,0x0F,0xFF,0x80,0x00,0x03,0xFF,0xE0,0x00,0x00,
  0xFF,0xFC,0x00,0x00,0x3F,0xFF,0x00,0x00,0x0F,0xFF,0xC0,0x00,0x01,0xFF,0xC0,0x00,
  0x00,0x7F,0xC0,0x00,0x00,0x1F,0xC0,0x00,0x00,0x07,0xC0,0x00,0x00,0x00,0xC0,0x00,
  0x00,0x00,0x00,0x00,0x00,0x00,0x00,0x0F,0xFF,0xFF,0xC0,0x0F,0xFF,0xFF,0xC0,0x0F,
  0xFF,0xFF,0xC0,0x0F,0xFF,0xFF,0xC0,0x0F,0xFF,0xFF,0xC0,0x07,0xFF,0xFF,0x80,0x00,
  0x00,0x00,0x00,0x00,0x00,0x00,0x00,0x00,0x00,0x00,0x00,0x00,0x00,0x00,0x00,0x00,
  0x00,0x00,0x00,0x0F,0xFF,0xFF,0xC0,0x0F,0xFF,0xFF,0xC0,0x0F,0xFF,0xFF,0xC0,0x0F,
  0xFF,0xFF,0xC0,0x0F,0xFF,0xFF,0xC0,0x00,0x00,0x00,0x00,0x00,0x00,0x00,0x00,0x00,
  0x00,0x00,0x00,0x00,0x00,0x00,0x00,0x00,0x00,0x00,0x00,0x00,0x00,0x00,0x00,0x0C,
  0x00,0x00,0x00,0x0F,0x80,0x00,0x00,0x0F,0xE0,0x00,0x00,0x0F,0xF8,0x00,0x00,0x0F,
  0xFE,0x00,0x00,0x0F,0xFF,0xC0,0x00,0x03,0xFF,0xF0,0x00,0x00,0xFF,0xFC,0x00,0x00,
  0x1F,0xFF,0x00,0x00,0x07,0xFF,0xC0,0x00,0x00,0xFF,0xC0,0x00,0x00,0x3F,0xC0,0x00,
  0x00,0x3F,0xC0,0x00,0x00,0xFF,0xC0,0x00,0x07,0xFF,0xC0,0x00,0x1F,0xFF,0x80,0x00,
  0xFF,0xFC,0x00,0x03,0xFF,0xF0,0x00,0x0F,0xFF,0xC0,0x00,0x0F,0xFE,0x00,0x00,0x0F,
  0xF8,0x00,0x00,0x0F,0xE0,0x00,0x00,0x0F,0x80,0x00,0x00,0x0C,0x00,0x00,0x00,0x00,
  0x00,0x00,0x00,0x00,0x7F,0x00,0x00,0x03,0xFF,0xC0,0x00,0x07,0xFF,0xF0,0x00,0x0F,
  0xFF,0xF8,0x00,0x1F,0xFF,0xFC,0x00,0x3F,0xE7,0xFC,0x00,0x3F,0x81,0xFC,0x00,0x3F,
  0x00,0xFE,0x00,0x3F,0x00,0xFE,0x00,0x00,0x00,0xFE,0x00,0x00,0x00,0xFE,0x00,0x00,
  0x01,0xFC,0x00,0x00,0x03,0xFC,0x00,0x00,0x07,0xF8,0x00,0x00,0x0F,0xF8,0x00,0x00,
  0x3F,0xF0,0x00,0x00,0x3F,0xC0,0x00,0x00,0x7F,0x80,0x00,0x00,0x7F,0x00,0x00,0x00,
  0x7E,0x00,0x00,0x00,0xFE,0x00,0x00,0x00,0xFC,0x00,0x00,0x00,0xFC,0x00,0x00,0x00,
  0x00,0x00,0x00,0x00,0x00,0x00,0x00,0x00,0x00,0x00,0x00,0x00,0x38,0x00,0x00,0x00,
  0xFC,0x00,0x00,0x00,0xFE,0x00,0x00,0x00,0xFE,0x00,0x00,0x00,0xFE,0x00,0x00,0x00,
  0xFE,0x00,0x00,0x00,0x7C,0x00,0x00,0x00,0x00,0x00,0x00,0x00,0x00,0x00,0x00,0x00,
  0x00,0x01,0xFF,0x80,0x00,0x00,0x0F,0xFF,0xF0,0x00,0x00,0x1F,0xFF,0xFC,0x00,0x00,
  0x7F,0xFF,0xFE,0x00,0x00,0xFF,0xFF,0xFF,0x80,0x01,0xFF,0x00,0x7F,0xC0,0x03,0xF8,
  0x00,0x1F,0xE0,0x07,0xF0,0x00,0x07,0xE0,0x07,0xE0,0x00,0x03,0xF0,0x0F,0xC0,0xF0,
  0x01,0xF0,0x0F,0x83,0xFD,0xF0,0xF8,0x1F,0x07,0xFF,0xF0,0xF8,0x1F,0x07,0xFF,0xF0,
  0x78,0x1F,0x0F,0xFF,0xF0,0x7C,0x3E,0x0F,0xC3,0xF0,0x7C,0x3E,0x1F,0x81,0xF0,0x7C,
  0x3E,0x1F,0x81,0xF0,0x7C,0x3E,0x1F,0x81,0xF0,0x7C,0x3E,0x1F,0x81,0xF0,0x7C,0x3E,
  0x1F,0x81,0xF0,0x7C,0x3E,0x1F,0x81,0xF0,0x7C,0x3E,0x0F,0xC1,0xF0,0xF8,0x3E,0x0F,
  0xE7,0xF8,0xF8,0x1F,0x0F,0xFF,0xFF,0xF8,0x1F,0x07,0xFF,0xFF,0xF0,0x1F,0x03,0xFC,
  0xFF,0xE0,0x0F,0x81,0xF8,0x7F,0xC0,0x0F,0xC0,0x00,0x06,0x00,0x07,0xE0,0x00,0x00,
  0x00,0x07,0xF0,0x00,0x00,0x00,0x03,0xF8,0x00,0x00,0x00,0x01,0xFF,0x80,0x70,0x00,
  0x00,0xFF,0xFF,0xF0,0x00,0x00,0x7F,0xFF,0xF0,0x00,0x00,0x1F,0xFF,0xF0,0x00,0x00,
  0x07,0xFF,0xF0,0x00,0x00,0x00,0x3E,0x00,0x00,0x00,0x07,0xF0,0x00,0x00,0x00,0x0F,
  0xF8,0x00,0x00,0x00,0x1F,0xFC,0x00,0x00,0x00,0x1F,0xFC,0x00,0x00,0x00,0x1F,0xFC,
  0x00,0x00,0x00,0x3F,0xFE,0x00,0x00,0x00,0x3F,0xFE,0x00,0x00,0x00,0x3F,0xFE,0x00,
  0x00,0x00,0x7F,0x7F,0x00,0x00,0x00,0x7F,0x7F,0x00,0x00,0x00,0x7F,0x7F,0x00,0x00,
  0x00,0xFE,0x3F,0x80,0x00,0x00,0xFE,0x3F,0x80,0x00,0x00,0xFE,0x3F,0x80,0x00,0x01,
  0xFC,0x1F,0xC0,0x00,0x01,0xFC,0x1F,0xC0,0x00,0x01,0xFC,0x1F,0xC0,0x00,0x03,0xF8,
  0x0F,0xE0,0x00,0x03,0xF8,0x0F,0xE0,0x00,0x03,0xF8,0x0F,0xE0,0x00,0x07,0xFF,0xFF,
  0xF0,0x00,0x07,0xFF,0xFF,0xF0,0x00,0x07,0xFF,0xFF,0xF0,0x00,0x0F,0xFF,0xFF,0xF8,
  0x00,0x0F,0xFF,0xFF,0xF8,0x00,0x1F,0xE0,0x03,0xF8,0x00,0x1F,0xC0,0x01,0xFC,0x00,
  0x1F,0xC0,0x01,0xFC,0x00,0x3F,0xC0,0x01,0xFE,0x00,0x3F,0x80,0x00,0xFE,0x00,0x3F,
  0x80,0x00,0xFE,0x00,0x7F,0x80,0x00,0xFF,0x00,0x7F,0x00,0x00,0x7F,0x00,0x1F,0xFF,
  0x00,0x00,0x1F,0xFF,0xF8,0x00,0x1F,0xFF,0xFE,0x00,0x1F,0xFF,0xFF,0x00,0x1F,0xFF,
  0xFF,0x80,0x1F,0xFF,0xFF,0xC0,0x1F,0x80,0x7F,0xC0,0x1F,0x80,0x1F,0xC0,0x1F,0x80,
  0x1F,0xC0,0x1F,0x80,0x0F,0xC0,0x1F,0x80,0x1F,0xC0,0x1F,0x80,0x1F,0xC0,0x1F,0x80,
  0x1F,0x80,0x1F,0x80,0x7F,0x80,0x1F,0xFF,0xFE,0x00,0x1F,0xFF,0xF8,0x00,0x1F,0xFF,
  0xFC,0x00,0x1F,0xFF,0xFF,0x00,0x1F,0xFF,0xFF,0xC0,0x1F,0x80,0x3F,0xC0,0x1F,0x80,
  0x0F,0xE0,0x1F,0x80,0x0F,0xE0,0x1F,0x80,0x07,0xF0,0x1F,0x80,0x07,0xF0,0x1F,0x80,
  0x07,0xF0,0x1F,0x80,0x0F,0xF0,0x1F,0x80,0x1F,0xE0,0x1F,0xFF,0xFF,0xE0,0x1F,0xFF,
  0xFF,0xE0,0x1F,0xFF,0xFF,0xC0,0x1F,0xFF,0xFF,0x80,0x1F,0xFF,0xFE,0x00,0x1F,0xFF,
  0xF8,0x00,0x00,0x03,0xF8,0x00,0x00,0x00,0x1F,0xFF,0x00,0x00,0x00,0x7F,0xFF,0xC0,
  0x00,0x00,0xFF,0xFF,0xE0,0x00,0x03,0xFF,0xFF,0xF0,0x00,0x03,0xFF,0xFF,0xF8,0x00,
  0x07,0xFE,0x0F,0xFC,0x00,0x0F,0xF8,0x03,0xFC,0x00,0x0F,0xF0,0x01,0xFC,0x00,0x1F,
  0xE0,0x00,0xFE,0x00,0x1F,0xC0,0x00,0xFE,0x00,0x1F,0xC0,0x00,0xFE,0x00,0x1F,0xC0,
  0x00,0x00,0x00,0x3F,0x80,0x00,0x00,0x00,0x3F,0x80,0x00,0x00,0x00,0x3F,0x80,0x00,
  0x00,0x00,0x3F,0x80,0x00,0x00,0x00,0x3F,0x80,0x00,0x00,0x00,0x3F,0x80,0x00,0x00,
  0x00,0x3F,0x80,0x00,0x00,0x00,0x3F,0x80,0x00,0x00,0x00,0x1F,0xC0,0x00,0x00,0x00,
  0x1F,0xC0,0x00,0xFE,0x00,0x1F,0xC0,0x00,0xFE,0x00,0x0F,0xE0,0x01,0xFE,0x00,0x0F,
  0xF0,0x01,0xFC,0x00,0x07,0xF8,0x07,0xFC,0x00,0x07,0xFF,0xFF,0xF8,0x00,0x03,0xFF,
  0xFF,0xF0,0x00,0x01,0xFF,0xFF,0xF0,0x00,0x00,0xFF,0xFF,0xC0,0x00,0x00,0x3F,0xFF,
  0x80,0x00,0x00,0x0F,0xFE,0x00,0x00,0x00,0x00,0x00,0x00,0x00,0x1F,0xFC,0x00,0x00,
  0x1F,0xFF,0xF8,0x00,0x1F,0xFF,0xFE,0x00,0x1F,0xFF,0xFF,0x00,0x1F,0xFF,0xFF,0x80,
  0x1F,0xFF,0xFF,0xC0,0x1F,0xC0,0xFF,0xE0,0x1F,0x80,0x1F,0xF0,0x1F,0x80,0x07,0xF0,
  0x1F,0x80,0x07,0xF8,0x1F,0x80,0x03,0xF8,0x1F,0x80,0x01,0xF8,0x1F,0x80,0x01,0xFC,
  0x1F,0x80,0x01,0xFC,0x1F,0x80,0x01,0xFC,0x1F,0x80,0x01,0xFC,0x1F,0x80,0x01,0xFC,
  0x1F,0x80,0x01,0xFC,0x1F,0x80,0x01,0xFC,0x1F,0x80,0x01,0xFC,0x1F,0x80,0x01,0xFC,
  0x1F,0x80,0x01,0xFC,0x1F,0x80,0x03,0xF8,0x1F,0x80,0x03,0xF8,0x1F,0x80,0x07,0xF8,
  0x1F,0x80,0x0F,0xF0,0x1F,0x80,0x3F,0xF0,0x1F,0xFF,0xFF,0xE0,0x1F,0xFF,0xFF,0xC0,
  0x1F,0xFF,0xFF,0x80,0x1F,0xFF,0xFF,0x00,0x1F,0xFF,0xFC,0x00,0x1F,0xFF,0xE0,0x00,
  0x1F,0xFF,0xFF,0x00,0x1F,0xFF,0xFF,0x80,0x1F,0xFF,0xFF,0x80,0x1F,0xFF,0xFF,0x80,
  0x1F,0xFF,0xFF,0x80,0x1F,0xFF,0xFF,0x80,0x1F,0x80,0x00,0x00,0x1F,0x80,0x00,0x00,
  0x1F,0x80,0x00,0x00,0x1F,0x80,0x00,0x00,0x1F,0x80,0x00,0x00,0x1F,0x80,0x00,0x00,
  0x1F,0x80,0x00,0x00,0x1F,0x80,0x00,0x00,0x1F,0xFF,0xFE,0x00,0x1F,0xFF,0xFE,0x00,
  0x1F,0xFF,0xFE,0x00,0x1F,0xFF,0xFE,0x00,0x1F,0xFF,0xFE,0x00,0x1F,0xFF,0xFE,0x00,
  0x1F,0x80,0x00,0x00,0x1F,0x80,0x00,0x00,0x1F,0x80,0x00,0x00,0x1F,0x80,0x00,0x00,
  0x1F,0x80,0x00,0x00,0x1F,0x80,0x00,0x00,0x1F,0x80,0x00,0x00,0x1F,0xFF,0xFF,0x00,
  0x1F,0xFF,0xFF,0x80,0x1F,0xFF,0xFF,0x80,0x1F,0xFF,0xFF,0x80,0x1F,0xFF,0xFF,0x80,
  0x1F,0xFF,0xFF,0x80,0x1F,0xFF,0xFF,0x00,0x1F,0xFF,0xFF,0x00,0x1F,0xFF,0xFF,0x00,
  0x1F,0xFF,0xFF,0x00,0x1F,0xFF,0xFF,0x00,0x1F,0xFF,0xFF,0x00,0x1F,0x80,0x00,0x00,
  0x1F,0x80,0x00,0x00,0x1F,0x80,0x00,0x00,0x1F,0x80,0x00,0x00,0x1F,0x80,0x00,0x00,
  0x1F,0x80,0x00,0x00,0x1F,0x80,0x00,0x00,0x1F,0x80,0x00,0x00,0x1F,0xFF,0xFE,0x00,
  0x1F,0xFF,0xFE,0x00,0x1F,0xFF,0xFE,0x00,0x1F,0xFF,0xFE,0x00,0x1F,0xFF,0xFE,0x00,
  0x1F,0xFF,0xFC,0x00,0x1F,0x80,0x00,0x00,0x1F,0x80,0x00,0x00,0x1F,0x80,0x00,0x00,
  0x1F,0x80,0x00,0x00,0x1F,0x80,0x00,0x00,0x1F,0x80,0x00,0x00,0x1F,0x80,0x00,0x00,
  0x1F,0x80,0x00,0x00,0x1F,0x80,0x00,0x00,0x1F,0x80,0x00,0x00,0x1F,0x80,0x00,0x00,
  0x1F,0x80,0x00,0x00,0x1F,0x80,0x00,0x00,0x00,0x03,0xF8,0x00,0x00,0x00,0x1F,0xFF,
  0x00,0x00,0x00,0x7F,0xFF,0xC0,0x00,0x00,0xFF,0xFF,0xE0,0x00,0x03,0xFF,0xFF,0xF0,
  0x00,0x03,0xFF,0xFF,0xF8,0x00,0x07,0xFE,0x0F,0xFC,0x00,0x0F,0xF8,0x03,0xFC,0x00,
  0x0F,0xF0,0x01,0xFE,0x00,0x1F,0xE0,0x00,0xFE,0x00,0x1F,0xC0,0x00,0xFE,0x00,0x1F,
  0xC0,0x00,0x00,0x00,0x1F,0xC0,0x00,0x00,0x00,0x3F,0x80,0x00,0x00,0x00,0x3F,0x80,
  0x00,0x00,0x00,0x3F,0x80,0x00,0x00,0x00,0x3F,0x80,0x3F,0xFE,0x00,0x3F,0x80,0x3F,
  0xFE,0x00,0x3F,0x80,0x3F,0xFE,0x00,0x3F,0x80,0x3F,0xFE,0x00,0x3F,0x80,0x3F,0xFE,
  0x00,0x1F,0xC0,0x00,0x7E,0x00,0x1F,0xC0,0x00,0x7E,0x00,0x1F,0xE0,0x00,0xFE,0x00,
  0x0F,0xE0,0x00,0xFE,0x00,0x0F,0xF0,0x01,0xFC,0x00,0x07,0xFC,0x07,0xFC,0x00,0x07,
  0xFF,0xFF,0xF8,0x00,0x03,0xFF,0xFF,0xF8,0x00,0x01,0xFF,0xFF,0xF0,0x00,0x00,0xFF,
  0xFF,0xE0,0x00,0x00,0x3F,0xFF,0x80,0x00,0x00,0x0F,0xFE,0x00,0x00,0x00,0x00,0x00,
  0x00,0x00,0x1F,0x80,0x00,0xFC,0x00,0x1F,0x80,0x00,0xFC,0x00,0x1F,0x80,0x00,0xFC,
  0x00,0x1F,0x80,0x00,0xFC,0x00,0x1F,0x80,0x00,0xFC,0x00,0x1F,0x80,0x00,0xFC,0x00,
  0x1F,0x80,0x00,0xFC,0x00,0x1F,0x80,0x00,0xFC,0x00,0x1F,0x80,0x00,0xFC,0x00,0x1F,
  0x80,0x00,0xFC,0x00,0x1F,0x80,0x00,0xFC,0x00,0x1F,0x80,0x00,0xFC,0x00,0x1F,0x80,
  0x00,0xFC,0x00,0x1F,0x80,0x00,0xFC,0x00,0x1F,0xFF,0xFF,0xFC,0x00,0x1F,0xFF,0xFF,
  0xFC,0x00,0x1F,0xFF,0xFF,0xFC,0x00,0x1F,0xFF,0xFF,0xFC,0x00,0x1F,0xFF,0xFF,0xFC,
  0x00,0x1F,0xFF,0xFF,0xFC,0x00,0x1F,0x80,0x00,0xFC,0x00,0x1F,0x80,0x00,0xFC,0x00,
  0x1F,0x80,0x00,0xFC,0x00,0x1F,0x80,0x00,0xFC,0x00,0x1F,0x80,0x00,0xFC,0x00,0x1F,
  0x80,0x00,0xFC,0x00,0x1F,0x80,0x00,0xFC,0x00,0x1F,0x80,0x00,0xFC,0x00,0x1F,0x80,
  0x00,0xFC,0x00,0x1F,0x80,0x00,0xFC,0x00,0x1F,0x80,0x00,0xFC,0x00,0x1F,0x80,0x00,
  0xFC,0x00,0x1F,0x80,0x00,0xFC,0x00,0x1F,0x80,0x1F,0x80,0x1F,0x80,0x1F,0x80,0x1F,
  0x80,0x1F,0x80,0x1F,0x80,0x1F,0x80,0x1F,0x80,0x1F,0x80,0x1F,0x80,0x1F,0x80,0x1F,
  0x80,0x1F,0x80,0x1F,0x80,0x1F,0x80,0x1F,0x80,0x1F,0x80,0x1F,0x80,0x1F,0x80,0x1F,
  0x80,0x1F,0x80,0x1F,0x80,0x1F,0x80,0x1F,0x80,0x1F,0x80,0x1F,0x80,0x1F,0x80,0x1F,
  0x80,0x1F,0x80,0x1F,0x80,0x1F,0x80,0x1F,0x80,0x00,0x00,0xFC,0x00,0x00,0x00,0xFC,
  0x00,0x00,0x00,0xFC,0x00,0x00,0x00,0xFC,0x00,0x00,0x00,0xFC,0x00,0x00,0x00,0xFC,
  0x00,0x00,0x00,0xFC,0x00,0x00,0x00,0xFC,0x00,0x00,0x00,0xFC,0x00,0x00,0x00,0xFC,
  0x00,0x00,0x00,0xFC,0x00,0x00,0x00,0xFC,0x00,0x00,0x00,0xFC,0x00,0x00,0x00,0xFC,
  0x00,0x00,0x00,0xFC,0x00,0x00,0x00,0xFC,0x00,0x00,0x00,0xFC,0x00,0x00,0x00,0xFC,
  0x00,0x00,0x00,0xFC,0x00,0x00,0x00,0xFC,0x00,0x00,0x00,0xFC,0x00,0x00,0x00,0xFC,
  0x00,0x00,0x00,0xFC,0x00,0x00,0x00,0xFC,0x00,0x7F,0x00,0xFC,0x00,0x7F,0x01,0xFC,
  0x00,0x7F,0x81,0xFC,0x00,0x3F,0xC3,0xFC,0x00,0x3F,0xFF,0xF8,0x00,0x1F,0xFF,0xF0,
  0x00,0x1F,0xFF,0xF0,0x00,0x07,0xFF,0xC0,0x00,0x03,0xFF,0x00,0x00,0x00,0x00,0x00,
  0x00,0x1F,0x80,0x03,0xF8,0x1F,0x80,0x07,0xF8,0x1F,0x80,0x0F,0xF0,0x1F,0x80,0x1F,
  0xE0,0x1F,0x80,0x3F,0xE0,0x1F,0x80,0x3F,0xC0,0x1F,0x80,0x7F,0x80,0x1F,0x80,0xFF,
  0x00,0x1F,0x81,0xFE,0x00,0x1F,0x83,0xFC,0x00,0x1F,0x83,0xFC,0x00,0x1F,0x87,0xF8,
  0x00,0x1F,0x8F,0xF0,0x00,0x1F,0x9F,0xE0,0x00,0x1F,0xFF,0xC0,0x00,0x1F,0xFF,0xC0,
  0x00,0x1F,0xFF,0xE0,0x00,0x1F,0xFF,0xE0,0x00,0x1F,0xFF,0xF0,0x00,0x1F,0xFF,0xF8,
  0x00,0x1F,0xF3,0xF8,0x00,0x1F,0xE3,0xFC,0x00,0x1F,0xC1,0xFE,0x00,0x1F,0xC0,0xFF,
  0x00,0x1F,0x80,0xFF,0x00,0x1F,0x80,0x7F,0x80,0x1F,0x80,0x3F,0xC0,0x1F,0x80,0x3F,
  0xC0,0x1F,0x80,0x1F,0xE0,0x1F,0x80,0x0F,0xF0,0x1F,0x80,0x0F,0xF0,0x1F,0x80,0x07,
  0xF8,0x1F,0x80,0x03,0xFC,0x1F,0x80,0x00,0x00,0x1F,0x80,0x00,0x00,0x1F,0x80,0x00,
  0x00,0x1F,0x80,0x00,0x00,0x1F,0x80,0x00,0x00,0x1F,0x80,0x00,0x00,0x1F,0x80,0x00,
  0x00,0x1F,0x80,0x00,0x00,0x1F,0x80,0x00,0x00,0x1F,0x80,0x00,0x00,0x1F,0x80,0x00,
  0x00,0x1F,0x80,0x00,0x00,0x1F,0x80,0x00,0x00,0x1F,0x80,0x00,0x00,0x1F,0x80,0x00,
  0x00,0x1F,0x80,0x00,0x00,0x1F,0x80,0x00,0x00,0x1F,0x80,0x00,0x00,0x1F,0x80,0x00,
  0x00,0x1F,0x80,0x00,0x00,0x1F,0x80,0x00,0x00,0x1F,0x80,0x00,0x00,0x1F,0x80,0x00,
  0x00,0x1F,0x80,0x00,0x00,0x1F,0x80,0x00,0x00,0x1F,0x80,0x00,0x00,0x1F,0x80,0x00,
  0x00,0x1F,0xFF,0xFE,0x00,0x1F,0xFF,0xFE,0x00,0x1F,0xFF,0xFE,0x00,0x1F,0xFF,0xFE,
  0x00,0x1F,0xFF,0xFE,0x00,0x1F,0xFF,0xFE,0x00,0x1F,0xE0,0x00,0x03,0xF8,0x00,0x1F,
  0xF0,0x00,0x07,0xFC,0x00,0x1F,0xF0,0x00,0x07,0xFC,0x00,0x1F,0xF0,0x00,0x0F,0xFC,
  0x00,0x1F,0xF8,0x00,0x0F,0xFC,0x00,0x1F,0xF8,0x00,0x1F,0xFC,0x00,0x1F,0xFC,0x00,
  0x1F,0xFC,0x00,0x1F,0xFC,0x00,0x1F,0xFC,0x00,0x1F,0xFC,0x00,0x3F,0xFC,0x00,0x1F,
  0xFE,0x00,0x3F,0xFC,0x00,0x1F,0xFE,0x00,0x7F,0xFC,0x00,0x1F,0xFF,0x00,0x7F,0xFC,
  0x00,0x1F,0xBF,0x00,0x7F,0xFC,0x00,0x1F,0xBF,0x00,0xFD,0xFC,0x00,0x1F,0x9F,0x80,
  0xFD,0xFC,0x00,0x1F,0x9F,0x81,0xFD,0xFC,0x00,0x1F,0x8F,0xC1,0xF9,0xFC,0x00,0x1F,
  0x8F,0xC1,0xF9,0xFC,0x00,0x1F,0x8F,0xC3,0xF1,0xFC,0x00,0x1F,0x87,0xE3,0xF1,0xFC,
  0x00,0x1F,0x87,0xE7,0xF1,0xFC,0x00,0x1F,0x83,0xF7,0xE1,0xFC,0x00,0x1F,0x83,0xFF,
  0xE1,0xFC,0x00,0x1F,0x83,0xFF,0xC1,0xFC,0x00,0x1F,0x81,0xFF,0xC1,0xFC,0x00,0x1F,
  0x81,0xFF,0xC1,0xFC,0x00,0x1F,0x80,0xFF,0x81,0xFC,0x00,0x1F,0x80,0xFF,0x81,0xFC,
  0x00,0x1F,0x80,0xFF,0x01,0xFC,0x00,0x1F,0x80,0x7F,0x01,0xFC,0x00,0x1F,0x80,0x7E,
  0x01,0xFC,0x00,0x1F,0x80,0x7E,0x01,0xFC,0x00,0x1F,0x80,0x3E,0x01,0xFC,0x00,0x1F,
  0x00,0x00,0xF8,0x00,0x1F,0x80,0x01,0xFC,0x00,0x1F,0xC0,0x01,0xFC,0x00,0x1F,0xE0,
  0x01,0xFC,0x00,0x1F,0xE0,0x01,0xFC,0x00,0x1F,0xF0,0x01,0xFC,0x00,0x1F,0xF8,0x01,
  0xFC,0x00,0x1F,0xF8,0x01,0xFC,0x00,0x1F,0xFC,0x01,0xFC,0x00,0x1F,0xFE,0x01,0xFC,
  0x00,0x1F,0xFF,0x01,0xFC,0x00,0x1F,0xFF,0x01,0xFC,0x00,0x1F,0xFF,0x81,0xFC,0x00,
  0x1F,0x9F,0xC1,0xFC,0x00,0x1F,0x9F,0xC1,0xFC,0x00,0x1F,0x8F,0xE1,0xFC,0x00,0x1F,
  0x87,0xF1,0xFC,0x00,0x1F,0x87,0xF1,0xFC,0x00,0x1F,0x83,0xF9,0xFC,0x00,0x1F,0x81,
  0xFD,0xFC,0x00,0x1F,0x81,0xFD,0xFC,0x00,0x1F,0x80,0xFF,0xFC,0x00,0x1F,0x80,0x7F,
  0xFC,0x00,0x1F,0x80,0x7F,0xFC,0x00,0x1F,0x80,0x3F,0xFC,0x00,0x1F,0x80,0x1F,0xFC,
  0x00,0x1F,0x80,0x0F,0xFC,0x00,0x1F,0x80,0x0F,0xFC,0x00,0x1F,0x80,0x07,0xFC,0x00,
  0x1F,0x80,0x03,0xFC,0x00,0x1F,0x80,0x03,0xFC,0x00,0x1F,0x80,0x01,0xFC,0x00,0x1F,
  0x80,0x00,0xFC,0x00,0x00,0x03,0xF8,0x00,0x00,0x00,0x1F,0xFF,0x00,0x00,0x00,0x7F,
  0xFF,0xC0,0x00,0x00,0xFF,0xFF,0xE0,0x00,0x03,0xFF,0xFF,0xF0,0x00,0x03,0xFF,0xFF,
  0xF8,0x00,0x07,0xFE,0x0F,0xFC,0x00,0x0F,0xF8,0x03,0xFC,0x00,0x0F,0xF0,0x01,0xFE,
  0x00,0x1F,0xE0,0x00,0xFE,0x00,0x1F,0xC0,0x00,0xFF,0x00,0x1F,0xC0,0x00,0x7F,0x00,
  0x1F,0xC0,0x00,0x7F,0x00,0x3F,0x80,0x00,0x7F,0x00,0x3F,0x80,0x00,0x7F,0x00,0x3F,
  0x80,0x00,0x3F,0x00,0x3F,0x80,0x00,0x3F,0x00,0x3F,0x80,0x00,0x3F,0x00,0x3F,0x80,
  0x00,0x3F,0x00,0x3F,0x80,0x00,0x7F,0x00,0x3F,0x80,0x00,0x7F,0x00,0x1F,0xC0,0x00,
  0x7F,0x00,0x1F,0xC0,0x00,0x7F,0x00,0x1F,0xC0,0x00,0xFE,0x00,0x0F,0xE0,0x01,0xFE,
  0x00,0x0F,0xF0,0x01,0xFE,0x00,0x07,0xF8,0x07,0xFC,0x00,0x07,0xFF,0xFF,0xF8,0x00,
  0x03,0xFF,0xFF,0xF8,0x00,0x01,0xFF,0xFF,0xF0,0x00,0x00,0xFF,0xFF,0xC0,0x00,0x00,
  0x3F,0xFF,0x80,0x00,0x00,0x0F,0xFE,0x00,0x00,0x00,0x00,0x00,0x00,0x00,0x1F,0xFF,
  0x00,0x00,0x1F,0xFF,0xF8,0x00,0x1F,0xFF,0xFE,0x00,0x1F,0xFF,0xFF,0x00,0x1F,0xFF,
  0xFF,0x80,0x1F,0xFF,0xFF,0xC0,0x1F,0x80,0x7F,0xC0,0x1F,0x80,0x1F,0xC0,0x1F,0x80,
  0x1F,0xE0,0x1F,0x80,0x0F,0xE0,0x1F,0x80,0x0F,0xE0,0x1F,0x80,0x0F,0xE0,0x1F,0x80,
  0x0F,0xE0,0x1F,0x80,0x0F,0xE0,0x1F,0x80,0x1F,0xE0,0x1F,0x80,0x1F,0xC0,0x1F,0x80,
  0x7F,0xC0,0x1F,0xFF,0xFF,0x80,0x1F,0xFF,0xFF,0x80,0x1F,0xFF,0xFF,0x00,0x1F,0xFF,
  0xFE,0x00,0x1F,0xFF,0xF8,0x00,0x1F,0xC0,0x00,0x00,0x1F,0x80,0x00,0x00,0x1F,0x80,
  0x00,0x00,0x1F,0x80,0x00,0x00,0x1F,0x80,0x00,0x00,0x1F,0x80,0x00,0x00,0x1F,0x80,
  0x00,0x00,0x1F,0x80,0x00,0x00,0x1F,0x80,0x00,0x00,0x1F,0x80,0x00,0x00,0x1F,0x80,
  0x00,0x00,0x00,0x03,0xF8,0x00,0x00,0x00,0x1F,0xFF,0x00,0x00,0x00,0x7F,0xFF,0xC0,
  0x00,0x00,0xFF,0xFF,0xE0,0x00,0x03,0xFF,0xFF,0xF0,0x00,0x03,0xFF,0xFF,0xF8,0x00,
  0x07,0xFE,0x0F,0xFC,0x00,0x0F,0xF8,0x03,0xFC,0x00,0x0F,0xF0,0x01,0xFE,0x00,0x1F,
  0xE0,0x00,0xFE,0x00,0x1F,0xC0,0x00,0xFF,0x00,0x1F,0xC0,0x00,0x7F,0x00,0x1F,0xC0,
  0x00,0x7F,0x00,0x3F,0x80,0x00,0x7F,0x00,0x3F,0x80,0x00,0x7F,0x00,0x3F,0x80,0x00,
  0x3F,0x00,0x3F,0x80,0x00,0x3F,0x00,0x3F,0x80,0x00,0x3F,0x00,0x3F,0x80,0x00,0x3F,
  0x00,0x3F,0x80,0x00,0x7F,0x00,0x3F,0x80,0x00,0x7F,0x00,0x1F,0xC0,0x00,0x7F,0x00,
  0x1F,0xC0,0xF8,0x7F,0x00,0x1F,0xC0,0xFC,0xFE,0x00,0x0F,0xE0,0x7F,0xFE,0x00,0x0F,
  0xF0,0x3F,0xFE,0x00,0x07,0xF8,0x1F,0xFC,0x00,0x07,0xFF,0xFF,0xF8,0x00,0x03,0xFF,
  0xFF,0xF8,0x00,0x01,0xFF,0xFF,0xF0,0x00,0x00,0xFF,0xFF,0xF0,0x00,0x00,0x3F,0xFF,
  0xF8,0x00,0x00,0x0F,0xFF,0xF8,0x00,0x00,0x00,0x00,0xFC,0x00,0x00,0x00,0x00,0x7E,
  0x00,0x00,0x00,0x00,0x3E,0x00,0x1F,0xFF,0x00,0x00,0x1F,0xFF,0xF8,0x00,0x1F,0xFF,
  0xFE,0x00,0x1F,0xFF,0xFF,0x00,0x1F,0xFF,0xFF,0x80,0x1F,0xFF,0xFF,0xC0,0x1F,0x80,
  0x7F,0xC0,0x1F,0x80,0x1F,0xE0,0x1F,0x80,0x0F,0xE0,0x1F,0x80,0x0F,0xE0,0x1F,0x80,
  0x0F,0xE0,0x1F,0x80,0x0F,0xE0,0x1F,0x80,0x0F,0xE0,0x1F,0x80,0x0F,0xE0,0x1F,0x80,
  0x1F,0xE0,0x1F,0x80,0x7F,0xC0,0x1F,0xFF,0xFF,0xC0,0x1F,0xFF,0xFF,0x80,0x1F,0xFF,
  0xFF,0x00,0x1F,0xFF,0xFE,0x00,0x1F,0xFF,0xFC,0x00,0x1F,0xC3,0xFC,0x00,0x1F,0x81,
  0xFE,0x00,0x1F,0x80,0xFE,0x00,0x1F,0x80,0xFF,0x00,0x1F,0x80,0x7F,0x00,0x1F,0x80,
  0x7F,0x80,0x1F,0x80,0x3F,0x80,0x1F,0x80,0x3F,0xC0,0x1F,0x80,0x1F,0xC0,0x1F,0x80,
  0x1F,0xE0,0x1F,0x80,0x0F,0xE0,0x1F,0x80,0x07,0xF0,0x00,0x1F,0xE0,0x00,0x00,0xFF,
  0xF8,0x00,0x03,0xFF,0xFE,0x00,0x07,0xFF,0xFF,0x00,0x0F,0xFF,0xFF,0x80,0x0F,0xFF,
  0xFF,0xC0,0x1F,0xE0,0x3F,0xC0,0x1F,0xC0,0x1F,0xE0,0x1F,0xC0,0x0F,0xE0,0x1F,0x80,
  0x0F,0xE0,0x1F,0xC0,0x00,0x00,0x1F,0xC0,0x00,0x00,0x1F,0xF0,0x00,0x00,0x1F,0xFE,
  0x00,0x00,0x0F,0xFF,0xE0,0x00,0x07,0xFF,0xF8,0x00,0x03,0xFF,0xFE,0x00,0x00,0xFF,
  0xFF,0x80,0x00,0x1F,0xFF,0xC0,0x00,0x01,0xFF,0xC0,0x00,0x00,0x3F,0xE0,0x00,0x00,
  0x1F,0xE0,0x00,0x00,0x0F,0xE0,0x3F,0x00,0x0F,0xE0,0x3F,0x80,0x0F,0xE0,0x3F,0x80,
  0x0F,0xE0,0x3F,0xC0,0x1F,0xE0,0x1F,0xF0,0x7F,0xE0,0x1F,0xFF,0xFF,0xC0,0x0F,0xFF,
  0xFF,0x80,0x07,0xFF,0xFF,0x00,0x03,0xFF,0xFE,0x00,0x00,0x7F,0xF8,0x00,0x00,0x00,
  0x00,0x00,0x3F,0xFF,0xFF,0xF0,0x7F,0xFF,0xFF,0xF0,0x7F,0xFF,0xFF,0xF0,0x7F,0xFF,
  0xFF,0xF0,0x7F,0xFF,0xFF,0xF0,0x7F,0xFF,0xFF,0xF0,0x00,0x1F,0xC0,0x00,0x00,0x1F,
  0xC0,0x00,0x00,0x1F,0xC0,0x00,0x00,0x1F,0xC0,0x00,0x00,0x1F,0xC0,0x00,0x00,0x1F,
  0xC0,0x00,0x00,0x1F,0xC0,0x00,0x00,0x1F,0xC0,0x00,0x00,0x1F,0xC0,0x00,0x00,0x1F,
  0xC0,0x00,0x00,0x1F,0xC0,0x00,0x00,0x1F,0xC0,0x00,0x00,0x1F,0xC0,0x00,0x00,0x1F,
  0xC0,0x00,0x00,0x1F,0xC0,0x00,0x00,0x1F,0xC0,0x00,0x00,0x1F,0xC0,0x00,0x00,0x1F,
  0xC0,0x00,0x00,0x1F,0xC0,0x00,0x00,0x1F,0xC0,0x00,0x00,0x1F,0xC0,0x00,0x00,0x1F,
  0xC0,0x00,0x00,0x1F,0xC0,0x00,0x00,0x1F,0xC0,0x00,0x00,0x1F,0xC0,0x00,0x00,0x1F,
  0xC0,0x00,0x00,0x1F,0xC0,0x00,0x1F,0x80,0x01,0xF8,0x1F,0x80,0x01,0xFC,0x1F,0x80,
  0x01,0xFC,0x1F,0x80,0x01,0xFC,0x1F,0x80,0x01,0xFC,0x1F,0x80,0x01,0xFC,0x1F,0x80,
  0x01,0xFC,0x1F,0x80,0x01,0xFC,0x1F,0x80,0x01,0xFC,0x1F,0x80,0x01,0xFC,0x1F,0x80,
  0x01,0xFC,0x1F,0x80,0x01,0xFC,0x1F,0x80,0x01,0xFC,0x1F,0x80,0x01,0xFC,0x1F,0x80,
  0x01,0xFC,0x1F,0x80,0x01,0xFC,0x1F,0x80,0x01,0xFC,0x1F,0x80,0x01,0xFC,0x1F,0x80,
  0x01,0xFC,0x1F,0x80,0x01,0xFC,0x1F,0x80,0x01,0xFC,0x1F,0xC0,0x01,0xFC,0x1F,0xC0,
  0x01,0xFC,0x1F,0xC0,0x03,0xF8,0x1F,0xE0,0x03,0xF8,0x1F,0xE0,0x07,0xF8,0x0F,0xF8,
  0x0F,0xF8,0x0F,0xFF,0xFF,0xF0,0x07,0xFF,0xFF,0xE0,0x03,0xFF,0xFF,0xE0,0x01,0xFF,
  0xFF,0xC0,0x00,0xFF,0xFF,0x00,0x00,0x3F,0xFC,0x00,0x00,0x00,0x00,0x00,0x7F,0x00,
  0x00,0x7E,0x00,0x7F,0x80,0x00,0xFF,0x00,0x3F,0x80,0x00,0xFE,0x00,0x3F,0x80,0x00,
  0xFE,0x00,0x3F,0xC0,0x01,0xFE,0x00,0x1F,0xC0,0x01,0xFC,0x00,0x1F,0xC0,0x01,0xFC,
  0x00,0x1F,0xE0,0x03,0xFC,0x00,0x0F,0xE0,0x03,0xF8,0x00,0x0F,0xE0,0x03,0xF8,0x00,
  0x0F,0xF0,0x07,0xF8,0x00,0x07,0xF0,0x07,0xF0,0x00,0x07,0xF0,0x07,0xF0,0x00,0x07,
  0xF8,0x0F,0xF0,0x00,0x03,0xF8,0x0F,0xE0,0x00,0x03,0xF8,0x0F,0xE0,0x00,0x03,0xFC,
  0x1F,0xE0,0x00,0x01,0xFC,0x1F,0xC0,0x00,0x01,0xFC,0x1F,0xC0,0x00,0x01,0xFC,0x1F,
  0x80,0x00,0x00,0xFE,0x3F,0x80,0x00,0x00,0xFE,0x3F,0x80,0x00,0x00,0x7E,0x3F,0x00,
  0x00,0x00,0x7F,0x7F,0x00,0x00,0x00,0x7F,0x7F,0x00,0x00,0x00,0x3F,0xFE,0x00,0x00,
  0x00,0x3F,0xFE,0x00,0x00,0x00,0x3F,0xFE,0x00,0x00,0x00,0x1F,0xFC,0x00,0x00,0x00,
  0x1F,0xFC,0x00,0x00,0x00,0x1F,0xFC,0x00,0x00,0x00,0x0F,0xF8,0x00,0x00,0x00,0x0F,
  0xF8,0x00,0x00,0x7F,0x00,0x0F,0xC0,0x03,0xF8,0x7F,0x00,0x0F,0xC0,0x03,0xF8,0x7F,
  0x80,0x1F,0xE0,0x07,0xF8,0x3F,0x80,0x1F,0xE0,0x07,0xF0,0x3F,0x80,0x1F,0xE0,0x07,
  0xF0,0x3F,0x80,0x3F,0xE0,0x07,0xF0,0x3F,0xC0,0x3F,0xF0,0x0F,0xF0,0x1F,0xC0,0x3F,
  0xF0,0x0F,0xE0,0x1F,0xC0,0x3F,0xF0,0x0F,0xE0,0x1F,0xC0,0x7F,0xF8,0x0F,0xE0,0x0F,
  0xC0,0x7F,0xF8,0x1F,0xC0,0x0F,0xE0,0x7F,0xF8,0x1F,0xC0,0x0F,0xE0,0x7F,0xF8,0x1F,
  0xC0,0x0F,0xE0,0xFC,0xFC,0x1F,0xC0,0x07,0xE0,0xFC,0xFC,0x3F,0x80,0x07,0xF0,0xFC,
  0xFC,0x3F,0x80,0x07,0xF0,0xF8,0x7C,0x3F,0x80,0x03,0xF1,0xF8,0x7E,0x3F,0x00,0x03,
  0xF1,0xF8,0x7E,0x3F,0x00,0x03,0xF9,0xF8,0x7E,0x7F,0x00,0x03,0xF9,0xF0,0x3E,0x7F,
  0x00,0x01,0xFB,0xF0,0x3F,0x7E,0x00,0x01,0xFB,0xF0,0x3F,0x7E,0x00,0x01,0xFF,0xE0,
  0x1F,0xFE,0x00,0x00,0xFF,0xE0,0x1F,0xFC,0x00,0x00,0xFF,0xE0,0x1F,0xFC,0x00,0x00,
  0xFF,0xC0,0x1F,0xFC,0x00,0x00,0xFF,0xC0,0x0F,0xFC,0x00,0x00,0x7F,0xC0,0x0F,0xF8,
  0x00,0x00,0x7F,0xC0,0x0F,0xF8,0x00,0x00,0x7F,0x80,0x07,0xF8,0x00,0x00,0x3F,0x80,
  0x07,0xF0,0x00,0x00,0x3F,0x80,0x07,0xF0,0x00,0x3F,0x80,0x01,0xFC,0x3F,0xC0,0x03,
  0xFC,0x1F,0xC0,0x07,0xF8,0x1F,0xE0,0x07,0xF0,0x0F,0xE0,0x0F,0xF0,0x0F,0xF0,0x0F,
  0xE0,0x07,0xF8,0x1F,0xE0,0x03,0xF8,0x3F,0xC0,0x03,0xFC,0x3F,0x80,0x01,0xFC,0x7F,
  0x80,0x01,0xFE,0x7F,0x00,0x00,0xFF,0xFE,0x00,0x00,0x7F,0xFE,0x00,0x00,0x7F,0xFC,
  0x00,0x00,0x3F,0xFC,0x00,0x00,0x1F,0xF8,0x00,0x00,0x1F,0xF0,0x00,0x00,0x1F,0xF8,
  0x00,0x00,0x3F,0xF8,0x00,0x00,0x3F,0xFC,0x00,0x00,0x7F,0xFE,0x00,0x00,0xFF,0xFE,
  0x00,0x00,0xFE,0xFF,0x00,0x01,0xFE,0x7F,0x00,0x03,0xFC,0x7F,0x80,0x03,0xF8,0x3F,
  0xC0,0x07,0xF8,0x1F,0xC0,0x07,0xF0,0x1F,0xE0,0x0F,0xF0,0x0F,0xF0,0x1F,0xE0,0x0F,
  0xF0,0x1F,0xC0,0x07,0xF8,0x3F,0xC0,0x03,0xF8,0x7F,0x80,0x03,0xFC,0x7F,0x00,0x00,
  0xFE,0x7F,0x80,0x01,0xFE,0x3F,0x80,0x01,0xFC,0x3F,0xC0,0x03,0xFC,0x1F,0xC0,0x07,
  0xF8,0x0F,0xE0,0x07,0xF0,0x0F,0xF0,0x0F,0xF0,0x07,0xF0,0x0F,0xE0,0x07,0xF8,0x1F,
  0xE0,0x03,0xF8,0x1F,0xC0,0x03,0xFC,0x3F,0xC0,0x01,0xFC,0x3F,0x80,0x00,0xFE,0x7F,
  0x00,0x00,0xFE,0x7F,0x00,0x00,0x7F,0xFE,0x00,0x00,0x7F,0xFE,0x00,0x00,0x3F,0xFC,
  0x00,0x00,0x3F,0xFC,0x00,0x00,0x1F,0xF8,0x00,0x00,0x0F,0xF0,0x00,0x00,0x0F,0xF0,
  0x00,0x00,0x07,0xE0,0x00,0x00,0x07,0xE0,0x00,0x00,0x07,0xE0,0x00,0x00,0x07,0xE0,
  0x00,0x00,0x07,0xE0,0x00,0x00,0x07,0xE0,0x00,0x00,0x07,0xE0,0x00,0x00,0x07,0xE0,
  0x00,0x00,0x07,0xE0,0x00,0x00,0x07,0xE0,0x00,0x00,0x07,0xE0,0x00,0x00,0x07,0xE0,
  0x00,0x1F,0xFF,0xFF,0xE0,0x3F,0xFF,0xFF,0xE0,0x3F,0xFF,0xFF,0xE0,0x3F,0xFF,0xFF,
  0xE0,0x3F,0xFF,0xFF,0xE0,0x3F,0xFF,0xFF,0xC0,0x00,0x00,0x3F,0xC0,0x00,0x00,0x3F,
  0x80,0x00,0x00,0x7F,0x00,0x00,0x00,0xFF,0x00,0x00,0x01,0xFE,0x00,0x00,0x01,0xFC,
  0x00,0x00,0x03,0xF8,0x00,0x00,0x07,0xF8,0x00,0x00,0x07,0xF0,0x00,0x00,0x0F,0xE0,
  0x00,0x00,0x1F,0xE0,0x00,0x00,0x3F,0xC0,0x00,0x00,0x3F,0x80,0x00,0x00,0x7F,0x00,
  0x00,0x00,0xFF,0x00,0x00,0x00,0xFE,0x00,0x00,0x01,0xFC,0x00,0x00,0x03,0xFC,0x00,
  0x00,0x03,0xF8,0x00,0x00,0x07,0xF0,0x00,0x00,0x0F,0xE0,0x00,0x00,0x1F,0xFF,0xFF,
  0xE0,0x1F,0xFF,0xFF,0xE0,0x3F,0xFF,0xFF,0xE0,0x3F,0xFF,0xFF,0xE0,0x3F,0xFF,0xFF,
  0xE0,0x3F,0xFF,0xFF,0xE0,0x07,0xFF,0x80,0x07,0xFF,0x80,0x07,0xFF,0x80,0x07,0xFF,
  0x80,0x07,0xFF,0x80,0x07,0xE0,0x00,0x07,0xE0,0x00,0x07,0xE0,0x00,0x07,0xE0,0x00,
  0x07,0xE0,0x00,0x07,0xE0,0x00,0x07,0xE0,0x00,0x07,0xE0,0x00,0x07,0xE0,0x00,0x07,
  0xE0,0x00,0x07,0xE0,0x00,0x07,0xE0,0x00,0x07,0xE0,0x00,0x07,0xE0,0x00,0x07,0xE0,
  0x00,0x07,0xE0,0x00,0x07,0xE0,0x00,0x07,0xE0,0x00,0x07,0xE0,0x00,0x07,0xE0,0x00,
  0x07,0xE0,0x00,0x07,0xE0,0x00,0x07,0xE0,0x00,0x07,0xE0,0x00,0x07,0xE0,0x00,0x07,
  0xE0,0x00,0x07,0xE0,0x00,0x07,0xE0,0x00,0x07,0xE0,0x00,0x07,0xE0,0x00,0x07,0xE0,
  0x00,0x07,0xE0,0x00,0x07,0xE0,0x00,0x07,0xFF,0x80,0x07,0xFF,0x80,0x07,0xFF,0x80,
  0x07,0xFF,0x80,0x07,0xFF,0x80,0x00,0x00,0x00,0x00,0x00,0x00,0x7C,0x00,0x00,0x7E,
  0x00,0x00,0x7E,0x00,0x00,0x7E,0x00,0x00,0x3E,0x00,0x00,0x3F,0x00,0x00,0x3F,0x00,
  0x00,0x3F,0x00,0x00,0x1F,0x00,0x00,0x1F,0x80,0x00,0x1F,0x80,0x00,0x0F,0x80,0x00,
  0x0F,0xC0,0x00,0x0F,0xC0,0x00,0x0F,0xC0,0x00,0x07,0xC0,0x00,0x07,0xE0,0x00,0x07,
  0xE0,0x00,0x07,0xE0,0x00,0x03,0xE0,0x00,0x03,0xF0,0x00,0x03,0xF0,0x00,0x03,0xF0,
  0x00,0x01,0xF0,0x00,0x01,0xF8,0x00,0x01,0xF8,0x00,0x00,0xF8,0x00,0x00,0xFC,0x00,
  0x00,0xFC,0x00,0x00,0xFC,0x00,0x00,0x7C,0x00,0x00,0x7E,0x00,0x00,0x7E,0x00,0x00,
  0x7E,0x00,0x00,0x3E,0x00,0x00,0x3F,0x00,0x00,0x3F,0x00,0x00,0x1F,0x00,0x00,0x1F,
  0x00,0x7F,0xF8,0x00,0x7F,0xF8,0x00,0x7F,0xF8,0x00,0x7F,0xF8,0x00,0x7F,0xF8,0x00,
  0x01,0xF8,0x00,0x01,0xF8,0x00,0x01,0xF8,0x00,0x01,0xF8,0x00,0x01,0xF8,0x00,0x01,
  0xF8,0x00,0x01,0xF8,0x00,0x01,0xF8,0x00,0x01,0xF8,0x00,0x01,0xF8,0x00,0x01,0xF8,
  0x00,0x01,0xF8,0x00,0x01,0xF8,0x00,0x01,0xF8,0x00,0x01,0xF8,0x00,0x01,0xF8,0x00,
  0x01,0xF8,0x00,0x01,0xF8,0x00,0x01,0xF8,0x00,0x01,0xF8,0x00,0x01,0xF8,0x00,0x01,
  0xF8,0x00,0x01,0xF8,0x00,0x01,0xF8,0x00,0x01,0xF8,0x00,0x01,0xF8,0x00,0x01,0xF8,
  0x00,0x01,0xF8,0x00,0x01,0xF8,0x00,0x01,0xF8,0x00,0x01,0xF8,0x00,0x01,0xF8,0x00,
  0x01,0xF8,0x00,0x7F,0xF8,0x00,0x7F,0xF8,0x00,0x7F,0xF8,0x00,0x7F,0xF8,0x00,0x7F,
  0xF8,0x00,0x00,0x00,0x00,0x00,0xF8,0x00,0x01,0xFC,0x00,0x01,0xFE,0x00,0x03,0xFE,
  0x00,0x03,0xFE,0x00,0x03,0xFF,0x00,0x07,0xFF,0x00,0x07,0xDF,0x80,0x0F,0xCF,0x80,
  0x0F,0x8F,0xC0,0x1F,0x87,0xC0,0x1F,0x07,0xE0,0x3F,0x03,0xE0,0x3E,0x03,0xF0,0x00,
  0x00,0x00,0x00,0x00,0x00,0x00,0x00,0x00,0x00,0x00,0x00,0x00,0x00,0x00,0x00,0x00,
  0x00,0x00,0x00,0x00,0x00,0x00,0x00,0x00,0x00,0x00,0x00,0x00,0x00,0x00,0x00,0x00,
  0x00,0x00,0x00,0x00,0x00,0x00,0x00,0x00,0x00,0x00,0x00,0x00,0x00,0x00,0x00,0x00,
  0x00,0x00,0x00,0x00,0x00,0x7F,0xFF,0xFC,0x7F,0xFF,0xFC,0x7F,0xFF,0xFC,0x7F,0xFF,
  0xFC,0x7F,0xFF,0xFC,0x00,0x00,0x00,0x01,0xF0,0x00,0x01,0xF8,0x00,0x00,0xF8,0x00,
  0x00,0xFC,0x00,0x00,0x7C,0x00,0x00,0x3E,0x00,0x00,0x3E,0x00,0x00,0x00,0x00,0x00,
  0x00,0x00,0x00,0x00,0x00,0x00,0x00,0x00,0x00,0x00,0x00,0x00,0x00,0x00,0x00,0x00,
  0x00,0x00,0x00,0x00,0x00,0x00,0x00,0x00,0x00,0x00,0x00,0x00,0x00,0x00,0x00,0x00,
  0x00,0x00,0x00,0x00,0x00,0x00,0x00,0x00,0x00,0x00,0x00,0x00,0x00,0x00,0x00,0x00,
  0x00,0x00,0x00,0x00,0x00,0x00,0x00,0x00,0x00,0x00,0x00,0x00,0x00,0x00,0x00,0x00,
  0x00,0x00,0x00,0x00,0x00,0x00,0x00,0x00,0x00,0x00,0x00,0x00,0x00,0x00,0x00,0x00,
  0x00,0x3C,0x00,0x00,0x01,0xFF,0xE0,0x00,0x07,0xFF,0xF0,0x00,0x0F,0xFF,0xF8,0x00,
  0x1F,0xFF,0xFC,0x00,0x1F,0xE3,0xFE,0x00,0x1F,0x80,0xFE,0x00,0x3F,0x80,0xFE,0x00,
  0x00,0x00,0x7E,0x00,0x00,0x00,0x7E,0x00,0x00,0x03,0xFE,0x00,0x03,0xFF,0xFE,0x00,
  0x0F,0xFF,0xFE,0x00,0x1F,0xFF,0xFE,0x00,0x3F,0xFF,0xFE,0x00,0x3F,0x80,0x7E,0x00,
  0x3F,0x00,0x7E,0x00,0x3F,0x00,0xFE,0x00,0x7F,0x00,0xFE,0x00,0x3F,0x01,0xFE,0x00,
  0x3F,0xC7,0xFE,0x00,0x3F,0xFF,0xFE,0x00,0x1F,0xFF,0x7E,0x00,0x0F,0xFE,0x7E,0x00,
  0x07,0xFC,0x7E,0x00,0x00,0x00,0x00,0x00,0x1F,0x80,0x00,0x00,0x1F,0x80,0x00,0x00,
  0x1F,0x80,0x00,0x00,0x1F,0x80,0x00,0x00,0x1F,0x80,0x00,0x00,0x1F,0x80,0x00,0x00,
  0x1F,0x80,0x00,0x00,0x1F,0x80,0x00,0x00,0x1F,0x81,0xC0,0x00,0x1F,0x8F,0xF8,0x00,
  0x1F,0x9F,0xFE,0x00,0x1F,0xBF,0xFF,0x00,0x1F,0xFF,0xFF,0x00,0x1F,0xFF,0xFF,0x80,
  0x1F,0xF0,0x7F,0x80,0x1F,0xE0,0x3F,0xC0,0x1F,0xC0,0x1F,0xC0,0x1F,0xC0,0x1F,0xC0,
  0x1F,0xC0,0x1F,0xC0,0x1F,0x80,0x1F,0xC0,0x1F,0x80,0x0F,0xC0,0x1F,0x80,0x0F,0xC0,
  0x1F,0x80,0x1F,0xC0,0x1F,0xC0,0x1F,0xC0,0x1F,0xC0,0x1F,0xC0,0x1F,0xC0,0x1F,0xC0,
  0x1F,0xE0,0x3F,0xC0,0x1F,0xF0,0x7F,0x80,0x1F,0xFF,0xFF,0x80,0x1F,0xFF,0xFF,0x00,
  0x1F,0xBF,0xFE,0x00,0x1F,0x9F,0xFC,0x00,0x1F,0x87,0xF8,0x00,0x00,0x00,0x00,0x00,
  0x00,0x1F,0x00,0x00,0x00,0xFF,0xE0,0x00,0x03,0xFF,0xF8,0x00,0x07,0xFF,0xFC,0x00,
  0x0F,0xFF,0xFE,0x00,0x0F,0xFF,0xFE,0x00,0x1F,0xE0,0xFF,0x00,0x1F,0xC0,0x7F,0x00,
  0x3F,0x80,0x3F,0x00,0x3F,0x80,0x3F,0x00,0x3F,0x80,0x00,0x00,0x3F,0x00,0x00,0x00,
  0x3F,0x00,0x00,0x00,0x3F,0x00,0x00,0x00,0x3F,0x80,0x00,0x00,0x3F,0x80,0x00,0x00,
  0x3F,0x80,0x3F,0x00,0x3F,0x80,0x3F,0x00,0x1F,0xC0,0x7F,0x00,0x1F,0xE0,0xFF,0x00,
  0x0F,0xFF,0xFE,0x00,0x0F,0xFF,0xFE,0x00,0x07,0xFF,0xFC,0x00,0x01,0xFF,0xF0,0x00,
  0x00,0xFF,0xE0,0x00,0x00,0x00,0x00,0x00,0x00,0x00,0x1F,0x80,0x00,0x00,0x1F,0x80,
  0x00,0x00,0x1F,0x80,0x00,0x00,0x1F,0x80,0x00,0x00,0x1F,0x80,0x00,0x00,0x1F,0x80,
  0x00,0x00,0x1F,0x80,0x00,0x00,0x1F,0x80,0x00,0x38,0x1F,0x80,0x01,0xFF,0x1F,0x80,
  0x03,0xFF,0x9F,0x80,0x07,0xFF,0xDF,0x80,0x0F,0xFF,0xFF,0x80,0x1F,0xFF,0xFF,0x80,
  0x1F,0xE0,0xFF,0x80,0x3F,0xC0,0x7F,0x80,0x3F,0x80,0x3F,0x80,0x3F,0x80,0x3F,0x80,
  0x3F,0x80,0x1F,0x80,0x3F,0x80,0x1F,0x80,0x3F,0x80,0x1F,0x80,0x3F,0x80,0x1F,0x80,
  0x3F,0x80,0x1F,0x80,0x3F,0x80,0x1F,0x80,0x3F,0x80,0x3F,0x80,0x3F,0xC0,0x3F,0x80,
  0x1F,0xC0,0x7F,0x80,0x1F,0xE0,0xFF,0x80,0x1F,0xFF,0xFF,0x80,0x0F,0xFF,0xDF,0x80,
  0x07,0xFF,0xDF,0x80,0x03,0xFF,0x9F,0x80,0x00,0xFE,0x1F,0x80,0x00,0x00,0x00,0x00,
  0x00,0x1F,0x00,0x00,0x00,0xFF,0xE0,0x00,0x03,0xFF,0xF0,0x00,0x07,0xFF,0xFC,0x00,
  0x0F,0xFF,0xFC,0x00,0x0F,0xF1,0xFE,0x00,0x1F,0xC0,0x7F,0x00,0x1F,0x80,0x3F,0x00,
  0x3F,0x80,0x3F,0x00,0x3F,0x00,0x3F,0x80,0x3F,0xFF,0xFF,0x80,0x3F,0xFF,0xFF,0x80,
  0x3F,0xFF,0xFF,0x80,0x3F,0xFF,0xFF,0x80,0x3F,0xFF,0xFF,0x00,0x3F,0x00,0x00,0x00,
  0x3F,0x00,0x00,0x00,0x3F,0x80,0x00,0x00,0x1F,0x80,0x3F,0x00,0x1F,0xE0,0x7F,0x00,
  0x0F,0xFF,0xFF,0x00,0x0F,0xFF,0xFE,0x00,0x07,0xFF,0xFC,0x00,0x01,0xFF,0xF8,0x00,
  0x00,0xFF,0xE0,0x00,0x00,0x00,0x00,0x00,0x00,0x00,0x00,0x00,0x7F,0x00,0x01,0xFF,
  0x00,0x03,0xFF,0x00,0x07,0xFF,0x00,0x07,0xFF,0x00,0x0F,0xF0,0x00,0x0F,0xE0,0x00,
  0x0F,0xE0,0x00,0x0F,0xE0,0x00,0x0F,0xE0,0x00,0x7F,0xFF,0x00,0x7F,0xFF,0x00,0x7F,
  0xFF,0x00,0x7F,0xFF,0x00,0x7F,0xFE,0x00,0x0F,0xE0,0x00,0x0F,0xE0,0x00,0x0F,0xE0,
  0x00,0x0F,0xE0,0x00,0x0F,0xE0,0x00,0x0F,0xE0,0x00,0x0F,0xE0,0x00,0x0F,0xE0,0x00,
  0x0F,0xE0,0x00,0x0F,0xE0,0x00,0x0F,0xE0,0x00,0x0F,0xE0,0x00,0x0F,0xE0,0x00,0x0F,
  0xE0,0x00,0x0F,0xE0,0x00,0x0F,0xE0,0x00,0x0F,0xE0,0x00,0x0F,0xE0,0x00,0x0F,0xE0,
  0x00,0x00,0x38,0x00,0x00,0x01,0xFF,0x1F,0x80,0x03,0xFF,0x9F,0x80,0x07,0xFF,0xDF,
  0x80,0x0F,0xFF,0xFF,0x80,0x1F,0xFF,0xFF,0x80,0x1F,0xE0,0xFF,0x80,0x3F,0xC0,0x7F,
  0x80,0x3F,0x80,0x3F,0x80,0x3F,0x80,0x3F,0x80,0x3F,0x80,0x1F,0x80,0x3F,0x80,0x1F,
  0x80,0x3F,0x80,0x1F,0x80,0x3F,0x80,0x1F,0x80,0x3F,0x80,0x1F,0x80,0x3F,0x80,0x1F,
  0x80,0x3F,0x80,0x3F,0x80,0x3F,0xC0,0x3F,0x80,0x1F,0xE0,0x7F,0x80,0x1F,0xFB,0xFF,
  0x80,0x0F,0xFF,0xFF,0x80,0x0F,0xFF,0xDF,0x80,0x07,0xFF,0x9F,0x80,0x01,0xFF,0x1F,
  0x80,0x00,0x38,0x1F,0x80,0x00,0x00,0x1F,0x80,0x00,0x00,0x1F,0x80,0x3F,0x80,0x3F,
  0x80,0x1F,0xC0,0x3F,0x80,0x1F,0xE0,0xFF,0x00,0x0F,0xFF,0xFF,0x00,0x0F,0xFF,0xFE,
  0x00,0x07,0xFF,0xFC,0x00,0x01,0xFF,0xF0,0x00,0x00,0x1F,0x00,0x00,0x1F,0x80,0x00,
  0x00,0x1F,0x80,0x00,0x00,0x1F,0x80,0x00,0x00,0x1F,0x80,0x00,0x00,0x1F,0x80,0x00,
  0x00,0x1F,0x80,0x00,0x00,0x1F,0x80,0x00,0x00,0x1F,0x80,0x00,0x00,0x1F,0x81,0xE0,
  0x00,0x1F,0x8F,0xF8,0x00,0x1F,0x9F,0xFC,0x00,0x1F,0xBF,0xFE,0x00,0x1F,0xFF,0xFF,
  0x00,0x1F,0xFF,0xFF,0x00,0x1F,0xF0,0xFF,0x80,0x1F,0xC0,0x7F,0x80,0x1F,0xC0,0x3F,
  0x80,0x1F,0x80,0x3F,0x80,0x1F,0x80,0x3F,0x80,0x1F,0x80,0x3F,0x80,0x1F,0x80,0x3F,
  0x80,0x1F,0x80,0x3F,0x80,0x1F,0x80,0x3F,0x80,0x1F,0x80,0x3F,0x80,0x1F,0x80,0x3F,
  0x80,0x1F,0x80,0x3F,0x80,0x1F,0x80,0x3F,0x80,0x1F,0x80,0x3F,0x80,0x1F,0x80,0x3F,
  0x80,0x1F,0x80,0x3F,0x80,0x1F,0x80,0x3F,0x80,0x1F,0x80,0x3F,0x80,0x1F,0x80,0x3F,
  0x80,0x00,0x00,0x0F,0x00,0x1F,0x80,0x3F,0x80,0x3F,0x80,0x1F,0x80,0x0F,0x00,0x00,
  0x00,0x00,0x00,0x00,0x00,0x00,0x00,0x1F,0x80,0x1F,0x80,0x1F,0x80,0x1F,0x80,0x1F,
  0x80,0x1F,0x80,0x1F,0x80,0x1F,0x80,0x1F,0x80,0x1F,0x80,0x1F,0x80,0x1F,0x80,0x1F,
  0x80,0x1F,0x80,0x1F,0x80,0x1F,0x80,0x1F,0x80,0x1F,0x80,0x1F,0x80,0x1F,0x80,0x1F,
  0x80,0x1F,0x80,0x1F,0x80,0x1F,0x80,0x00,0x00,0x03,0xC0,0x07,0xE0,0x0F,0xE0,0x0F,
  0xE0,0x07,0xE0,0x07,0xC0,0x00,0x00,0x00,0x00,0x00,0x00,0x00,0x00,0x07,0xE0,0x07,
  0xE0,0x07,0xE0,0x07,0xE0,0x07,0xE0,0x07,0xE0,0x07,0xE0,0x07,0xE0,0x07,0xE0,0x07,
  0xE0,0x07,0xE0,0x07,0xE0,0x07,0xE0,0x07,0xE0,0x07,0xE0,0x07,0xE0,0x07,0xE0,0x07,
  0xE0,0x07,0xE0,0x07,0xE0,0x07,0xE0,0x07,0xE0,0x07,0xE0,0x07,0xE0,0x07,0xE0,0x07,
  0xE0,0x0F,0xE0,0x1F,0xE0,0x7F,0xE0,0x7F,0xC0,0x7F,0xC0,0x7F,0x00,0x7E,0x00,0x00,
  0x00,0x1F,0x80,0x00,0x00,0x1F,0x80,0x00,0x00,0x1F,0x80,0x00,0x00,0x1F,0x80,0x00,
  0x00,0x1F,0x80,0x00,0x00,0x1F,0x80,0x00,0x00,0x1F,0x80,0x00,0x00,0x1F,0x80,0x00,
  0x00,0x1F,0x80,0x00,0x00,0x1F,0x80,0x7F,0x00,0x1F,0x80,0xFF,0x00,0x1F,0x81,0xFE,
  0x00,0x1F,0x83,0xFC,0x00,0x1F,0x87,0xF8,0x00,0x1F,0x87,0xF0,0x00,0x1F,0x8F,0xE0,
  0x00,0x1F,0x9F,0xC0,0x00,0x1F,0xBF,0xC0,0x00,0x1F,0xFF,0x80,0x00,0x1F,0xFF,0x00,
  0x00,0x1F,0xFF,0x80,0x00,0x1F,0xFF,0xC0,0x00,0x1F,0xFF,0xC0,0x00,0x1F,0xFF,0xE0,
  0x00,0x1F,0xCF,0xF0,0x00,0x1F,0x87,0xF0,0x00,0x1F,0x87,0xF8,0x00,0x1F,0x83,0xFC,
  0x00,0x1F,0x81,0xFE,0x00,0x1F,0x81,0xFE,0x00,0x1F,0x80,0xFF,0x00,0x1F,0x80,0x7F,
  0x80,0x1F,0x80,0x7F,0x80,0x1F,0x80,0x1F,0x80,0x1F,0x80,0x1F,0x80,0x1F,0x80,0x1F,
  0x80,0x1F,0x80,0x1F,0x80,0x1F,0x80,0x1F,0x80,0x1F,0x80,0x1F,0x80,0x1F,0x80,0x1F,
  0x80,0x1F,0x80,0x1F,0x80,0x1F,0x80,0x1F,0x80,0x1F,0x80,0x1F,0x80,0x1F,0x80,0x1F,
  0x80,0x1F,0x80,0x1F,0x80,0x1F,0x80,0x1F,0x80,0x1F,0x80,0x1F,0x80,0x1F,0x80,0x1F,
  0x80,0x1F,0x80,0x1F,0x80,0x1F,0x80,0x00,0x01,0x80,0x07,0x00,0x1F,0x8F,0xF0,0x3F,
  0xE0,0x1F,0x9F,0xF8,0xFF,0xF0,0x1F,0xBF,0xFC,0xFF,0xF0,0x1F,0xFF,0xFF,0xFF,0xF8,
  0x1F,0xFF,0xFF,0xFF,0xF8,0x1F,0xE1,0xFF,0x83,0xFC,0x1F,0xC0,0xFF,0x01,0xFC,0x1F,
  0xC0,0x7F,0x01,0xFC,0x1F,0x80,0x7F,0x01,0xFC,0x1F,0x80,0x7E,0x01,0xFC,0x1F,0x80,
  0x7E,0x01,0xFC,0x1F,0x80,0x7E,0x01,0xFC,0x1F,0x80,0x7E,0x01,0xFC,0x1F,0x80,0x7E,
  0x01,0xFC,0x1F,0x80,0x7E,0x01,0xFC,0x1F,0x80,0x7E,0x01,0xFC,0x1F,0x80,0x7E,0x01,
  0xFC,0x1F,0x80,0x7E,0x01,0xFC,0x1F,0x80,0x7E,0x01,0xFC,0x1F,0x80,0x7E,0x01,0xFC,
  0x1F,0x80,0x7E,0x01,0xFC,0x1F,0x80,0x7E,0x01,0xFC,0x1F,0x80,0x7E,0x01,0xFC,0x1F,
  0x80,0x7E,0x01,0xFC,0x00,0x01,0xC0,0x00,0x1F,0x8F,0xF8,0x00,0x1F,0x9F,0xFC,0x00,
  0x1F,0xBF,0xFE,0x00,0x1F,0xFF,0xFF,0x00,0x1F,0xFF,0xFF,0x00,0x1F,0xF0,0xFF,0x80,
  0x1F,0xC0,0x7F,0x80,0x1F,0xC0,0x3F,0x80,0x1F,0x80,0x3F,0x80,0x1F,0x80,0x3F,0x80,
  0x1F,0x80,0x3F,0x80,0x1F,0x80,0x3F,0x80,0x1F,0x80,0x3F,0x80,0x1F,0x80,0x3F,0x80,
  0x1F,0x80,0x3F,0x80,0x1F,0x80,0x3F,0x80,0x1F,0x80,0x3F,0x80,0x1F,0x80,0x3F,0x80,
  0x1F,0x80,0x3F,0x80,0x1F,0x80,0x3F,0x80,0x1F,0x80,0x3F,0x80,0x1F,0x80,0x3F,0x80,
  0x1F,0x80,0x3F,0x80,0x1F,0x80,0x3F,0x80,0x00,0x1F,0x00,0x00,0x00,0xFF,0xE0,0x00,
  0x03,0xFF,0xF8,0x00,0x07,0xFF,0xFC,0x00,0x0F,0xFF,0xFE,0x00,0x0F,0xF9,0xFF,0x00,
  0x1F,0xE0,0xFF,0x00,0x1F,0xC0,0x7F,0x80,0x3F,0x80,0x3F,0x80,0x3F,0x80,0x3F,0x80,
  0x3F,0x80,0x1F,0x80,0x3F,0x00,0x1F,0x80,0x3F,0x00,0x1F,0xC0,0x3F,0x00,0x1F,0x80,
  0x3F,0x80,0x1F,0x80,0x3F,0x80,0x3F,0x80,0x3F,0x80,0x3F,0x80,0x3F,0x80,0x3F,0x80,
  0x1F,0xC0,0x7F,0x00,0x1F,0xE0,0xFF,0x00,0x0F,0xFF,0xFE,0x00,0x0F,0xFF,0xFE,0x00,
  0x07,0xFF,0xFC,0x00,0x01,0xFF,0xF8,0x00,0x00,0xFF,0xE0,0x00,0x00,0x00,0x00,0x00,
  0x00,0x01,0xC0,0x00,0x1F,0x8F,0xF8,0x00,0x1F,0x9F,0xFC,0x00,0x1F,0xBF,0xFE,0x00,
  0x1F,0xFF,0xFF,0x00,0x1F,0xFF,0xFF,0x80,0x1F,0xF0,0x7F,0x80,0x1F,0xE0,0x3F,0xC0,
  0x1F,0xC0,0x1F,0xC0,0x1F,0xC0,0x1F,0xC0,0x1F,0x80,0x1F,0xC0,0x1F,0x80,0x1F,0xC0,
  0x1F,0x80,0x1F,0xC0,0x1F,0x80,0x1F,0xC0,0x1F,0x80,0x1F,0xC0,0x1F,0x80,0x1F,0xC0,
  0x1F,0xC0,0x1F,0xC0,0x1F,0xC0,0x3F,0xC0,0x1F,0xE0,0x3F,0x80,0x1F,0xF0,0x7F,0x80,
  0x1F,0xFF,0xFF,0x80,0x1F,0xFF,0xFF,0x00,0x1F,0xBF,0xFE,0x00,0x1F,0x9F,0xFC,0x00,
  0x1F,0x87,0xF0,0x00,0x1F,0x80,0x00,0x00,0x1F,0x80,0x00,0x00,0x1F,0x80,0x00,0x00,
  0x1F,0x80,0x00,0x00,0x1F,0x80,0x00,0x00,0x1F,0x80,0x00,0x00,0x1F,0x80,0x00,0x00,
  0x1F,0x80,0x00,0x00,0x1F,0x80,0x00,0x00,0x00,0x00,0x00,0x00,0x00,0x38,0x00,0x00,
  0x01,0xFF,0x1F,0x80,0x03,0xFF,0x9F,0x80,0x07,0xFF,0xDF,0x80,0x0F,0xFF,0xFF,0x80,
  0x1F,0xFF,0xFF,0x80,0x1F,0xE0,0xFF,0x80,0x3F,0xC0,0x7F,0x80,0x3F,0x80,0x3F,0x80,
  0x3F,0x80,0x3F,0x80,0x3F,0x80,0x1F,0x80,0x3F,0x80,0x1F,0x80,0x3F,0x80,0x1F,0x80,
  0x3F,0x80,0x1F,0x80,0x3F,0x80,0x1F,0x80,0x3F,0x80,0x1F,0x80,0x3F,0x80,0x3F,0x80,
  0x3F,0xC0,0x3F,0x80,0x1F,0xC0,0x7F,0x80,0x1F,0xE0,0xFF,0x80,0x1F,0xFF,0xFF,0x80,
  0x0F,0xFF,0xFF,0x80,0x07,0xFF,0xDF,0x80,0x03,0xFF,0x9F,0x80,0x00,0xFE,0x1F,0x80,
  0x00,0x00,0x1F,0x80,0x00,0x00,0x1F,0x80,0x00,0x00,0x1F,0x80,0x00,0x00,0x1F,0x80,
  0x00,0x00,0x1F,0x80,0x00,0x00,0x1F,0x80,0x00,0x00,0x1F,0x80,0x00,0x00,0x1F,0x80,
  0x00,0x00,0x1F,0x80,0x00,0x00,0x00,0x00,0x00,0x03,0x80,0x1F,0x8F,0x80,0x1F,0x9F,
  0x80,0x1F,0xBF,0x80,0x1F,0xFF,0x80,0x1F,0xFF,0x80,0x1F,0xF0,0x00,0x1F,0xE0,0x00,
  0x1F,0xC0,0x00,0x1F,0xC0,0x00,0x1F,0x80,0x00,0x1F,0x80,0x00,0x1F,0x80,0x00,0x1F,
  0x80,0x00,0x1F,0x80,0x00,0x1F,0x80,0x00,0x1F,0x80,0x00,0x1F,0x80,0x00,0x1F,0x80,
  0x00,0x1F,0x80,0x00,0x1F,0x80,0x00,0x1F,0x80,0x00,0x1F,0x80,0x00,0x1F,0x80,0x00,
  0x1F,0x80,0x00,0x00,0x3E,0x00,0x00,0x03,0xFF,0xC0,0x00,0x07,0xFF,0xF0,0x00,0x0F,
  0xFF,0xF8,0x00,0x1F,0xFF,0xFC,0x00,0x1F,0xC1,0xFC,0x00,0x3F,0x80,0xFE,0x00,0x3F,
  0x80,0xFE,0x00,0x3F,0x80,0x00,0x00,0x3F,0xC0,0x00,0x00,0x1F,0xFE,0x00,0x00,0x1F,
  0xFF,0xC0,0x00,0x0F,0xFF,0xF0,0x00,0x03,0xFF,0xFC,0x00,0x00,0xFF,0xFC,0x00,0x00,
  0x07,0xFE,0x00,0x00,0x00,0xFE,0x00,0x00,0x00,0xFE,0x00,0x3F,0x00,0xFE,0x00,0x3F,
  0x80,0xFE,0x00,0x3F,0xE3,0xFE,0x00,0x1F,0xFF,0xFC,0x00,0x0F,0xFF,0xF8,0x00,0x07,
  0xFF,0xF0,0x00,0x01,0xFF,0xC0,0x00,0x00,0x00,0x00,0x00,0x00,0x00,0x00,0x0F,0xE0,
  0x00,0x0F,0xE0,0x00,0x0F,0xE0,0x00,0x0F,0xE0,0x00,0x0F,0xE0,0x00,0x0F,0xE0,0x00,
  0x7F,0xFE,0x00,0x7F,0xFE,0x00,0x7F,0xFE,0x00,0x7F,0xFE,0x00,0x7F,0xFE,0x00,0x0F,
  0xE0,0x00,0x0F,0xE0,0x00,0x0F,0xE0,0x00,0x0F,0xE0,0x00,0x0F,0xE0,0x00,0x0F,0xE0,
  0x00,0x0F,0xE0,0x00,0x0F,0xE0,0x00,0x0F,0xE0,0x00,0x0F,0xE0,0x00,0x0F,0xE0,0x00,
  0x0F,0xE0,0x00,0x0F,0xE0,0x00,0x0F,0xF0,0x00,0x0F,0xFF,0x00,0x07,0xFF,0x00,0x07,
  0xFF,0x00,0x03,0xFF,0x00,0x00,0xFF,0x00,0x00,0x00,0x00,0x00,0x00,0x00,0x00,0x1F,
  0x80,0x3F,0x80,0x1F,0x80,0x3F,0x80,0x1F,0x80,0x3F,0x80,0x1F,0x80,0x3F,0x80,0x1F,
  0x80,0x3F,0x80,0x1F,0x80,0x3F,0x80,0x1F,0x80,0x3F,0x80,0x1F,0x80,0x3F,0x80,0x1F,
  0x80,0x3F,0x80,0x1F,0x80,0x3F,0x80,0x1F,0x80,0x3F,0x80,0x1F,0x80,0x3F,0x80,0x1F,
  0x80,0x3F,0x80,0x1F,0x80,0x3F,0x80,0x1F,0x80,0x3F,0x80,0x1F,0x80,0x3F,0x80,0x1F,
  0xC0,0x7F,0x80,0x1F,0xE0,0x7F,0x80,0x1F,0xF1,0xFF,0x80,0x1F,0xFF,0xFF,0x80,0x0F,
  0xFF,0xFF,0x80,0x07,0xFF,0x9F,0x80,0x03,0xFF,0x1F,0x80,0x01,0xFC,0x1F,0x80,0x00,
  0x00,0x00,0x00,0x00,0x00,0x00,0x00,0x7F,0x00,0x3F,0x80,0x7F,0x00,0x3F,0x80,0x3F,
  0x80,0x7F,0x00,0x3F,0x80,0x7F,0x00,0x3F,0x80,0x7F,0x00,0x1F,0x80,0xFE,0x00,0x1F,
  0xC0,0xFE,0x00,0x1F,0xC0,0xFC,0x00,0x0F,0xC0,0xFC,0x00,0x0F,0xE1,0xFC,0x00,0x0F,
  0xE1,0xF8,0x00,0x07,0xE1,0xF8,0x00,0x07,0xE3,0xF8,0x00,0x03,0xF3,0xF0,0x00,0x03,
  0xF3,0xF0,0x00,0x03,0xF3,0xF0,0x00,0x01,0xFF,0xE0,0x00,0x01,0xFF,0xE0,0x00,0x01,
  0xFF,0xE0,0x00,0x00,0xFF,0xC0,0x00,0x00,0xFF,0xC0,0x00,0x00,0xFF,0xC0,0x00,0x00,
  0x7F,0x80,0x00,0x00,0x7F,0x80,0x00,0x00,0x00,0x00,0x00,0x00,0x7F,0x01,0xFC,0x03,
  0xF8,0x7F,0x01,0xFE,0x03,0xF0,0x3F,0x01,0xFE,0x03,0xF0,0x3F,0x01,0xFE,0x07,0xF0,
  0x3F,0x83,0xFE,0x07,0xF0,0x3F,0x83,0xFF,0x07,0xE0,0x1F,0x83,0xFF,0x07,0xE0,0x1F,
  0x83,0xFF,0x0F,0xE0,0x1F,0xC7,0xFF,0x0F,0xC0,0x1F,0xC7,0xDF,0x8F,0xC0,0x0F,0xC7,
  0xCF,0x8F,0xC0,0x0F,0xC7,0xCF,0x9F,0xC0,0x0F,0xCF,0xCF,0x9F,0x80,0x07,0xEF,0x8F,
  0xDF,0x80,0x07,0xEF,0x87,0xDF,0x80,0x07,0xFF,0x87,0xFF,0x80,0x07,0xFF,0x87,0xFF,
  0x00,0x03,0xFF,0x07,0xFF,0x00,0x03,0xFF,0x03,0xFF,0x00,0x03,0xFF,0x03,0xFE,0x00,
  0x03,0xFE,0x03,0xFE,0x00,0x01,0xFE,0x01,0xFE,0x00,0x01,0xFE,0x01,0xFE,0x00,0x01,
  0xFE,0x01,0xFC,0x00,0x00,0x00,0x00,0x00,0x3F,0x80,0x7F,0x00,0x3F,0x80,0xFE,0x00,
  0x1F,0xC0,0xFC,0x00,0x1F,0xC1,0xFC,0x00,0x0F,0xE1,0xF8,0x00,0x07,0xE3,0xF8,0x00,
  0x07,0xF3,0xF0,0x00,0x03,0xF7,0xF0,0x00,0x03,0xFF,0xE0,0x00,0x01,0xFF,0xC0,0x00,
  0x00,0xFF,0xC0,0x00,0x00,0xFF,0x80,0x00,0x00,0xFF,0x80,0x00,0x01,0xFF,0xC0,0x00,
  0x01,0xFF,0xE0,0x00,0x03,0xFF,0xE0,0x00,0x07,0xF7,0xF0,0x00,0x07,0xF3,0xF0,0x00,
  0x0F,0xE3,0xF8,0x00,0x0F,0xC1,0xFC,0x00,0x1F,0xC0,0xFC,0x00,0x3F,0x80,0xFE,0x00,
  0x3F,0x80,0x7E,0x00,0x7F,0x00,0x7F,0x00,0x00,0x00,0x00,0x00,0x7F,0x00,0x3F,0x80,
  0x7F,0x00,0x3F,0x80,0x3F,0x00,0x7F,0x00,0x3F,0x80,0x7F,0x00,0x3F,0x80,0x7F,0x00,
  0x1F,0x80,0xFE,0x00,0x1F,0xC0,0xFE,0x00,0x1F,0xC0,0xFC,0x00,0x0F,0xC0,0xFC,0x00,
  0x0F,0xC1,0xFC,0x00,0x0F,0xE1,0xF8,0x00,0x07,0xE1,0xF8,0x00,0x07,0xE3,0xF8,0x00,
  0x03,0xF3,0xF0,0x00,0x03,0xF3,0xF0,0x00,0x03,0xF3,0xF0,0x00,0x01,0xF7,0xE0,0x00,
  0x01,0xFF,0xE0,0x00,0x01,0xFF,0xE0,0x00,0x00,0xFF,0xC0,0x00,0x00,0xFF,0xC0,0x00,
  0x00,0xFF,0xC0,0x00,0x00,0x7F,0x80,0x00,0x00,0x7F,0x80,0x00,0x00,0x7F,0x00,0x00,
  0x00,0x7F,0x00,0x00,0x00,0x7F,0x00,0x00,0x00,0xFE,0x00,0x00,0x1F,0xFE,0x00,0x00,
  0x1F,0xFC,0x00,0x00,0x1F,0xF8,0x00,0x00,0x1F,0xF0,0x00,0x00,0x1F,0xC0,0x00,0x00,
  0x00,0x00,0x00,0x00,0x00,0x00,0x00,0x00,0x1F,0xFF,0xFC,0x00,0x1F,0xFF,0xFC,0x00,
  0x1F,0xFF,0xFC,0x00,0x1F,0xFF,0xFC,0x00,0x1F,0xFF,0xFC,0x00,0x00,0x03,0xF8,0x00,
  0x00,0x07,0xF0,0x00,0x00,0x07,0xF0,0x00,0x00,0x0F,0xE0,0x00,0x00,0x1F,0xC0,0x00,
  0x00,0x3F,0x80,0x00,0x00,0x7F,0x80,0x00,0x00,0xFF,0x00,0x00,0x00,0xFE,0x00,0x00,
  0x01,0xFC,0x00,0x00,0x03,0xFC,0x00,0x00,0x07,0xF8,0x00,0x00,0x0F,0xF0,0x00,0x00,
  0x0F,0xF0,0x00,0x00,0x1F,0xFF,0xFE,0x00,0x3F,0xFF,0xFE,0x00,0x3F,0xFF,0xFE,0x00,
  0x3F,0xFF,0xFE,0x00,0x3F,0xFF,0xFE,0x00,0x00,0x0F,0x80,0x00,0x7F,0x80,0x00,0xFF,
  0x80,0x01,0xFF,0x80,0x01,0xFF,0x80,0x01,0xFC,0x00,0x03,0xF8,0x00,0x03,0xF8,0x00,
  0x03,0xF8,0x00,0x03,0xF0,0x00,0x03,0xF0,0x00,0x03,0xF0,0x00,0x03,0xF0,0x00,0x03,
  0xF0,0x00,0x03,0xF0,0x00,0x03,0xF0,0x00,0x03,0xF0,0x00,0x07,0xF0,0x00,0x3F,0xF0,
  0x00,0x7F,0xE0,0x00,0x7F,0x80,0x00,0x7E,0x00,0x00,0x7F,0x80,0x00,0x7F,0xE0,0x00,
  0x7F,0xF0,0x00,0x07,0xF0,0x00,0x07,0xF0,0x00,0x03,0xF0,0x00,0x03,0xF0,0x00,0x03,
  0xF0,0x00,0x03,0xF0,0x00,0x03,0xF0,0x00,0x03,0xF0,0x00,0x03,0xF0,0x00,0x03,0xF8,
  0x00,0x03,0xF8,0x00,0x03,0xF8,0x00,0x03,0xFC,0x00,0x01,0xFF,0x80,0x01,0xFF,0x80,
  0x00,0xFF,0x80,0x00,0x7F,0x80,0x00,0x1F,0x80,0x00,0x00,0x00,0x00,0x00,0x07,0xE0,
  0x07,0xE0,0x07,0xE0,0x07,0xE0,0x07,0xE0,0x07,0xE0,0x07,0xE0,0x07,0xE0,0x07,0xE0,
  0x07,0xE0,0x07,0xE0,0x07,0xE0,0x07,0xE0,0x07,0xE0,0x07,0xE0,0x07,0xE0,0x07,0xE0,
  0x07,0xE0,0x07,0xE0,0x07,0xE0,0x07,0xE0,0x07,0xE0,0x07,0xE0,0x07,0xE0,0x07,0xE0,
  0x07,0xE0,0x07,0xE0,0x07,0xE0,0x07,0xE0,0x07,0xE0,0x07,0xE0,0x07,0xE0,0x07,0xE0,
  0x07,0xE0,0x07,0xE0,0x07,0xE0,0x07,0xE0,0x07,0xE0,0x07,0xE0,0x07,0xE0,0x07,0xE0,
  0x07,0xE0,0x7C,0x00,0x00,0x7F,0x00,0x00,0x7F,0xC0,0x00,0x7F,0xE0,0x00,0x7F,0xE0,
  0x00,0x1F,0xE0,0x00,0x07,0xF0,0x00,0x07,0xF0,0x00,0x07,0xF0,0x00,0x07,0xF0,0x00,
  0x07,0xF0,0x00,0x07,0xF0,0x00,0x07,0xF0,0x00,0x07,0xF0,0x00,0x07,0xF0,0x00,0x07,
  0xF0,0x00,0x03,0xF0,0x00,0x03,0xF8,0x00,0x03,0xFF,0x00,0x01,0xFF,0x80,0x00,0x7F,
  0x80,0x00,0x1F,0x80,0x00,0x7F,0x80,0x01,0xFF,0x80,0x03,0xFF,0x00,0x03,0xF8,0x00,
  0x03,0xF0,0x00,0x07,0xF0,0x00,0x07,0xF0,0x00,0x07,0xF0,0x00,0x07,0xF0,0x00,0x07,
  0xF0,0x00,0x07,0xF0,0x00,0x07,0xF0,0x00,0x07,0xF0,0x00,0x07,0xF0,0x00,0x07,0xF0,
  0x00,0x0F,0xE0,0x00,0x7F,0xE0,0x00,0x7F,0xE0,0x00,0x7F,0xC0,0x00,0x7F,0x80,0x00,
  0x7E,0x00,0x00,0x00,0x00,0x00,0x00,0xF0,0x00,0x00,0x03,0xFE,0x00,0xC0,0x0F,0xFF,
  0xE3,0xC0,0x0F,0xFF,0xFF,0xC0,0x0F,0xFF,0xFF,0xC0,0x0F,0xFF,0xFF,0xC0,0x0C,0x03,
  0xFF,0x80,0x08,0x00,0x7E,0x00,0x00,0x00,0x00,0x00,0x00,0x00,0x00,0x00,0x00,0x00,
  0x00,0x00,0x00,0x00,0x00,0x00,0x00,0x00,0x00,0x00,0x00,0x00,0x00,0x00,0x00,0x00,
  0x00,0x00,0x00,0x00,0x00,0x00,0x00,0x00,0x00,0x00,0x07,0x00,0x0F,0x80,0x1F,0xC0,
  0x1F,0xC0,0x1F,0xC0,0x1F,0xC0,0x0F,0x80,0x00,0x00,0x00,0x00,0x00,0x00,0x00,0x00,
  0x00,0x00,0x00,0x00,0x00,0x00,0x00,0x00,0x00,0x00,0x00,0x00,0x00,0x00,0x00,0x00,
  0x00,0x00,0x00,0x07,0xFF,0xFF,0xFF,0xE0,0x07,0xFF,0xFF,0xFF,0xE0,0x07,0xFF,0xFF,
  0xFF,0xE0,0x07,0xFF,0xFF,0xFF,0xE0,0x00,0x00,0x00,0x07,0xE0,0x00,0x00,0x00,0x07,
  0xE0,0x00,0x00,0x00,0x07,0xE0,0x00,0x00,0x00,0x07,0xE0,0x00,0x00,0x00,0x07,0xE0,
  0x00,0x00,0x00,0x07,0xE0,0x00,0x00,0x00,0x07,0xE0,0x00,0x00,0x00,0x07,0xE0,0x00,
  0x00,0x00,0x07,0xE0,0x00,0x01,0xF0,0x07,0xE0,0x00,0x01,0xF0,0x07,0xC0,0x00,0x01,
  0xF0,0x07,0xC0,0x00,0x01,0xF0,0x0F,0xC0,0x00,0x01,0xF0,0x0F,0xC0,0x00,0x01,0xF0,
  0x0F,0xC0,0x00,0x01,0xF0,0x0F,0xC0,0x00,0x01,0xF0,0x0F,0xC0,0x00,0x01,0xF0,0x0F,
  0xC0,0x00,0x01,0xF0,0x0F,0x80,0x00,0x01,0xF0,0x00,0x00,0x00,0x01,0xF0,0x00,0x00,
  0x00,0x01,0xF0,0x00,0x00,0x00,0x01,0xF0,0x00,0x00,0x3F,0xFF,0xFF,0xFF,0xFC,0x7F,
  0xFF,0xFF,0xFF,0xFC,0x7F,0xFF,0xFF,0xFF,0xFC,0x7F,0xFF,0xFF,0xFF,0xFC,0x7F,0xFF,
  0xFF,0xFF,0xFC,0x00,0x00,0x00,0x00,0x00,0x03,0xFF,0xFF,0xFF,0xC0,0x03,0xFF,0xFF,
  0xFF,0xC0,0x03,0xFF,0xFF,0xFF,0xC0,0x03,0xFF,0xFF,0xFF,0xC0,0x03,0xFF,0xFF,0xFF,
  0xC0,0x00,0x00,0x00,0x0F,0xC0,0x00,0x00,0x00,0x0F,0xC0,0x00,0x00,0x00,0x0F,0xC0,
  0x00,0x00,0x00,0x0F,0xC0,0x00,0x00,0x00,0x0F,0xC0,0x00,0x00,0x00,0x0F,0xC0,0x00,
  0x00,0x00,0x0F,0xC0,0x00,0x00,0x00,0x0F,0xC0,0x00,0x00,0x00,0x0F,0x80,0x7F,0xFF,
  0xFF,0xFF,0xFE,0x7F,0xFF,0xFF,0xFF,0xFE,0x7F,0xFF,0xFF,0xFF,0xFE,0x7F,0xFF,0xFF,
  0xFF,0xFE,0x7F,0xFF,0xFF,0xFF,0xFC,0x00,0x00,0x7E,0x00,0x00,0x00,0x00,0x7E,0x00,
  0x00,0x00,0x00,0x7E,0x00,0x00,0x00,0x00,0x7E,0x00,0x00,0x00,0x00,0x7E,0x00,0x00,
  0x00,0x00,0x7E,0x00,0x00,0x07,0xFF,0xFF,0xFF,0xC0,0x07,0xFF,0xFF,0xFF,0xC0,0x07,
  0xFF,0xFF,0xFF,0xC0,0x07,0xFF,0xFF,0xFF,0xC0,0x00,0x00,0x00,0x0F,0xC0,0x00,0x00,
  0x00,0x0F,0xC0,0x00,0x00,0x00,0x0F,0xC0,0x00,0x00,0x00,0x0F,0xC0,0x00,0x00,0x00,
  0x0F,0xC0,0x00,0x00,0x00,0x0F,0xC0,0x00,0x00,0x00,0x0F,0xC0,0x00,0x00,0x00,0x0F,
  0xC0,0x00,0x00,0x00,0x0F,0xC0,0x00,0x00,0x00,0x0F,0xC0,0x00,0x00,0x00,0x00,0x00,
  0x00,0x00,0x00,0x00,0x00,0x03,0xFF,0xFF,0xFF,0xC0,0x03,0xFF,0xFF,0xFF,0xC0,0x03,
  0xFF,0xFF,0xFF,0xC0,0x03,0xFF,0xFF,0xFF,0xC0,0x00,0x00,0x00,0x0F,0xC0,0x00,0x00,
  0x00,0x0F,0xC0,0x00,0x00,0x00,0x0F,0xC0,0x00,0x00,0x00,0x0F,0xC0,0x00,0x00,0x00,
  0x0F,0xC0,0x00,0x00,0x00,0x0F,0xC0,0x00,0x00,0x00,0x0F,0xC0,0x00,0x00,0x00,0x0F,
  0xC0,0x00,0x00,0x00,0x1F,0xC0,0x7F,0xFF,0xFF,0xFF,0xFE,0x7F,0xFF,0xFF,0xFF,0xFE,
  0x7F,0xFF,0xFF,0xFF,0xFE,0x7F,0xFF,0xFF,0xFF,0xFE,0x00,0x00,0x00,0x00,0x00,0x00,
  0x00,0x00,0x00,0x00,0x00,0x00,0x00,0x00,0x00,0x07,0xFF,0xFF,0xFF,0xC0,0x07,0xFF,
  0xFF,0xFF,0xC0,0x07,0xFF,0xFF,0xFF,0xC0,0x07,0xFF,0xFF,0xFF,0xC0,0x03,0xFF,0xFF,
  0xFF,0xC0,0x00,0x00,0x00,0x0F,0xC0,0x00,0x00,0x00,0x0F,0xC0,0x03,0xFF,0xFF,0xFF,
  0xC0,0x07,0xFF,0xFF,0xFF,0xC0,0x07,0xFF,0xFF,0xFF,0xC0,0x07,0xFF,0xFF,0xFF,0xC0,
  0x07,0xFF,0xFF,0xFF,0xC0,0x07,0xE0,0x00,0x00,0x00,0x07,0xE0,0x00,0x00,0x00,0x07,
  0xFF,0xFF,0xFF,0xE0,0x07,0xFF,0xFF,0xFF,0xE0,0x07,0xFF,0xFF,0xFF,0xE0,0x07,0xFF,
  0xFF,0xFF,0xE0,0x03,0xFF,0xFF,0xFF,0xE0,0x00,0x00,0x00,0x03,0xE0,0x00,0x00,0x00,
  0x03,0xF0,0x00,0x00,0x00,0x03,0xF0,0x00,0x00,0x00,0x03,0xF0,0x00,0x00,0x00,0x03,
  0xF0,0x0F,0xFF,0xFE,0x03,0xF0,0x0F,0xFF,0xFE,0x03,0xF0,0x0F,0xFF,0xFE,0x03,0xF0,
  0x0F,0xFF,0xFE,0x03,0xF0,0x00,0x00,0x7E,0x03,0xF0,0x00,0x00,0x7E,0x03,0xF0,0x00,
  0x00,0x7E,0x03,0xF0,0x00,0x00,0x7E,0x03,0xF0,0x00,0x00,0x7C,0x03,0xF0,0x00,0x00,
  0xFC,0x03,0xF0,0x00,0x00,0xFC,0x03,0xF0,0x00,0x00,0xF8,0x03,0xF0,0x00,0x01,0xF8,
  0x03,0xF0,0x00,0x01,0xF8,0x03,0xF0,0x00,0x03,0xF0,0x03,0xF0,0x00,0x07,0xF0,0x03,
  0xF0,0x00,0x0F,0xE0,0x03,0xF0,0x00,0x0F,0xE0,0x03,0xF0,0x00,0x1F,0xC0,0x03,0xF0,
  0x00,0x7F,0x80,0x03,0xF0,0x00,0xFF,0x00,0x03,0xF0,0x01,0xFE,0x00,0x03,0xF0,0x07,
  0xFC,0x00,0x03,0xF0,0x1F,0xF8,0x00,0x03,0xF0,0x3F,0xF0,0x00,0x03,0xF0,0x3F,0xE0,
  0x00,0x03,0xF0,0x1F,0x80,0x00,0x03,0xF0,0x1E,0x00,0x00,0x03,0xF0,0x08,0x00,0x00,
  0x03,0xF0,0x00,0x00,0x00,0x03,0xF0,0x00,0x00,0x00,0x03,0xF0,0x00,0x00,0x00,0x03,
  0xF0,0x00,0x00,0x00,0x03,0xF0,0x00,0x00,0x00,0x03,0xF0,0x00,0x00,0x00,0x03,0xF0,
  0x00,0x00,0x00,0x03,0xF0,0x00,0x00,0x00,0x00,0x00,0x00,0x00,0x00,0x0F,0x80,0x00,
  0x00,0x00,0x0F,0x80,0x00,0x00,0x00,0x0F,0x80,0x00,0x00,0x00,0x0F,0x80,0x1F,0xFF,
  0xFC,0x0F,0x80,0x1F,0xFF,0xFC,0x0F,0x80,0x1F,0xFF,0xFC,0x0F,0x80,0x1F,0xFF,0xFC,
  0x0F,0x80,0x1F,0xFF,0xFC,0x0F,0x80,0x1F,0x80,0x00,0x0F,0x80,0x1F,0x80,0x00,0x0F,
  0x80,0x1F,0x80,0x00,0x0F,0x80,0x1F,0x80,0x00,0x0F,0x80,0x1F,0x80,0x00,0x0F,0x80,
  0x1F,0x80,0x00,0x0F,0x80,0x1F,0x80,0x00,0x0F,0xFE,0x1F,0x80,0x00,0x0F,0xFE,0x1F,
  0x80,0x00,0x0F,0xFE,0x1F,0x80,0x00,0x0F,0xFE,0x1F,0x80,0x00,0x0F,0xFE,0x1F,0x80,
  0x00,0x0F,0xC0,0x1F,0x80,0x00,0x0F,0x80,0x1F,0x80,0x00,0x0F,0x80,0x1F,0x80,0x00,
  0x0F,0x80,0x1F,0x80,0x00,0x0F,0x80,0x1F,0x80,0x01,0x8F,0x80,0x1F,0x8F,0xFF,0x8F,
  0x80,0x1F,0xFF,0xFF,0x8F,0x80,0x1F,0xFF,0xFF,0x8F,0x80,0x1F,0xFF,0xFF,0x8F,0x80,
  0x1F,0xFF,0xFE,0x0F,0x80,0x00,0x00,0x00,0x0F,0x80,0x00,0x00,0x00,0x0F,0x80,0x00,
  0x00,0x00,0x0F,0x80,0x00,0x00,0x00,0x0F,0x80,0x00,0x00,0x00,0x0F,0x80,0x00,0x00,
  0x00,0x0F,0x80,0x00,0x00,0x00,0x0F,0x80,0x00,0x00,0x00,0x0F,0x80,0x00,0x00,0x00,
  0x0F,0x80,0x00,0x00,0x00,0x0F,0x80,0x00,0x00,0x00,0x00,0x00,0x00,0x00,0x00,0x01,
  0xF0,0x00,0x00,0x03,0xE1,0xF8,0x00,0x00,0x03,0xE1,0xF8,0x00,0x00,0x03,0xE1,0xF8,
  0x00,0x00,0x03,0xE1,0xF8,0x3F,0xFF,0xC3,0xE1,0xF8,0x3F,0xFF,0xC3,0xE1,0xF8,0x3F,
  0xFF,0xC3,0xE1,0xF8,0x3F,0xFF,0xC3,0xE1,0xF8,0x3F,0xFF,0x83,0xE1,0xF8,0x3F,0x00,
  0x03,0xE1,0xF8,0x3F,0x00,0x03,0xE1,0xF8,0x3F,0x00,0x03,0xE1,0xF8,0x3F,0x00,0x03,
  0xE1,0xF8,0x3F,0x00,0x03,0xE1,0xF8,0x3F,0x00,0x03,0xE1,0xF8,0x3F,0x00,0x03,0xFF,
  0xF8,0x3F,0x00,0x03,0xFF,0xF8,0x3F,0x00,0x03,0xFF,0xF8,0x3F,0x00,0x03,0xFF,0xF8,
  0x3F,0x00,0x03,0xFF,0xF8,0x3F,0x00,0x03,0xE1,0xF8,0x3F,0x00,0x03,0xE1,0xF8,0x3F,
  0x00,0x03,0xE1,0xF8,0x3F,0x00,0x03,0xE1,0xF8,0x3F,0x00,0x03,0xE1,0xF8,0x3F,0x00,
  0xE3,0xE1,0xF8,0x3F,0xFF,0xF3,0xE1,0xF8,0x3F,0xFF,0xF3,0xE1,0xF8,0x3F,0xFF,0xF3,
  0xE1,0xF8,0x3F,0xFF,0xF3,0xE1,0xF8,0x3F,0xFC,0x03,0xE1,0xF8,0x00,0x00,0x03,0xE1,
  0xF8,0x00,0x00,0x03,0xE1,0xF8,0x00,0x00,0x03,0xE1,0xF8,0x00,0x00,0x03,0xE1,0xF8,
  0x00,0x00,0x03,0xE1,0xF8,0x00,0x00,0x03,0xE1,0xF8,0x00,0x00,0x03,0xE1,0xF8,0x00,
  0x00,0x00,0x01,0xF8,0x00,0x00,0x00,0x01,0xF8,0x00,0x00,0x00,0x00,0x00,0x00,0x00,
  0x00,0x03,0xF0,0x00,0x00,0x00,0x03,0xF0,0x00,0x00,0x00,0x03,0xF0,0x00,0x00,0x00,
  0x03,0xF0,0x1F,0xFF,0xFC,0x03,0xF0,0x1F,0xFF,0xFC,0x03,0xF0,0x1F,0xFF,0xFC,0x03,
  0xF0,0x1F,0xFF,0xFC,0x03,0xF0,0x1F,0xFF,0xF8,0x03,0xF0,0x1F,0x80,0x00,0x03,0xF0,
  0x1F,0x80,0x00,0x03,0xF0,0x1F,0x80,0x00,0x03,0xF0,0x1F,0x80,0x00,0x03,0xF0,0x1F,
  0x80,0x00,0x03,0xF0,0x1F,0x80,0x0F,0xFF,0xF0,0x1F,0x80,0x0F,0xFF,0xF0,0x1F,0x80,
  0x0F,0xFF,0xF0,0x1F,0x80,0x0F,0xFF,0xF0,0x1F,0x80,0x0F,0xFF,0xF0,0x1F,0x80,0x00,
  0x03,0xF0,0x1F,0x80,0x00,0x03,0xF0,0x1F,0x80,0x00,0x03,0xF0,0x1F,0x80,0x00,0x03,
  0xF0,0x1F,0x80,0x00,0x03,0xF0,0x1F,0x80,0x00,0x03,0xF0,0x1F,0x80,0x00,0x03,0xF0,
  0x1F,0x81,0xFF,0x03,0xF0,0x1F,0xFF,0xFF,0x03,0xF0,0x1F,0xFF,0xFF,0x03,0xF0,0x1F,
  0xFF,0xFF,0x03,0xF0,0x1F,0xFF,0xFC,0x03,0xF0,0x00,0x00,0x00,0x03,0xF0,0x00,0x00,
  0x00,0x03,0xF0,0x00,0x00,0x00,0x03,0xF0,0x00,0x00,0x00,0x03,0xF0,0x00,0x00,0x00,
  0x03,0xF0,0x00,0x00,0x00,0x03,0xF0,0x00,0x00,0x00,0x03,0xF0,0x00,0x00,0x00,0x03,
  0xF0,0x00,0x00,0x00,0x03,0xF0,0x00,0x00,0x00,0x03,0xF0,0x00,0x00,0x00,0x00,0x00,
  0x00,0x00,0x00,0x00,0x00,0x03,0xFF,0xFF,0xFF,0xC0,0x03,0xFF,0xFF,0xFF,0xC0,0x03,
  0xFF,0xFF,0xFF,0xC0,0x03,0xFF,0xFF,0xFF,0xC0,0x03,0xE0,0x00,0x00,0x00,0x03,0xE0,
  0x00,0x00,0x00,0x03,0xE0,0x00,0x00,0x00,0x03,0xE0,0x00,0x00,0x00,0x03,0xE0,0x00,
  0x00,0x00,0x03,0xE0,0x00,0x00,0x00,0x03,0xE0,0x00,0x00,0x00,0x03,0xE0,0x00,0x00,
  0x00,0x03,0xE0,0x00,0x00,0x00,0x03,0xE0,0x00,0x00,0x00,0x03,0xE0,0x00,0x00,0x00,
  0x03,0xFF,0xFF,0xFF,0xC0,0x03,0xFF,0xFF,0xFF,0xE0,0x03,0xFF,0xFF,0xFF,0xE0,0x03,
  0xFF,0xFF,0xFF,0xE0,0x03,0xFF,0xFF,0xFF,0xC0,0x00,0x00,0x00,0x00,0x00,0x00,0x00,
  0x00,0x00,0x00,0x00,0x00,0x00,0x00,0x00,0x00,0x00,0x00,0x00,0x00,0x00,0x00,0x00,
  0x00,0x00,0x00,0x00,0x00,0x00,0x00,0x00,0x00,0x00,0x00,0x00,0x3F,0xFF,0xFF,0xFF,
  0xFC,0x7F,0xFF,0xFF,0xFF,0xFE,0x7F,0xFF,0xFF,0xFF,0xFE,0x7F,0xFF,0xFF,0xFF,0xFE,
  0x7F,0xFF,0xFF,0xFF,0xFE,0x00,0x00,0x00,0x00,0x00,0x00,0x00,0x00,0x03,0xE0,0x00,
  0x00,0x00,0x03,0xE0,0x00,0x00,0x00,0x03,0xE0,0x00,0x00,0x00,0x03,0xE0,0x0F,0xFF,
  0xFF,0x03,0xE0,0x0F,0xFF,0xFF,0x03,0xE0,0x0F,0xFF,0xFF,0x03,0xE0,0x0F,0xFF,0xFF,
  0x03,0xE0,0x0F,0xFF,0xFE,0x03,0xE0,0x0F,0x80,0x00,0x03,0xE0,0x0F,0x80,0x00,0x03,
  0xE0,0x0F,0x80,0x00,0x03,0xE0,0x0F,0x80,0x00,0x03,0xE0,0x0F,0x80,0x00,0x03,0xE0,
  0x0F,0x80,0x00,0x03,0xE0,0x0F,0x80,0x00,0x03,0xE0,0x0F,0x80,0x00,0x03,0xE0,0x0F,
  0x80,0x00,0x03,0xE0,0x0F,0x80,0x00,0x03,0xE0,0x0F,0x80,0x00,0x03,0xE0,0x0F,0x80,
  0x00,0x03,0xE0,0x0F,0x80,0x00,0x03,0xE0,0x0F,0x80,0x00,0x03,0xE0,0x0F,0x80,0x00,
  0x03,0xE0,0x0F,0x80,0x00,0x03,0xE0,0x0F,0x80,0x00,0x03,0xE0,0x0F,0xC0,0x7F,0xE3,
  0xE0,0x0F,0xFF,0xFF,0xE3,0xE0,0x0F,0xFF,0xFF,0xE3,0xE0,0x0F,0xFF,0xFF,0xE3,0xE0,
  0x0F,0xFF,0xFF,0x83,0xE0,0x00,0x00,0x00,0x03,0xE0,0x00,0x00,0x00,0x03,0xE0,0x00,
  0x00,0x00,0x03,0xE0,0x00,0x00,0x00,0x03,0xE0,0x00,0x00,0x00,0x03,0xE0,0x00,0x00,
  0x00,0x03,0xE0,0x00,0x00,0x00,0x03,0xE0,0x00,0x00,0x00,0x03,0xE0,0x00,0x00,0x00,
  0x03,0xE0,0x00,0x00,0x00,0x03,0xE0,0x00,0x00,0x00,0x00,0x00,0x00,0x00,0x00,0x0F,
  0x80,0x00,0x00,0x00,0x0F,0xC0,0x1F,0xFF,0xF8,0x0F,0xC0,0x1F,0xFF,0xF8,0x0F,0xC0,
  0x1F,0xFF,0xF8,0x0F,0xC0,0x1F,0xFF,0xF8,0x0F,0xC0,0x1F,0xFF,0xF8,0x0F,0xC0,0x00,
  0x00,0xF8,0x0F,0xC0,0x00,0x00,0xF8,0x0F,0xC0,0x00,0x00,0xF8,0x0F,0xC0,0x1F,0xFF,
  0xF8,0x0F,0xFE,0x1F,0xFF,0xF8,0x0F,0xFE,0x1F,0xFF,0xF8,0x0F,0xFE,0x1F,0xFF,0xF8,
  0x0F,0xFE,0x1F,0xFF,0xF8,0x0F,0xFE,0x1F,0x00,0x00,0x0F,0xC0,0x1F,0x00,0x00,0x0F,
  0xC0,0x1F,0x00,0x01,0x8F,0xC0,0x1F,0xFF,0xFF,0x8F,0xC0,0x1F,0xFF,0xFF,0x8F,0xC0,
  0x1F,0xFF,0xFF,0x8F,0xC0,0x1F,0xFF,0xFF,0x8F,0xC0,0x1F,0xFF,0xF8,0x0F,0xC0,0x00,
  0x00,0x00,0x0F,0xC0,0x00,0x00,0x00,0x0F,0x80,0x00,0x00,0x00,0x00,0x00,0x01,0xFF,
  0xFF,0xFF,0x80,0x01,0xFF,0xFF,0xFF,0xC0,0x01,0xFF,0xFF,0xFF,0xC0,0x01,0xFF,0xFF,
  0xFF,0xC0,0x01,0xFF,0xFF,0xFF,0xC0,0x01,0xF0,0x00,0x0F,0xC0,0x01,0xF0,0x00,0x0F,
  0xC0,0x01,0xF0,0x00,0x0F,0xC0,0x01,0xF0,0x00,0x0F,0xC0,0x01,0xF0,0x00,0x0F,0xC0,
  0x01,0xFF,0xFF,0xFF,0xC0,0x01,0xFF,0xFF,0xFF,0xC0,0x01,0xFF,0xFF,0xFF,0xC0,0x01,
  0xFF,0xFF,0xFF,0xC0,0x01,0xFF,0xFF,0xFF,0x80,0x00,0x00,0x00,0x01,0xF0,0x00,0x00,
  0x01,0xF1,0xF0,0x00,0x00,0x01,0xF1,0xF0,0x1F,0xFF,0x81,0xF1,0xF0,0x1F,0xFF,0x81,
  0xF1,0xF0,0x1F,0xFF,0x81,0xF1,0xF0,0x1F,0xFF,0x81,0xF1,0xF0,0x1F,0xFF,0x81,0xF1,
  0xF0,0x00,0x0F,0x81,0xF1,0xF0,0x00,0x0F,0x81,0xF1,0xF0,0x00,0x0F,0x83,0xF1,0xF0,
  0x00,0x0F,0x9F,0xF1,0xF0,0x1F,0xFF,0x9F,0xF1,0xF0,0x1F,0xFF,0x9F,0xF1,0xF0,0x1F,
  0xFF,0x9F,0xF1,0xF0,0x1F,0xFF,0x83,0xF1,0xF0,0x1F,0x80,0x01,0xF1,0xF0,0x1F,0x00,
  0x01,0xF1,0xF0,0x1F,0x00,0x01,0xF1,0xF0,0x1F,0x00,0x01,0xF1,0xF0,0x1F,0x83,0xF1,
  0xF1,0xF0,0x1F,0xFF,0xF1,0xF1,0xF0,0x1F,0xFF,0xF1,0xF1,0xF0,0x1F,0xFF,0xF1,0xF1,
  0xF0,0x1F,0xFF,0xE1,0xF1,0xF0,0x00,0x00,0x01,0xF1,0xF0,0x00,0x00,0x01,0xF1,0xF0,
  0x00,0x00,0x01,0xF1,0xF0,0x00,0x7C,0x01,0xF1,0xF0,0x00,0x7C,0x01,0xF1,0xF0,0x00,
  0x7C,0x00,0x01,0xF0,0x00,0x7C,0x00,0x00,0x00,0x00,0x7C,0x00,0x00,0x00,0x00,0x7C,
  0x00,0x00,0x00,0x00,0x7C,0x00,0x00,0x00,0x00,0x7C,0x00,0x00,0x00,0x00,0x7F,0xFF,
  0xFF,0xF8,0x00,0x7F,0xFF,0xFF,0xF8,0x00,0x7F,0xFF,0xFF,0xF8,0x00,0x7F,0xFF,0xFF,
  0xF8,0x00,0x00,0x00,0x00,0x00,0x00,0x00,0x00,0x03,0xE0,0x00,0x00,0x00,0x03,0xE0,
  0x00,0x00,0x00,0x03,0xE0,0x1F,0xFF,0xFC,0x03,0xE0,0x1F,0xFF,0xFC,0x03,0xE0,0x1F,
  0xFF,0xFC,0x03,0xE0,0x1F,0xFF,0xFC,0x03,0xE0,0x00,0x00,0xFC,0x03,0xE0,0x00,0x00,
  0x7C,0x03,0xE0,0x00,0x00,0x7C,0x03,0xE0,0x00,0x00,0xFC,0x03,0xE0,0x1F,0xFF,0xFC,
  0x03,0xE0,0x1F,0xFF,0xFC,0x03,0xE0,0x1F,0xFF,0xFC,0x03,0xE0,0x1F,0xFF,0xFC,0x03,
  0xE0,0x1F,0x80,0x00,0x03,0xE0,0x1F,0x80,0x00,0x03,0xE0,0x1F,0x80,0x00,0x03,0xE0,
  0x1F,0x80,0x3F,0xC3,0xE0,0x1F,0xFF,0xFF,0xC3,0xE0,0x1F,0xFF,0xFF,0xE3,0xE0,0x1F,
  0xFF,0xFF,0xE3,0xE0,0x1F,0xFF,0xFF,0x83,0xE0,0x00,0x00,0x00,0x03,0xE0,0x00,0x00,
  0x00,0x03,0xE0,0x00,0x00,0x00,0x00,0x00,0x00,0x01,0xFF,0xF0,0x00,0x00,0x0F,0xFF,
  0xFE,0x00,0x00,0x3F,0xFF,0xFF,0x80,0x00,0x7F,0xFF,0xFF,0xC0,0x00,0xFF,0xC0,0x7F,
  0xE0,0x00,0xFC,0x00,0x07,0xE0,0x00,0xF8,0x00,0x03,0xF0,0x00,0xF8,0x00,0x03,0xF0,
  0x00,0xFC,0x00,0x03,0xF0,0x00,0xFE,0x00,0x07,0xE0,0x00,0xFF,0xC0,0x7F,0xE0,0x00,
  0x7F,0xFF,0xFF,0xC0,0x00,0x3F,0xFF,0xFF,0x80,0x00,0x0F,0xFF,0xFE,0x00,0x00,0x01,
  0xFF,0xF0,0x00,0x00,0x00,0x00,0x00,0x00,0x00,0x00,0x00,0x03,0xE0,0x00,0x00,0x00,
  0x03,0xE0,0x00,0x00,0x00,0x03,0xE0,0x00,0x00,0x00,0x03,0xE0,0x1F,0xFF,0xFE,0x03,
  0xE0,0x1F,0xFF,0xFE,0x03,0xE0,0x1F,0xFF,0xFE,0x03,0xE0,0x1F,0xFF,0xFE,0x03,0xE0,
  0x1F,0x80,0x3E,0x03,0xE0,0x1F,0x80,0x3E,0x03,0xE0,0x1F,0x80,0x3E,0x03,0xE0,0x1F,
  0x80,0x3E,0x03,0xE0,0x1F,0x80,0x3E,0x03,0xE0,0x1F,0x80,0x3E,0x03,0xE0,0x1F,0x80,
  0x3E,0x03,0xE0,0x1F,0x80,0x3E,0x03,0xE0,0x1F,0x80,0x3E,0x03,0xE0,0x1F,0x80,0x3E,
  0x03,0xE0,0x1F,0x80,0x7E,0x03,0xE0,0x1F,0xFF,0xFE,0x03,0xE0,0x1F,0xFF,0xFE,0x03,
  0xE0,0x1F,0xFF,0xFE,0x03,0xE0,0x1F,0xFF,0xFE,0x03,0xE0,0x00,0x00,0x00,0x03,0xE0,
  0x00,0x00,0x00,0x03,0xE0,0x00,0x00,0x00,0x03,0xE0,0x00,0x00,0x00,0x03,0xE0,0x00,
  0xFC,0x00,0x03,0xE0,0x00,0xFC,0x00,0x03,0xE0,0x00,0xFC,0x00,0x00,0x00,0x00,0xFC,
  0x00,0x00,0x00,0x00,0xFC,0x00,0x00,0x00,0x00,0xFC,0x00,0x00,0x00,0x00,0xFC,0x00,
  0x00,0x00,0x00,0xFC,0x00,0x00,0x00,0x00,0xFC,0x00,0x00,0x00,0x00,0xFF,0xFF,0xFF,
  0xF8,0x00,0xFF,0xFF,0xFF,0xF8,0x00,0xFF,0xFF,0xFF,0xF8,0x00,0xFF,0xFF,0xFF,0xF8,
  0x00,0x00,0x00,0x00,0x00,0x00,0x00,0x00,0x0F,0x80,0x00,0x00,0x00,0x0F,0x80,0x00,
  0x00,0x00,0x0F,0x80,0x00,0x00,0x00,0x0F,0x80,0x1F,0x00,0x7C,0x0F,0x80,0x1F,0x00,
  0x7C,0x0F,0x80,0x1F,0x00,0x7C,0x0F,0x80,0x1F,0x00,0x7C,0x0F,0x80,0x1F,0x00,0x7C,
  0x0F,0x80,0x1F,0x00,0x7C,0x0F,0x80,0x1F,0x00,0x7C,0x0F,0x80,0x1F,0x00,0x7C,0x0F,
  0x80,0x1F,0x00,0x7C,0x0F,0x80,0x1F,0xFF,0xFC,0x0F,0x80,0x1F,0xFF,0xFC,0x0F,0x80,
  0x1F,0xFF,0xFC,0x0F,0xC0,0x1F,0xFF,0xFC,0x0F,0xFE,0x1F,0xFF,0xFC,0x0F,0xFE,0x1F,
  0x00,0x7C,0x0F,0xFE,0x1F,0x00,0x7C,0x0F,0xFE,0x1F,0x00,0x7C,0x0F,0xC0,0x1F,0x00,
  0x7C,0x0F,0x80,0x1F,0x00,0x7C,0x0F,0x80,0x1F,0x00,0x7C,0x0F,0x80,0x1F,0x00,0x7C,
  0x0F,0x80,0x1F,0x00,0x7C,0x0F,0x80,0x1F,0x00,0x7C,0x0F,0x80,0x1F,0xFF,0xFC,0x0F,
  0x80,0x1F,0xFF,0xFC,0x0F,0x80,0x1F,0xFF,0xFC,0x0F,0x80,0x1F,0xFF,0xFC,0x0F,0x80,
  0x1F,0xFF,0xFC,0x0F,0x80,0x00,0x00,0x00,0x0F,0x80,0x00,0x00,0x00,0x0F,0x80,0x00,
  0x00,0x00,0x0F,0x80,0x00,0x00,0x00,0x0F,0x80,0x00,0x00,0x00,0x0F,0x80,0x00,0x00,
  0x00,0x0F,0x80,0x00,0x00,0x00,0x0F,0x80,0x00,0x00,0x00,0x0F,0x80,0x00,0x00,0x00,
  0x0F,0x80,0x00,0x00,0x00,0x00,0x00,0x00,0x00,0x00,0x03,0xF0,0x00,0x00,0x00,0x03,
  0xF0,0x00,0x00,0x00,0x03,0xF0,0x00,0x1F,0x00,0x03,0xF0,0x00,0x1F,0x80,0x03,0xF0,
  0x00,0x1F,0x80,0x03,0xF0,0x00,0x1F,0x80,0x03,0xF0,0x00,0x1F,0x80,0x03,0xF0,0x00,
  0x1F,0x80,0x03,0xF0,0x00,0x1F,0x80,0x03,0xF0,0x00,0x1F,0x80,0x03,0xF0,0x00,0x1F,
  0x80,0x03,0xF0,0x00,0x1F,0x80,0x03,0xF0,0x00,0x1F,0x83,0xFF,0xF0,0x00,0x3F,0x83,
  0xFF,0xF0,0x00,0x3F,0x83,0xFF,0xF0,0x00,0x3F,0xC3,0xFF,0xF0,0x00,0x3F,0xC3,0xFF,
  0xF0,0x00,0x7F,0xC0,0x03,0xF0,0x00,0x7F,0xE0,0x03,0xF0,0x00,0xFF,0xE0,0x03,0xF0,
  0x00,0xFF,0xF0,0x03,0xF0,0x01,0xF9,0xF0,0x03,0xF0,0x03,0xF9,0xF8,0x03,0xF0,0x03,
  0xF1,0xFC,0x03,0xF0,0x07,0xF0,0xFE,0x03,0xF0,0x1F,0xE0,0x7F,0x83,0xF0,0x3F,0xC0,
  0x7F,0xC3,0xF0,0x7F,0xC0,0x3F,0xC3,0xF0,0x3F,0x80,0x1F,0x83,0xF0,0x3F,0x00,0x0F,
  0x03,0xF0,0x1C,0x00,0x03,0x03,0xF0,0x08,0x00,0x00,0x03,0xF0,0x00,0x00,0x00,0x03,
  0xF0,0x00,0x00,0x00,0x03,0xF0,0x00,0x00,0x00,0x03,0xF0,0x00,0x00,0x00,0x03,0xF0,
  0x00,0x00,0x00,0x03,0xF0,0x00,0x00,0x00,0x03,0xF0,0x00,0x00,0x00,0x03,0xF0,0x00,
  0x00,0x00,0x03,0xF0,0x00,0x00,0x00,0x00,0x00,0x00,0x00,0x00,0x03,0xE0,0x00,0x00,
  0x00,0x03,0xF0,0x00,0x1F,0x00,0x03,0xF0,0x00,0x1F,0x80,0x03,0xF0,0x00,0x1F,0x80,
  0x03,0xF0,0x00,0x1F,0x80,0x03,0xF0,0x00,0x1F,0x80,0x03,0xF0,0x00,0x1F,0x80,0x03,
  0xF0,0x00,0x3F,0x83,0xFF,0xF0,0x00,0x3F,0x83,0xFF,0xF0,0x00,0x3F,0x83,0xFF,0xF0,
  0x00,0x3F,0xC3,0xFF,0xF0,0x00,0x7F,0xC0,0x03,0xF0,0x00,0x7F,0xE0,0x03,0xF0,0x00,
  0xFF,0xF0,0x03,0xF0,0x01,0xFB,0xF8,0x03,0xF0,0x03,0xF9,0xFC,0x03,0xF0,0x0F,0xF1,
  0xFF,0x03,0xF0,0x3F,0xE0,0xFF,0xC3,0xF0,0x7F,0xC0,0x7F,0x83,0xF0,0x3F,0x80,0x3F,
  0x03,0xF0,0x1F,0x00,0x0F,0x03,0xF0,0x1C,0x00,0x02,0x03,0xF0,0x00,0x00,0x00,0x03,
  0xF0,0x00,0x00,0x00,0x00,0x00,0x00,0x00,0x00,0x00,0x00,0x03,0xFF,0xF3,0xFF,0xF0,
  0x03,0xFF,0xF3,0xFF,0xF0,0x03,0xFF,0xF3,0xFF,0xF0,0x03,0xFF,0xF3,0xFF,0xF0,0x00,
  0x03,0xF0,0x03,0xF0,0x00,0x01,0xF0,0x03,0xF0,0x00,0x01,0xF0,0x03,0xF0,0x00,0x01,
  0xF0,0x03,0xF0,0x00,0x01,0xF0,0x03,0xF0,0x00,0x01,0xF0,0x03,0xF0,0x00,0x01,0xF0,
  0x03,0xF0,0x00,0x01,0xF0,0x03,0xF0,0x00,0x01,0xF0,0x03,0xF0,0x00,0x01,0xF0,0x03,
  0xF0,0x00,0x01,0xF0,0x03,0xF0,0x00,0x00,0x00,0x00,0x00,0x00,0x00,0x7C,0x00,0x00,
  0x00,0x00,0x7E,0x00,0x00,0x00,0x00,0x7E,0x00,0x00,0x00,0x00,0xFE,0x00,0x00,0x00,
  0x00,0xFF,0x00,0x00,0x00,0x01,0xFF,0x80,0x00,0x00,0x03,0xFF,0xC0,0x00,0x00,0x0F,
  0xFF,0xE0,0x00,0x00,0x3F,0xE7,0xF8,0x00,0x01,0xFF,0xC3,0xFF,0x00,0x1F,0xFF,0x81,
  0xFF,0xF0,0x0F,0xFE,0x00,0x7F,0xF0,0x0F,0xF8,0x00,0x1F,0xF0,0x0F,0xC0,0x00,0x07,
  0xE0,0x04,0x00,0x00,0x00,0x20,0x00,0x00,0x00,0x00,0x00,0x7F,0xFF,0xFF,0xFF,0xFC,
  0x7F,0xFF,0xFF,0xFF,0xFC,0x7F,0xFF,0xFF,0xFF,0xFC,0x7F,0xFF,0xFF,0xFF,0xFC,0x7F,
  0xFF,0xFF,0xFF,0xFC,0x00,0x00,0x7E,0x00,0x00,0x00,0x00,0x7E,0x00,0x00,0x00,0x00,
  0xFE,0x00,0x00,0x03,0xFF,0xFF,0xFF,0xC0,0x03,0xFF,0xFF,0xFF,0xC0,0x03,0xFF,0xFF,
  0xFF,0xC0,0x03,0xFF,0xFF,0xFF,0xC0,0x00,0x00,0x00,0x0F,0xC0,0x00,0x00,0x00,0x0F,
  0xC0,0x03,0xFF,0xFF,0xFF,0xC0,0x03,0xFF,0xFF,0xFF,0xC0,0x03,0xFF,0xFF,0xFF,0xC0,
  0x03,0xFF,0xFF,0xFF,0xC0,0x03,0xE0,0x00,0x00,0x00,0x03,0xE0,0x00,0x00,0x00,0x03,
  0xF0,0x00,0x00,0x00,0x03,0xFF,0xFF,0xFF,0xE0,0x03,0xFF,0xFF,0xFF,0xE0,0x03,0xFF,
  0xFF,0xFF,0xE0,0x03,0xFF,0xFF,0xFF,0xE0,0x00,0x00,0x00,0x00,0x00,0x00,0x00,0x7E,
  0x00,0x00,0x00,0x00,0x7E,0x00,0x00,0x00,0x00,0x7E,0x00,0x00,0x00,0x00,0x7E,0x00,
  0x00,0x00,0x00,0xFE,0x00,0x00,0x00,0x00,0xFE,0x00,0x00,0x00,0x00,0xFE,0x00,0x00,
  0x00,0x01,0xFF,0x00,0x00,0x00,0x01,0xFF,0x00,0x00,0x00,0x03,0xFF,0x80,0x00,0x00,
  0x07,0xFF,0xC0,0x00,0x00,0x0F,0xEF,0xE0,0x00,0x00,0x1F,0xC7,0xF0,0x00,0x00,0x3F,
  0xC3,0xF8,0x00,0x00,0xFF,0x83,0xFE,0x00,0x03,0xFF,0x01,0xFF,0x80,0x1F,0xFE,0x00,
  0xFF,0xF8,0x1F,0xFC,0x00,0x3F,0xF8,0x1F,0xF0,0x00,0x1F,0xF0,0x0F,0xC0,0x00,0x07,
  0xF0,0x0E,0x00,0x00,0x00,0xE0,0x00,0x00,0x00,0x00,0x00,0x00,0x00,0x00,0x00,0x00,
  0x00,0x00,0x00,0x00,0x00,0x00,0x00,0x00,0x00,0x00,0x00,0x00,0x00,0x00,0x00,0x00,
  0x00,0x00,0x00,0x00,0x00,0x00,0x00,0x00,0x00,0x3F,0xFF,0xFF,0xFF,0xFC,0x7F,0xFF,
  0xFF,0xFF,0xFE,0x7F,0xFF,0xFF,0xFF,0xFE,0x7F,0xFF,0xFF,0xFF,0xFE,0x7F,0xFF,0xFF,
  0xFF,0xFE,0x00,0x00,0x00,0x00,0x00,0x00,0x00,0x00,0x03,0xE0,0x00,0x00,0x00,0x03,
  0xE0,0x00,0x00,0x00,0x03,0xE0,0x00,0x0F,0x80,0x03,0xE0,0x00,0x1F,0x80,0x03,0xE0,
  0x00,0x1F,0x80,0x03,0xE0,0x00,0x1F,0x80,0x03,0xE0,0x00,0x1F,0x80,0x03,0xE0,0x00,
  0x1F,0x80,0x03,0xE0,0x00,0x1F,0x80,0x03,0xE0,0x00,0x1F,0x80,0x03,0xE0,0x00,0x1F,
  0x80,0x03,0xE0,0x00,0x1F,0x80,0x03,0xE0,0x00,0x1F,0x80,0x03,0xE0,0x00,0x1F,0xC0,
  0x03,0xE0,0x00,0x1F,0xC0,0x03,0xE0,0x00,0x3F,0xC0,0x03,0xE0,0x00,0x3F,0xC0,0x03,
  0xE0,0x00,0x3F,0xE0,0x03,0xE0,0x00,0x7F,0xE0,0x03,0xE0,0x00,0x7F,0xF0,0x03,0xE0,
  0x00,0xFD,0xF0,0x03,0xE0,0x00,0xFD,0xF8,0x03,0xE0,0x01,0xF8,0xFC,0x03,0xE0,0x03,
  0xF8,0xFE,0x03,0xE0,0x07,0xF0,0x7F,0x03,0xE0,0x0F,0xE0,0x7F,0xC3,0xE0,0x3F,0xE0,
  0x3F,0xE3,0xE0,0x7F,0xC0,0x1F,0xE3,0xE0,0x3F,0x80,0x0F,0xC3,0xE0,0x3F,0x00,0x07,
  0x83,0xE0,0x1E,0x00,0x01,0x03,0xE0,0x08,0x00,0x00,0x03,0xE0,0x00,0x00,0x00,0x03,
  0xE0,0x00,0x00,0x00,0x03,0xE0,0x00,0x00,0x00,0x03,0xE0,0x00,0x00,0x00,0x03,0xE0,
  0x00,0x00,0x00,0x03,0xE0,0x00,0x00,0x00,0x03,0xE0,0x00,0x00,0x00,0x03,0xE0,0x00,
  0x00,0x00,0x03,0xE0,0x00,0x00,0x00,0x00,0x00,0x00,0x00,0x00,0x03,0xF0,0x00,0x00,
  0x00,0x03,0xF0,0x00,0x00,0x00,0x03,0xF0,0x00,0x3E,0x00,0x03,0xF0,0x00,0xFF,0x80,
  0x03,0xF0,0x03,0xFF,0xE0,0x03,0xF0,0x07,0xFF,0xF0,0x03,0xF0,0x07,0xFF,0xF0,0x03,
  0xF0,0x0F,0xE3,0xF8,0x03,0xF0,0x1F,0xC1,0xF8,0x03,0xF0,0x1F,0x80,0xFC,0x03,0xF0,
  0x1F,0x00,0x7C,0x03,0xF0,0x3F,0x00,0x7C,0x03,0xF0,0x3F,0x00,0x7E,0x03,0xF0,0x3F,
  0x00,0x7E,0x03,0xF0,0x3E,0x00,0x7F,0xFF,0xF0,0x3E,0x00,0x3F,0xFF,0xF0,0x3E,0x00,
  0x3F,0xFF,0xF0,0x3E,0x00,0x3F,0xFF,0xF0,0x3E,0x00,0x3F,0xFF,0xF0,0x3F,0x00,0x7E,
  0x03,0xF0,0x3F,0x00,0x7E,0x03,0xF0,0x3F,0x00,0x7E,0x03,0xF0,0x1F,0x00,0x7C,0x03,
  0xF0,0x1F,0x80,0xFC,0x03,0xF0,0x1F,0x80,0xFC,0x03,0xF0,0x0F,0xE3,0xF8,0x03,0xF0,
  0x0F,0xFF,0xF8,0x03,0xF0,0x07,0xFF,0xF0,0x03,0xF0,0x03,0xFF,0xE0,0x03,0xF0,0x01,
  0xFF,0xC0,0x03,0xF0,0x00,0x7F,0x00,0x03,0xF0,0x00,0x00,0x00,0x03,0xF0,0x00,0x00,
  0x00,0x03,0xF0,0x00,0x00,0x00,0x03,0xF0,0x00,0x00,0x00,0x03,0xF0,0x00,0x00,0x00,
  0x03,0xF0,0x00,0x00,0x00,0x03,0xF0,0x00,0x00,0x00,0x03,0xF0,0x00,0x00,0x00,0x03,
  0xF0,0x00,0x00,0x00,0x03,0xF0,0x00,0x00,0x00,0x00,0x00,0x00,0x00,0x00,0x01,0xF0,
  0x00,0x00,0x01,0xF1,0xF8,0x00,0x00,0x01,0xF1,0xF8,0x00,0xF0,0x01,0xF1,0xF8,0x03,
  0xFE,0x01,0xF1,0xF8,0x07,0xFF,0x01,0xF1,0xF8,0x0F,0xFF,0x81,0xF1,0xF8,0x0F,0xFF,
  0x81,0xF1,0xF8,0x1F,0xFF,0xC1,0xF1,0xF8,0x1F,0x8F,0xC1,0xF1,0xF8,0x1F,0x07,0xC1,
  0xF1,0xF8,0x3F,0x07,0xE1,0xF1,0xF8,0x3E,0x03,0xE1,0xF1,0xF8,0x3E,0x03,0xE1,0xF1,
  0xF8,0x3E,0x03,0xE1,0xF1,0xF8,0x3E,0x03,0xFF,0xF1,0xF8,0x3E,0x03,0xFF,0xF1,0xF8,
  0x3E,0x03,0xFF,0xF1,0xF8,0x3E,0x03,0xFF,0xF1,0xF8,0x3E,0x03,0xFF,0xF1,0xF8,0x3E,
  0x03,0xE1,0xF1,0xF8,0x3E,0x03,0xE1,0xF1,0xF8,0x3E,0x03,0xE1,0xF1,0xF8,0x3E,0x03,
  0xE1,0xF1,0xF8,0x3F,0x07,0xE1,0xF1,0xF8,0x1F,0x07,0xC1,0xF1,0xF8,0x1F,0x8F,0xC1,
  0xF1,0xF8,0x1F,0xFF,0xC1,0xF1,0xF8,0x0F,0xFF,0x81,0xF1,0xF8,0x0F,0xFF,0x81,0xF1,
  0xF8,0x07,0xFF,0x01,0xF1,0xF8,0x03,0xFE,0x01,0xF1,0xF8,0x00,0xF8,0x01,0xF1,0xF8,
  0x00,0x00,0x01,0xF1,0xF8,0x00,0x00,0x01,0xF1,0xF8,0x00,0x00,0x01,0xF1,0xF8,0x00,
  0x00,0x01,0xF1,0xF8,0x00,0x00,0x01,0xF1,0xF8,0x00,0x00,0x01,0xF1,0xF8,0x00,0x00,
  0x00,0x01,0xF8,0x00,0x00,0x00,0x01,0xF8,0x00,0x00,0x00,0x00,0x00,0x00,0x00,0x00,
  0x00,0x00,0x00,0x0F,0xFF,0xF0,0x00,0x00,0x7F,0xFF,0xFE,0x00,0x01,0xFF,0xFF,0xFF,
  0x80,0x03,0xFF,0xFF,0xFF,0xC0,0x07,0xF8,0x00,0x3F,0xC0,0x07,0xE0,0x00,0x0F,0xE0,
  0x07,0xE0,0x00,0x07,0xE0,0x07,0xE0,0x00,0x0F,0xE0,0x07,0xF0,0x00,0x1F,0xC0,0x03,
  0xFF,0xFF,0xFF,0xC0,0x01,0xFF,0xFF,0xFF,0x80,0x00,0xFF,0xFF,0xFE,0x00,0x00,0x1F,
  0xFF,0xF8,0x00,0x00,0x00,0x7E,0x00,0x00,0x00,0x00,0x00,0x00,0x00,0x3F,0xFF,0xFF,
  0xFF,0xFC,0x7F,0xFF,0xFF,0xFF,0xFC,0x7F,0xFF,0xFF,0xFF,0xFC,0x7F,0xFF,0xFF,0xFF,
  0xFC,0x7F,0xFF,0xFF,0xFF,0xFC,0x00,0x00,0x7E,0x00,0x00,0x00,0x00,0x7E,0x00,0x00,
  0x00,0x00,0x7E,0x00,0x00,0x03,0xFF,0xFF,0xFF,0xC0,0x03,0xFF,0xFF,0xFF,0xC0,0x03,
  0xFF,0xFF,0xFF,0xC0,0x03,0xFF,0xFF,0xFF,0xC0,0x00,0x00,0x00,0x0F,0xC0,0x00,0x00,
  0x00,0x0F,0xC0,0x03,0xFF,0xFF,0xFF,0xC0,0x03,0xFF,0xFF,0xFF,0xC0,0x03,0xFF,0xFF,
  0xFF,0xC0,0x03,0xFF,0xFF,0xFF,0xC0,0x03,0xE0,0x00,0x00,0x00,0x03,0xE0,0x00,0x00,
  0x00,0x03,0xF0,0x00,0x00,0x00,0x03,0xFF,0xFF,0xFF,0xE0,0x03,0xFF,0xFF,0xFF,0xE0,
  0x03,0xFF,0xFF,0xFF,0xE0,0x03,0xFF,0xFF,0xFF,0xE0,0x00,0x00,0x00,0x00,0xF8,0x00,
  0x00,0x01,0xF8,0xF8,0x00,0x00,0x01,0xF8,0xF8,0x01,0xFF,0x01,0xF8,0xF8,0x07,0xFF,
  0xC1,0xF8,0xF8,0x0F,0xFF,0xE1,0xF8,0xF8,0x1F,0xFF,0xE1,0xF8,0xF8,0x1F,0x83,0xF1,
  0xF8,0xF8,0x1F,0x01,0xF1,0xF8,0xF8,0x3F,0x01,0xF1,0xF8,0xF8,0x3E,0x01,0xF9,0xF8,
  0xF8,0x3F,0x01,0xF1,0xF8,0xF8,0x1F,0x01,0xF1,0xF8,0xF8,0x1F,0xC7,0xF1,0xF8,0xF8,
  0x0F,0xFF,0xE1,0xF8,0xF8,0x07,0xFF,0xC1,0xF8,0xF8,0x03,0xFF,0x81,0xF8,0xF8,0x00,
  0xFE,0x01,0xF8,0xF8,0x00,0x00,0x01,0xF8,0xF8,0x00,0x00,0x19,0xF8,0xF8,0x7F,0xFF,
  0xFD,0xF8,0xF8,0x7F,0xFF,0xFD,0xF8,0xF8,0x7F,0xFF,0xFD,0xF8,0xF8,0x7F,0xFF,0xF9,
  0xF8,0xF8,0x7F,0xFC,0x01,0xF8,0xF8,0x00,0x7C,0x01,0xF8,0xF8,0x00,0x7C,0x01,0xF8,
  0xF8,0x00,0x7C,0x7F,0xF8,0xF8,0x00,0x7C,0x7F,0xF8,0xF8,0x00,0x7C,0x7F,0xF8,0xF8,
  0x00,0x7C,0x7F,0xF8,0xF8,0x00,0x7C,0x01,0xF8,0xF8,0x00,0x7C,0x01,0xF8,0xF8,0x00,
  0x7C,0x01,0xF8,0xF8,0x00,0x7C,0x01,0xF8,0xF8,0x00,0x7C,0x01,0xF8,0xF8,0x00,0x7C,
  0x01,0xF8,0xF8,0x00,0x7C,0x01,0xF8,0xF8,0x00,0x00,0x01,0xF8,0xF8,0x00,0x00,0x00,
  0x00,0xF8,0x00,0x00,0x00,0x00,0xF8,0x00,0x00,0x00,0x00,0x00,0x00,0x00,0x00,0x00,
  0x00,0x00,0x07,0xFF,0xE0,0x00,0x00,0x7F,0xFF,0xFC,0x00,0x01,0xFF,0xFF,0xFF,0x00,
  0x03,0xFF,0xFF,0xFF,0x80,0x03,0xFC,0x00,0x3F,0xC0,0x07,0xF0,0x00,0x0F,0xC0,0x07,
  0xE0,0x00,0x07,0xE0,0x07,0xE0,0x00,0x07,0xE0,0x07,0xF0,0x00,0x0F,0xC0,0x03,0xFF,
  0x81,0xFF,0xC0,0x01,0xFF,0xFF,0xFF,0x80,0x00,0xFF,0xFF,0xFF,0x00,0x00,0x3F,0xFF,
  0xF8,0x00,0x00,0x01,0xFF,0x80,0x00,0x00,0x00,0x00,0x00,0x00,0x00,0x00,0x00,0x00,
  0x00,0x7F,0xFF,0xFF,0xFF,0xFC,0x7F,0xFF,0xFF,0xFF,0xFC,0x7F,0xFF,0xFF,0xFF,0xFC,
  0x7F,0xFF,0xFF,0xFF,0xFC,0x00,0x00,0x00,0x00,0x00,0x00,0x00,0x00,0x00,0x00,0x00,
  0x00,0x00,0x00,0x00,0x03,0xFF,0xFF,0xFF,0xC0,0x03,0xFF,0xFF,0xFF,0xC0,0x03,0xFF,
  0xFF,0xFF,0xC0,0x03,0xFF,0xFF,0xFF,0xC0,0x00,0x00,0x00,0x0F,0xC0,0x00,0x00,0x00,
  0x0F,0xC0,0x03,0xFF,0xFF,0xFF,0xC0,0x03,0xFF,0xFF,0xFF,0xC0,0x03,0xFF,0xFF,0xFF,
  0xC0,0x03,0xFF,0xFF,0xFF,0xC0,0x03,0xE0,0x00,0x00,0x00,0x03,0xE0,0x00,0x00,0x00,
  0x03,0xF0,0x00,0x00,0x00,0x03,0xFF,0xFF,0xFF,0xE0,0x03,0xFF,0xFF,0xFF,0xE0,0x03,
  0xFF,0xFF,0xFF,0xE0,0x03,0xFF,0xFF,0xFF,0xE0,0x00,0x00,0x00,0x03,0xE0,0x00,0x00,
  0x00,0x03,0xE0,0x00,0x00,0x00,0x03,0xE0,0x00,0x7F,0x80,0x03,0xE0,0x01,0xFF,0xE0,
  0x03,0xE0,0x07,0xFF,0xF8,0x03,0xE0,0x0F,0xFF,0xFC,0x03,0xE0,0x0F,0xFF,0xFC,0x03,
  0xE0,0x1F,0xC0,0xFE,0x03,0xE0,0x1F,0x80,0x7E,0x03,0xE0,0x3F,0x00,0x3F,0x03,0xE0,
  0x3F,0x00,0x3F,0x03,0xE0,0x3F,0x00,0x3F,0x03,0xE0,0x3F,0x00,0x3F,0x03,0xE0,0x3F,
  0x00,0x3F,0x03,0xE0,0x3F,0x00,0x3F,0x03,0xE0,0x3F,0x80,0x7F,0x03,0xE0,0x1F,0xC0,
  0xFE,0x03,0xE0,0x1F,0xF3,0xFE,0x03,0xE0,0x0F,0xFF,0xFC,0x03,0xE0,0x07,0xFF,0xF8,
  0x03,0xE0,0x03,0xFF,0xF0,0x03,0xE0,0x00,0xFF,0xC0,0x03,0xE0,0x00,0x0C,0x00,0x03,
  0xE0,0x00,0x00,0x00,0x03,0xE0,0x00,0x00,0x00,0x03,0xE0,0x00,0x00,0x00,0x03,0xE0,
  0x00,0xFC,0x00,0x03,0xE0,0x00,0xFC,0x00,0x03,0xE0,0x00,0xFC,0x00,0x03,0xE0,0x00,
  0xFC,0x00,0x00,0x00,0x00,0xFC,0x00,0x00,0x00,0x00,0xFC,0x00,0x00,0x00,0x00,0xFC,
  0x00,0x00,0x00,0x00,0xFC,0x00,0x00,0x00,0x00,0xFC,0x00,0x00,0x00,0x00,0xFF,0xFF,
  0xFF,0xF8,0x00,0xFF,0xFF,0xFF,0xF8,0x00,0xFF,0xFF,0xFF,0xF8,0x00,0xFF,0xFF,0xFF,
  0xF8,0x00,0x00,0x00,0x00,0x00,0x00,0x00,0x00,0x0F,0x80,0x00,0x00,0x00,0x0F,0x80,
  0x00,0x00,0x00,0x0F,0x80,0x00,0x00,0x00,0x0F,0x80,0x3F,0xFF,0xFF,0x0F,0x80,0x3F,
  0xFF,0xFF,0x8F,0x80,0x3F,0xFF,0xFF,0x8F,0x80,0x3F,0xFF,0xFF,0x8F,0x80,0x3F,0xFF,
  0xFF,0x0F,0x80,0x00,0x1F,0x00,0x0F,0x80,0x00,0x1F,0x00,0x0F,0x80,0x00,0x1F,0x00,
  0x0F,0x80,0x00,0x3F,0x00,0x0F,0x80,0x00,0x3F,0x00,0x0F,0x80,0x00,0x3F,0x80,0x0F,
  0x80,0x00,0x3F,0x80,0x0F,0xC0,0x00,0x3F,0x80,0x0F,0xFE,0x00,0x3F,0x80,0x0F,0xFE,
  0x00,0x7F,0xC0,0x0F,0xFE,0x00,0x7F,0xC0,0x0F,0xFE,0x00,0xFF,0xE0,0x0F,0xFE,0x00,
  0xFF,0xE0,0x0F,0x80,0x01,0xFB,0xF0,0x0F,0x80,0x01,0xF9,0xF8,0x0F,0x80,0x03,0xF1,
  0xFC,0x0F,0x80,0x07,0xF0,0xFE,0x0F,0x80,0x0F,0xE0,0xFF,0x0F,0x80,0x1F,0xC0,0x7F,
  0xCF,0x80,0x7F,0xC0,0x3F,0xCF,0x80,0x7F,0x80,0x1F,0x8F,0x80,0x7F,0x00,0x0F,0x0F,
  0x80,0x3E,0x00,0x03,0x0F,0x80,0x18,0x00,0x00,0x0F,0x80,0x00,0x00,0x00,0x0F,0x80,
  0x00,0x00,0x00,0x0F,0x80,0x00,0x00,0x00,0x0F,0x80,0x00,0x00,0x00,0x0F,0x80,0x00,
  0x00,0x00,0x0F,0x80,0x00,0x00,0x00,0x0F,0x80,0x00,0x00,0x00,0x0F,0x80,0x00,0x00,
  0x00,0x0F,0x80,0x00,0x00,0x00,0x00,0x00,0x00,0x00,0x00,0x03,0xE0,0x00,0x00,0x00,
  0x03,0xF0,0x00,0x00,0x00,0x03,0xF0,0x1F,0xFF,0xFF,0x83,0xF0,0x1F,0xFF,0xFF,0x83,
  0xF0,0x1F,0xFF,0xFF,0x83,0xF0,0x1F,0xFF,0xFF,0x83,0xF0,0x1F,0xFF,0xFF,0x03,0xF0,
  0x00,0x1F,0x80,0x03,0xF0,0x00,0x1F,0x80,0x03,0xF0,0x00,0x1F,0x80,0x03,0xF0,0x00,
  0x3F,0x81,0xFF,0xF0,0x00,0x3F,0x81,0xFF,0xF0,0x00,0x3F,0xC1,0xFF,0xF0,0x00,0x7F,
  0xC1,0xFF,0xF0,0x00,0x7F,0xE0,0x07,0xF0,0x00,0xFF,0xF0,0x03,0xF0,0x01,0xFB,0xF8,
  0x03,0xF0,0x03,0xF9,0xFC,0x03,0xF0,0x0F,0xF0,0xFF,0x03,0xF0,0x3F,0xE0,0x7F,0xC3,
  0xF0,0x7F,0xC0,0x3F,0x83,0xF0,0x3F,0x80,0x1F,0x83,0xF0,0x1F,0x00,0x0F,0x03,0xF0,
  0x1C,0x00,0x00,0x03,0xF0,0x00,0x00,0x00,0x03,0xF0,0x00,0x00,0x00,0x03,0xF0,0x00,
  0x00,0x00,0x03,0xF0,0x00,0x7C,0x00,0x03,0xF0,0x00,0x7C,0x00,0x03,0xF0,0x00,0x7C,
  0x00,0x00,0x00,0x00,0x7C,0x00,0x00,0x00,0x00,0x7C,0x00,0x00,0x00,0x00,0x7C,0x00,
  0x00,0x00,0x00,0x7C,0x00,0x00,0x00,0x00,0x7C,0x00,0x00,0x00,0x00,0x7F,0xFF,0xFF,
  0xF8,0x00,0x7F,0xFF,0xFF,0xF8,0x00,0x7F,0xFF,0xFF,0xF8,0x00,0x7F,0xFF,0xFF,0xF8,
  0x00,0x00,0x00,0x00,0x00,0x00,0x00,0x00,0x03,0xE0,0x00,0x00,0x00,0x03,0xF0,0x00,
  0x00,0x00,0x03,0xF0,0x0F,0xFF,0xFF,0xC3,0xF0,0x0F,0xFF,0xFF,0xC3,0xF0,0x0F,0xFF,
  0xFF,0xC3,0xF0,0x0F,0xFF,0xFF,0xC3,0xF0,0x0F,0xFF,0xFF,0xC3,0xF0,0x00,0x1F,0xC0,
  0x03,0xF0,0x00,0x1F,0xC0,0x03,0xF0,0x00,0x1F,0xE0,0x03,0xF0,0x00,0x3F,0xF0,0x03,
  0xF0,0x00,0x7F,0xF8,0x03,0xF0,0x01,0xFF,0xFE,0x03,0xF0,0x07,0xFC,0xFF,0xC3,0xF0,
  0x1F,0xF8,0x7F,0xE3,0xF0,0x1F,0xF0,0x3F,0xC3,0xF0,0x1F,0xE0,0x1F,0xC3,0xF0,0x0F,
  0x80,0x03,0x83,0xF0,0x0C,0x00,0x00,0x03,0xF0,0x00,0x00,0x00,0x03,0xF0,0x00,0x00,
  0x07,0xF3,0xF0,0x7F,0xFF,0xFF,0xF3,0xF0,0x3F,0xFF,0xFF,0xF3,0xF0,0x3F,0xFF,0xFF,
  0xF3,0xF0,0x3F,0xFF,0xFF,0x03,0xF0,0x3F,0xFF,0xC0,0x03,0xF0,0x00,0x0F,0xC0,0x03,
  0xF0,0x00,0x0F,0xC0,0x03,0xF0,0x00,0x0F,0xC0,0x03,0xF0,0x00,0x0F,0xC0,0x03,0xF0,
  0x00,0x0F,0xC0,0x03,0xF0,0x00,0x0F,0xC0,0x03,0xF0,0x00,0x0F,0xC0,0x03,0xF0,0x00,
  0x0F,0xC0,0x03,0xF0,0x00,0x0F,0xC0,0x03,0xF0,0x00,0x0F,0xC0,0x03,0xF0,0x00,0x0F,
  0xC0,0x03,0xF0,0x00,0x0F,0xC0,0x03,0xF0,0x00,0x0F,0xC0,0x03,0xF0,0x00,0x00,0x00,
  0x03,0xF0,0x00,0x00,0x00,0x00,0x00,0x00,0x00,0x00,0x01,0xF0,0x00,0x7C,0x01,0xF1,
  0xF0,0x00,0x7C,0x01,0xF1,0xF0,0x00,0x7C,0x01,0xF1,0xF0,0x00,0xFC,0x01,0xF1,0xF0,
  0x3F,0xFF,0xF1,0xF1,0xF0,0x3F,0xFF,0xF1,0xF1,0xF0,0x3F,0xFF,0xF1,0xF1,0xF0,0x3F,
  0xFF,0xF1,0xF1,0xF0,0x00,0xFC,0x01,0xF1,0xF0,0x00,0x7C,0x01,0xF1,0xF0,0x00,0xFC,
  0x1F,0xF1,0xF0,0x00,0xFE,0x1F,0xF1,0xF0,0x00,0xFE,0x1F,0xF1,0xF0,0x01,0xFE,0x1F,
  0xF1,0xF0,0x01,0xFF,0x1F,0xF1,0xF0,0x03,0xFF,0x81,0xF1,0xF0,0x07,0xFF,0xC1,0xF1,
  0xF0,0x0F,0xEF,0xE1,0xF1,0xF0,0x1F,0xC7,0xF9,0xF1,0xF0,0x7F,0xC3,0xF9,0xF1,0xF0,
  0x3F,0x81,0xF1,0xF1,0xF0,0x3F,0x00,0xF1,0xF1,0xF0,0x1C,0x00,0x21,0xF1,0xF0,0x00,
  0x00,0x00,0x01,0xF0,0x00,0x00,0x00,0x01,0xF0,0x00,0x00,0x1F,0x81,0xF0,0x00,0x00,
  0x1F,0x81,0xF0,0x00,0x00,0x1F,0x80,0x00,0x00,0x00,0x1F,0xC0,0x00,0x00,0x00,0x3F,
  0xC0,0x00,0x00,0x00,0x7F,0xE0,0x00,0x00,0x00,0xFF,0xF0,0x00,0x00,0x01,0xFF,0xF8,
  0x00,0x00,0x07,0xF9,0xFE,0x00,0x00,0x1F,0xF0,0xFF,0xC0,0x01,0xFF,0xE0,0x7F,0xFC,
  0x01,0xFF,0xC0,0x3F,0xFC,0x01,0xFF,0x00,0x0F,0xF8,0x00,0xFC,0x00,0x03,0xF8,0x00,
  0xC0,0x00,0x00,0x30,0x00,0x00,0x00,0x01,0xF0,0x00,0x00,0x00,0x03,0xF0,0x00,0x00,
  0x00,0x03,0xF0,0x0F,0xFF,0xFF,0x83,0xF0,0x0F,0xFF,0xFF,0x83,0xF0,0x0F,0xFF,0xFF,
  0x83,0xF0,0x0F,0xFF,0xFF,0x83,0xF0,0x00,0x00,0x1F,0x83,0xF0,0x00,0x00,0x1F,0x83,
  0xF0,0x00,0x00,0x1F,0x83,0xF0,0x00,0x00,0x1F,0x83,0xF0,0x00,0x1F,0xFF,0x83,0xF0,
  0x1F,0xFF,0xFF,0x83,0xF0,0x0F,0xFF,0xFF,0x83,0xF0,0x0F,0xFF,0xFF,0x83,0xF0,0x0F,
  0xFF,0x1F,0x03,0xF0,0x00,0x00,0x1F,0x03,0xF0,0x00,0x00,0x1F,0x03,0xF0,0x00,0x00,
  0x3F,0x03,0xF0,0x00,0x00,0x3F,0x03,0xF0,0x00,0xFF,0xFF,0xF3,0xF0,0x7F,0xFF,0xFF,
  0xF3,0xF0,0x7F,0xFF,0xFF,0xF3,0xF0,0x7F,0xFF,0xFF,0xF3,0xF0,0x3F,0xFF,0xF8,0x03,
  0xF0,0x00,0x1F,0x80,0x03,0xF0,0x00,0x1F,0x80,0x03,0xF0,0x00,0x1F,0x80,0x03,0xF0,
  0x00,0x1F,0x80,0x03,0xF0,0x00,0x1F,0x80,0x03,0xF0,0x00,0x1F,0x80,0x03,0xF0,0x00,
  0x1F,0x80,0x03,0xF0,0x00,0x1F,0x80,0x03,0xF0,0x00,0x1F,0x80,0x03,0xF0,0x00,0x1F,
  0x80,0x03,0xF0,0x00,0x1F,0x80,0x03,0xF0,0x00,0x1F,0x80,0x03,0xF0,0x00,0x1F,0x80,
  0x03,0xF0,0x00,0x1F,0x80,0x03,0xF0,0x00,0x00,0x00,0x03,0xF0,0x00,0x00,0x00,0x03,
  0xF0,0x00,0x00,0x00,0x00,0x00,0x00,0x00,0x00,0x00,0x00,0x07,0xFF,0xFF,0xFF,0xE0,
  0x07,0xFF,0xFF,0xFF,0xE0,0x07,0xFF,0xFF,0xFF,0xE0,0x07,0xFF,0xFF,0xFF,0xE0,0x00,
  0x00,0x00,0x07,0xE0,0x00,0x00,0x00,0x07,0xE0,0x00,0x00,0x00,0x07,0xE0,0x00,0x00,
  0x00,0x07,0xE0,0x00,0x00,0x00,0x07,0xE0,0x00,0x00,0x00,0x07,0xE0,0x00,0x00,0x00,
  0x07,0xE0,0x00,0x00,0x7F,0xFF,0xE0,0x0F,0xFF,0xFF,0xFF,0xC0,0x0F,0xFF,0xFF,0xFF,
  0xC0,0x07,0xFF,0xFF,0xFF,0xC0,0x07,0xFF,0xFF,0xCF,0xC0,0x04,0x00,0x00,0x07,0xC0,
  0x00,0x00,0x00,0x0F,0xC0,0x00,0x00,0x00,0x0F,0xC0,0x00,0x00,0x00,0x0F,0xC0,0x00,
  0x00,0x00,0x0F,0xC0,0x00,0x00,0x00,0x0F,0x80,0x00,0x00,0x00,0x1F,0x80,0x00,0x00,
  0x00,0x1F,0x80,0x00,0x00,0x00,0x1F,0x80,0x00,0x00,0x00,0x00,0x00,0x00,0x00,0x00,
  0x00,0x00,0x00,0x00,0x00,0x00,0x00,0x7F,0xFF,0xFF,0xFF,0xFC,0x7F,0xFF,0xFF,0xFF,
  0xFC,0x7F,0xFF,0xFF,0xFF,0xFC,0x7F,0xFF,0xFF,0xFF,0xFC,0x00,0x00,0x00,0x00,0x00,
  0x00,0x00,0x00,0x0F,0x80,0x00,0x00,0x00,0x0F,0x80,0x00,0x00,0x00,0x0F,0x80,0x00,
  0x00,0x00,0x0F,0x80,0x1F,0xFF,0xFC,0x0F,0x80,0x1F,0xFF,0xFC,0x0F,0x80,0x1F,0xFF,
  0xFC,0x0F,0x80,0x1F,0xFF,0xFC,0x0F,0x80,0x1F,0x80,0x00,0x0F,0x80,0x1F,0x80,0x00,
  0x0F,0x80,0x1F,0x80,0x00,0x0F,0x80,0x1F,0x80,0x00,0x0F,0x80,0x1F,0x80,0x00,0x0F,
  0x80,0x1F,0x80,0x00,0x0F,0x80,0x1F,0x80,0x00,0x0F,0x80,0x1F,0xFF,0xFC,0x0F,0xC0,
  0x1F,0xFF,0xFC,0x0F,0xFE,0x1F,0xFF,0xFC,0x0F,0xFE,0x1F,0xFF,0xFC,0x0F,0xFE,0x1F,
  0xFF,0xF8,0x0F,0xFE,0x1F,0x80,0x00,0x0F,0xFE,0x1F,0x80,0x00,0x0F,0x80,0x1F,0x80,
  0x00,0x0F,0x80,0x1F,0x80,0x00,0x0F,0x80,0x1F,0x80,0x00,0x0F,0x80,0x1F,0x80,0x00,
  0x0F,0x80,0x1F,0x80,0x07,0x8F,0x80,0x1F,0xFF,0xFF,0x8F,0x80,0x1F,0xFF,0xFF,0x8F,
  0x80,0x1F,0xFF,0xFF,0x8F,0x80,0x1F,0xFF,0xFF,0x8F,0x80,0x1F,0xFF,0x80,0x0F,0x80,
  0x00,0x00,0x00,0x0F,0x80,0x00,0x00,0x00,0x0F,0x80,0x00,0x00,0x00,0x0F,0x80,0x00,
  0x00,0x00,0x0F,0x80,0x00,0x00,0x00,0x0F,0x80,0x00,0x00,0x00,0x0F,0x80,0x00,0x00,
  0x00,0x0F,0x80,0x00,0x00,0x00,0x0F,0x80,0x00,0x00,0x00,0x0F,0x80,0x00,0x00,0x00,
  0x00,0x00,0x00,0x00,0x00,0x01,0xF0,0x00,0x00,0x01,0xF1,0xF0,0x00,0x00,0x01,0xF1,
  0xF0,0x1F,0xFF,0xC1,0xF1,0xF0,0x1F,0xFF,0xC1,0xF1,0xF0,0x1F,0xFF,0xC1,0xF1,0xF0,
  0x1F,0xFF,0xC1,0xF1,0xF0,0x1F,0x80,0x01,0xF1,0xF0,0x1F,0x00,0x01,0xF1,0xF0,0x1F,
  0x00,0x01,0xF1,0xF0,0x1F,0x80,0x1F,0xF1,0xF0,0x1F,0xFF,0x9F,0xF1,0xF0,0x1F,0xFF,
  0x9F,0xF1,0xF0,0x1F,0xFF,0x9F,0xF1,0xF0,0x1F,0xFF,0x9F,0xF1,0xF0,0x1F,0x00,0x01,
  0xF1,0xF0,0x1F,0x00,0x01,0xF1,0xF0,0x1F,0x00,0x01,0xF1,0xF0,0x1F,0xFF,0xF1,0xF1,
  0xF0,0x1F,0xFF,0xF1,0xF1,0xF0,0x1F,0xFF,0xF1,0xF1,0xF0,0x1F,0xFF,0xF1,0xF1,0xF0,
  0x1F,0xFF,0x81,0xF1,0xF0,0x00,0x00,0x01,0xF1,0xF0,0x00,0x00,0x00,0x01,0xF0,0x00,
  0x00,0x00,0x00,0x00,0x00,0x7F,0xFF,0xFF,0xF0,0x00,0xFF,0xFF,0xFF,0xF0,0x00,0xFF,
  0xFF,0xFF,0xF0,0x00,0xFF,0xFF,0xFF,0xF0,0x00,0xFF,0xFF,0xFF,0xF0,0x00,0xFC,0x00,
  0x01,0xF0,0x00,0xFC,0x00,0x01,0xF0,0x00,0xFC,0x00,0x01,0xF0,0x00,0xFC,0x00,0x01,
  0xF0,0x00,0xFC,0x00,0x01,0xF0,0x00,0xFF,0xFF,0xFF,0xF0,0x00,0xFF,0xFF,0xFF,0xF0,
  0x00,0xFF,0xFF,0xFF,0xF0,0x00,0xFF,0xFF,0xFF,0xF0,0x00,0x7F,0xFF,0xFF,0xF0,0x00,
  0x00,0x00,0x0F,0x80,0x00,0x00,0x00,0x0F,0x80,0x00,0x00,0x00,0x0F,0x80,0x00,0x00,
  0x00,0x0F,0x80,0x3F,0xFF,0xFF,0x0F,0x80,0x3F,0xFF,0xFF,0x8F,0x80,0x3F,0xFF,0xFF,
  0x8F,0x80,0x3F,0xFF,0xFF,0x8F,0x80,0x3F,0xFF,0xFF,0x0F,0x80,0x07,0xE1,0xF8,0x0F,
  0x80,0x07,0xE1,0xF8,0x0F,0x80,0x07,0xE1,0xF8,0x0F,0x80,0x07,0xE1,0xF8,0x0F,0x80,
  0x07,0xE1,0xF8,0x0F,0x80,0x07,0xE1,0xF8,0x0F,0x80,0x07,0xE1,0xF8,0x0F,0xC0,0x07,
  0xE1,0xF8,0x0F,0xFE,0x07,0xE1,0xF8,0x0F,0xFE,0x07,0xE1,0xF8,0x0F,0xFE,0x07,0xE1,
  0xF8,0x0F,0xFE,0x07,0xE1,0xF8,0x0F,0xC0,0x07,0xE1,0xF8,0x0F,0x80,0x07,0xE1,0xF8,
  0x0F,0x80,0x07,0xE1,0xF8,0x0F,0x80,0x07,0xE1,0xF8,0x0F,0x80,0x07,0xE1,0xF8,0x0F,
  0x80,0x07,0xE1,0xFF,0xCF,0x80,0x7F,0xFF,0xFF,0xCF,0x80,0x7F,0xFF,0xFF,0xCF,0x80,
  0x7F,0xFF,0xFF,0xCF,0x80,0x7F,0xFF,0xFE,0x0F,0x80,0x7F,0xF0,0x00,0x0F,0x80,0x00,
  0x00,0x00,0x0F,0x80,0x00,0x00,0x00,0x0F,0x80,0x00,0x00,0x00,0x0F,0x80,0x00,0x00,
  0x00,0x0F,0x80,0x00,0x00,0x00,0x0F,0x80,0x00,0x00,0x00,0x0F,0x80,0x00,0x00,0x00,
  0x0F,0x80,0x00,0x00,0x00,0x0F,0x80,0x00,0x00,0x00,0x0F,0x80,0x00,0x00,0x00,0x00,
  0x00,0x00,0x00,0x00,0x0F,0x80,0x00,0x3F,0x00,0x0F,0x80,0x00,0x3F,0x00,0x0F,0x80,
  0x00,0x3F,0x00,0x0F,0x80,0x00,0x3F,0x00,0x0F,0x80,0x00,0x3F,0x00,0x0F,0x80,0x7F,
  0xFF,0xFF,0x8F,0x80,0x7F,0xFF,0xFF,0x8F,0x80,0x7F,0xFF,0xFF,0x8F,0x80,0x7F,0xFF,
  0xFF,0x8F,0x80,0x7F,0xFF,0xFF,0x8F,0x80,0x00,0x00,0x00,0x0F,0x80,0x00,0x00,0x00,
  0x0F,0x80,0x00,0x1E,0x00,0x0F,0x80,0x00,0xFF,0xC0,0x0F,0x80,0x03,0xFF,0xF0,0x0F,
  0x80,0x07,0xFF,0xF8,0x0F,0xFE,0x0F,0xFF,0xFC,0x0F,0xFE,0x0F,0xE1,0xFC,0x0F,0xFE,
  0x1F,0x80,0x7E,0x0F,0xFE,0x1F,0x80,0x7E,0x0F,0xFE,0x1F,0x00,0x3E,0x0F,0x80,0x1F,
  0x00,0x3E,0x0F,0x80,0x1F,0x00,0x3E,0x0F,0x80,0x1F,0x00,0x3E,0x0F,0x80,0x1F,0x80,
  0x7E,0x0F,0x80,0x1F,0x80,0x7E,0x0F,0x80,0x0F,0xE1,0xFC,0x0F,0x80,0x0F,0xFF,0xFC,
  0x0F,0x80,0x07,0xFF,0xF8,0x0F,0x80,0x03,0xFF,0xF0,0x0F,0x80,0x00,0xFF,0xC0,0x0F,
  0x80,0x00,0x1E,0x00,0x0F,0x80,0x00,0x00,0x00,0x0F,0x80,0x00,0x00,0x00,0x0F,0x80,
  0x00,0x00,0x00,0x0F,0x80,0x00,0x00,0x00,0x0F,0x80,0x00,0x00,0x00,0x0F,0x80,0x00,
  0x00,0x00,0x0F,0x80,0x00,0x00,0x00,0x0F,0x80,0x00,0x00,0x00,0x0F,0x80,0x00,0x00,
  0x00,0x00,0x00,0x00,0x1F,0x00,0x0F,0x80,0x00,0x1F,0x00,0x0F,0xC0,0x00,0x1F,0x00,
  0x0F,0xC0,0x00,0x1F,0x00,0x0F,0xC0,0x00,0x3F,0x80,0x0F,0xC0,0x7F,0xFF,0xFF,0x8F,
  0xC0,0x7F,0xFF,0xFF,0x8F,0xC0,0x7F,0xFF,0xFF,0x8F,0xC0,0x7F,0xFF,0xFF,0x8F,0xC0,
  0x00,0x00,0x00,0x0F,0xC0,0x00,0x00,0x00,0x0F,0xC0,0x00,0xFF,0xC0,0x0F,0xC0,0x03,
  0xFF,0xF0,0x0F,0xC0,0x07,0xFF,0xF8,0x0F,0xFE,0x0F,0xFF,0xFC,0x0F,0xFE,0x0F,0xE0,
  0xFE,0x0F,0xFE,0x1F,0x80,0x7E,0x0F,0xFE,0x1F,0x80,0x3E,0x0F,0xFE,0x1F,0x80,0x3E,
  0x0F,0xC0,0x1F,0x80,0x3E,0x0F,0xC0,0x0F,0xC0,0x7E,0x0F,0xC0,0x0F,0xE0,0xFE,0x0F,
  0xC0,0x0F,0xFF,0xFC,0x0F,0xC0,0x07,0xFF,0xF8,0x0F,0xC0,0x01,0xFF,0xF0,0x0F,0xC0,
  0x00,0x7F,0xC0,0x0F,0xC0,0x00,0x00,0x00,0x0F,0xC0,0x00,0x00,0x00,0x0F,0xC0,0x00,
  0xF0,0x00,0x0F,0xC0,0x01,0xF8,0x00,0x0F,0xC0,0x01,0xF8,0x00,0x0F,0xC0,0x01,0xF8,
  0x00,0x00,0x00,0x01,0xF8,0x00,0x00,0x00,0x01,0xF8,0x00,0x00,0x00,0x01,0xF8,0x00,
  0x00,0x00,0x01,0xF8,0x00,0x00,0x00,0x01,0xFF,0xFF,0xFF,0xE0,0x01,0xFF,0xFF,0xFF,
  0xE0,0x01,0xFF,0xFF,0xFF,0xE0,0x01,0xFF,0xFF,0xFF,0xE0,0x00,0x00,0x00,0x00,0x00,
  0x00,0x1F,0x00,0x03,0xE0,0x00,0x1F,0x00,0x03,0xF0,0x00,0x1F,0x00,0x03,0xF0,0x00,
  0x1F,0x00,0x03,0xF0,0x00,0x3F,0x80,0x03,0xF0,0x7F,0xFF,0xFF,0x83,0xF0,0x7F,0xFF,
  0xFF,0x83,0xF0,0x7F,0xFF,0xFF,0x83,0xF0,0x7F,0xFF,0xFF,0x83,0xF0,0x00,0x00,0x00,
  0x03,0xF0,0x00,0x00,0x00,0x03,0xF0,0x00,0x7F,0xC0,0x03,0xF0,0x01,0xFF,0xF0,0x03,
  0xF0,0x03,0xFF,0xF8,0x03,0xF0,0x07,0xFF,0xFC,0x7F,0xF0,0x0F,0xE0,0xFE,0x7F,0xF0,
  0x0F,0xC0,0x7E,0x7F,0xF0,0x0F,0x80,0x7E,0x7F,0xF0,0x0F,0x80,0x3E,0x7F,0xF0,0x0F,
  0x80,0x7E,0x03,0xF0,0x0F,0xC0,0x7E,0x03,0xF0,0x0F,0xE1,0xFC,0x03,0xF0,0x07,0xFF,
  0xFC,0x03,0xF0,0x03,0xFF,0xF8,0x03,0xF0,0x01,0xFF,0xF0,0x03,0xF0,0x00,0x7F,0xC0,
  0x03,0xF0,0x00,0x00,0x00,0x03,0xF0,0x00,0x00,0x00,0x03,0xF0,0x00,0x7C,0x00,0x03,
  0xF0,0x00,0xFC,0x00,0x03,0xF0,0x00,0xFC,0x00,0x03,0xF0,0x00,0xFC,0x00,0x00,0x00,
  0x00,0xFC,0x00,0x00,0x00,0x00,0xFC,0x00,0x00,0x00,0x00,0xFC,0x00,0x00,0x00,0x00,
  0xFC,0x00,0x00,0x00,0x00,0xFF,0xFF,0xFF,0xF8,0x00,0xFF,0xFF,0xFF,0xF8,0x00,0xFF,
  0xFF,0xFF,0xF8,0x00,0xFF,0xFF,0xFF,0xF8,0x00,0x00,0x00,0x00,0x00,0x00,0x00,0x00,
  0x00,0x00,0x00,0x1F,0x00,0x03,0xE0,0x00,0x1F,0x00,0x03,0xF0,0x00,0x1F,0x00,0x03,
  0xF0,0x00,0x3F,0x00,0x03,0xF0,0x7F,0xFF,0xFF,0x83,0xF0,0x7F,0xFF,0xFF,0x83,0xF0,
  0x7F,0xFF,0xFF,0x83,0xF0,0x7F,0xFF,0xFF,0x83,0xF0,0x00,0x00,0x00,0x03,0xF0,0x00,
  0x00,0x00,0x03,0xF0,0x00,0x7F,0xC0,0x03,0xF0,0x01,0xFF,0xF0,0x03,0xF0,0x03,0xFF,
  0xF8,0x7F,0xF0,0x07,0xFF,0xFC,0x7F,0xF0,0x0F,0xE0,0xFE,0x7F,0xF0,0x0F,0xC0,0x7E,
  0x7F,0xF0,0x0F,0x80,0x3E,0x7F,0xF0,0x0F,0x80,0x3E,0x03,0xF0,0x0F,0x80,0x7E,0x03,
  0xF0,0x0F,0xC0,0xFE,0x03,0xF0,0x07,0xFF,0xFC,0x03,0xF0,0x07,0xFF,0xF8,0x03,0xF0,
  0x03,0xFF,0xF0,0x03,0xF0,0x00,0x7F,0xC0,0x03,0xF0,0x00,0x00,0x00,0x03,0xF0,0x00,
  0x00,0x00,0x00,0x00,0x00,0x00,0x00,0x00,0x00,0x00,0xFF,0xFF,0xFF,0xF0,0x00,0xFF,
  0xFF,0xFF,0xF0,0x00,0xFF,0xFF,0xFF,0xF0,0x00,0xFF,0xFF,0xFF,0xF0,0x00,0xFC,0x00,
  0x03,0xF0,0x00,0xFC,0x00,0x03,0xF0,0x00,0xFC,0x00,0x03,0xF0,0x00,0xFC,0x00,0x03,
  0xF0,0x00,0xFC,0x00,0x03,0xF0,0x00,0xFF,0xFF,0xFF,0xF0,0x00,0xFF,0xFF,0xFF,0xF0,
  0x00,0xFF,0xFF,0xFF,0xF0,0x00,0xFF,0xFF,0xFF,0xF0,0x00,0xFF,0xFF,0xFF,0xE0,
};

static const KGlyph pre_b46_glyphs[] = {
  {0x0020,     0,  0,  0,   0,   0, 11},  // sp
  {0x0021,     0, 14, 34,   0, -33, 14},  // !
  {0x0022,    68, 17, 33,   0, -33, 17},  // "
  {0x0023,   167, 29, 33,   0, -33, 29},  // #
  {0x0024,   299, 29, 42,   0, -37, 29},  // $
  {0x0025,   467, 44, 36,   0, -34, 44},  // %
  {0x0026,   683, 30, 34,   0, -33, 30},  // &
  {0x0027,   819,  9, 33,   0, -33,  9},  // '
  {0x0028,   885, 18, 44,   0, -34, 18},  // (
  {0x0029,  1017, 18, 44,   0, -34, 18},  // )
  {0x002A,  1149, 25, 33,   0, -33, 25},  // *
  {0x002B,  1281, 30, 25,   0, -25, 30},  // +
  {0x002C,  1381, 13, 14,   0,  -4, 13},  // ,
  {0x002D,  1409, 21, 17,   0, -17, 21},  // -
  {0x002E,  1460, 13,  9,   0,  -8, 13},  // .
  {0x002F,  1478, 17, 40,   0, -35, 17},  // /
  {0x0030,  1598, 30, 34,   0, -33, 30},  // 0
  {0x0031,  1734, 22, 33,   0, -33, 22},  // 1
  {0x0032,  1833, 28, 33,   0, -33, 28},  // 2
  {0x0033,  1965, 29, 34,   0, -33, 29},  // 3
  {0x0034,  2101, 30, 33,   0, -33, 30},  // 4
  {0x0035,  2233, 29, 34,   0, -33, 29},  // 5
  {0x0036,  2369, 30, 34,   0, -33, 30},  // 6
  {0x0037,  2505, 26, 33,   0, -33, 26},  // 7
  {0x0038,  2637, 30, 34,   0, -33, 30},  // 8
  {0x0039,  2773, 30, 35,   0, -34, 30},  // 9
  {0x003A,  2913, 13, 26,   0, -25, 13},  // :
  {0x003B,  2965, 13, 35,   0, -25, 13},  // ;
  {0x003C,  3035, 30, 26,   0, -26, 30},  // <
  {0x003D,  3139, 30, 22,   0, -22, 30},  // =
  {0x003E,  3227, 30, 26,   0, -26, 30},  // >
  {0x003F,  3331, 25, 34,   0, -33, 25},  // ?
  {0x0040,  3467, 40, 38,   0, -33, 40},  // @
  {0x0041,  3657, 33, 33,   0, -33, 33},  // A
  {0x0042,  3822, 29, 33,   0, -33, 29},  // B
  {0x0043,  3954, 33, 34,   0, -33, 33},  // C
  {0x0044,  4124, 32, 33,   0, -33, 32},  // D
  {0x0045,  4256, 27, 33,   0, -33, 27},  // E
  {0x0046,  4388, 26, 33,   0, -33, 26},  // F
  {0x0047,  4520, 34, 34,   0, -33, 34},  // G
  {0x0048,  4690, 33, 33,   0, -33, 33},  // H
  {0x0049,  4855, 12, 33,   0, -33, 12},  // I
  {0x004A,  4921, 25, 34,   0, -33, 25},  // J
  {0x004B,  5057, 31, 33,   0, -33, 31},  // K
  {0x004C,  5189, 25, 33,   0, -33, 25},  // L
  {0x004D,  5321, 41, 33,   0, -33, 41},  // M
  {0x004E,  5519, 33, 33,   0, -33, 33},  // N
  {0x004F,  5684, 35, 34,   0, -33, 35},  // O
  {0x0050,  5854, 29, 33,   0, -33, 29},  // P
  {0x0051,  5986, 35, 36,   0, -33, 35},  // Q
  {0x0052,  6166, 29, 33,   0, -33, 29},  // R
  {0x0053,  6298, 29, 34,   0, -33, 29},  // S
  {0x0054,  6434, 30, 33,   0, -33, 30},  // T
  {0x0055,  6566, 32, 34,   0, -33, 32},  // U
  {0x0056,  6702, 33, 33,   0, -33, 33},  // V
  {0x0057,  6867, 46, 33,   0, -33, 46},  // W
  {0x0058,  7065, 32, 33,   0, -33, 32},  // X
  {0x0059,  7197, 32, 33,   0, -33, 32},  // Y
  {0x005A,  7329, 29, 33,   0, -33, 29},  // Z
  {0x005B,  7461, 18, 44,   0, -34, 18},  // [
  {0x005C,  7593, 17, 40,   0, -35, 17},  // \
  {0x005D,  7713, 18, 44,   0, -34, 18},  // ]
  {0x005E,  7845, 21, 32,   0, -32, 21},  // ^
  {0x005F,  7941, 23,  6,  -1,   0, 21},  // _
  {0x0060,  7959, 22, 35,   0, -35, 22},  // `
  {0x0061,  8064, 26, 26,   0, -25, 26},  // a
  {0x0062,  8168, 28, 34,   0, -33, 28},  // b
  {0x0063,  8304, 26, 26,   0, -25, 26},  // c
  {0x0064,  8408, 28, 34,   0, -33, 28},  // d
  {0x0065,  8544, 26, 26,   0, -25, 26},  // e
  {0x0066,  8648, 17, 35,   0, -35, 17},  // f
  {0x0067,  8753, 28, 35,   0, -25, 28},  // g
  {0x0068,  8893, 28, 33,   0, -33, 28},  // h
  {0x0069,  9025, 12, 35,   0, -35, 12},  // i
  {0x006A,  9095, 14, 45,  -2, -35, 12},  // j
  {0x006B,  9185, 26, 33,   0, -33, 26},  // k
  {0x006C,  9317, 12, 33,   0, -33, 12},  // l
  {0x006D,  9383, 40, 25,   0, -25, 40},  // m
  {0x006E,  9508, 28, 25,   0, -25, 28},  // n
  {0x006F,  9608, 27, 26,   0, -25, 27},  // o
  {0x0070,  9712, 28, 35,   0, -25, 28},  // p
  {0x0071,  9852, 28, 35,   0, -25, 28},  // q
  {0x0072,  9992, 18, 25,   0, -25, 18},  // r
  {0x0073, 10067, 25, 26,   0, -25, 25},  // s
  {0x0074, 10171, 17, 32,   0, -31, 17},  // t
  {0x0075, 10267, 27, 26,   0, -25, 27},  // u
  {0x0076, 10371, 26, 25,   0, -25, 26},  // v
  {0x0077, 10471, 38, 25,   0, -25, 38},  // w
  {0x0078, 10596, 25, 25,   0, -25, 25},  // x
  {0x0079, 10696, 26, 35,   0, -25, 26},  // y
  {0x007A, 10836, 25, 25,   0, -25, 25},  // z
  {0x007B, 10936, 18, 44,   0, -34, 18},  // {
  {0x007C, 11068, 16, 43,   0, -38, 16},  // |
  {0x007D, 11154, 18, 44,   0, -34, 18},  // }
  {0x007E, 11286, 30, 17,   0, -17, 30},  // ~
  {0x00B7, 11354, 13, 18,   0, -18, 13},  // ·
  {0xACE0, 11390, 40, 34,   0, -34, 40},  // 고
  {0xAD6D, 11560, 40, 40,   0, -35, 40},  // 국
  {0xAE00, 11760, 40, 40,   0, -36, 40},  // 글
  {0xAE30, 11960, 40, 42,   0, -37, 40},  // 기
  {0xB2E4, 12170, 40, 42,   0, -37, 40},  // 다
  {0xB300, 12380, 40, 42,   0, -37, 40},  // 대
  {0xB354, 12590, 40, 42,   0, -37, 40},  // 더
  {0xB4DC, 12800, 40, 34,   0, -34, 40},  // 드
  {0xB514, 12970, 40, 42,   0, -37, 40},  // 디
  {0xB78C, 13180, 40, 41,   0, -37, 40},  // 람
  {0xB80C, 13385, 40, 41,   0, -37, 40},  // 렌
  {0xB9C1, 13590, 40, 42,   0, -37, 40},  // 링
  {0xBBFC, 13800, 40, 41,   0, -37, 40},  // 민
  {0xBC14, 14005, 40, 42,   0, -37, 40},  // 바
  {0xC11C, 14215, 40, 42,   0, -37, 40},  // 서
  {0xC11E, 14425, 40, 42,   0, -37, 40},  // 섞
  {0xC220, 14635, 40, 41,   0, -37, 40},  // 술
  {0xC2A4, 14840, 40, 35,   0, -35, 40},  // 스
  {0xC2DC, 15015, 40, 42,   0, -37, 40},  // 시
  {0xC5B4, 15225, 40, 42,   0, -37, 40},  // 어
  {0xC5D0, 15435, 40, 42,   0, -37, 40},  // 에
  {0xC6B8, 15645, 40, 41,   0, -37, 40},  // 울
  {0xC6E8, 15850, 40, 42,   0, -37, 40},  // 웨
  {0xC744, 16060, 40, 41,   0, -37, 40},  // 을
  {0xC778, 16265, 40, 41,   0, -37, 40},  // 인
  {0xC790, 16470, 40, 42,   0, -37, 40},  // 자
  {0xC804, 16680, 40, 41,   0, -37, 40},  // 전
  {0xC950, 16885, 40, 42,   0, -37, 40},  // 쥐
  {0xCCC7, 17095, 40, 41,   0, -37, 40},  // 쳇
  {0xD034, 17300, 40, 42,   0, -37, 40},  // 퀴
  {0xD06C, 17510, 40, 34,   0, -34, 40},  // 크
  {0xD0C0, 17680, 40, 42,   0, -37, 40},  // 타
  {0xD15C, 17890, 40, 41,   0, -37, 40},  // 템
  {0xD30C, 18095, 40, 42,   0, -37, 40},  // 파
  {0xD558, 18305, 40, 42,   0, -37, 40},  // 하
  {0xD55C, 18515, 40, 41,   0, -37, 40},  // 한
  {0xD5CC, 18720, 40, 41,   0, -37, 40},  // 헌
  {0xD5D8, 18925, 40, 42,   0, -38, 40},  // 험
};

static const KFont pre_b46 = { pre_b46_bits, pre_b46_glyphs, 134, 44, 56 };
