// Pretendard-Medium.otf 48px 에서 자동 생성. tools/build_fonts.py 를 다시 돌려서 고칠 것.
// 글자 134개, 비트맵 21308바이트
#pragma once
#include "kfont.h"

static const uint8_t pre_m48_bits[] = {
  0x0F,0x80,0x0F,0x80,0x0F,0x80,0x0F,0x80,0x0F,0x80,0x0F,0x80,0x0F,0x80,0x0F,0x80,
  0x0F,0x80,0x0F,0x80,0x0F,0x80,0x0F,0x80,0x0F,0x80,0x0F,0x80,0x0F,0x80,0x0F,0x80,
  0x0F,0x80,0x0F,0x80,0x0F,0x80,0x0F,0x80,0x0F,0x80,0x0F,0x80,0x0F,0x80,0x0F,0x80,
  0x00,0x00,0x00,0x00,0x00,0x00,0x00,0x00,0x0F,0x80,0x0F,0x80,0x1F,0xC0,0x1F,0xC0,
  0x0F,0x80,0x0F,0x80,0x00,0x00,0x1E,0x1E,0x00,0x1E,0x1E,0x00,0x1E,0x1E,0x00,0x1E,
  0x1E,0x00,0x1E,0x1E,0x00,0x1E,0x1E,0x00,0x1E,0x1E,0x00,0x1E,0x1E,0x00,0x1E,0x1E,
  0x00,0x1E,0x1E,0x00,0x1E,0x1E,0x00,0x1E,0x1E,0x00,0x00,0x00,0x00,0x00,0x00,0x00,
  0x00,0x00,0x00,0x00,0x00,0x00,0x00,0x00,0x00,0x00,0x00,0x00,0x00,0x00,0x00,0x00,
  0x00,0x00,0x00,0x00,0x00,0x00,0x00,0x00,0x00,0x00,0x00,0x00,0x00,0x00,0x00,0x00,
  0x00,0x00,0x00,0x00,0x00,0x00,0x00,0x00,0x00,0x00,0x00,0x00,0x00,0x00,0x00,0x00,
  0x00,0x00,0x00,0x00,0x00,0x00,0x00,0x00,0x00,0x00,0x00,0x00,0x00,0x78,0x07,0x80,
  0x00,0x78,0x07,0x80,0x00,0x78,0x07,0x80,0x00,0x78,0x07,0x80,0x00,0x78,0x07,0x80,
  0x00,0xF8,0x0F,0x00,0x00,0xF0,0x0F,0x00,0x00,0xF0,0x0F,0x00,0x00,0xF0,0x0F,0x00,
  0x1F,0xFF,0xFF,0xF8,0x1F,0xFF,0xFF,0xF8,0x1F,0xFF,0xFF,0xF0,0x3F,0xFF,0xFF,0xF0,
  0x01,0xE0,0x1E,0x00,0x01,0xE0,0x1E,0x00,0x01,0xE0,0x1E,0x00,0x01,0xE0,0x1E,0x00,
  0x01,0xE0,0x3C,0x00,0x03,0xC0,0x3C,0x00,0x03,0xC0,0x3C,0x00,0x03,0xC0,0x3C,0x00,
  0x7F,0xFF,0xFF,0xE0,0x7F,0xFF,0xFF,0xE0,0x7F,0xFF,0xFF,0xC0,0x7F,0xFF,0xFF,0xC0,
  0x07,0x80,0x78,0x00,0x07,0x80,0x78,0x00,0x07,0x80,0x78,0x00,0x07,0x80,0x78,0x00,
  0x07,0x80,0xF8,0x00,0x0F,0x00,0xF0,0x00,0x0F,0x00,0xF0,0x00,0x0F,0x00,0xF0,0x00,
  0x0F,0x00,0xF0,0x00,0x00,0x00,0x00,0x00,0x00,0x07,0x00,0x00,0x00,0x07,0x00,0x00,
  0x00,0x07,0x00,0x00,0x00,0x07,0x00,0x00,0x00,0x3F,0xF0,0x00,0x00,0xFF,0xFC,0x00,
  0x03,0xFF,0xFF,0x00,0x07,0xFF,0xFF,0x80,0x0F,0xF7,0x3F,0xC0,0x0F,0xC7,0x0F,0xC0,
  0x1F,0x87,0x07,0xC0,0x1F,0x07,0x07,0xE0,0x1F,0x07,0x03,0xE0,0x1F,0x07,0x00,0x00,
  0x1F,0x87,0x00,0x00,0x1F,0x87,0x00,0x00,0x0F,0xC7,0x00,0x00,0x0F,0xF7,0x00,0x00,
  0x07,0xFF,0x00,0x00,0x03,0xFF,0xE0,0x00,0x01,0xFF,0xFC,0x00,0x00,0x3F,0xFE,0x00,
  0x00,0x0F,0xFF,0x80,0x00,0x07,0xFF,0xC0,0x00,0x07,0x1F,0xC0,0x00,0x07,0x07,0xE0,
  0x00,0x07,0x03,0xE0,0x00,0x07,0x03,0xE0,0x00,0x07,0x03,0xE0,0x3F,0x07,0x03,0xE0,
  0x3F,0x07,0x03,0xE0,0x1F,0x07,0x07,0xE0,0x1F,0x87,0x0F,0xE0,0x0F,0xE7,0x3F,0xC0,
  0x0F,0xFF,0xFF,0x80,0x07,0xFF,0xFF,0x00,0x01,0xFF,0xFE,0x00,0x00,0x7F,0xF8,0x00,
  0x00,0x07,0x80,0x00,0x00,0x07,0x00,0x00,0x00,0x07,0x00,0x00,0x00,0x07,0x00,0x00,
  0x00,0x00,0x00,0x00,0x00,0x70,0x00,0x00,0x00,0x00,0x01,0xFE,0x00,0x01,0xE0,0x00,
  0x03,0xFF,0x00,0x03,0xC0,0x00,0x07,0xFF,0x00,0x07,0x80,0x00,0x07,0x87,0x80,0x0F,
  0x80,0x00,0x0F,0x07,0x80,0x0F,0x00,0x00,0x0F,0x03,0xC0,0x1E,0x00,0x00,0x0F,0x03,
  0xC0,0x3E,0x00,0x00,0x0F,0x03,0xC0,0x3C,0x00,0x00,0x0F,0x03,0xC0,0x78,0x00,0x00,
  0x0F,0x03,0xC0,0xF8,0x00,0x00,0x0F,0x03,0xC0,0xF0,0x00,0x00,0x0F,0x07,0x81,0xE0,
  0x00,0x00,0x07,0x8F,0x83,0xE0,0x00,0x00,0x07,0xFF,0x03,0xC0,0x00,0x00,0x03,0xFE,
  0x07,0x80,0x00,0x00,0x00,0xFC,0x0F,0x00,0x00,0x00,0x00,0x00,0x0F,0x00,0x00,0x00,
  0x00,0x00,0x1E,0x00,0x00,0x00,0x00,0x00,0x3C,0x07,0xE0,0x00,0x00,0x00,0x7C,0x0F,
  0xF8,0x00,0x00,0x00,0x78,0x1F,0xFC,0x00,0x00,0x00,0xF0,0x3E,0x3C,0x00,0x00,0x01,
  0xF0,0x3C,0x1E,0x00,0x00,0x01,0xE0,0x78,0x1E,0x00,0x00,0x03,0xC0,0x78,0x1E,0x00,
  0x00,0x07,0xC0,0x78,0x1E,0x00,0x00,0x07,0x80,0x78,0x1E,0x00,0x00,0x0F,0x00,0x78,
  0x1E,0x00,0x00,0x1F,0x00,0x78,0x1E,0x00,0x00,0x1E,0x00,0x3C,0x1E,0x00,0x00,0x3C,
  0x00,0x3C,0x3C,0x00,0x00,0x78,0x00,0x3F,0xFC,0x00,0x00,0x78,0x00,0x1F,0xF8,0x00,
  0x00,0xF0,0x00,0x0F,0xF0,0x00,0x00,0x00,0x00,0x03,0xC0,0x00,0x00,0x00,0x00,0x00,
  0x00,0x7F,0x80,0x00,0x00,0xFF,0xE0,0x00,0x01,0xFF,0xF0,0x00,0x03,0xFF,0xF8,0x00,
  0x07,0xE1,0xF8,0x00,0x07,0xC0,0x7C,0x00,0x07,0xC0,0x7C,0x00,0x07,0x80,0x7C,0x00,
  0x07,0xC0,0x7C,0x00,0x07,0xC0,0x78,0x00,0x07,0xC0,0xF8,0x00,0x03,0xE3,0xF0,0x00,
  0x03,0xF7,0xF0,0x00,0x01,0xFF,0xE0,0x00,0x01,0xFF,0xC0,0x00,0x00,0xFF,0x00,0x00,
  0x00,0xFE,0x00,0x00,0x03,0xFF,0x00,0x00,0x07,0xFF,0x80,0x00,0x0F,0xEF,0x81,0xF0,
  0x1F,0xCF,0xC1,0xE0,0x1F,0x87,0xE1,0xE0,0x3F,0x03,0xF3,0xE0,0x3E,0x01,0xFB,0xE0,
  0x3E,0x00,0xFF,0xE0,0x3E,0x00,0x7F,0xC0,0x3E,0x00,0x3F,0xC0,0x3F,0x00,0x3F,0x80,
  0x1F,0x80,0x3F,0x80,0x1F,0xC0,0xFF,0xC0,0x0F,0xFF,0xFF,0xE0,0x07,0xFF,0xFF,0xF0,
  0x03,0xFF,0xF1,0xF0,0x00,0xFF,0xC0,0xF8,0x00,0x00,0x00,0x00,0x1E,0x00,0x1E,0x00,
  0x1E,0x00,0x1E,0x00,0x1E,0x00,0x1E,0x00,0x1E,0x00,0x1E,0x00,0x1E,0x00,0x1E,0x00,
  0x1E,0x00,0x1E,0x00,0x00,0x00,0x00,0x00,0x00,0x00,0x00,0x00,0x00,0x00,0x00,0x00,
  0x00,0x00,0x00,0x00,0x00,0x00,0x00,0x00,0x00,0x00,0x00,0x00,0x00,0x00,0x00,0x00,
  0x00,0x00,0x00,0x00,0x00,0x00,0x00,0x00,0x00,0x00,0x00,0x00,0x00,0x00,0x00,0x00,
  0x00,0x00,0x00,0x00,0x3E,0x00,0x00,0x3C,0x00,0x00,0x7C,0x00,0x00,0x78,0x00,0x00,
  0xF8,0x00,0x00,0xF8,0x00,0x01,0xF0,0x00,0x01,0xF0,0x00,0x03,0xF0,0x00,0x03,0xE0,
  0x00,0x03,0xE0,0x00,0x03,0xE0,0x00,0x07,0xE0,0x00,0x07,0xC0,0x00,0x07,0xC0,0x00,
  0x07,0xC0,0x00,0x0F,0xC0,0x00,0x0F,0xC0,0x00,0x0F,0x80,0x00,0x0F,0x80,0x00,0x0F,
  0x80,0x00,0x0F,0x80,0x00,0x0F,0x80,0x00,0x0F,0x80,0x00,0x0F,0x80,0x00,0x0F,0x80,
  0x00,0x0F,0xC0,0x00,0x0F,0xC0,0x00,0x07,0xC0,0x00,0x07,0xC0,0x00,0x07,0xC0,0x00,
  0x07,0xC0,0x00,0x07,0xE0,0x00,0x03,0xE0,0x00,0x03,0xE0,0x00,0x03,0xE0,0x00,0x01,
  0xF0,0x00,0x01,0xF0,0x00,0x00,0xF8,0x00,0x00,0xF8,0x00,0x00,0x78,0x00,0x00,0x7C,
  0x00,0x00,0x3C,0x00,0x00,0x3E,0x00,0x00,0x1E,0x00,0x00,0x00,0x00,0x3E,0x00,0x00,
  0x1E,0x00,0x00,0x1F,0x00,0x00,0x0F,0x00,0x00,0x0F,0x80,0x00,0x07,0x80,0x00,0x07,
  0xC0,0x00,0x07,0xC0,0x00,0x03,0xE0,0x00,0x03,0xE0,0x00,0x03,0xE0,0x00,0x03,0xF0,
  0x00,0x01,0xF0,0x00,0x01,0xF0,0x00,0x01,0xF0,0x00,0x01,0xF8,0x00,0x01,0xF8,0x00,
  0x00,0xF8,0x00,0x00,0xF8,0x00,0x00,0xF8,0x00,0x00,0xF8,0x00,0x00,0xF8,0x00,0x00,
  0xF8,0x00,0x00,0xF8,0x00,0x00,0xF8,0x00,0x00,0xF8,0x00,0x00,0xF8,0x00,0x01,0xF8,
  0x00,0x01,0xF8,0x00,0x01,0xF0,0x00,0x01,0xF0,0x00,0x01,0xF0,0x00,0x03,0xF0,0x00,
  0x03,0xE0,0x00,0x03,0xE0,0x00,0x03,0xE0,0x00,0x07,0xC0,0x00,0x07,0xC0,0x00,0x07,
  0xC0,0x00,0x0F,0x80,0x00,0x0F,0x80,0x00,0x1F,0x00,0x00,0x1E,0x00,0x00,0x3E,0x00,
  0x00,0x3C,0x00,0x00,0x00,0x3C,0x00,0x00,0x3C,0x00,0x00,0x3C,0x00,0x00,0x38,0x00,
  0x0C,0x38,0x70,0x1F,0x38,0xF8,0x1F,0xBB,0xF8,0x07,0xFF,0xE0,0x01,0xFF,0x80,0x00,
  0xFE,0x00,0x01,0xFF,0x80,0x07,0xFF,0xC0,0x1F,0xFF,0xF0,0x1F,0x39,0xF8,0x0E,0x38,
  0x70,0x08,0x38,0x00,0x00,0x3C,0x00,0x00,0x3C,0x00,0x00,0x3C,0x00,0x00,0x00,0x00,
  0x00,0x00,0x00,0x00,0x00,0x00,0x00,0x00,0x00,0x00,0x00,0x00,0x00,0x00,0x00,0x00,
  0x00,0x00,0x00,0x00,0x00,0x00,0x00,0x00,0x00,0x00,0x00,0x00,0x00,0x00,0x00,0x00,
  0x00,0x00,0x00,0x00,0x00,0x00,0x00,0x00,0x00,0x00,0x00,0x07,0x80,0x00,0x00,0x07,
  0x80,0x00,0x00,0x07,0x80,0x00,0x00,0x07,0x80,0x00,0x00,0x07,0x80,0x00,0x00,0x07,
  0x80,0x00,0x00,0x07,0x80,0x00,0x00,0x07,0x80,0x00,0x00,0x07,0x80,0x00,0x0F,0xFF,
  0xFF,0xC0,0x0F,0xFF,0xFF,0xC0,0x0F,0xFF,0xFF,0xC0,0x0F,0xFF,0xFF,0xC0,0x0F,0xFF,
  0xFF,0xC0,0x00,0x07,0x80,0x00,0x00,0x07,0x80,0x00,0x00,0x07,0x80,0x00,0x00,0x07,
  0x80,0x00,0x00,0x07,0x80,0x00,0x00,0x07,0x80,0x00,0x00,0x07,0x80,0x00,0x00,0x07,
  0x80,0x00,0x00,0x07,0x80,0x00,0x00,0x00,0x00,0x00,0x00,0x00,0x00,0x00,0x00,0x00,
  0x0F,0x80,0x0F,0x80,0x1F,0x00,0x1F,0x00,0x1F,0x00,0x1E,0x00,0x1E,0x00,0x3E,0x00,
  0x3E,0x00,0x3C,0x00,0x3C,0x00,0x3C,0x00,0x38,0x00,0x00,0x00,0x00,0x1F,0xFF,0xC0,
  0x1F,0xFF,0xC0,0x1F,0xFF,0xC0,0x1F,0xFF,0xC0,0x00,0x00,0x00,0x00,0x00,0x00,0x00,
  0x00,0x00,0x00,0x00,0x00,0x00,0x00,0x00,0x00,0x00,0x00,0x00,0x00,0x00,0x00,0x00,
  0x00,0x00,0x00,0x00,0x00,0x00,0x00,0x00,0x00,0x00,0x00,0x00,0x00,0x00,0x00,0x0F,
  0x00,0x1F,0x80,0x1F,0xC0,0x1F,0xC0,0x1F,0x80,0x0F,0x00,0x00,0x00,0x00,0x0E,0x00,
  0x00,0x1F,0x00,0x00,0x1E,0x00,0x00,0x1E,0x00,0x00,0x3E,0x00,0x00,0x3E,0x00,0x00,
  0x3C,0x00,0x00,0x3C,0x00,0x00,0x7C,0x00,0x00,0x7C,0x00,0x00,0x78,0x00,0x00,0x78,
  0x00,0x00,0xF8,0x00,0x00,0xF0,0x00,0x00,0xF0,0x00,0x01,0xF0,0x00,0x01,0xF0,0x00,
  0x01,0xE0,0x00,0x01,0xE0,0x00,0x03,0xE0,0x00,0x03,0xE0,0x00,0x03,0xC0,0x00,0x03,
  0xC0,0x00,0x07,0xC0,0x00,0x07,0xC0,0x00,0x07,0x80,0x00,0x07,0x80,0x00,0x0F,0x80,
  0x00,0x0F,0x00,0x00,0x0F,0x00,0x00,0x1F,0x00,0x00,0x1F,0x00,0x00,0x1E,0x00,0x00,
  0x1E,0x00,0x00,0x3E,0x00,0x00,0x3E,0x00,0x00,0x3C,0x00,0x00,0x3C,0x00,0x00,0x7C,
  0x00,0x00,0x78,0x00,0x00,0x78,0x00,0x00,0x00,0x00,0x00,0x00,0x00,0x00,0x00,0x00,
  0x3F,0xE0,0x00,0x00,0x7F,0xF8,0x00,0x01,0xFF,0xFC,0x00,0x03,0xFF,0xFE,0x00,0x07,
  0xF0,0x7F,0x00,0x07,0xE0,0x1F,0x80,0x0F,0xC0,0x0F,0x80,0x0F,0x80,0x0F,0xC0,0x0F,
  0x80,0x07,0xC0,0x1F,0x80,0x07,0xC0,0x1F,0x00,0x07,0xE0,0x1F,0x00,0x03,0xE0,0x1F,
  0x00,0x03,0xE0,0x1F,0x00,0x03,0xE0,0x3F,0x00,0x03,0xE0,0x3F,0x00,0x03,0xE0,0x3F,
  0x00,0x03,0xE0,0x3F,0x00,0x03,0xE0,0x3F,0x00,0x03,0xE0,0x3F,0x00,0x03,0xE0,0x1F,
  0x00,0x03,0xE0,0x1F,0x00,0x03,0xE0,0x1F,0x00,0x03,0xE0,0x1F,0x00,0x07,0xE0,0x1F,
  0x00,0x07,0xC0,0x0F,0x80,0x07,0xC0,0x0F,0x80,0x0F,0xC0,0x0F,0xC0,0x0F,0x80,0x07,
  0xE0,0x1F,0x80,0x07,0xF0,0x7F,0x00,0x03,0xFF,0xFE,0x00,0x01,0xFF,0xFE,0x00,0x00,
  0xFF,0xF8,0x00,0x00,0x3F,0xF0,0x00,0x00,0x00,0x00,0x00,0x00,0x3F,0x00,0x00,0x7F,
  0x00,0x01,0xFF,0x00,0x03,0xFF,0x00,0x0F,0xFF,0x00,0x1F,0xFF,0x00,0x3F,0x9F,0x00,
  0x3E,0x1F,0x00,0x38,0x1F,0x00,0x30,0x1F,0x00,0x00,0x1F,0x00,0x00,0x1F,0x00,0x00,
  0x1F,0x00,0x00,0x1F,0x00,0x00,0x1F,0x00,0x00,0x1F,0x00,0x00,0x1F,0x00,0x00,0x1F,
  0x00,0x00,0x1F,0x00,0x00,0x1F,0x00,0x00,0x1F,0x00,0x00,0x1F,0x00,0x00,0x1F,0x00,
  0x00,0x1F,0x00,0x00,0x1F,0x00,0x00,0x1F,0x00,0x00,0x1F,0x00,0x00,0x1F,0x00,0x00,
  0x1F,0x00,0x00,0x1F,0x00,0x00,0x1F,0x00,0x00,0x1F,0x00,0x00,0x1F,0x00,0x00,0x1F,
  0x00,0x00,0x00,0x00,0x00,0x00,0x7F,0xE0,0x00,0x01,0xFF,0xF8,0x00,0x03,0xFF,0xFC,
  0x00,0x07,0xFF,0xFE,0x00,0x0F,0xE0,0x7F,0x00,0x0F,0xC0,0x1F,0x00,0x0F,0x80,0x1F,
  0x80,0x1F,0x00,0x0F,0x80,0x1F,0x00,0x0F,0x80,0x1F,0x00,0x0F,0x80,0x00,0x00,0x0F,
  0x80,0x00,0x00,0x0F,0x80,0x00,0x00,0x1F,0x80,0x00,0x00,0x1F,0x00,0x00,0x00,0x3F,
  0x00,0x00,0x00,0x7E,0x00,0x00,0x00,0x7C,0x00,0x00,0x00,0xFC,0x00,0x00,0x01,0xF8,
  0x00,0x00,0x03,0xF0,0x00,0x00,0x07,0xE0,0x00,0x00,0x0F,0xC0,0x00,0x00,0x1F,0x80,
  0x00,0x00,0x3F,0x00,0x00,0x00,0x7E,0x00,0x00,0x00,0xFC,0x00,0x00,0x01,0xF8,0x00,
  0x00,0x03,0xF0,0x00,0x00,0x07,0xE0,0x00,0x00,0x0F,0xE0,0x00,0x00,0x1F,0xFF,0xFF,
  0xC0,0x1F,0xFF,0xFF,0xC0,0x1F,0xFF,0xFF,0xC0,0x1F,0xFF,0xFF,0xC0,0x00,0x00,0x00,
  0x00,0x00,0x3F,0xF0,0x00,0x00,0xFF,0xFC,0x00,0x01,0xFF,0xFE,0x00,0x03,0xFF,0xFF,
  0x00,0x07,0xF0,0x3F,0x80,0x0F,0xC0,0x1F,0x80,0x0F,0x80,0x0F,0xC0,0x0F,0x80,0x07,
  0xC0,0x0F,0x80,0x07,0xC0,0x00,0x00,0x07,0xC0,0x00,0x00,0x07,0xC0,0x00,0x00,0x0F,
  0xC0,0x00,0x00,0x0F,0x80,0x00,0x00,0x3F,0x00,0x00,0x03,0xFE,0x00,0x00,0x0F,0xFC,
  0x00,0x00,0x0F,0xF0,0x00,0x00,0x0F,0xFE,0x00,0x00,0x0F,0xFF,0x00,0x00,0x00,0x3F,
  0x80,0x00,0x00,0x0F,0xC0,0x00,0x00,0x07,0xE0,0x00,0x00,0x03,0xE0,0x00,0x00,0x03,
  0xE0,0x00,0x00,0x03,0xE0,0x1F,0x00,0x03,0xE0,0x1F,0x00,0x03,0xE0,0x1F,0x80,0x07,
  0xE0,0x0F,0xC0,0x0F,0xC0,0x0F,0xF0,0x3F,0xC0,0x07,0xFF,0xFF,0x80,0x03,0xFF,0xFF,
  0x00,0x01,0xFF,0xFE,0x00,0x00,0x7F,0xF0,0x00,0x00,0x00,0x00,0x00,0x00,0x00,0x7F,
  0x00,0x00,0x00,0xFF,0x00,0x00,0x00,0xFF,0x00,0x00,0x01,0xFF,0x00,0x00,0x03,0xFF,
  0x00,0x00,0x03,0xFF,0x00,0x00,0x07,0xFF,0x00,0x00,0x0F,0xDF,0x00,0x00,0x0F,0x9F,
  0x00,0x00,0x1F,0x1F,0x00,0x00,0x3F,0x1F,0x00,0x00,0x3E,0x1F,0x00,0x00,0x7C,0x1F,
  0x00,0x00,0x7C,0x1F,0x00,0x00,0xF8,0x1F,0x00,0x01,0xF0,0x1F,0x00,0x01,0xF0,0x1F,
  0x00,0x03,0xE0,0x1F,0x00,0x07,0xC0,0x1F,0x00,0x07,0xC0,0x1F,0x00,0x0F,0x80,0x1F,
  0x00,0x1F,0x00,0x1F,0x00,0x1F,0x00,0x1F,0x00,0x3F,0xFF,0xFF,0xF0,0x3F,0xFF,0xFF,
  0xF0,0x3F,0xFF,0xFF,0xF0,0x3F,0xFF,0xFF,0xF0,0x00,0x00,0x3F,0x00,0x00,0x00,0x1F,
  0x00,0x00,0x00,0x1F,0x00,0x00,0x00,0x1F,0x00,0x00,0x00,0x1F,0x00,0x00,0x00,0x1F,
  0x00,0x00,0x00,0x1F,0x00,0x03,0xFF,0xFF,0x80,0x03,0xFF,0xFF,0x80,0x07,0xFF,0xFF,
  0x80,0x07,0xFF,0xFF,0x80,0x07,0xC0,0x00,0x00,0x07,0xC0,0x00,0x00,0x07,0xC0,0x00,
  0x00,0x07,0xC0,0x00,0x00,0x07,0x80,0x00,0x00,0x07,0x80,0x00,0x00,0x0F,0x80,0x00,
  0x00,0x0F,0x80,0x00,0x00,0x0F,0x8F,0xF0,0x00,0x0F,0xBF,0xFC,0x00,0x0F,0xFF,0xFE,
  0x00,0x0F,0xFF,0xFF,0x00,0x0F,0xE0,0x7F,0x80,0x0F,0xC0,0x1F,0x80,0x0F,0x80,0x0F,
  0xC0,0x00,0x00,0x07,0xC0,0x00,0x00,0x07,0xC0,0x00,0x00,0x07,0xC0,0x00,0x00,0x03,
  0xE0,0x00,0x00,0x03,0xE0,0x00,0x00,0x07,0xC0,0x1F,0x00,0x07,0xC0,0x1F,0x00,0x07,
  0xC0,0x1F,0x80,0x0F,0xC0,0x0F,0xC0,0x1F,0x80,0x0F,0xF0,0x3F,0x80,0x07,0xFF,0xFF,
  0x00,0x03,0xFF,0xFE,0x00,0x01,0xFF,0xFC,0x00,0x00,0x7F,0xF0,0x00,0x00,0x00,0x00,
  0x00,0x00,0x00,0x00,0x00,0x00,0x1F,0xF0,0x00,0x00,0x7F,0xFC,0x00,0x00,0xFF,0xFF,
  0x00,0x01,0xFF,0xFF,0x80,0x03,0xF8,0x3F,0x80,0x07,0xE0,0x0F,0xC0,0x07,0xC0,0x07,
  0xC0,0x0F,0xC0,0x07,0xE0,0x0F,0x80,0x03,0xE0,0x0F,0x80,0x00,0x00,0x1F,0x00,0x00,
  0x00,0x1F,0x00,0x00,0x00,0x1F,0x07,0xF8,0x00,0x1F,0x1F,0xFC,0x00,0x1E,0x7F,0xFF,
  0x00,0x1E,0xFF,0xFF,0x80,0x1F,0xF8,0x3F,0xC0,0x3F,0xE0,0x0F,0xC0,0x3F,0xC0,0x07,
  0xE0,0x1F,0x80,0x07,0xE0,0x1F,0x80,0x03,0xE0,0x1F,0x00,0x03,0xE0,0x1F,0x00,0x03,
  0xE0,0x1F,0x00,0x03,0xE0,0x1F,0x00,0x03,0xE0,0x1F,0x80,0x03,0xE0,0x0F,0x80,0x07,
  0xE0,0x0F,0xC0,0x07,0xE0,0x07,0xE0,0x0F,0xC0,0x07,0xF0,0x3F,0x80,0x03,0xFF,0xFF,
  0x80,0x01,0xFF,0xFF,0x00,0x00,0xFF,0xFC,0x00,0x00,0x3F,0xF0,0x00,0x00,0x00,0x00,
  0x00,0x3F,0xFF,0xFF,0x80,0x3F,0xFF,0xFF,0x80,0x3F,0xFF,0xFF,0x80,0x3F,0xFF,0xFF,
  0x80,0x00,0x00,0x1F,0x80,0x00,0x00,0x1F,0x00,0x00,0x00,0x3F,0x00,0x00,0x00,0x3E,
  0x00,0x00,0x00,0x7E,0x00,0x00,0x00,0x7C,0x00,0x00,0x00,0xFC,0x00,0x00,0x00,0xF8,
  0x00,0x00,0x01,0xF8,0x00,0x00,0x01,0xF0,0x00,0x00,0x03,0xF0,0x00,0x00,0x03,0xE0,
  0x00,0x00,0x07,0xE0,0x00,0x00,0x07,0xC0,0x00,0x00,0x0F,0xC0,0x00,0x00,0x0F,0x80,
  0x00,0x00,0x1F,0x80,0x00,0x00,0x1F,0x00,0x00,0x00,0x3E,0x00,0x00,0x00,0x3E,0x00,
  0x00,0x00,0x7C,0x00,0x00,0x00,0x7C,0x00,0x00,0x00,0xF8,0x00,0x00,0x00,0xF8,0x00,
  0x00,0x01,0xF0,0x00,0x00,0x01,0xF0,0x00,0x00,0x03,0xE0,0x00,0x00,0x07,0xE0,0x00,
  0x00,0x07,0xC0,0x00,0x00,0x0F,0xC0,0x00,0x00,0x00,0x00,0x00,0x00,0x00,0x3F,0xF0,
  0x00,0x00,0xFF,0xFC,0x00,0x01,0xFF,0xFE,0x00,0x03,0xFF,0xFF,0x00,0x07,0xF0,0x3F,
  0x80,0x0F,0xC0,0x1F,0x80,0x0F,0x80,0x0F,0xC0,0x0F,0x80,0x07,0xC0,0x0F,0x80,0x07,
  0xC0,0x0F,0x80,0x07,0xC0,0x0F,0x80,0x07,0xC0,0x0F,0x80,0x0F,0x80,0x07,0xC0,0x0F,
  0x80,0x07,0xE0,0x3F,0x00,0x03,0xFF,0xFE,0x00,0x00,0xFF,0xFC,0x00,0x00,0x7F,0xF8,
  0x00,0x01,0xFF,0xFE,0x00,0x07,0xFF,0xFF,0x00,0x0F,0xE0,0x1F,0x80,0x0F,0x80,0x0F,
  0xC0,0x1F,0x80,0x07,0xE0,0x1F,0x00,0x03,0xE0,0x1F,0x00,0x03,0xE0,0x3F,0x00,0x03,
  0xE0,0x3F,0x00,0x03,0xE0,0x1F,0x00,0x03,0xE0,0x1F,0x80,0x07,0xE0,0x1F,0x80,0x0F,
  0xC0,0x0F,0xE0,0x3F,0xC0,0x07,0xFF,0xFF,0x80,0x03,0xFF,0xFF,0x00,0x01,0xFF,0xFE,
  0x00,0x00,0x7F,0xF8,0x00,0x00,0x00,0x00,0x00,0x00,0x00,0x00,0x00,0x00,0x3F,0xE0,
  0x00,0x00,0xFF,0xF8,0x00,0x03,0xFF,0xFE,0x00,0x07,0xFF,0xFF,0x00,0x0F,0xF0,0x7F,
  0x00,0x0F,0xC0,0x1F,0x80,0x1F,0x80,0x0F,0xC0,0x1F,0x80,0x07,0xC0,0x1F,0x00,0x07,
  0xC0,0x1F,0x00,0x03,0xE0,0x1F,0x00,0x03,0xE0,0x1F,0x00,0x03,0xE0,0x1F,0x00,0x03,
  0xE0,0x1F,0x00,0x07,0xE0,0x1F,0x80,0x07,0xE0,0x1F,0x80,0x0F,0xE0,0x0F,0xC0,0x1F,
  0xE0,0x0F,0xF0,0x7F,0xE0,0x07,0xFF,0xFB,0xE0,0x03,0xFF,0xFB,0xE0,0x01,0xFF,0xE3,
  0xE0,0x00,0x7F,0x83,0xE0,0x00,0x00,0x03,0xE0,0x00,0x00,0x03,0xE0,0x00,0x00,0x07,
  0xC0,0x1F,0x00,0x07,0xC0,0x1F,0x00,0x0F,0xC0,0x1F,0x80,0x0F,0x80,0x0F,0xC0,0x1F,
  0x80,0x0F,0xF0,0x7F,0x00,0x07,0xFF,0xFE,0x00,0x03,0xFF,0xFC,0x00,0x01,0xFF,0xF8,
  0x00,0x00,0x7F,0xE0,0x00,0x00,0x00,0x00,0x00,0x07,0x00,0x0F,0x80,0x1F,0x80,0x1F,
  0xC0,0x1F,0x80,0x0F,0x80,0x07,0x00,0x00,0x00,0x00,0x00,0x00,0x00,0x00,0x00,0x00,
  0x00,0x00,0x00,0x00,0x00,0x00,0x00,0x00,0x00,0x00,0x00,0x00,0x00,0x00,0x00,0x0F,
  0x00,0x1F,0x80,0x1F,0xC0,0x1F,0xC0,0x1F,0x80,0x0F,0x00,0x00,0x00,0x07,0x00,0x0F,
  0x80,0x1F,0x80,0x1F,0xC0,0x1F,0x80,0x0F,0x80,0x06,0x00,0x00,0x00,0x00,0x00,0x00,
  0x00,0x00,0x00,0x00,0x00,0x00,0x00,0x00,0x00,0x00,0x00,0x00,0x00,0x00,0x00,0x00,
  0x00,0x00,0x00,0x00,0x00,0x00,0x00,0x00,0x00,0x0F,0x80,0x0F,0x80,0x1F,0x00,0x1F,
  0x00,0x1F,0x00,0x1E,0x00,0x1E,0x00,0x3E,0x00,0x3E,0x00,0x3C,0x00,0x3C,0x00,0x3C,
  0x00,0x38,0x00,0x00,0x00,0x00,0x40,0x00,0x00,0x01,0xC0,0x00,0x00,0x07,0xC0,0x00,
  0x00,0x1F,0xC0,0x00,0x00,0x7F,0xC0,0x00,0x01,0xFF,0xC0,0x00,0x07,0xFE,0x00,0x00,
  0x1F,0xF8,0x00,0x00,0x7F,0xE0,0x00,0x01,0xFF,0x80,0x00,0x07,0xFE,0x00,0x00,0x0F,
  0xF0,0x00,0x00,0x0F,0xE0,0x00,0x00,0x0F,0xF0,0x00,0x00,0x0F,0xFC,0x00,0x00,0x03,
  0xFF,0x00,0x00,0x00,0xFF,0xC0,0x00,0x00,0x3F,0xF8,0x00,0x00,0x07,0xFE,0x00,0x00,
  0x01,0xFF,0x80,0x00,0x00,0x7F,0xC0,0x00,0x00,0x1F,0xC0,0x00,0x00,0x07,0xC0,0x00,
  0x00,0x01,0xC0,0x00,0x00,0x00,0x40,0x00,0x00,0x00,0x00,0x07,0xFF,0xFF,0xC0,0x07,
  0xFF,0xFF,0xC0,0x07,0xFF,0xFF,0xC0,0x07,0xFF,0xFF,0xC0,0x07,0xFF,0xFF,0xC0,0x00,
  0x00,0x00,0x00,0x00,0x00,0x00,0x00,0x00,0x00,0x00,0x00,0x00,0x00,0x00,0x00,0x00,
  0x00,0x00,0x00,0x00,0x00,0x00,0x00,0x07,0xFF,0xFF,0xC0,0x07,0xFF,0xFF,0xC0,0x07,
  0xFF,0xFF,0xC0,0x07,0xFF,0xFF,0xC0,0x00,0x00,0x00,0x00,0x00,0x00,0x00,0x00,0x00,
  0x00,0x00,0x00,0x00,0x00,0x00,0x00,0x00,0x00,0x00,0x00,0x00,0x00,0x00,0x00,0x08,
  0x00,0x00,0x00,0x0E,0x00,0x00,0x00,0x0F,0x80,0x00,0x00,0x0F,0xE0,0x00,0x00,0x0F,
  0xF8,0x00,0x00,0x07,0xFE,0x00,0x00,0x01,0xFF,0x80,0x00,0x00,0x7F,0xF0,0x00,0x00,
  0x0F,0xFC,0x00,0x00,0x03,0xFF,0x00,0x00,0x00,0xFF,0xC0,0x00,0x00,0x3F,0xC0,0x00,
  0x00,0x0F,0xC0,0x00,0x00,0x1F,0xC0,0x00,0x00,0xFF,0xC0,0x00,0x03,0xFF,0x00,0x00,
  0x0F,0xFC,0x00,0x00,0x3F,0xF0,0x00,0x00,0xFF,0xC0,0x00,0x03,0xFF,0x00,0x00,0x0F,
  0xFC,0x00,0x00,0x0F,0xF0,0x00,0x00,0x0F,0xC0,0x00,0x00,0x0F,0x00,0x00,0x00,0x0C,
  0x00,0x00,0x00,0x00,0x00,0x00,0x00,0x00,0x00,0x00,0x01,0xFF,0x80,0x07,0xFF,0xC0,
  0x0F,0xFF,0xF0,0x1F,0xFF,0xF0,0x1F,0x83,0xF8,0x3F,0x00,0xF8,0x3E,0x00,0xFC,0x3E,
  0x00,0x7C,0x3E,0x00,0x7C,0x00,0x00,0x7C,0x00,0x00,0xFC,0x00,0x00,0xFC,0x00,0x01,
  0xF8,0x00,0x03,0xF8,0x00,0x07,0xF0,0x00,0x1F,0xE0,0x00,0x3F,0x80,0x00,0x3F,0x00,
  0x00,0x7E,0x00,0x00,0x7C,0x00,0x00,0x7C,0x00,0x00,0x7C,0x00,0x00,0x78,0x00,0x00,
  0xF8,0x00,0x00,0x00,0x00,0x00,0x00,0x00,0x00,0x00,0x00,0x00,0x00,0x00,0x00,0x78,
  0x00,0x00,0xFC,0x00,0x00,0xFC,0x00,0x00,0xFC,0x00,0x00,0xFC,0x00,0x00,0x78,0x00,
  0x00,0x00,0x00,0x00,0x00,0x00,0x00,0x00,0x00,0x00,0x01,0xFF,0xE0,0x00,0x00,0x00,
  0x0F,0xFF,0xFC,0x00,0x00,0x00,0x1F,0xFF,0xFF,0x00,0x00,0x00,0x7F,0xE1,0xFF,0x80,
  0x00,0x00,0xFE,0x00,0x1F,0xC0,0x00,0x01,0xF8,0x00,0x07,0xE0,0x00,0x03,0xF0,0x00,
  0x01,0xF0,0x00,0x03,0xE0,0x00,0x00,0xF8,0x00,0x07,0xC0,0x00,0x00,0x7C,0x00,0x0F,
  0x80,0x7C,0x78,0x3C,0x00,0x0F,0x01,0xFF,0x78,0x3E,0x00,0x0F,0x03,0xFF,0xF8,0x1E,
  0x00,0x1E,0x07,0xFF,0xF8,0x1E,0x00,0x1E,0x07,0xE1,0xF8,0x1E,0x00,0x1E,0x0F,0x80,
  0xF8,0x0F,0x00,0x1E,0x0F,0x80,0x78,0x0F,0x00,0x1C,0x0F,0x80,0x78,0x0F,0x00,0x3C,
  0x0F,0x00,0x78,0x0F,0x00,0x3C,0x0F,0x00,0x78,0x0F,0x00,0x3C,0x0F,0x00,0x78,0x0F,
  0x00,0x3C,0x0F,0x00,0x78,0x0E,0x00,0x1C,0x0F,0x80,0x78,0x1E,0x00,0x1E,0x0F,0x80,
  0xF8,0x1E,0x00,0x1E,0x07,0xC1,0xF8,0x3E,0x00,0x1E,0x07,0xFF,0xFC,0x7C,0x00,0x1E,
  0x03,0xFF,0xBF,0xF8,0x00,0x0F,0x01,0xFF,0x3F,0xF0,0x00,0x0F,0x00,0xFE,0x1F,0xE0,
  0x00,0x0F,0x80,0x00,0x03,0x00,0x00,0x07,0xC0,0x00,0x00,0x00,0x00,0x03,0xE0,0x00,
  0x00,0x00,0x00,0x03,0xF0,0x00,0x00,0x00,0x00,0x01,0xFC,0x00,0x00,0x00,0x00,0x00,
  0xFF,0x00,0x18,0x00,0x00,0x00,0x7F,0xFF,0xF8,0x00,0x00,0x00,0x1F,0xFF,0xF8,0x00,
  0x00,0x00,0x07,0xFF,0xF8,0x00,0x00,0x00,0x00,0x7F,0xC0,0x00,0x00,0x00,0x07,0xE0,
  0x00,0x00,0x07,0xF0,0x00,0x00,0x0F,0xF0,0x00,0x00,0x0F,0xF0,0x00,0x00,0x1F,0xF8,
  0x00,0x00,0x1F,0xF8,0x00,0x00,0x1F,0xF8,0x00,0x00,0x3F,0x7C,0x00,0x00,0x3E,0x7C,
  0x00,0x00,0x3E,0x7C,0x00,0x00,0x7C,0x3E,0x00,0x00,0x7C,0x3E,0x00,0x00,0x7C,0x3F,
  0x00,0x00,0xF8,0x1F,0x00,0x00,0xF8,0x1F,0x00,0x00,0xF8,0x1F,0x80,0x01,0xF0,0x0F,
  0x80,0x01,0xF0,0x0F,0x80,0x03,0xF0,0x0F,0xC0,0x03,0xE0,0x07,0xC0,0x03,0xE0,0x07,
  0xC0,0x07,0xFF,0xFF,0xE0,0x07,0xFF,0xFF,0xE0,0x07,0xFF,0xFF,0xE0,0x0F,0xFF,0xFF,
  0xF0,0x0F,0x80,0x01,0xF0,0x0F,0x80,0x01,0xF8,0x1F,0x80,0x00,0xF8,0x1F,0x00,0x00,
  0xF8,0x1F,0x00,0x00,0xFC,0x3F,0x00,0x00,0x7C,0x3E,0x00,0x00,0x7C,0x7E,0x00,0x00,
  0x7E,0x7E,0x00,0x00,0x3E,0x0F,0xFF,0xF0,0x00,0x1F,0xFF,0xFC,0x00,0x1F,0xFF,0xFF,
  0x00,0x1F,0xFF,0xFF,0x80,0x1F,0x80,0xFF,0x80,0x1F,0x80,0x1F,0xC0,0x1F,0x80,0x07,
  0xC0,0x1F,0x80,0x07,0xC0,0x1F,0x80,0x07,0xE0,0x1F,0x80,0x03,0xE0,0x1F,0x80,0x07,
  0xC0,0x1F,0x80,0x07,0xC0,0x1F,0x80,0x0F,0xC0,0x1F,0x80,0x1F,0x80,0x1F,0x80,0x7F,
  0x00,0x1F,0xFF,0xFE,0x00,0x1F,0xFF,0xF8,0x00,0x1F,0xFF,0xFF,0x00,0x1F,0xFF,0xFF,
  0x80,0x1F,0x80,0x1F,0xC0,0x1F,0x80,0x07,0xE0,0x1F,0x80,0x03,0xE0,0x1F,0x80,0x03,
  0xF0,0x1F,0x80,0x01,0xF0,0x1F,0x80,0x01,0xF0,0x1F,0x80,0x01,0xF0,0x1F,0x80,0x03,
  0xF0,0x1F,0x80,0x03,0xF0,0x1F,0x80,0x07,0xE0,0x1F,0x80,0x3F,0xE0,0x1F,0xFF,0xFF,
  0xC0,0x1F,0xFF,0xFF,0x80,0x1F,0xFF,0xFE,0x00,0x1F,0xFF,0xF8,0x00,0x00,0x00,0x00,
  0x00,0x00,0x00,0x0F,0xFE,0x00,0x00,0x00,0x3F,0xFF,0x80,0x00,0x00,0x7F,0xFF,0xE0,
  0x00,0x00,0xFF,0xFF,0xF0,0x00,0x03,0xFF,0x1F,0xF8,0x00,0x03,0xF8,0x03,0xF8,0x00,
  0x07,0xF0,0x00,0xFC,0x00,0x07,0xE0,0x00,0x7E,0x00,0x0F,0xC0,0x00,0x7E,0x00,0x0F,
  0x80,0x00,0x3E,0x00,0x1F,0x80,0x00,0x3E,0x00,0x1F,0x00,0x00,0x00,0x00,0x1F,0x00,
  0x00,0x00,0x00,0x1F,0x00,0x00,0x00,0x00,0x1F,0x00,0x00,0x00,0x00,0x3F,0x00,0x00,
  0x00,0x00,0x3E,0x00,0x00,0x00,0x00,0x3E,0x00,0x00,0x00,0x00,0x3F,0x00,0x00,0x00,
  0x00,0x1F,0x00,0x00,0x00,0x00,0x1F,0x00,0x00,0x00,0x00,0x1F,0x00,0x00,0x00,0x00,
  0x1F,0x00,0x00,0x00,0x00,0x1F,0x80,0x00,0x3E,0x00,0x0F,0x80,0x00,0x3E,0x00,0x0F,
  0xC0,0x00,0x7E,0x00,0x0F,0xC0,0x00,0x7E,0x00,0x07,0xE0,0x00,0xFC,0x00,0x03,0xF8,
  0x03,0xF8,0x00,0x03,0xFF,0x1F,0xF8,0x00,0x01,0xFF,0xFF,0xF0,0x00,0x00,0x7F,0xFF,
  0xE0,0x00,0x00,0x3F,0xFF,0x80,0x00,0x00,0x0F,0xFE,0x00,0x00,0x00,0x00,0x00,0x00,
  0x00,0x0F,0xFF,0xE0,0x00,0x00,0x1F,0xFF,0xFC,0x00,0x00,0x1F,0xFF,0xFF,0x00,0x00,
  0x1F,0xFF,0xFF,0x80,0x00,0x1F,0xFF,0xFF,0xC0,0x00,0x1F,0x80,0x0F,0xE0,0x00,0x1F,
  0x80,0x07,0xF0,0x00,0x1F,0x80,0x01,0xF8,0x00,0x1F,0x80,0x01,0xF8,0x00,0x1F,0x80,
  0x00,0xFC,0x00,0x1F,0x80,0x00,0xFC,0x00,0x1F,0x80,0x00,0x7C,0x00,0x1F,0x80,0x00,
  0x7C,0x00,0x1F,0x80,0x00,0x7E,0x00,0x1F,0x80,0x00,0x3E,0x00,0x1F,0x80,0x00,0x3E,
  0x00,0x1F,0x80,0x00,0x3E,0x00,0x1F,0x80,0x00,0x3E,0x00,0x1F,0x80,0x00,0x3E,0x00,
  0x1F,0x80,0x00,0x3E,0x00,0x1F,0x80,0x00,0x7E,0x00,0x1F,0x80,0x00,0x7C,0x00,0x1F,
  0x80,0x00,0x7C,0x00,0x1F,0x80,0x00,0xFC,0x00,0x1F,0x80,0x00,0xFC,0x00,0x1F,0x80,
  0x01,0xF8,0x00,0x1F,0x80,0x01,0xF8,0x00,0x1F,0x80,0x07,0xF0,0x00,0x1F,0x80,0x0F,
  0xE0,0x00,0x1F,0x83,0xFF,0xC0,0x00,0x1F,0xFF,0xFF,0x80,0x00,0x1F,0xFF,0xFF,0x00,
  0x00,0x1F,0xFF,0xFC,0x00,0x00,0x1F,0xFF,0xE0,0x00,0x00,0x0F,0xFF,0xFF,0x80,0x1F,
  0xFF,0xFF,0x80,0x1F,0xFF,0xFF,0x80,0x1F,0xFF,0xFF,0x80,0x1F,0xFF,0xFF,0x00,0x1F,
  0x80,0x00,0x00,0x1F,0x80,0x00,0x00,0x1F,0x80,0x00,0x00,0x1F,0x80,0x00,0x00,0x1F,
  0x80,0x00,0x00,0x1F,0x80,0x00,0x00,0x1F,0x80,0x00,0x00,0x1F,0x80,0x00,0x00,0x1F,
  0x80,0x00,0x00,0x1F,0x80,0x00,0x00,0x1F,0xFF,0xFF,0x00,0x1F,0xFF,0xFF,0x00,0x1F,
  0xFF,0xFF,0x00,0x1F,0xFF,0xFF,0x00,0x1F,0x80,0x00,0x00,0x1F,0x80,0x00,0x00,0x1F,
  0x80,0x00,0x00,0x1F,0x80,0x00,0x00,0x1F,0x80,0x00,0x00,0x1F,0x80,0x00,0x00,0x1F,
  0x80,0x00,0x00,0x1F,0x80,0x00,0x00,0x1F,0x80,0x00,0x00,0x1F,0x80,0x00,0x00,0x1F,
  0x80,0x00,0x00,0x1F,0xFF,0xFF,0x80,0x1F,0xFF,0xFF,0x80,0x1F,0xFF,0xFF,0x80,0x1F,
  0xFF,0xFF,0x80,0x0F,0xFF,0xFF,0x00,0x1F,0xFF,0xFF,0x80,0x1F,0xFF,0xFF,0x80,0x1F,
  0xFF,0xFF,0x80,0x1F,0xFF,0xFF,0x00,0x1F,0x80,0x00,0x00,0x1F,0x80,0x00,0x00,0x1F,
  0x80,0x00,0x00,0x1F,0x80,0x00,0x00,0x1F,0x80,0x00,0x00,0x1F,0x80,0x00,0x00,0x1F,
  0x80,0x00,0x00,0x1F,0x80,0x00,0x00,0x1F,0x80,0x00,0x00,0x1F,0x80,0x00,0x00,0x1F,
  0xFF,0xFE,0x00,0x1F,0xFF,0xFE,0x00,0x1F,0xFF,0xFE,0x00,0x1F,0xFF,0xFE,0x00,0x1F,
  0x80,0x00,0x00,0x1F,0x80,0x00,0x00,0x1F,0x80,0x00,0x00,0x1F,0x80,0x00,0x00,0x1F,
  0x80,0x00,0x00,0x1F,0x80,0x00,0x00,0x1F,0x80,0x00,0x00,0x1F,0x80,0x00,0x00,0x1F,
  0x80,0x00,0x00,0x1F,0x80,0x00,0x00,0x1F,0x80,0x00,0x00,0x1F,0x80,0x00,0x00,0x1F,
  0x80,0x00,0x00,0x1F,0x80,0x00,0x00,0x1F,0x80,0x00,0x00,0x00,0x00,0x00,0x00,0x00,
  0x00,0x0F,0xFE,0x00,0x00,0x00,0x3F,0xFF,0x80,0x00,0x00,0x7F,0xFF,0xE0,0x00,0x01,
  0xFF,0xFF,0xF0,0x00,0x03,0xFF,0x1F,0xF8,0x00,0x03,0xF8,0x03,0xF8,0x00,0x07,0xF0,
  0x00,0xFC,0x00,0x0F,0xE0,0x00,0x7E,0x00,0x0F,0xC0,0x00,0x7E,0x00,0x0F,0x80,0x00,
  0x3E,0x00,0x1F,0x80,0x00,0x3E,0x00,0x1F,0x00,0x00,0x00,0x00,0x1F,0x00,0x00,0x00,
  0x00,0x1F,0x00,0x00,0x00,0x00,0x1F,0x00,0x00,0x00,0x00,0x3F,0x00,0x00,0x00,0x00,
  0x3E,0x00,0x00,0x00,0x00,0x3E,0x00,0x1F,0xFF,0x00,0x3F,0x00,0x1F,0xFF,0x00,0x1F,
  0x00,0x1F,0xFF,0x00,0x1F,0x00,0x1F,0xFF,0x00,0x1F,0x00,0x00,0x1F,0x00,0x1F,0x00,
  0x00,0x1F,0x00,0x1F,0x80,0x00,0x1F,0x00,0x0F,0x80,0x00,0x3E,0x00,0x0F,0xC0,0x00,
  0x3E,0x00,0x0F,0xC0,0x00,0x7E,0x00,0x07,0xE0,0x00,0xFC,0x00,0x03,0xF8,0x01,0xFC,
  0x00,0x03,0xFF,0x0F,0xF8,0x00,0x01,0xFF,0xFF,0xF0,0x00,0x00,0x7F,0xFF,0xE0,0x00,
  0x00,0x3F,0xFF,0x80,0x00,0x00,0x0F,0xFE,0x00,0x00,0x00,0x00,0x00,0x00,0x00,0x0F,
  0x80,0x00,0x3E,0x00,0x1F,0x80,0x00,0x3E,0x00,0x1F,0x80,0x00,0x3E,0x00,0x1F,0x80,
  0x00,0x3E,0x00,0x1F,0x80,0x00,0x3E,0x00,0x1F,0x80,0x00,0x3E,0x00,0x1F,0x80,0x00,
  0x3E,0x00,0x1F,0x80,0x00,0x3E,0x00,0x1F,0x80,0x00,0x3E,0x00,0x1F,0x80,0x00,0x3E,
  0x00,0x1F,0x80,0x00,0x3E,0x00,0x1F,0x80,0x00,0x3E,0x00,0x1F,0x80,0x00,0x3E,0x00,
  0x1F,0x80,0x00,0x3E,0x00,0x1F,0x80,0x00,0x7E,0x00,0x1F,0xFF,0xFF,0xFE,0x00,0x1F,
  0xFF,0xFF,0xFE,0x00,0x1F,0xFF,0xFF,0xFE,0x00,0x1F,0xFF,0xFF,0xFE,0x00,0x1F,0x80,
  0x00,0x7E,0x00,0x1F,0x80,0x00,0x3E,0x00,0x1F,0x80,0x00,0x3E,0x00,0x1F,0x80,0x00,
  0x3E,0x00,0x1F,0x80,0x00,0x3E,0x00,0x1F,0x80,0x00,0x3E,0x00,0x1F,0x80,0x00,0x3E,
  0x00,0x1F,0x80,0x00,0x3E,0x00,0x1F,0x80,0x00,0x3E,0x00,0x1F,0x80,0x00,0x3E,0x00,
  0x1F,0x80,0x00,0x3E,0x00,0x1F,0x80,0x00,0x3E,0x00,0x1F,0x80,0x00,0x3E,0x00,0x1F,
  0x80,0x00,0x3E,0x00,0x1F,0x80,0x00,0x3E,0x00,0x0F,0x80,0x1F,0x80,0x1F,0x80,0x1F,
  0x80,0x1F,0x80,0x1F,0x80,0x1F,0x80,0x1F,0x80,0x1F,0x80,0x1F,0x80,0x1F,0x80,0x1F,
  0x80,0x1F,0x80,0x1F,0x80,0x1F,0x80,0x1F,0x80,0x1F,0x80,0x1F,0x80,0x1F,0x80,0x1F,
  0x80,0x1F,0x80,0x1F,0x80,0x1F,0x80,0x1F,0x80,0x1F,0x80,0x1F,0x80,0x1F,0x80,0x1F,
  0x80,0x1F,0x80,0x1F,0x80,0x1F,0x80,0x1F,0x80,0x1F,0x80,0x1F,0x80,0x00,0x00,0x7C,
  0x00,0x00,0x00,0x7C,0x00,0x00,0x00,0x7C,0x00,0x00,0x00,0x7C,0x00,0x00,0x00,0x7C,
  0x00,0x00,0x00,0x7C,0x00,0x00,0x00,0x7C,0x00,0x00,0x00,0x7C,0x00,0x00,0x00,0x7C,
  0x00,0x00,0x00,0x7C,0x00,0x00,0x00,0x7C,0x00,0x00,0x00,0x7C,0x00,0x00,0x00,0x7C,
  0x00,0x00,0x00,0x7C,0x00,0x00,0x00,0x7C,0x00,0x00,0x00,0x7C,0x00,0x00,0x00,0x7C,
  0x00,0x00,0x00,0x7C,0x00,0x00,0x00,0x7C,0x00,0x00,0x00,0x7C,0x00,0x00,0x00,0x7C,
  0x00,0x00,0x00,0x7C,0x00,0x00,0x00,0x7C,0x00,0x00,0x00,0x7C,0x00,0x00,0x00,0x7C,
  0x00,0x3C,0x00,0xFC,0x00,0x7E,0x00,0xFC,0x00,0x3E,0x00,0xF8,0x00,0x3F,0x01,0xF8,
  0x00,0x3F,0x83,0xF8,0x00,0x1F,0xFF,0xF0,0x00,0x0F,0xFF,0xE0,0x00,0x07,0xFF,0xC0,
  0x00,0x01,0xFF,0x00,0x00,0x00,0x00,0x00,0x00,0x0F,0x80,0x01,0xF8,0x1F,0x80,0x03,
  0xF0,0x1F,0x80,0x07,0xF0,0x1F,0x80,0x0F,0xE0,0x1F,0x80,0x1F,0xC0,0x1F,0x80,0x3F,
  0x80,0x1F,0x80,0x3F,0x00,0x1F,0x80,0x7E,0x00,0x1F,0x80,0xFC,0x00,0x1F,0x81,0xF8,
  0x00,0x1F,0x83,0xF0,0x00,0x1F,0x87,0xE0,0x00,0x1F,0x8F,0xE0,0x00,0x1F,0x9F,0xC0,
  0x00,0x1F,0x9F,0x80,0x00,0x1F,0xBF,0x00,0x00,0x1F,0xFF,0x80,0x00,0x1F,0xFF,0xC0,
  0x00,0x1F,0xFF,0xC0,0x00,0x1F,0xF7,0xE0,0x00,0x1F,0xE3,0xF0,0x00,0x1F,0xC1,0xF8,
  0x00,0x1F,0x81,0xF8,0x00,0x1F,0x80,0xFC,0x00,0x1F,0x80,0x7E,0x00,0x1F,0x80,0x7F,
  0x00,0x1F,0x80,0x3F,0x00,0x1F,0x80,0x1F,0x80,0x1F,0x80,0x0F,0xC0,0x1F,0x80,0x0F,
  0xC0,0x1F,0x80,0x07,0xE0,0x1F,0x80,0x03,0xF0,0x1F,0x80,0x03,0xF8,0x1F,0x80,0x01,
  0xF8,0x0F,0x80,0x00,0x00,0x1F,0x80,0x00,0x00,0x1F,0x80,0x00,0x00,0x1F,0x80,0x00,
  0x00,0x1F,0x80,0x00,0x00,0x1F,0x80,0x00,0x00,0x1F,0x80,0x00,0x00,0x1F,0x80,0x00,
  0x00,0x1F,0x80,0x00,0x00,0x1F,0x80,0x00,0x00,0x1F,0x80,0x00,0x00,0x1F,0x80,0x00,
  0x00,0x1F,0x80,0x00,0x00,0x1F,0x80,0x00,0x00,0x1F,0x80,0x00,0x00,0x1F,0x80,0x00,
  0x00,0x1F,0x80,0x00,0x00,0x1F,0x80,0x00,0x00,0x1F,0x80,0x00,0x00,0x1F,0x80,0x00,
  0x00,0x1F,0x80,0x00,0x00,0x1F,0x80,0x00,0x00,0x1F,0x80,0x00,0x00,0x1F,0x80,0x00,
  0x00,0x1F,0x80,0x00,0x00,0x1F,0x80,0x00,0x00,0x1F,0x80,0x00,0x00,0x1F,0x80,0x00,
  0x00,0x1F,0x80,0x00,0x00,0x1F,0x80,0x00,0x00,0x1F,0xFF,0xFF,0x00,0x1F,0xFF,0xFF,
  0x00,0x1F,0xFF,0xFF,0x00,0x1F,0xFF,0xFF,0x00,0x0F,0xC0,0x00,0x01,0xFC,0x00,0x1F,
  0xC0,0x00,0x01,0xFC,0x00,0x1F,0xE0,0x00,0x01,0xFC,0x00,0x1F,0xE0,0x00,0x03,0xFC,
  0x00,0x1F,0xF0,0x00,0x03,0xFC,0x00,0x1F,0xF0,0x00,0x07,0xFC,0x00,0x1F,0xF0,0x00,
  0x07,0xFC,0x00,0x1F,0xF8,0x00,0x07,0xFC,0x00,0x1F,0xF8,0x00,0x0F,0xFC,0x00,0x1F,
  0xFC,0x00,0x0F,0xFC,0x00,0x1F,0x7C,0x00,0x1F,0x7C,0x00,0x1F,0x3C,0x00,0x1F,0x7C,
  0x00,0x1F,0x3E,0x00,0x1E,0x7C,0x00,0x1F,0x3E,0x00,0x3E,0x7C,0x00,0x1F,0x1F,0x00,
  0x3E,0x7C,0x00,0x1F,0x1F,0x00,0x7C,0x7C,0x00,0x1F,0x0F,0x00,0x7C,0x7C,0x00,0x1F,
  0x0F,0x80,0x78,0x7C,0x00,0x1F,0x0F,0x80,0xF8,0x7C,0x00,0x1F,0x07,0xC0,0xF8,0x7C,
  0x00,0x1F,0x07,0xC1,0xF0,0x7C,0x00,0x1F,0x03,0xC1,0xF0,0x7C,0x00,0x1F,0x03,0xE3,
  0xE0,0x7C,0x00,0x1F,0x03,0xE3,0xE0,0x7C,0x00,0x1F,0x01,0xF3,0xE0,0x7C,0x00,0x1F,
  0x01,0xF7,0xC0,0x7C,0x00,0x1F,0x00,0xFF,0xC0,0x7C,0x00,0x1F,0x00,0xFF,0x80,0x7C,
  0x00,0x1F,0x00,0xFF,0x80,0x7C,0x00,0x1F,0x00,0x7F,0x80,0x7C,0x00,0x1F,0x00,0x7F,
  0x00,0x7C,0x00,0x1F,0x00,0x3F,0x00,0x7C,0x00,0x1F,0x00,0x3E,0x00,0x7C,0x00,0x1F,
  0x00,0x3E,0x00,0x7C,0x00,0x0F,0x80,0x00,0x3E,0x00,0x1F,0x80,0x00,0x3E,0x00,0x1F,
  0xC0,0x00,0x3E,0x00,0x1F,0xE0,0x00,0x3E,0x00,0x1F,0xE0,0x00,0x3E,0x00,0x1F,0xF0,
  0x00,0x3E,0x00,0x1F,0xF8,0x00,0x3E,0x00,0x1F,0xF8,0x00,0x3E,0x00,0x1F,0xFC,0x00,
  0x3E,0x00,0x1F,0xFE,0x00,0x3E,0x00,0x1F,0xBE,0x00,0x3E,0x00,0x1F,0xBF,0x00,0x3E,
  0x00,0x1F,0x9F,0x80,0x3E,0x00,0x1F,0x8F,0xC0,0x3E,0x00,0x1F,0x87,0xC0,0x3E,0x00,
  0x1F,0x87,0xE0,0x3E,0x00,0x1F,0x83,0xF0,0x3E,0x00,0x1F,0x81,0xF0,0x3E,0x00,0x1F,
  0x81,0xF8,0x3E,0x00,0x1F,0x80,0xFC,0x3E,0x00,0x1F,0x80,0x7C,0x3E,0x00,0x1F,0x80,
  0x7E,0x3E,0x00,0x1F,0x80,0x3F,0x3E,0x00,0x1F,0x80,0x1F,0x3E,0x00,0x1F,0x80,0x0F,
  0xBE,0x00,0x1F,0x80,0x0F,0xFE,0x00,0x1F,0x80,0x07,0xFE,0x00,0x1F,0x80,0x03,0xFE,
  0x00,0x1F,0x80,0x03,0xFE,0x00,0x1F,0x80,0x01,0xFE,0x00,0x1F,0x80,0x00,0xFE,0x00,
  0x1F,0x80,0x00,0xFE,0x00,0x1F,0x80,0x00,0x7E,0x00,0x1F,0x80,0x00,0x3E,0x00,0x00,
  0x00,0x00,0x00,0x00,0x00,0x07,0xFE,0x00,0x00,0x00,0x3F,0xFF,0x80,0x00,0x00,0x7F,
  0xFF,0xE0,0x00,0x00,0xFF,0xFF,0xF0,0x00,0x03,0xFF,0x1F,0xF8,0x00,0x03,0xF8,0x03,
  0xFC,0x00,0x07,0xF0,0x00,0xFC,0x00,0x07,0xC0,0x00,0x7E,0x00,0x0F,0xC0,0x00,0x3E,
  0x00,0x0F,0x80,0x00,0x3F,0x00,0x1F,0x80,0x00,0x1F,0x00,0x1F,0x00,0x00,0x1F,0x00,
  0x1F,0x00,0x00,0x1F,0x00,0x1F,0x00,0x00,0x0F,0x80,0x1F,0x00,0x00,0x0F,0x80,0x3F,
  0x00,0x00,0x0F,0x80,0x3E,0x00,0x00,0x0F,0x80,0x3E,0x00,0x00,0x0F,0x80,0x3F,0x00,
  0x00,0x0F,0x80,0x1F,0x00,0x00,0x0F,0x80,0x1F,0x00,0x00,0x0F,0x80,0x1F,0x00,0x00,
  0x1F,0x00,0x1F,0x00,0x00,0x1F,0x00,0x1F,0x80,0x00,0x1F,0x00,0x0F,0x80,0x00,0x3F,
  0x00,0x0F,0xC0,0x00,0x3E,0x00,0x0F,0xC0,0x00,0x7E,0x00,0x07,0xE0,0x00,0xFC,0x00,
  0x03,0xF8,0x03,0xFC,0x00,0x03,0xFF,0x0F,0xF8,0x00,0x01,0xFF,0xFF,0xF0,0x00,0x00,
  0x7F,0xFF,0xE0,0x00,0x00,0x3F,0xFF,0x80,0x00,0x00,0x0F,0xFE,0x00,0x00,0x00,0x00,
  0x00,0x00,0x00,0x0F,0xFF,0xE0,0x00,0x1F,0xFF,0xFC,0x00,0x1F,0xFF,0xFE,0x00,0x1F,
  0xFF,0xFF,0x80,0x1F,0x81,0xFF,0x80,0x1F,0x80,0x1F,0xC0,0x1F,0x80,0x07,0xC0,0x1F,
  0x80,0x07,0xE0,0x1F,0x80,0x03,0xE0,0x1F,0x80,0x03,0xE0,0x1F,0x80,0x03,0xE0,0x1F,
  0x80,0x03,0xE0,0x1F,0x80,0x03,0xE0,0x1F,0x80,0x03,0xE0,0x1F,0x80,0x07,0xE0,0x1F,
  0x80,0x07,0xE0,0x1F,0x80,0x1F,0xC0,0x1F,0x80,0x7F,0xC0,0x1F,0xFF,0xFF,0x80,0x1F,
  0xFF,0xFF,0x00,0x1F,0xFF,0xFC,0x00,0x1F,0xFF,0xF0,0x00,0x1F,0x80,0x00,0x00,0x1F,
  0x80,0x00,0x00,0x1F,0x80,0x00,0x00,0x1F,0x80,0x00,0x00,0x1F,0x80,0x00,0x00,0x1F,
  0x80,0x00,0x00,0x1F,0x80,0x00,0x00,0x1F,0x80,0x00,0x00,0x1F,0x80,0x00,0x00,0x1F,
  0x80,0x00,0x00,0x1F,0x80,0x00,0x00,0x1F,0x80,0x00,0x00,0x00,0x00,0x00,0x00,0x00,
  0x00,0x07,0xFE,0x00,0x00,0x00,0x3F,0xFF,0x80,0x00,0x00,0x7F,0xFF,0xE0,0x00,0x00,
  0xFF,0xFF,0xF0,0x00,0x03,0xFF,0x1F,0xF8,0x00,0x03,0xF8,0x03,0xFC,0x00,0x07,0xF0,
  0x00,0xFC,0x00,0x07,0xC0,0x00,0x7E,0x00,0x0F,0xC0,0x00,0x3E,0x00,0x0F,0x80,0x00,
  0x3F,0x00,0x1F,0x80,0x00,0x1F,0x00,0x1F,0x00,0x00,0x1F,0x00,0x1F,0x00,0x00,0x1F,
  0x00,0x1F,0x00,0x00,0x0F,0x80,0x1F,0x00,0x00,0x0F,0x80,0x3F,0x00,0x00,0x0F,0x80,
  0x3E,0x00,0x00,0x0F,0x80,0x3E,0x00,0x00,0x0F,0x80,0x3F,0x00,0x00,0x0F,0x80,0x1F,
  0x00,0x00,0x0F,0x80,0x1F,0x00,0x00,0x0F,0x80,0x1F,0x00,0x00,0x1F,0x80,0x1F,0x00,
  0x00,0x1F,0x00,0x1F,0x80,0xF8,0x1F,0x00,0x0F,0x80,0x7C,0x3F,0x00,0x0F,0xC0,0x3E,
  0x3E,0x00,0x0F,0xC0,0x1F,0x7E,0x00,0x07,0xE0,0x1F,0xFC,0x00,0x03,0xF8,0x0F,0xFC,
  0x00,0x03,0xFF,0x0F,0xF8,0x00,0x01,0xFF,0xFF,0xF0,0x00,0x00,0x7F,0xFF,0xF0,0x00,
  0x00,0x3F,0xFF,0xF0,0x00,0x00,0x0F,0xFE,0xF8,0x00,0x00,0x00,0x00,0x7C,0x00,0x00,
  0x00,0x00,0x7E,0x00,0x00,0x00,0x00,0x3E,0x00,0x00,0x00,0x00,0x00,0x00,0x0F,0xFF,
  0xE0,0x00,0x1F,0xFF,0xFC,0x00,0x1F,0xFF,0xFF,0x00,0x1F,0xFF,0xFF,0x80,0x1F,0x80,
  0xFF,0xC0,0x1F,0x80,0x1F,0xC0,0x1F,0x80,0x07,0xE0,0x1F,0x80,0x07,0xE0,0x1F,0x80,
  0x03,0xE0,0x1F,0x80,0x03,0xE0,0x1F,0x80,0x03,0xE0,0x1F,0x80,0x03,0xE0,0x1F,0x80,
  0x03,0xE0,0x1F,0x80,0x03,0xE0,0x1F,0x80,0x07,0xE0,0x1F,0x80,0x0F,0xC0,0x1F,0x80,
  0x3F,0xC0,0x1F,0xFF,0xFF,0x80,0x1F,0xFF,0xFF,0x00,0x1F,0xFF,0xFE,0x00,0x1F,0xFF,
  0xF8,0x00,0x1F,0x80,0xFC,0x00,0x1F,0x80,0x7C,0x00,0x1F,0x80,0x7E,0x00,0x1F,0x80,
  0x3E,0x00,0x1F,0x80,0x3F,0x00,0x1F,0x80,0x1F,0x80,0x1F,0x80,0x1F,0x80,0x1F,0x80,
  0x0F,0xC0,0x1F,0x80,0x0F,0xC0,0x1F,0x80,0x07,0xE0,0x1F,0x80,0x07,0xE0,0x1F,0x80,
  0x03,0xF0,0x1F,0x80,0x01,0xF0,0x00,0x00,0x00,0x00,0x00,0x3F,0xF0,0x00,0x00,0xFF,
  0xFC,0x00,0x03,0xFF,0xFF,0x00,0x07,0xFF,0xFF,0x80,0x0F,0xF0,0x3F,0xC0,0x0F,0xC0,
  0x0F,0xC0,0x0F,0x80,0x07,0xC0,0x1F,0x80,0x07,0xE0,0x1F,0x00,0x03,0xE0,0x1F,0x00,
  0x00,0x00,0x1F,0x00,0x00,0x00,0x1F,0x80,0x00,0x00,0x0F,0xC0,0x00,0x00,0x0F,0xF0,
  0x00,0x00,0x07,0xFF,0x00,0x00,0x03,0xFF,0xE0,0x00,0x01,0xFF,0xFC,0x00,0x00,0x3F,
  0xFE,0x00,0x00,0x0F,0xFF,0x80,0x00,0x00,0xFF,0xC0,0x00,0x00,0x1F,0xC0,0x00,0x00,
  0x07,0xE0,0x00,0x00,0x03,0xE0,0x00,0x00,0x03,0xE0,0x00,0x00,0x03,0xE0,0x3E,0x00,
  0x03,0xE0,0x3F,0x00,0x03,0xE0,0x1F,0x00,0x07,0xE0,0x1F,0x80,0x0F,0xE0,0x0F,0xE0,
  0x3F,0xC0,0x0F,0xFF,0xFF,0x80,0x07,0xFF,0xFF,0x00,0x01,0xFF,0xFE,0x00,0x00,0x7F,
  0xF8,0x00,0x00,0x03,0x00,0x00,0x3F,0xFF,0xFF,0xF0,0x3F,0xFF,0xFF,0xF0,0x3F,0xFF,
  0xFF,0xF0,0x3F,0xFF,0xFF,0xF0,0x3F,0xFF,0xFF,0xF0,0x00,0x0F,0xC0,0x00,0x00,0x0F,
  0xC0,0x00,0x00,0x0F,0xC0,0x00,0x00,0x0F,0xC0,0x00,0x00,0x0F,0xC0,0x00,0x00,0x0F,
  0xC0,0x00,0x00,0x0F,0xC0,0x00,0x00,0x0F,0xC0,0x00,0x00,0x0F,0xC0,0x00,0x00,0x0F,
  0xC0,0x00,0x00,0x0F,0xC0,0x00,0x00,0x0F,0xC0,0x00,0x00,0x0F,0xC0,0x00,0x00,0x0F,
  0xC0,0x00,0x00,0x0F,0xC0,0x00,0x00,0x0F,0xC0,0x00,0x00,0x0F,0xC0,0x00,0x00,0x0F,
  0xC0,0x00,0x00,0x0F,0xC0,0x00,0x00,0x0F,0xC0,0x00,0x00,0x0F,0xC0,0x00,0x00,0x0F,
  0xC0,0x00,0x00,0x0F,0xC0,0x00,0x00,0x0F,0xC0,0x00,0x00,0x0F,0xC0,0x00,0x00,0x0F,
  0xC0,0x00,0x00,0x0F,0xC0,0x00,0x00,0x0F,0xC0,0x00,0x00,0x0F,0xC0,0x00,0x0F,0x80,
  0x00,0x7C,0x00,0x1F,0x80,0x00,0x7C,0x00,0x1F,0x80,0x00,0x7C,0x00,0x1F,0x80,0x00,
  0x7C,0x00,0x1F,0x80,0x00,0x7C,0x00,0x1F,0x80,0x00,0x7C,0x00,0x1F,0x80,0x00,0x7C,
  0x00,0x1F,0x80,0x00,0x7C,0x00,0x1F,0x80,0x00,0x7C,0x00,0x1F,0x80,0x00,0x7C,0x00,
  0x1F,0x80,0x00,0x7C,0x00,0x1F,0x80,0x00,0x7C,0x00,0x1F,0x80,0x00,0x7C,0x00,0x1F,
  0x80,0x00,0x7C,0x00,0x1F,0x80,0x00,0x7C,0x00,0x1F,0x80,0x00,0x7C,0x00,0x1F,0x80,
  0x00,0x7C,0x00,0x1F,0x80,0x00,0x7C,0x00,0x1F,0x80,0x00,0x7C,0x00,0x1F,0x80,0x00,
  0x7C,0x00,0x1F,0x80,0x00,0x7C,0x00,0x1F,0x80,0x00,0x7C,0x00,0x1F,0x80,0x00,0x7C,
  0x00,0x0F,0x80,0x00,0x7C,0x00,0x0F,0x80,0x00,0x7C,0x00,0x0F,0x80,0x00,0xFC,0x00,
  0x0F,0xC0,0x00,0xFC,0x00,0x07,0xE0,0x01,0xF8,0x00,0x07,0xF0,0x03,0xF8,0x00,0x03,
  0xFC,0x0F,0xF0,0x00,0x01,0xFF,0xFF,0xE0,0x00,0x00,0xFF,0xFF,0xC0,0x00,0x00,0x7F,
  0xFF,0x80,0x00,0x00,0x1F,0xFE,0x00,0x00,0x00,0x00,0xC0,0x00,0x00,0x7E,0x00,0x00,
  0x3E,0x7E,0x00,0x00,0x7E,0x3E,0x00,0x00,0x7C,0x3F,0x00,0x00,0x7C,0x3F,0x00,0x00,
  0xFC,0x1F,0x00,0x00,0xF8,0x1F,0x80,0x01,0xF8,0x0F,0x80,0x01,0xF8,0x0F,0x80,0x01,
  0xF0,0x0F,0xC0,0x03,0xF0,0x07,0xC0,0x03,0xE0,0x07,0xC0,0x03,0xE0,0x07,0xE0,0x07,
  0xE0,0x03,0xE0,0x07,0xC0,0x03,0xE0,0x07,0xC0,0x03,0xF0,0x0F,0xC0,0x01,0xF0,0x0F,
  0x80,0x01,0xF0,0x0F,0x80,0x00,0xF8,0x1F,0x80,0x00,0xF8,0x1F,0x00,0x00,0xF8,0x1F,
  0x00,0x00,0x7C,0x3F,0x00,0x00,0x7C,0x3E,0x00,0x00,0x7C,0x3E,0x00,0x00,0x3E,0x7C,
  0x00,0x00,0x3E,0x7C,0x00,0x00,0x3E,0x7C,0x00,0x00,0x1F,0xF8,0x00,0x00,0x1F,0xF8,
  0x00,0x00,0x1F,0xF8,0x00,0x00,0x0F,0xF0,0x00,0x00,0x0F,0xF0,0x00,0x00,0x07,0xF0,
  0x00,0x00,0x07,0xE0,0x00,0x7C,0x00,0x0F,0x80,0x01,0xF0,0x7E,0x00,0x0F,0xC0,0x01,
  0xF0,0x7E,0x00,0x1F,0xC0,0x03,0xF0,0x3E,0x00,0x1F,0xC0,0x03,0xF0,0x3E,0x00,0x1F,
  0xC0,0x03,0xE0,0x3F,0x00,0x1F,0xE0,0x03,0xE0,0x1F,0x00,0x3F,0xE0,0x07,0xE0,0x1F,
  0x00,0x3F,0xE0,0x07,0xC0,0x1F,0x00,0x3F,0xF0,0x07,0xC0,0x1F,0x80,0x7D,0xF0,0x07,
  0xC0,0x0F,0x80,0x7D,0xF0,0x0F,0xC0,0x0F,0x80,0x7C,0xF0,0x0F,0x80,0x0F,0x80,0x78,
  0xF8,0x0F,0x80,0x0F,0xC0,0xF8,0xF8,0x0F,0x80,0x07,0xC0,0xF8,0xF8,0x1F,0x80,0x07,
  0xC0,0xF8,0x78,0x1F,0x00,0x07,0xC0,0xF0,0x7C,0x1F,0x00,0x03,0xE1,0xF0,0x7C,0x1F,
  0x00,0x03,0xE1,0xF0,0x3C,0x3E,0x00,0x03,0xE1,0xE0,0x3C,0x3E,0x00,0x03,0xE1,0xE0,
  0x3E,0x3E,0x00,0x01,0xF3,0xE0,0x3E,0x3E,0x00,0x01,0xF3,0xE0,0x1E,0x7C,0x00,0x01,
  0xF3,0xC0,0x1E,0x7C,0x00,0x00,0xF3,0xC0,0x1F,0x7C,0x00,0x00,0xFF,0xC0,0x0F,0x78,
  0x00,0x00,0xFF,0x80,0x0F,0xF8,0x00,0x00,0xFF,0x80,0x0F,0xF8,0x00,0x00,0x7F,0x80,
  0x0F,0xF8,0x00,0x00,0x7F,0x80,0x07,0xF0,0x00,0x00,0x7F,0x00,0x07,0xF0,0x00,0x00,
  0x7F,0x00,0x07,0xF0,0x00,0x00,0x3F,0x00,0x07,0xF0,0x00,0x00,0x3F,0x00,0x03,0xE0,
  0x00,0x7E,0x00,0x01,0xF8,0x3F,0x00,0x01,0xF8,0x1F,0x80,0x03,0xF0,0x1F,0x80,0x07,
  0xE0,0x0F,0xC0,0x07,0xE0,0x0F,0xC0,0x0F,0xC0,0x07,0xE0,0x0F,0x80,0x03,0xF0,0x1F,
  0x80,0x03,0xF0,0x3F,0x00,0x01,0xF8,0x3F,0x00,0x00,0xF8,0x7E,0x00,0x00,0xFC,0x7C,
  0x00,0x00,0x7E,0xFC,0x00,0x00,0x3F,0xF8,0x00,0x00,0x3F,0xF0,0x00,0x00,0x1F,0xF0,
  0x00,0x00,0x1F,0xE0,0x00,0x00,0x0F,0xE0,0x00,0x00,0x1F,0xF0,0x00,0x00,0x3F,0xF0,
  0x00,0x00,0x3F,0xF8,0x00,0x00,0x7E,0xFC,0x00,0x00,0xFC,0xFC,0x00,0x00,0xFC,0x7E,
  0x00,0x01,0xF8,0x3F,0x00,0x03,0xF0,0x3F,0x00,0x03,0xF0,0x1F,0x80,0x07,0xE0,0x1F,
  0x80,0x0F,0xC0,0x0F,0xC0,0x0F,0xC0,0x07,0xE0,0x1F,0x80,0x07,0xE0,0x1F,0x80,0x03,
  0xF0,0x3F,0x00,0x01,0xF8,0x7E,0x00,0x01,0xF8,0x7E,0x00,0x00,0x7C,0x3F,0x00,0x00,
  0xFC,0x3F,0x00,0x01,0xF8,0x1F,0x80,0x01,0xF8,0x1F,0x80,0x03,0xF0,0x0F,0xC0,0x03,
  0xE0,0x07,0xC0,0x07,0xE0,0x07,0xE0,0x0F,0xC0,0x03,0xF0,0x0F,0xC0,0x03,0xF0,0x1F,
  0x80,0x01,0xF8,0x1F,0x00,0x00,0xF8,0x3F,0x00,0x00,0xFC,0x3E,0x00,0x00,0x7C,0x7E,
  0x00,0x00,0x7E,0xFC,0x00,0x00,0x3F,0xF8,0x00,0x00,0x1F,0xF8,0x00,0x00,0x1F,0xF0,
  0x00,0x00,0x0F,0xF0,0x00,0x00,0x0F,0xE0,0x00,0x00,0x07,0xC0,0x00,0x00,0x07,0xC0,
  0x00,0x00,0x07,0xC0,0x00,0x00,0x07,0xC0,0x00,0x00,0x07,0xC0,0x00,0x00,0x07,0xC0,
  0x00,0x00,0x07,0xC0,0x00,0x00,0x07,0xC0,0x00,0x00,0x07,0xC0,0x00,0x00,0x07,0xC0,
  0x00,0x00,0x07,0xC0,0x00,0x00,0x07,0xC0,0x00,0x00,0x07,0xC0,0x00,0x00,0x07,0xC0,
  0x00,0x3F,0xFF,0xFF,0xE0,0x3F,0xFF,0xFF,0xE0,0x3F,0xFF,0xFF,0xE0,0x3F,0xFF,0xFF,
  0xE0,0x1F,0xFF,0xFF,0xC0,0x00,0x00,0x0F,0x80,0x00,0x00,0x1F,0x80,0x00,0x00,0x3F,
  0x00,0x00,0x00,0x3E,0x00,0x00,0x00,0x7E,0x00,0x00,0x00,0xFC,0x00,0x00,0x00,0xF8,
  0x00,0x00,0x01,0xF8,0x00,0x00,0x03,0xF0,0x00,0x00,0x03,0xE0,0x00,0x00,0x07,0xE0,
  0x00,0x00,0x0F,0xC0,0x00,0x00,0x0F,0x80,0x00,0x00,0x1F,0x00,0x00,0x00,0x3F,0x00,
  0x00,0x00,0x7E,0x00,0x00,0x00,0x7C,0x00,0x00,0x00,0xFC,0x00,0x00,0x01,0xF8,0x00,
  0x00,0x01,0xF0,0x00,0x00,0x03,0xF0,0x00,0x00,0x07,0xE0,0x00,0x00,0x07,0xC0,0x00,
  0x00,0x0F,0xC0,0x00,0x00,0x1F,0xC0,0x00,0x00,0x1F,0xFF,0xFF,0xE0,0x1F,0xFF,0xFF,
  0xE0,0x1F,0xFF,0xFF,0xE0,0x1F,0xFF,0xFF,0xE0,0x00,0x00,0x00,0x07,0xFF,0x00,0x07,
  0xFF,0x00,0x07,0xFF,0x00,0x07,0xFF,0x00,0x07,0xC0,0x00,0x07,0xC0,0x00,0x07,0xC0,
  0x00,0x07,0xC0,0x00,0x07,0xC0,0x00,0x07,0xC0,0x00,0x07,0xC0,0x00,0x07,0xC0,0x00,
  0x07,0xC0,0x00,0x07,0xC0,0x00,0x07,0xC0,0x00,0x07,0xC0,0x00,0x07,0xC0,0x00,0x07,
  0xC0,0x00,0x07,0xC0,0x00,0x07,0xC0,0x00,0x07,0xC0,0x00,0x07,0xC0,0x00,0x07,0xC0,
  0x00,0x07,0xC0,0x00,0x07,0xC0,0x00,0x07,0xC0,0x00,0x07,0xC0,0x00,0x07,0xC0,0x00,
  0x07,0xC0,0x00,0x07,0xC0,0x00,0x07,0xC0,0x00,0x07,0xC0,0x00,0x07,0xC0,0x00,0x07,
  0xC0,0x00,0x07,0xC0,0x00,0x07,0xC0,0x00,0x07,0xC0,0x00,0x07,0xC0,0x00,0x07,0xC0,
  0x00,0x07,0xC0,0x00,0x07,0xC0,0x00,0x07,0xFF,0x00,0x07,0xFF,0x00,0x07,0xFF,0x00,
  0x07,0xFF,0x00,0x78,0x00,0x00,0x78,0x00,0x00,0x7C,0x00,0x00,0x7C,0x00,0x00,0x3C,
  0x00,0x00,0x3C,0x00,0x00,0x3E,0x00,0x00,0x3E,0x00,0x00,0x1E,0x00,0x00,0x1E,0x00,
  0x00,0x1F,0x00,0x00,0x0F,0x00,0x00,0x0F,0x00,0x00,0x0F,0x80,0x00,0x0F,0x80,0x00,
  0x07,0x80,0x00,0x07,0x80,0x00,0x07,0xC0,0x00,0x07,0xC0,0x00,0x03,0xC0,0x00,0x03,
  0xC0,0x00,0x03,0xE0,0x00,0x01,0xE0,0x00,0x01,0xE0,0x00,0x01,0xF0,0x00,0x01,0xF0,
  0x00,0x00,0xF0,0x00,0x00,0xF0,0x00,0x00,0xF8,0x00,0x00,0xF8,0x00,0x00,0x78,0x00,
  0x00,0x78,0x00,0x00,0x7C,0x00,0x00,0x7C,0x00,0x00,0x3C,0x00,0x00,0x3C,0x00,0x00,
  0x3E,0x00,0x00,0x1E,0x00,0x00,0x1E,0x00,0x00,0x1F,0x00,0x00,0x1F,0x00,0x00,0x00,
  0x00,0x00,0x00,0x00,0x7F,0xF0,0x00,0x7F,0xF0,0x00,0x7F,0xF0,0x00,0x3F,0xF0,0x00,
  0x01,0xF0,0x00,0x01,0xF0,0x00,0x01,0xF0,0x00,0x01,0xF0,0x00,0x01,0xF0,0x00,0x01,
  0xF0,0x00,0x01,0xF0,0x00,0x01,0xF0,0x00,0x01,0xF0,0x00,0x01,0xF0,0x00,0x01,0xF0,
  0x00,0x01,0xF0,0x00,0x01,0xF0,0x00,0x01,0xF0,0x00,0x01,0xF0,0x00,0x01,0xF0,0x00,
  0x01,0xF0,0x00,0x01,0xF0,0x00,0x01,0xF0,0x00,0x01,0xF0,0x00,0x01,0xF0,0x00,0x01,
  0xF0,0x00,0x01,0xF0,0x00,0x01,0xF0,0x00,0x01,0xF0,0x00,0x01,0xF0,0x00,0x01,0xF0,
  0x00,0x01,0xF0,0x00,0x01,0xF0,0x00,0x01,0xF0,0x00,0x01,0xF0,0x00,0x01,0xF0,0x00,
  0x01,0xF0,0x00,0x01,0xF0,0x00,0x01,0xF0,0x00,0x01,0xF0,0x00,0x01,0xF0,0x00,0x7F,
  0xF0,0x00,0x7F,0xF0,0x00,0x7F,0xF0,0x00,0x3F,0xF0,0x00,0x00,0xFC,0x00,0x00,0xFC,
  0x00,0x01,0xFC,0x00,0x01,0xFE,0x00,0x03,0xFE,0x00,0x03,0xDF,0x00,0x07,0xCF,0x00,
  0x07,0x8F,0x80,0x0F,0x87,0x80,0x0F,0x07,0xC0,0x1F,0x03,0xC0,0x1E,0x03,0xE0,0x3E,
  0x01,0xE0,0x3E,0x01,0xF0,0x00,0x00,0x00,0x00,0x00,0x00,0x00,0x00,0x00,0x00,0x00,
  0x00,0x00,0x00,0x00,0x00,0x00,0x00,0x00,0x00,0x00,0x00,0x00,0x00,0x00,0x00,0x00,
  0x00,0x00,0x00,0x00,0x00,0x00,0x00,0x00,0x00,0x00,0x00,0x00,0x00,0x00,0x00,0x00,
  0x00,0x00,0x00,0x00,0x00,0x00,0x00,0x00,0x00,0x00,0x00,0x00,0x00,0x00,0x7F,0xFF,
  0xFC,0x7F,0xFF,0xFC,0x7F,0xFF,0xFC,0x7F,0xFF,0xFC,0x00,0x00,0x00,0x01,0xF0,0x00,
  0x01,0xF8,0x00,0x00,0xF8,0x00,0x00,0x7C,0x00,0x00,0x7C,0x00,0x00,0x3E,0x00,0x00,
  0x1E,0x00,0x00,0x1F,0x00,0x00,0x00,0x00,0x00,0x00,0x00,0x00,0x00,0x00,0x00,0x00,
  0x00,0x00,0x00,0x00,0x00,0x00,0x00,0x00,0x00,0x00,0x00,0x00,0x00,0x00,0x00,0x00,
  0x00,0x00,0x00,0x00,0x00,0x00,0x00,0x00,0x00,0x00,0x00,0x00,0x00,0x00,0x00,0x00,
  0x00,0x00,0x00,0x00,0x00,0x00,0x00,0x00,0x00,0x00,0x00,0x00,0x00,0x00,0x00,0x00,
  0x00,0x00,0x00,0x00,0x00,0x00,0x00,0x00,0x00,0x00,0x00,0x00,0x00,0x00,0x00,0x00,
  0x00,0x00,0x00,0x00,0x00,0x00,0x00,0x00,0x00,0x00,0x00,0x00,0x00,0x3F,0x00,0x00,
  0x01,0xFF,0xE0,0x00,0x03,0xFF,0xF0,0x00,0x0F,0xFF,0xF8,0x00,0x0F,0xE1,0xFC,0x00,
  0x1F,0x80,0x7C,0x00,0x1F,0x00,0x7E,0x00,0x00,0x00,0x3E,0x00,0x00,0x00,0x3E,0x00,
  0x00,0x00,0x3E,0x00,0x00,0x00,0x3E,0x00,0x00,0x7F,0xFE,0x00,0x03,0xFF,0xFE,0x00,
  0x0F,0xFF,0xFE,0x00,0x1F,0xFF,0xFE,0x00,0x1F,0x80,0x3E,0x00,0x3F,0x00,0x3E,0x00,
  0x3E,0x00,0x3E,0x00,0x3E,0x00,0x3E,0x00,0x3E,0x00,0x7E,0x00,0x3E,0x00,0x7E,0x00,
  0x3F,0x01,0xFE,0x00,0x1F,0xEF,0xFE,0x00,0x1F,0xFF,0xBE,0x00,0x0F,0xFF,0x3E,0x00,
  0x03,0xFE,0x3E,0x00,0x00,0x20,0x00,0x00,0x0F,0x00,0x00,0x00,0x1F,0x00,0x00,0x00,
  0x1F,0x00,0x00,0x00,0x1F,0x00,0x00,0x00,0x1F,0x00,0x00,0x00,0x1F,0x00,0x00,0x00,
  0x1F,0x00,0x00,0x00,0x1F,0x00,0x00,0x00,0x1F,0x03,0xC0,0x00,0x1F,0x0F,0xF8,0x00,
  0x1F,0x3F,0xFC,0x00,0x1F,0x7F,0xFE,0x00,0x1F,0xFF,0xFF,0x00,0x1F,0xF0,0x3F,0x80,
  0x1F,0xC0,0x0F,0x80,0x1F,0xC0,0x0F,0xC0,0x1F,0x80,0x07,0xC0,0x1F,0x80,0x07,0xC0,
  0x1F,0x80,0x07,0xE0,0x1F,0x80,0x07,0xE0,0x1F,0x00,0x03,0xE0,0x1F,0x00,0x03,0xE0,
  0x1F,0x00,0x03,0xE0,0x1F,0x80,0x07,0xE0,0x1F,0x80,0x07,0xC0,0x1F,0x80,0x07,0xC0,
  0x1F,0x80,0x0F,0xC0,0x1F,0xC0,0x0F,0xC0,0x1F,0xE0,0x1F,0x80,0x1F,0xF0,0x3F,0x80,
  0x1F,0x7F,0xFF,0x00,0x1F,0x3F,0xFE,0x00,0x1F,0x1F,0xFC,0x00,0x1F,0x0F,0xF8,0x00,
  0x00,0x00,0x00,0x00,0x00,0x1F,0x00,0x00,0x00,0xFF,0xE0,0x00,0x01,0xFF,0xF8,0x00,
  0x03,0xFF,0xFC,0x00,0x07,0xFB,0xFE,0x00,0x0F,0xC0,0x7E,0x00,0x1F,0x80,0x3F,0x00,
  0x1F,0x00,0x1F,0x00,0x1F,0x00,0x1F,0x00,0x3F,0x00,0x00,0x00,0x3E,0x00,0x00,0x00,
  0x3E,0x00,0x00,0x00,0x3E,0x00,0x00,0x00,0x3E,0x00,0x00,0x00,0x3E,0x00,0x00,0x00,
  0x3E,0x00,0x00,0x00,0x3E,0x00,0x00,0x00,0x3F,0x00,0x00,0x00,0x1F,0x00,0x1F,0x00,
  0x1F,0x80,0x1F,0x00,0x0F,0x80,0x3F,0x00,0x0F,0xE0,0x7E,0x00,0x07,0xFF,0xFE,0x00,
  0x03,0xFF,0xFC,0x00,0x01,0xFF,0xF0,0x00,0x00,0x7F,0xE0,0x00,0x00,0x00,0x00,0x00,
  0x00,0x00,0x0F,0x80,0x00,0x00,0x0F,0x80,0x00,0x00,0x0F,0x80,0x00,0x00,0x0F,0x80,
  0x00,0x00,0x0F,0x80,0x00,0x00,0x0F,0x80,0x00,0x00,0x0F,0x80,0x00,0x00,0x0F,0x80,
  0x00,0x3E,0x0F,0x80,0x00,0xFF,0x8F,0x80,0x03,0xFF,0xCF,0x80,0x07,0xFF,0xEF,0x80,
  0x0F,0xFF,0xFF,0x80,0x0F,0xC0,0x7F,0x80,0x1F,0x80,0x3F,0x80,0x1F,0x00,0x1F,0x80,
  0x1F,0x00,0x1F,0x80,0x3F,0x00,0x0F,0x80,0x3E,0x00,0x0F,0x80,0x3E,0x00,0x0F,0x80,
  0x3E,0x00,0x0F,0x80,0x3E,0x00,0x0F,0x80,0x3E,0x00,0x0F,0x80,0x3E,0x00,0x0F,0x80,
  0x3E,0x00,0x0F,0x80,0x3F,0x00,0x0F,0x80,0x1F,0x00,0x1F,0x80,0x1F,0x80,0x1F,0x80,
  0x1F,0x80,0x3F,0x80,0x0F,0xE0,0x7F,0x80,0x07,0xFF,0xFF,0x80,0x07,0xFF,0xEF,0x80,
  0x01,0xFF,0xCF,0x80,0x00,0xFF,0x8F,0x80,0x00,0x00,0x00,0x00,0x00,0x1F,0x00,0x00,
  0x00,0xFF,0xE0,0x00,0x01,0xFF,0xF8,0x00,0x03,0xFF,0xFC,0x00,0x07,0xF1,0xFE,0x00,
  0x0F,0xC0,0x7E,0x00,0x1F,0x80,0x3F,0x00,0x1F,0x00,0x1F,0x00,0x1F,0x00,0x0F,0x00,
  0x3E,0x00,0x0F,0x80,0x3E,0x00,0x0F,0x80,0x3F,0xFF,0xFF,0x80,0x3F,0xFF,0xFF,0x80,
  0x3F,0xFF,0xFF,0x80,0x3F,0xFF,0xFF,0x80,0x3E,0x00,0x00,0x00,0x3E,0x00,0x00,0x00,
  0x3E,0x00,0x00,0x00,0x1F,0x00,0x00,0x00,0x1F,0x00,0x00,0x00,0x0F,0x80,0x1F,0x00,
  0x0F,0xE0,0x3F,0x00,0x07,0xFF,0xFE,0x00,0x03,0xFF,0xFC,0x00,0x01,0xFF,0xF8,0x00,
  0x00,0x7F,0xE0,0x00,0x00,0x00,0x00,0x00,0x00,0x00,0x00,0x00,0xFF,0x00,0x01,0xFF,
  0x00,0x03,0xFF,0x00,0x07,0xFF,0x00,0x07,0xE0,0x00,0x07,0xC0,0x00,0x07,0xC0,0x00,
  0x07,0xC0,0x00,0x07,0xC0,0x00,0x0F,0xC0,0x00,0x7F,0xFE,0x00,0x7F,0xFE,0x00,0x7F,
  0xFE,0x00,0x7F,0xFE,0x00,0x07,0xC0,0x00,0x07,0xC0,0x00,0x07,0xC0,0x00,0x07,0xC0,
  0x00,0x07,0xC0,0x00,0x07,0xC0,0x00,0x07,0xC0,0x00,0x07,0xC0,0x00,0x07,0xC0,0x00,
  0x07,0xC0,0x00,0x07,0xC0,0x00,0x07,0xC0,0x00,0x07,0xC0,0x00,0x07,0xC0,0x00,0x07,
  0xC0,0x00,0x07,0xC0,0x00,0x07,0xC0,0x00,0x07,0xC0,0x00,0x07,0xC0,0x00,0x07,0xC0,
  0x00,0x07,0xC0,0x00,0x00,0x3E,0x00,0x00,0x00,0xFF,0x8F,0x80,0x03,0xFF,0xCF,0x80,
  0x07,0xFF,0xEF,0x80,0x0F,0xFF,0xFF,0x80,0x0F,0xC0,0x7F,0x80,0x1F,0x80,0x3F,0x80,
  0x1F,0x00,0x1F,0x80,0x1F,0x00,0x1F,0x80,0x3F,0x00,0x0F,0x80,0x3E,0x00,0x0F,0x80,
  0x3E,0x00,0x0F,0x80,0x3E,0x00,0x0F,0x80,0x3E,0x00,0x0F,0x80,0x3E,0x00,0x0F,0x80,
  0x3E,0x00,0x0F,0x80,0x3E,0x00,0x0F,0x80,0x1F,0x00,0x1F,0x80,0x1F,0x00,0x1F,0x80,
  0x1F,0x80,0x3F,0x80,0x0F,0xC0,0x7F,0x80,0x0F,0xFF,0xFF,0x80,0x07,0xFF,0xEF,0x80,
  0x03,0xFF,0xCF,0x80,0x00,0xFF,0x8F,0x80,0x00,0x1C,0x0F,0x80,0x00,0x00,0x0F,0x80,
  0x00,0x00,0x0F,0x80,0x1E,0x00,0x0F,0x80,0x1F,0x00,0x1F,0x80,0x1F,0x80,0x1F,0x00,
  0x0F,0xE0,0x7F,0x00,0x0F,0xFF,0xFE,0x00,0x07,0xFF,0xFC,0x00,0x01,0xFF,0xF8,0x00,
  0x00,0x7F,0xC0,0x00,0x00,0x00,0x00,0x00,0x1F,0x00,0x00,0x00,0x1F,0x00,0x00,0x00,
  0x1F,0x00,0x00,0x00,0x1F,0x00,0x00,0x00,0x1F,0x00,0x00,0x00,0x1F,0x00,0x00,0x00,
  0x1F,0x00,0x00,0x00,0x1F,0x00,0x00,0x00,0x1F,0x07,0xC0,0x00,0x1F,0x1F,0xF8,0x00,
  0x1F,0x3F,0xFC,0x00,0x1F,0x7F,0xFE,0x00,0x1F,0xFF,0xFE,0x00,0x1F,0xE0,0x7F,0x00,
  0x1F,0xC0,0x3F,0x00,0x1F,0x80,0x1F,0x00,0x1F,0x00,0x1F,0x00,0x1F,0x00,0x1F,0x80,
  0x1F,0x00,0x0F,0x80,0x1F,0x00,0x0F,0x80,0x1F,0x00,0x0F,0x80,0x1F,0x00,0x0F,0x80,
  0x1F,0x00,0x0F,0x80,0x1F,0x00,0x0F,0x80,0x1F,0x00,0x0F,0x80,0x1F,0x00,0x0F,0x80,
  0x1F,0x00,0x0F,0x80,0x1F,0x00,0x0F,0x80,0x1F,0x00,0x0F,0x80,0x1F,0x00,0x0F,0x80,
  0x1F,0x00,0x0F,0x80,0x1F,0x00,0x0F,0x80,0x1F,0x00,0x0F,0x80,0x1F,0x00,0x0F,0x80,
  0x00,0x00,0x0F,0x00,0x1F,0x00,0x3F,0x80,0x1F,0x80,0x1F,0x00,0x04,0x00,0x00,0x00,
  0x00,0x00,0x00,0x00,0x00,0x00,0x1F,0x00,0x1F,0x00,0x1F,0x00,0x1F,0x00,0x1F,0x00,
  0x1F,0x00,0x1F,0x00,0x1F,0x00,0x1F,0x00,0x1F,0x00,0x1F,0x00,0x1F,0x00,0x1F,0x00,
  0x1F,0x00,0x1F,0x00,0x1F,0x00,0x1F,0x00,0x1F,0x00,0x1F,0x00,0x1F,0x00,0x1F,0x00,
  0x1F,0x00,0x1F,0x00,0x1F,0x00,0x1F,0x00,0x00,0x00,0x07,0xC0,0x07,0xC0,0x0F,0xE0,
  0x07,0xC0,0x07,0xC0,0x01,0x00,0x00,0x00,0x00,0x00,0x00,0x00,0x00,0x00,0x07,0xC0,
  0x07,0xC0,0x07,0xC0,0x07,0xC0,0x07,0xC0,0x07,0xC0,0x07,0xC0,0x07,0xC0,0x07,0xC0,
  0x07,0xC0,0x07,0xC0,0x07,0xC0,0x07,0xC0,0x07,0xC0,0x07,0xC0,0x07,0xC0,0x07,0xC0,
  0x07,0xC0,0x07,0xC0,0x07,0xC0,0x07,0xC0,0x07,0xC0,0x07,0xC0,0x07,0xC0,0x07,0xC0,
  0x07,0xC0,0x07,0xC0,0x07,0xC0,0x07,0xC0,0x0F,0xC0,0x7F,0x80,0x7F,0x80,0x7F,0x00,
  0x7C,0x00,0x60,0x00,0x1F,0x00,0x00,0x00,0x1F,0x00,0x00,0x00,0x1F,0x00,0x00,0x00,
  0x1F,0x00,0x00,0x00,0x1F,0x00,0x00,0x00,0x1F,0x00,0x00,0x00,0x1F,0x00,0x00,0x00,
  0x1F,0x00,0x00,0x00,0x1F,0x00,0x00,0x00,0x1F,0x00,0x3F,0x00,0x1F,0x00,0x7E,0x00,
  0x1F,0x00,0xFC,0x00,0x1F,0x01,0xF8,0x00,0x1F,0x03,0xF0,0x00,0x1F,0x07,0xE0,0x00,
  0x1F,0x0F,0xC0,0x00,0x1F,0x1F,0x80,0x00,0x1F,0x3F,0x00,0x00,0x1F,0x7E,0x00,0x00,
  0x1F,0xFE,0x00,0x00,0x1F,0xFE,0x00,0x00,0x1F,0xFF,0x00,0x00,0x1F,0xFF,0x80,0x00,
  0x1F,0xDF,0x80,0x00,0x1F,0x8F,0xC0,0x00,0x1F,0x07,0xE0,0x00,0x1F,0x07,0xF0,0x00,
  0x1F,0x03,0xF0,0x00,0x1F,0x01,0xF8,0x00,0x1F,0x00,0xFC,0x00,0x1F,0x00,0xFE,0x00,
  0x1F,0x00,0x7E,0x00,0x1F,0x00,0x3F,0x00,0x1F,0x00,0x1F,0x80,0x1F,0x00,0x1F,0x00,
  0x1F,0x00,0x1F,0x00,0x1F,0x00,0x1F,0x00,0x1F,0x00,0x1F,0x00,0x1F,0x00,0x1F,0x00,
  0x1F,0x00,0x1F,0x00,0x1F,0x00,0x1F,0x00,0x1F,0x00,0x1F,0x00,0x1F,0x00,0x1F,0x00,
  0x1F,0x00,0x1F,0x00,0x1F,0x00,0x1F,0x00,0x1F,0x00,0x1F,0x00,0x1F,0x00,0x1F,0x00,
  0x1F,0x00,0x1F,0x00,0x1F,0x00,0x1F,0x00,0x1F,0x00,0x1F,0x00,0x1F,0x00,0x1F,0x00,
  0x00,0x07,0x80,0x0F,0x00,0x00,0x1F,0x1F,0xE0,0x7F,0xC0,0x00,0x1F,0x3F,0xF8,0xFF,
  0xF0,0x00,0x1F,0x7F,0xF9,0xFF,0xF0,0x00,0x1F,0xFF,0xFF,0xFF,0xF8,0x00,0x1F,0xC0,
  0xFF,0x81,0xF8,0x00,0x1F,0x80,0x7F,0x00,0xF8,0x00,0x1F,0x80,0x3E,0x00,0xFC,0x00,
  0x1F,0x00,0x3E,0x00,0x7C,0x00,0x1F,0x00,0x3E,0x00,0x7C,0x00,0x1F,0x00,0x3E,0x00,
  0x7C,0x00,0x1F,0x00,0x3E,0x00,0x7C,0x00,0x1F,0x00,0x3E,0x00,0x7C,0x00,0x1F,0x00,
  0x3E,0x00,0x7C,0x00,0x1F,0x00,0x3E,0x00,0x7C,0x00,0x1F,0x00,0x3E,0x00,0x7C,0x00,
  0x1F,0x00,0x3E,0x00,0x7C,0x00,0x1F,0x00,0x3E,0x00,0x7C,0x00,0x1F,0x00,0x3E,0x00,
  0x7C,0x00,0x1F,0x00,0x3E,0x00,0x7C,0x00,0x1F,0x00,0x3E,0x00,0x7C,0x00,0x1F,0x00,
  0x3E,0x00,0x7C,0x00,0x1F,0x00,0x3E,0x00,0x7C,0x00,0x1F,0x00,0x3E,0x00,0x7C,0x00,
  0x1F,0x00,0x3E,0x00,0x7C,0x00,0x1F,0x00,0x3E,0x00,0x7C,0x00,0x00,0x07,0xC0,0x00,
  0x1F,0x1F,0xF0,0x00,0x1F,0x3F,0xFC,0x00,0x1F,0x7F,0xFE,0x00,0x1F,0xFF,0xFE,0x00,
  0x1F,0xE0,0x7F,0x00,0x1F,0xC0,0x3F,0x00,0x1F,0x80,0x1F,0x00,0x1F,0x00,0x1F,0x00,
  0x1F,0x00,0x1F,0x00,0x1F,0x00,0x1F,0x00,0x1F,0x00,0x1F,0x00,0x1F,0x00,0x1F,0x00,
  0x1F,0x00,0x1F,0x00,0x1F,0x00,0x1F,0x00,0x1F,0x00,0x1F,0x00,0x1F,0x00,0x1F,0x00,
  0x1F,0x00,0x1F,0x00,0x1F,0x00,0x1F,0x00,0x1F,0x00,0x1F,0x00,0x1F,0x00,0x1F,0x00,
  0x1F,0x00,0x1F,0x00,0x1F,0x00,0x1F,0x00,0x1F,0x00,0x1F,0x00,0x1F,0x00,0x1F,0x00,
  0x1F,0x00,0x1F,0x00,0x00,0x1F,0x00,0x00,0x00,0xFF,0xE0,0x00,0x01,0xFF,0xF8,0x00,
  0x03,0xFF,0xFC,0x00,0x07,0xF9,0xFE,0x00,0x0F,0xC0,0x7F,0x00,0x1F,0x80,0x3F,0x00,
  0x1F,0x00,0x1F,0x80,0x1F,0x00,0x0F,0x80,0x3F,0x00,0x0F,0x80,0x3E,0x00,0x0F,0x80,
  0x3E,0x00,0x0F,0xC0,0x3E,0x00,0x07,0xC0,0x3E,0x00,0x07,0xC0,0x3E,0x00,0x0F,0xC0,
  0x3E,0x00,0x0F,0xC0,0x3E,0x00,0x0F,0x80,0x3F,0x00,0x0F,0x80,0x1F,0x00,0x1F,0x80,
  0x1F,0x80,0x1F,0x80,0x0F,0x80,0x3F,0x00,0x0F,0xE0,0x7E,0x00,0x07,0xFF,0xFE,0x00,
  0x03,0xFF,0xFC,0x00,0x01,0xFF,0xF8,0x00,0x00,0x7F,0xE0,0x00,0x00,0x00,0x00,0x00,
  0x00,0x07,0xC0,0x00,0x1F,0x1F,0xF8,0x00,0x1F,0x3F,0xFC,0x00,0x1F,0x7F,0xFE,0x00,
  0x1F,0xFF,0xFF,0x00,0x1F,0xE0,0x3F,0x80,0x1F,0xC0,0x1F,0x80,0x1F,0x80,0x0F,0x80,
  0x1F,0x80,0x0F,0xC0,0x1F,0x00,0x07,0xC0,0x1F,0x00,0x07,0xC0,0x1F,0x00,0x07,0xC0,
  0x1F,0x00,0x07,0xC0,0x1F,0x00,0x07,0xC0,0x1F,0x00,0x07,0xC0,0x1F,0x00,0x07,0xC0,
  0x1F,0x00,0x07,0xC0,0x1F,0x80,0x07,0xC0,0x1F,0x80,0x0F,0xC0,0x1F,0xC0,0x0F,0x80,
  0x1F,0xC0,0x1F,0x80,0x1F,0xF0,0x3F,0x00,0x1F,0x7F,0xFF,0x00,0x1F,0x7F,0xFE,0x00,
  0x1F,0x3F,0xFC,0x00,0x1F,0x0F,0xF0,0x00,0x1F,0x00,0x00,0x00,0x1F,0x00,0x00,0x00,
  0x1F,0x00,0x00,0x00,0x1F,0x00,0x00,0x00,0x1F,0x00,0x00,0x00,0x1F,0x00,0x00,0x00,
  0x1F,0x00,0x00,0x00,0x1F,0x00,0x00,0x00,0x1F,0x00,0x00,0x00,0x1F,0x00,0x00,0x00,
  0x00,0x3E,0x00,0x00,0x00,0xFF,0x8F,0x80,0x03,0xFF,0xCF,0x80,0x07,0xFF,0xEF,0x80,
  0x0F,0xFF,0xFF,0x80,0x0F,0xC0,0x7F,0x80,0x1F,0x80,0x3F,0x80,0x1F,0x00,0x1F,0x80,
  0x1F,0x00,0x1F,0x80,0x3F,0x00,0x0F,0x80,0x3E,0x00,0x0F,0x80,0x3E,0x00,0x0F,0x80,
  0x3E,0x00,0x0F,0x80,0x3E,0x00,0x0F,0x80,0x3E,0x00,0x0F,0x80,0x3E,0x00,0x0F,0x80,
  0x3E,0x00,0x0F,0x80,0x3F,0x00,0x0F,0x80,0x1F,0x00,0x1F,0x80,0x1F,0x80,0x1F,0x80,
  0x1F,0x80,0x3F,0x80,0x0F,0xE0,0x7F,0x80,0x07,0xFF,0xFF,0x80,0x07,0xFF,0xEF,0x80,
  0x01,0xFF,0xCF,0x80,0x00,0xFF,0x8F,0x80,0x00,0x00,0x0F,0x80,0x00,0x00,0x0F,0x80,
  0x00,0x00,0x0F,0x80,0x00,0x00,0x0F,0x80,0x00,0x00,0x0F,0x80,0x00,0x00,0x0F,0x80,
  0x00,0x00,0x0F,0x80,0x00,0x00,0x0F,0x80,0x00,0x00,0x0F,0x80,0x00,0x00,0x07,0x80,
  0x00,0x07,0x80,0x1F,0x1F,0x80,0x1F,0x7F,0x80,0x1F,0x7F,0x80,0x1F,0xFF,0x80,0x1F,
  0xE0,0x00,0x1F,0xC0,0x00,0x1F,0x80,0x00,0x1F,0x00,0x00,0x1F,0x00,0x00,0x1F,0x00,
  0x00,0x1F,0x00,0x00,0x1F,0x00,0x00,0x1F,0x00,0x00,0x1F,0x00,0x00,0x1F,0x00,0x00,
  0x1F,0x00,0x00,0x1F,0x00,0x00,0x1F,0x00,0x00,0x1F,0x00,0x00,0x1F,0x00,0x00,0x1F,
  0x00,0x00,0x1F,0x00,0x00,0x1F,0x00,0x00,0x1F,0x00,0x00,0x1F,0x00,0x00,0x00,0x3E,
  0x00,0x01,0xFF,0xC0,0x07,0xFF,0xF0,0x0F,0xFF,0xF8,0x0F,0xC1,0xF8,0x1F,0x80,0xFC,
  0x1F,0x00,0x7C,0x1F,0x00,0x00,0x1F,0x00,0x00,0x1F,0x80,0x00,0x1F,0xE0,0x00,0x0F,
  0xFE,0x00,0x07,0xFF,0xC0,0x03,0xFF,0xF0,0x00,0x7F,0xF8,0x00,0x07,0xFC,0x00,0x00,
  0xFC,0x00,0x00,0x7C,0x00,0x00,0x7E,0x3E,0x00,0x7E,0x3F,0x00,0x7C,0x1F,0x80,0xFC,
  0x1F,0xFF,0xF8,0x0F,0xFF,0xF8,0x07,0xFF,0xF0,0x01,0xFF,0xC0,0x00,0x00,0x00,0x07,
  0x80,0x00,0x07,0xC0,0x00,0x07,0xC0,0x00,0x07,0xC0,0x00,0x07,0xC0,0x00,0x07,0xC0,
  0x00,0x0F,0xC0,0x00,0x7F,0xFE,0x00,0x7F,0xFE,0x00,0x7F,0xFE,0x00,0x7F,0xFE,0x00,
  0x07,0xC0,0x00,0x07,0xC0,0x00,0x07,0xC0,0x00,0x07,0xC0,0x00,0x07,0xC0,0x00,0x07,
  0xC0,0x00,0x07,0xC0,0x00,0x07,0xC0,0x00,0x07,0xC0,0x00,0x07,0xC0,0x00,0x07,0xC0,
  0x00,0x07,0xC0,0x00,0x07,0xC0,0x00,0x07,0xC0,0x00,0x07,0xC0,0x00,0x07,0xC0,0x00,
  0x07,0xE0,0x00,0x07,0xFE,0x00,0x03,0xFE,0x00,0x01,0xFE,0x00,0x00,0x7E,0x00,0x00,
  0x00,0x00,0x00,0x00,0x00,0x00,0x1F,0x00,0x1F,0x00,0x1F,0x00,0x1F,0x00,0x1F,0x00,
  0x1F,0x00,0x1F,0x00,0x1F,0x00,0x1F,0x00,0x1F,0x00,0x1F,0x00,0x1F,0x00,0x1F,0x00,
  0x1F,0x00,0x1F,0x00,0x1F,0x00,0x1F,0x00,0x1F,0x00,0x1F,0x00,0x1F,0x00,0x1F,0x00,
  0x1F,0x00,0x1F,0x00,0x1F,0x00,0x1F,0x00,0x1F,0x00,0x1F,0x00,0x1F,0x00,0x1F,0x00,
  0x1F,0x00,0x1F,0x00,0x1F,0x00,0x1F,0x00,0x1F,0x00,0x1F,0x80,0x3F,0x00,0x1F,0x80,
  0x3F,0x00,0x0F,0xC0,0x7F,0x00,0x0F,0xF1,0xFF,0x00,0x0F,0xFF,0xDF,0x00,0x07,0xFF,
  0xDF,0x00,0x03,0xFF,0x9F,0x00,0x00,0xFE,0x1F,0x00,0x00,0x00,0x00,0x00,0x00,0x00,
  0x00,0x00,0x7E,0x00,0x1F,0x80,0x3E,0x00,0x1F,0x00,0x3E,0x00,0x1F,0x00,0x3F,0x00,
  0x3E,0x00,0x1F,0x00,0x3E,0x00,0x1F,0x00,0x3E,0x00,0x0F,0x80,0x7C,0x00,0x0F,0x80,
  0x7C,0x00,0x0F,0x80,0x7C,0x00,0x07,0xC0,0xF8,0x00,0x07,0xC0,0xF8,0x00,0x07,0xC0,
  0xF8,0x00,0x03,0xE1,0xF0,0x00,0x03,0xE1,0xF0,0x00,0x03,0xE1,0xE0,0x00,0x01,0xF3,
  0xE0,0x00,0x01,0xF3,0xE0,0x00,0x00,0xF3,0xC0,0x00,0x00,0xFF,0xC0,0x00,0x00,0xFF,
  0xC0,0x00,0x00,0x7F,0x80,0x00,0x00,0x7F,0x80,0x00,0x00,0x7F,0x80,0x00,0x00,0x3F,
  0x00,0x00,0x00,0x3F,0x00,0x00,0x00,0x00,0x00,0x00,0x00,0x7C,0x00,0xFC,0x01,0xF8,
  0x3E,0x00,0xFC,0x01,0xF0,0x3E,0x00,0xFC,0x01,0xF0,0x3E,0x01,0xFE,0x01,0xF0,0x1F,
  0x01,0xFE,0x03,0xE0,0x1F,0x01,0xFE,0x03,0xE0,0x1F,0x01,0xFE,0x03,0xE0,0x1F,0x03,
  0xFF,0x03,0xE0,0x0F,0x83,0xCF,0x07,0xC0,0x0F,0x83,0xCF,0x07,0xC0,0x0F,0x83,0xCF,
  0x87,0xC0,0x07,0x87,0x87,0x87,0x80,0x07,0xC7,0x87,0x8F,0x80,0x07,0xC7,0x87,0x8F,
  0x80,0x07,0xCF,0x87,0xCF,0x80,0x03,0xCF,0x03,0xCF,0x00,0x03,0xEF,0x03,0xDF,0x00,
  0x03,0xEF,0x03,0xDF,0x00,0x01,0xFE,0x03,0xFE,0x00,0x01,0xFE,0x01,0xFE,0x00,0x01,
  0xFE,0x01,0xFE,0x00,0x00,0xFE,0x01,0xFC,0x00,0x00,0xFC,0x00,0xFC,0x00,0x00,0xFC,
  0x00,0xFC,0x00,0x00,0xFC,0x00,0xFC,0x00,0x00,0x00,0x00,0x00,0x3F,0x00,0x3E,0x00,
  0x1F,0x00,0x7C,0x00,0x1F,0x80,0x7C,0x00,0x0F,0x80,0xF8,0x00,0x07,0xC1,0xF8,0x00,
  0x07,0xC1,0xF0,0x00,0x03,0xE3,0xE0,0x00,0x03,0xF3,0xE0,0x00,0x01,0xF7,0xC0,0x00,
  0x00,0xFF,0xC0,0x00,0x00,0xFF,0x80,0x00,0x00,0x7F,0x00,0x00,0x00,0x7F,0x00,0x00,
  0x00,0x7F,0x80,0x00,0x00,0xFF,0x80,0x00,0x01,0xFF,0xC0,0x00,0x01,0xF7,0xC0,0x00,
  0x03,0xE3,0xE0,0x00,0x07,0xE3,0xF0,0x00,0x07,0xC1,0xF0,0x00,0x0F,0xC0,0xF8,0x00,
  0x0F,0x80,0xFC,0x00,0x1F,0x00,0x7C,0x00,0x3F,0x00,0x7E,0x00,0x3E,0x00,0x3E,0x00,
  0x00,0x00,0x00,0x00,0x7E,0x00,0x1F,0x80,0x3E,0x00,0x1F,0x00,0x3E,0x00,0x1F,0x00,
  0x3F,0x00,0x3E,0x00,0x1F,0x00,0x3E,0x00,0x1F,0x00,0x3E,0x00,0x0F,0x80,0x7C,0x00,
  0x0F,0x80,0x7C,0x00,0x0F,0x80,0x7C,0x00,0x07,0xC0,0xF8,0x00,0x07,0xC0,0xF8,0x00,
  0x07,0xC0,0xF8,0x00,0x03,0xE1,0xF0,0x00,0x03,0xE1,0xF0,0x00,0x03,0xE1,0xE0,0x00,
  0x01,0xF3,0xE0,0x00,0x01,0xF3,0xE0,0x00,0x00,0xF3,0xC0,0x00,0x00,0xFF,0xC0,0x00,
  0x00,0xFF,0xC0,0x00,0x00,0x7F,0x80,0x00,0x00,0x7F,0x80,0x00,0x00,0x7F,0x80,0x00,
  0x00,0x3F,0x00,0x00,0x00,0x3F,0x00,0x00,0x00,0x3E,0x00,0x00,0x00,0x3E,0x00,0x00,
  0x00,0x3E,0x00,0x00,0x00,0x7C,0x00,0x00,0x00,0xFC,0x00,0x00,0x0F,0xF8,0x00,0x00,
  0x1F,0xF8,0x00,0x00,0x1F,0xF0,0x00,0x00,0x1F,0xC0,0x00,0x00,0x0E,0x00,0x00,0x00,
  0x00,0x00,0x00,0x00,0x1F,0xFF,0xFC,0x00,0x1F,0xFF,0xFC,0x00,0x1F,0xFF,0xFC,0x00,
  0x1F,0xFF,0xFC,0x00,0x00,0x00,0xF8,0x00,0x00,0x01,0xF8,0x00,0x00,0x03,0xF0,0x00,
  0x00,0x03,0xE0,0x00,0x00,0x07,0xC0,0x00,0x00,0x0F,0xC0,0x00,0x00,0x1F,0x80,0x00,
  0x00,0x3F,0x00,0x00,0x00,0x3E,0x00,0x00,0x00,0x7E,0x00,0x00,0x00,0xFC,0x00,0x00,
  0x01,0xF8,0x00,0x00,0x03,0xF0,0x00,0x00,0x03,0xF0,0x00,0x00,0x07,0xE0,0x00,0x00,
  0x0F,0xC0,0x00,0x00,0x1F,0xC0,0x00,0x00,0x1F,0xFF,0xFE,0x00,0x3F,0xFF,0xFE,0x00,
  0x3F,0xFF,0xFE,0x00,0x3F,0xFF,0xFE,0x00,0x00,0x00,0x00,0x00,0x3F,0x00,0x00,0x7F,
  0x00,0x00,0xFF,0x00,0x01,0xFF,0x00,0x01,0xF8,0x00,0x01,0xF0,0x00,0x03,0xE0,0x00,
  0x03,0xE0,0x00,0x03,0xE0,0x00,0x03,0xE0,0x00,0x03,0xE0,0x00,0x03,0xE0,0x00,0x03,
  0xE0,0x00,0x03,0xE0,0x00,0x03,0xE0,0x00,0x03,0xE0,0x00,0x03,0xE0,0x00,0x03,0xE0,
  0x00,0x07,0xE0,0x00,0x1F,0xC0,0x00,0x7F,0x80,0x00,0x7E,0x00,0x00,0x7E,0x00,0x00,
  0x7F,0x80,0x00,0x3F,0xC0,0x00,0x07,0xE0,0x00,0x03,0xE0,0x00,0x03,0xE0,0x00,0x03,
  0xE0,0x00,0x03,0xE0,0x00,0x03,0xE0,0x00,0x03,0xE0,0x00,0x03,0xE0,0x00,0x03,0xE0,
  0x00,0x03,0xE0,0x00,0x03,0xE0,0x00,0x03,0xE0,0x00,0x03,0xE0,0x00,0x01,0xF0,0x00,
  0x01,0xF0,0x00,0x01,0xFE,0x00,0x00,0xFF,0x00,0x00,0x7F,0x00,0x00,0x3F,0x00,0x00,
  0x01,0x00,0x03,0xC0,0x07,0xC0,0x07,0xC0,0x07,0xC0,0x07,0xC0,0x07,0xC0,0x07,0xC0,
  0x07,0xC0,0x07,0xC0,0x07,0xC0,0x07,0xC0,0x07,0xC0,0x07,0xC0,0x07,0xC0,0x07,0xC0,
  0x07,0xC0,0x07,0xC0,0x07,0xC0,0x07,0xC0,0x07,0xC0,0x07,0xC0,0x07,0xC0,0x07,0xC0,
  0x07,0xC0,0x07,0xC0,0x07,0xC0,0x07,0xC0,0x07,0xC0,0x07,0xC0,0x07,0xC0,0x07,0xC0,
  0x07,0xC0,0x07,0xC0,0x07,0xC0,0x07,0xC0,0x07,0xC0,0x07,0xC0,0x07,0xC0,0x07,0xC0,
  0x07,0xC0,0x07,0xC0,0x07,0xC0,0x07,0xC0,0x03,0xC0,0x00,0x00,0x00,0x7E,0x00,0x00,
  0x7F,0x00,0x00,0x7F,0x80,0x00,0x3F,0xC0,0x00,0x07,0xC0,0x00,0x07,0xE0,0x00,0x03,
  0xE0,0x00,0x03,0xE0,0x00,0x03,0xE0,0x00,0x03,0xE0,0x00,0x03,0xE0,0x00,0x03,0xE0,
  0x00,0x03,0xE0,0x00,0x03,0xE0,0x00,0x03,0xE0,0x00,0x03,0xE0,0x00,0x03,0xE0,0x00,
  0x03,0xE0,0x00,0x01,0xF0,0x00,0x01,0xFC,0x00,0x00,0xFF,0x00,0x00,0x3F,0x00,0x00,
  0x1F,0x00,0x00,0xFF,0x00,0x01,0xFE,0x00,0x01,0xF0,0x00,0x03,0xE0,0x00,0x03,0xE0,
  0x00,0x03,0xE0,0x00,0x03,0xE0,0x00,0x03,0xE0,0x00,0x03,0xE0,0x00,0x03,0xE0,0x00,
  0x03,0xE0,0x00,0x03,0xE0,0x00,0x03,0xE0,0x00,0x03,0xE0,0x00,0x03,0xE0,0x00,0x07,
  0xE0,0x00,0x07,0xC0,0x00,0x3F,0xC0,0x00,0x7F,0x80,0x00,0x7F,0x80,0x00,0x7E,0x00,
  0x00,0x20,0x00,0x00,0x00,0x00,0x00,0x00,0x00,0xF8,0x00,0x40,0x03,0xFF,0x00,0xC0,
  0x07,0xFF,0xE3,0xC0,0x07,0xFF,0xFF,0xC0,0x07,0x9F,0xFF,0xC0,0x04,0x01,0xFF,0x80,
  0x00,0x00,0x7E,0x00,0x00,0x00,0x00,0x00,0x00,0x00,0x00,0x00,0x00,0x00,0x00,0x00,
  0x00,0x00,0x00,0x00,0x00,0x00,0x00,0x00,0x00,0x00,0x00,0x00,0x00,0x00,0x00,0x00,
  0x00,0x00,0x00,0x00,0x00,0x00,0x00,0x00,0x00,0x00,0x00,0x00,0x00,0x00,0x0F,0x00,
  0x1F,0x80,0x1F,0xC0,0x1F,0xC0,0x1F,0x80,0x0F,0x80,0x00,0x00,0x00,0x00,0x00,0x00,
  0x00,0x00,0x00,0x00,0x00,0x00,0x00,0x00,0x00,0x00,0x00,0x00,0x00,0x00,0x00,0x00,
  0x00,0x00,0x03,0xFF,0xFF,0xFF,0xF0,0x00,0x03,0xFF,0xFF,0xFF,0xF0,0x00,0x03,0xFF,
  0xFF,0xFF,0xF0,0x00,0x03,0xFF,0xFF,0xFF,0xF0,0x00,0x00,0x00,0x00,0x01,0xF0,0x00,
  0x00,0x00,0x00,0x01,0xF0,0x00,0x00,0x00,0x00,0x01,0xF0,0x00,0x00,0x00,0x00,0x01,
  0xF0,0x00,0x00,0x00,0x00,0x01,0xE0,0x00,0x00,0x00,0x00,0x01,0xE0,0x00,0x00,0x00,
  0x00,0x01,0xE0,0x00,0x00,0x00,0x00,0x01,0xE0,0x00,0x00,0x00,0x00,0x01,0xE0,0x00,
  0x00,0x00,0x00,0x01,0xE0,0x00,0x00,0x00,0xF8,0x01,0xE0,0x00,0x00,0x00,0xF8,0x01,
  0xE0,0x00,0x00,0x00,0xF8,0x03,0xE0,0x00,0x00,0x00,0xF8,0x03,0xE0,0x00,0x00,0x00,
  0xF8,0x03,0xE0,0x00,0x00,0x00,0xF8,0x03,0xE0,0x00,0x00,0x00,0xF8,0x03,0xC0,0x00,
  0x00,0x00,0xF8,0x03,0xC0,0x00,0x00,0x00,0xF8,0x03,0xC0,0x00,0x00,0x00,0xF8,0x00,
  0xC0,0x00,0x00,0x00,0xF8,0x00,0x00,0x00,0x00,0x00,0xF8,0x00,0x00,0x00,0x00,0x00,
  0xF8,0x00,0x00,0x00,0x00,0x00,0xF8,0x00,0x00,0x00,0x00,0x00,0xF8,0x00,0x00,0x00,
  0x3F,0xFF,0xFF,0xFF,0xFF,0x00,0x3F,0xFF,0xFF,0xFF,0xFF,0x00,0x3F,0xFF,0xFF,0xFF,
  0xFF,0x00,0x00,0x00,0x00,0x00,0x00,0x00,0x00,0x00,0x00,0x00,0x00,0x00,0x00,0x00,
  0x00,0x00,0x00,0x00,0x03,0xFF,0xFF,0xFF,0xE0,0x00,0x03,0xFF,0xFF,0xFF,0xE0,0x00,
  0x03,0xFF,0xFF,0xFF,0xE0,0x00,0x01,0xFF,0xFF,0xFF,0xE0,0x00,0x00,0x00,0x00,0x01,
  0xE0,0x00,0x00,0x00,0x00,0x01,0xE0,0x00,0x00,0x00,0x00,0x01,0xE0,0x00,0x00,0x00,
  0x00,0x01,0xE0,0x00,0x00,0x00,0x00,0x01,0xE0,0x00,0x00,0x00,0x00,0x03,0xE0,0x00,
  0x00,0x00,0x00,0x03,0xE0,0x00,0x00,0x00,0x00,0x03,0xE0,0x00,0x00,0x00,0x00,0x03,
  0xE0,0x00,0x00,0x00,0x00,0x03,0xC0,0x00,0x00,0x00,0x00,0x03,0xC0,0x00,0x3F,0xFF,
  0xFF,0xFF,0xFF,0x00,0x3F,0xFF,0xFF,0xFF,0xFF,0x00,0x3F,0xFF,0xFF,0xFF,0xFF,0x00,
  0x00,0x00,0x3E,0x00,0x00,0x00,0x00,0x00,0x3E,0x00,0x00,0x00,0x00,0x00,0x3E,0x00,
  0x00,0x00,0x00,0x00,0x3E,0x00,0x00,0x00,0x00,0x00,0x3E,0x00,0x00,0x00,0x00,0x00,
  0x3E,0x00,0x00,0x00,0x00,0x00,0x3E,0x00,0x00,0x00,0x00,0x00,0x3E,0x00,0x00,0x00,
  0x07,0xFF,0xFF,0xFF,0xE0,0x00,0x07,0xFF,0xFF,0xFF,0xE0,0x00,0x07,0xFF,0xFF,0xFF,
  0xE0,0x00,0x00,0x00,0x00,0x01,0xE0,0x00,0x00,0x00,0x00,0x01,0xE0,0x00,0x00,0x00,
  0x00,0x01,0xE0,0x00,0x00,0x00,0x00,0x01,0xE0,0x00,0x00,0x00,0x00,0x01,0xE0,0x00,
  0x00,0x00,0x00,0x01,0xE0,0x00,0x00,0x00,0x00,0x01,0xE0,0x00,0x00,0x00,0x00,0x01,
  0xE0,0x00,0x00,0x00,0x00,0x01,0xE0,0x00,0x00,0x00,0x00,0x01,0xE0,0x00,0x00,0x00,
  0x00,0x01,0xE0,0x00,0x00,0x00,0x00,0x00,0x00,0x00,0x03,0xFF,0xFF,0xFF,0xE0,0x00,
  0x03,0xFF,0xFF,0xFF,0xE0,0x00,0x03,0xFF,0xFF,0xFF,0xE0,0x00,0x00,0x00,0x00,0x03,
  0xE0,0x00,0x00,0x00,0x00,0x01,0xE0,0x00,0x00,0x00,0x00,0x01,0xE0,0x00,0x00,0x00,
  0x00,0x01,0xE0,0x00,0x00,0x00,0x00,0x01,0xE0,0x00,0x00,0x00,0x00,0x03,0xE0,0x00,
  0x00,0x00,0x00,0x03,0xE0,0x00,0x00,0x00,0x00,0x03,0xE0,0x00,0x00,0x00,0x00,0x03,
  0xE0,0x00,0x00,0x00,0x00,0x03,0xC0,0x00,0x3F,0xFF,0xFF,0xFF,0xFF,0x00,0x3F,0xFF,
  0xFF,0xFF,0xFF,0x00,0x3F,0xFF,0xFF,0xFF,0xFF,0x00,0x3F,0xFF,0xFF,0xFF,0xFF,0x00,
  0x00,0x00,0x00,0x00,0x00,0x00,0x00,0x00,0x00,0x00,0x00,0x00,0x00,0x00,0x00,0x00,
  0x00,0x00,0x00,0x00,0x00,0x00,0x00,0x00,0x03,0xFF,0xFF,0xFF,0xE0,0x00,0x03,0xFF,
  0xFF,0xFF,0xE0,0x00,0x03,0xFF,0xFF,0xFF,0xE0,0x00,0x00,0x00,0x00,0x01,0xE0,0x00,
  0x00,0x00,0x00,0x01,0xE0,0x00,0x00,0x00,0x00,0x01,0xE0,0x00,0x00,0x00,0x00,0x01,
  0xE0,0x00,0x03,0xFF,0xFF,0xFF,0xE0,0x00,0x03,0xFF,0xFF,0xFF,0xE0,0x00,0x03,0xFF,
  0xFF,0xFF,0xE0,0x00,0x03,0xFF,0xFF,0xFF,0xE0,0x00,0x03,0xE0,0x00,0x00,0x00,0x00,
  0x03,0xE0,0x00,0x00,0x00,0x00,0x03,0xE0,0x00,0x00,0x00,0x00,0x03,0xE0,0x00,0x00,
  0x00,0x00,0x03,0xFF,0xFF,0xFF,0xF0,0x00,0x03,0xFF,0xFF,0xFF,0xF0,0x00,0x03,0xFF,
  0xFF,0xFF,0xF0,0x00,0x03,0xFF,0xFF,0xFF,0xF0,0x00,0x00,0x00,0x00,0x00,0x00,0x00,
  0x00,0x00,0x00,0x00,0xF0,0x00,0x00,0x00,0x00,0x00,0xF0,0x00,0x00,0x00,0x00,0x00,
  0xF0,0x00,0x00,0x00,0x00,0x00,0xF0,0x00,0x0F,0xFF,0xFE,0x00,0xF0,0x00,0x0F,0xFF,
  0xFF,0x00,0xF0,0x00,0x0F,0xFF,0xFF,0x00,0xF0,0x00,0x0F,0xFF,0xFF,0x00,0xF0,0x00,
  0x00,0x00,0x1F,0x00,0xF0,0x00,0x00,0x00,0x1F,0x00,0xF0,0x00,0x00,0x00,0x1E,0x00,
  0xF0,0x00,0x00,0x00,0x1E,0x00,0xF0,0x00,0x00,0x00,0x1E,0x00,0xF0,0x00,0x00,0x00,
  0x3E,0x00,0xF0,0x00,0x00,0x00,0x3E,0x00,0xF0,0x00,0x00,0x00,0x3C,0x00,0xF0,0x00,
  0x00,0x00,0x7C,0x00,0xF0,0x00,0x00,0x00,0x7C,0x00,0xF0,0x00,0x00,0x00,0xF8,0x00,
  0xF0,0x00,0x00,0x00,0xF8,0x00,0xF0,0x00,0x00,0x01,0xF0,0x00,0xF0,0x00,0x00,0x03,
  0xE0,0x00,0xF0,0x00,0x00,0x07,0xE0,0x00,0xF0,0x00,0x00,0x0F,0xC0,0x00,0xF0,0x00,
  0x00,0x1F,0x80,0x00,0xF0,0x00,0x00,0x3F,0x00,0x00,0xF0,0x00,0x00,0x7E,0x00,0x00,
  0xF0,0x00,0x00,0xFC,0x00,0x00,0xF0,0x00,0x03,0xF8,0x00,0x00,0xF0,0x00,0x0F,0xF0,
  0x00,0x00,0xF0,0x00,0x3F,0xE0,0x00,0x00,0xF0,0x00,0x3F,0x80,0x00,0x00,0xF0,0x00,
  0x1F,0x00,0x00,0x00,0xF0,0x00,0x0C,0x00,0x00,0x00,0xF0,0x00,0x00,0x00,0x00,0x00,
  0xF0,0x00,0x00,0x00,0x00,0x00,0xF0,0x00,0x00,0x00,0x00,0x00,0xF0,0x00,0x00,0x00,
  0x00,0x00,0xF0,0x00,0x00,0x00,0x00,0x00,0xF0,0x00,0x00,0x00,0x00,0x00,0xF0,0x00,
  0x00,0x00,0x00,0x00,0xF0,0x00,0x00,0x00,0x00,0x00,0xF0,0x00,0x00,0x00,0x00,0x00,
  0x00,0x00,0x00,0x00,0x00,0x03,0xC0,0x00,0x00,0x00,0x00,0x03,0xC0,0x00,0x00,0x00,
  0x00,0x03,0xC0,0x00,0x00,0x00,0x00,0x03,0xC0,0x00,0x1F,0xFF,0xFE,0x03,0xC0,0x00,
  0x1F,0xFF,0xFE,0x03,0xC0,0x00,0x1F,0xFF,0xFE,0x03,0xC0,0x00,0x1F,0xFF,0xFE,0x03,
  0xC0,0x00,0x1F,0x00,0x00,0x03,0xC0,0x00,0x1F,0x00,0x00,0x03,0xC0,0x00,0x1F,0x00,
  0x00,0x03,0xC0,0x00,0x1F,0x00,0x00,0x03,0xC0,0x00,0x1F,0x00,0x00,0x03,0xC0,0x00,
  0x1F,0x00,0x00,0x03,0xC0,0x00,0x1F,0x00,0x00,0x03,0xC0,0x00,0x1F,0x00,0x00,0x03,
  0xC0,0x00,0x1F,0x00,0x00,0x03,0xFF,0x80,0x1F,0x00,0x00,0x03,0xFF,0x80,0x1F,0x00,
  0x00,0x03,0xFF,0x80,0x1F,0x00,0x00,0x03,0xFF,0x80,0x1F,0x00,0x00,0x03,0xC0,0x00,
  0x1F,0x00,0x00,0x03,0xC0,0x00,0x1F,0x00,0x00,0x03,0xC0,0x00,0x1F,0x00,0x00,0x03,
  0xC0,0x00,0x1F,0x00,0x00,0x03,0xC0,0x00,0x1F,0x00,0x00,0x03,0xC0,0x00,0x1F,0x00,
  0x00,0x03,0xC0,0x00,0x1F,0x00,0x1F,0xC3,0xC0,0x00,0x1F,0xFF,0xFF,0xC3,0xC0,0x00,
  0x1F,0xFF,0xFF,0xE3,0xC0,0x00,0x1F,0xFF,0xFF,0x83,0xC0,0x00,0x0F,0xFE,0x00,0x03,
  0xC0,0x00,0x00,0x00,0x00,0x03,0xC0,0x00,0x00,0x00,0x00,0x03,0xC0,0x00,0x00,0x00,
  0x00,0x03,0xC0,0x00,0x00,0x00,0x00,0x03,0xC0,0x00,0x00,0x00,0x00,0x03,0xC0,0x00,
  0x00,0x00,0x00,0x03,0xC0,0x00,0x00,0x00,0x00,0x03,0xC0,0x00,0x00,0x00,0x00,0x03,
  0xC0,0x00,0x00,0x00,0x00,0x03,0xC0,0x00,0x00,0x00,0x00,0x03,0xC0,0x00,0x00,0x00,
  0x00,0x00,0x00,0x00,0x00,0x00,0x00,0x00,0x00,0x00,0x00,0x00,0x00,0x00,0x7C,0x00,
  0x00,0x00,0x00,0xF0,0x7C,0x00,0x00,0x00,0x00,0xF0,0x7C,0x00,0x00,0x00,0x00,0xF0,
  0x7C,0x00,0x00,0x00,0x00,0xF0,0x7C,0x00,0x1F,0xFF,0xE0,0xF0,0x7C,0x00,0x1F,0xFF,
  0xE0,0xF0,0x7C,0x00,0x1F,0xFF,0xE0,0xF0,0x7C,0x00,0x1F,0xFF,0xC0,0xF0,0x7C,0x00,
  0x1E,0x00,0x00,0xF0,0x7C,0x00,0x1E,0x00,0x00,0xF0,0x7C,0x00,0x1E,0x00,0x00,0xF0,
  0x7C,0x00,0x1E,0x00,0x00,0xF0,0x7C,0x00,0x1E,0x00,0x00,0xF0,0x7C,0x00,0x1E,0x00,
  0x00,0xF0,0x7C,0x00,0x1E,0x00,0x00,0xF0,0x7C,0x00,0x1E,0x00,0x00,0xF0,0x7C,0x00,
  0x1E,0x00,0x00,0xFF,0xFC,0x00,0x1E,0x00,0x00,0xFF,0xFC,0x00,0x1E,0x00,0x00,0xFF,
  0xFC,0x00,0x1E,0x00,0x00,0xF0,0x7C,0x00,0x1E,0x00,0x00,0xF0,0x7C,0x00,0x1E,0x00,
  0x00,0xF0,0x7C,0x00,0x1E,0x00,0x00,0xF0,0x7C,0x00,0x1E,0x00,0x00,0xF0,0x7C,0x00,
  0x1E,0x00,0x00,0xF0,0x7C,0x00,0x1E,0x00,0x00,0xF0,0x7C,0x00,0x1E,0x00,0x78,0xF0,
  0x7C,0x00,0x1F,0xFF,0xF8,0xF0,0x7C,0x00,0x1F,0xFF,0xF8,0xF0,0x7C,0x00,0x1F,0xFF,
  0xF8,0xF0,0x7C,0x00,0x1F,0xFE,0x00,0xF0,0x7C,0x00,0x00,0x00,0x00,0xF0,0x7C,0x00,
  0x00,0x00,0x00,0xF0,0x7C,0x00,0x00,0x00,0x00,0xF0,0x7C,0x00,0x00,0x00,0x00,0xF0,
  0x7C,0x00,0x00,0x00,0x00,0xF0,0x7C,0x00,0x00,0x00,0x00,0xF0,0x7C,0x00,0x00,0x00,
  0x00,0xF0,0x7C,0x00,0x00,0x00,0x00,0xF0,0x7C,0x00,0x00,0x00,0x00,0x00,0x7C,0x00,
  0x00,0x00,0x00,0x00,0x7C,0x00,0x00,0x00,0x00,0x00,0x00,0x00,0x00,0x00,0x00,0x00,
  0xF8,0x00,0x00,0x00,0x00,0x00,0xF8,0x00,0x00,0x00,0x00,0x00,0xF8,0x00,0x00,0x00,
  0x00,0x00,0xF8,0x00,0x0F,0xFF,0xFE,0x00,0xF8,0x00,0x0F,0xFF,0xFE,0x00,0xF8,0x00,
  0x0F,0xFF,0xFE,0x00,0xF8,0x00,0x0F,0xFF,0xFE,0x00,0xF8,0x00,0x0F,0x00,0x00,0x00,
  0xF8,0x00,0x0F,0x00,0x00,0x00,0xF8,0x00,0x0F,0x00,0x00,0x00,0xF8,0x00,0x0F,0x00,
  0x00,0x00,0xF8,0x00,0x0F,0x00,0x00,0x00,0xF8,0x00,0x0F,0x00,0x00,0x00,0xF8,0x00,
  0x0F,0x00,0x00,0x00,0xF8,0x00,0x0F,0x00,0x0F,0xFF,0xF8,0x00,0x0F,0x00,0x0F,0xFF,
  0xF8,0x00,0x0F,0x00,0x0F,0xFF,0xF8,0x00,0x0F,0x00,0x07,0xFF,0xF8,0x00,0x0F,0x00,
  0x00,0x00,0xF8,0x00,0x0F,0x00,0x00,0x00,0xF8,0x00,0x0F,0x00,0x00,0x00,0xF8,0x00,
  0x0F,0x00,0x00,0x00,0xF8,0x00,0x0F,0x00,0x00,0x00,0xF8,0x00,0x0F,0x00,0x00,0x00,
  0xF8,0x00,0x0F,0x00,0x00,0x00,0xF8,0x00,0x0F,0x00,0x00,0x00,0xF8,0x00,0x0F,0x00,
  0x0F,0xC0,0xF8,0x00,0x0F,0xFF,0xFF,0xC0,0xF8,0x00,0x0F,0xFF,0xFF,0xC0,0xF8,0x00,
  0x0F,0xFF,0xFF,0x80,0xF8,0x00,0x0F,0xFF,0x80,0x00,0xF8,0x00,0x00,0x00,0x00,0x00,
  0xF8,0x00,0x00,0x00,0x00,0x00,0xF8,0x00,0x00,0x00,0x00,0x00,0xF8,0x00,0x00,0x00,
  0x00,0x00,0xF8,0x00,0x00,0x00,0x00,0x00,0xF8,0x00,0x00,0x00,0x00,0x00,0xF8,0x00,
  0x00,0x00,0x00,0x00,0xF8,0x00,0x00,0x00,0x00,0x00,0xF8,0x00,0x00,0x00,0x00,0x00,
  0xF8,0x00,0x00,0x00,0x00,0x00,0xF8,0x00,0x00,0x00,0x00,0x00,0x00,0x00,0x00,0x00,
  0x00,0x00,0x00,0x00,0x03,0xFF,0xFF,0xFF,0xE0,0x00,0x03,0xFF,0xFF,0xFF,0xE0,0x00,
  0x03,0xFF,0xFF,0xFF,0xE0,0x00,0x03,0xE0,0x00,0x00,0x00,0x00,0x03,0xE0,0x00,0x00,
  0x00,0x00,0x03,0xE0,0x00,0x00,0x00,0x00,0x03,0xE0,0x00,0x00,0x00,0x00,0x03,0xE0,
  0x00,0x00,0x00,0x00,0x03,0xE0,0x00,0x00,0x00,0x00,0x03,0xE0,0x00,0x00,0x00,0x00,
  0x03,0xE0,0x00,0x00,0x00,0x00,0x03,0xE0,0x00,0x00,0x00,0x00,0x03,0xE0,0x00,0x00,
  0x00,0x00,0x03,0xE0,0x00,0x00,0x00,0x00,0x03,0xE0,0x00,0x00,0x00,0x00,0x03,0xE0,
  0x00,0x00,0x00,0x00,0x03,0xFF,0xFF,0xFF,0xF0,0x00,0x03,0xFF,0xFF,0xFF,0xF0,0x00,
  0x03,0xFF,0xFF,0xFF,0xF0,0x00,0x01,0xFF,0xFF,0xFF,0xE0,0x00,0x00,0x00,0x00,0x00,
  0x00,0x00,0x00,0x00,0x00,0x00,0x00,0x00,0x00,0x00,0x00,0x00,0x00,0x00,0x00,0x00,
  0x00,0x00,0x00,0x00,0x00,0x00,0x00,0x00,0x00,0x00,0x00,0x00,0x00,0x00,0x00,0x00,
  0x00,0x00,0x00,0x00,0x00,0x00,0x00,0x00,0x00,0x00,0x00,0x00,0x00,0x00,0x00,0x00,
  0x00,0x00,0x3F,0xFF,0xFF,0xFF,0xFF,0x00,0x3F,0xFF,0xFF,0xFF,0xFF,0x00,0x3F,0xFF,
  0xFF,0xFF,0xFF,0x00,0x00,0x00,0x00,0x00,0x00,0x00,0x00,0x00,0x00,0x00,0x00,0x00,
  0x00,0x00,0x00,0x00,0x00,0x00,0x00,0x00,0x00,0x00,0xF0,0x00,0x00,0x00,0x00,0x00,
  0xF0,0x00,0x00,0x00,0x00,0x00,0xF0,0x00,0x00,0x00,0x00,0x00,0xF0,0x00,0x0F,0xFF,
  0xFF,0x00,0xF0,0x00,0x0F,0xFF,0xFF,0x00,0xF0,0x00,0x0F,0xFF,0xFF,0x00,0xF0,0x00,
  0x0F,0xFF,0xFF,0x00,0xF0,0x00,0x0F,0x80,0x00,0x00,0xF0,0x00,0x0F,0x80,0x00,0x00,
  0xF0,0x00,0x0F,0x80,0x00,0x00,0xF0,0x00,0x0F,0x80,0x00,0x00,0xF0,0x00,0x0F,0x80,
  0x00,0x00,0xF0,0x00,0x0F,0x80,0x00,0x00,0xF0,0x00,0x0F,0x80,0x00,0x00,0xF0,0x00,
  0x0F,0x80,0x00,0x00,0xF0,0x00,0x0F,0x80,0x00,0x00,0xF0,0x00,0x0F,0x80,0x00,0x00,
  0xF0,0x00,0x0F,0x80,0x00,0x00,0xF0,0x00,0x0F,0x80,0x00,0x00,0xF0,0x00,0x0F,0x80,
  0x00,0x00,0xF0,0x00,0x0F,0x80,0x00,0x00,0xF0,0x00,0x0F,0x80,0x00,0x00,0xF0,0x00,
  0x0F,0x80,0x00,0x00,0xF0,0x00,0x0F,0x80,0x00,0x00,0xF0,0x00,0x0F,0x80,0x00,0x00,
  0xF0,0x00,0x0F,0x80,0x00,0x00,0xF0,0x00,0x0F,0x80,0x07,0xF0,0xF0,0x00,0x0F,0xFF,
  0xFF,0xF0,0xF0,0x00,0x0F,0xFF,0xFF,0xF0,0xF0,0x00,0x0F,0xFF,0xFF,0xE0,0xF0,0x00,
  0x0F,0xFF,0xC0,0x00,0xF0,0x00,0x00,0x00,0x00,0x00,0xF0,0x00,0x00,0x00,0x00,0x00,
  0xF0,0x00,0x00,0x00,0x00,0x00,0xF0,0x00,0x00,0x00,0x00,0x00,0xF0,0x00,0x00,0x00,
  0x00,0x00,0xF0,0x00,0x00,0x00,0x00,0x00,0xF0,0x00,0x00,0x00,0x00,0x00,0xF0,0x00,
  0x00,0x00,0x00,0x00,0xF0,0x00,0x00,0x00,0x00,0x00,0xF0,0x00,0x00,0x00,0x00,0x00,
  0xF0,0x00,0x00,0x00,0x00,0x00,0x00,0x00,0x00,0x00,0x00,0x03,0xE0,0x00,0x00,0x00,
  0x00,0x03,0xE0,0x00,0x1F,0xFF,0xFC,0x03,0xE0,0x00,0x1F,0xFF,0xFC,0x03,0xE0,0x00,
  0x1F,0xFF,0xFC,0x03,0xE0,0x00,0x1F,0xFF,0xFC,0x03,0xE0,0x00,0x00,0x00,0x3C,0x03,
  0xE0,0x00,0x00,0x00,0x3C,0x03,0xE0,0x00,0x00,0x00,0x3C,0x03,0xE0,0x00,0x00,0x00,
  0x3C,0x03,0xE0,0x00,0x00,0x00,0x3C,0x03,0xFF,0x00,0x1F,0xFF,0xFC,0x03,0xFF,0x80,
  0x1F,0xFF,0xFC,0x03,0xFF,0x80,0x1F,0xFF,0xFC,0x03,0xFF,0x80,0x1F,0x00,0x00,0x03,
  0xE0,0x00,0x1F,0x00,0x00,0x03,0xE0,0x00,0x1F,0x00,0x00,0x03,0xE0,0x00,0x1F,0x00,
  0x00,0x03,0xE0,0x00,0x1F,0x00,0x01,0xC3,0xE0,0x00,0x1F,0xFF,0xFF,0xC3,0xE0,0x00,
  0x1F,0xFF,0xFF,0xE3,0xE0,0x00,0x1F,0xFF,0xFF,0xE3,0xE0,0x00,0x1F,0xFF,0xF0,0x03,
  0xE0,0x00,0x00,0x00,0x00,0x03,0xE0,0x00,0x00,0x00,0x00,0x03,0xE0,0x00,0x00,0x00,
  0x00,0x00,0x00,0x00,0x00,0x00,0x00,0x00,0x00,0x00,0x00,0xFF,0xFF,0xFF,0xE0,0x00,
  0x00,0xFF,0xFF,0xFF,0xE0,0x00,0x00,0xFF,0xFF,0xFF,0xE0,0x00,0x00,0xF0,0x00,0x03,
  0xE0,0x00,0x00,0xF0,0x00,0x03,0xE0,0x00,0x00,0xF0,0x00,0x03,0xE0,0x00,0x00,0xF0,
  0x00,0x03,0xE0,0x00,0x00,0xF0,0x00,0x03,0xE0,0x00,0x00,0xF0,0x00,0x03,0xE0,0x00,
  0x00,0xF0,0x00,0x03,0xE0,0x00,0x00,0xF0,0x00,0x03,0xE0,0x00,0x00,0xFF,0xFF,0xFF,
  0xE0,0x00,0x00,0xFF,0xFF,0xFF,0xE0,0x00,0x00,0xFF,0xFF,0xFF,0xE0,0x00,0x00,0x00,
  0x00,0x00,0x00,0x00,0x00,0x00,0x00,0x00,0x78,0x00,0x00,0x00,0x00,0x78,0x78,0x00,
  0x00,0x00,0x00,0x78,0x78,0x00,0x0F,0xFF,0xC0,0x78,0x78,0x00,0x1F,0xFF,0xC0,0x78,
  0x78,0x00,0x1F,0xFF,0xC0,0x78,0x78,0x00,0x1F,0xFF,0xC0,0x78,0x78,0x00,0x00,0x03,
  0xC0,0x78,0x78,0x00,0x00,0x03,0xC0,0x78,0x78,0x00,0x00,0x03,0xC0,0x78,0x78,0x00,
  0x00,0x03,0xC0,0x78,0x78,0x00,0x00,0x03,0xCF,0xF8,0x78,0x00,0x0F,0xFF,0xCF,0xF8,
  0x78,0x00,0x1F,0xFF,0xCF,0xF8,0x78,0x00,0x1F,0xFF,0xCF,0xF8,0x78,0x00,0x1F,0xFF,
  0xC0,0x78,0x78,0x00,0x1F,0x00,0x00,0x78,0x78,0x00,0x1F,0x00,0x00,0x78,0x78,0x00,
  0x1F,0x00,0x00,0x78,0x78,0x00,0x1F,0x00,0x00,0x78,0x78,0x00,0x1F,0x00,0x00,0x78,
  0x78,0x00,0x1F,0x03,0xF8,0x78,0x78,0x00,0x1F,0xFF,0xFC,0x78,0x78,0x00,0x1F,0xFF,
  0xFC,0x78,0x78,0x00,0x1F,0xFF,0xE0,0x78,0x78,0x00,0x00,0x00,0x00,0x78,0x78,0x00,
  0x00,0x00,0x00,0x78,0x78,0x00,0x00,0x00,0x00,0x78,0x78,0x00,0x00,0x3C,0x00,0x78,
  0x78,0x00,0x00,0x3C,0x00,0x78,0x78,0x00,0x00,0x3C,0x00,0x00,0x78,0x00,0x00,0x3C,
  0x00,0x00,0x38,0x00,0x00,0x3C,0x00,0x00,0x00,0x00,0x00,0x3C,0x00,0x00,0x00,0x00,
  0x00,0x3C,0x00,0x00,0x00,0x00,0x00,0x3C,0x00,0x00,0x00,0x00,0x00,0x3C,0x00,0x00,
  0x00,0x00,0x00,0x3F,0xFF,0xFF,0xFC,0x00,0x00,0x3F,0xFF,0xFF,0xFE,0x00,0x00,0x3F,
  0xFF,0xFF,0xFE,0x00,0x00,0x3F,0xFF,0xFF,0xFE,0x00,0x00,0x00,0x00,0x00,0x00,0x00,
  0x00,0x00,0x00,0x00,0xF0,0x00,0x00,0x00,0x00,0x00,0xF0,0x00,0x00,0x00,0x00,0x00,
  0xF0,0x00,0x0F,0xFF,0xFE,0x00,0xF0,0x00,0x0F,0xFF,0xFE,0x00,0xF0,0x00,0x0F,0xFF,
  0xFE,0x00,0xF0,0x00,0x00,0x00,0x3E,0x00,0xF0,0x00,0x00,0x00,0x1E,0x00,0xF0,0x00,
  0x00,0x00,0x1E,0x00,0xF0,0x00,0x00,0x00,0x1E,0x00,0xF0,0x00,0x00,0x00,0x1E,0x00,
  0xF0,0x00,0x0F,0xFF,0xFE,0x00,0xF0,0x00,0x0F,0xFF,0xFE,0x00,0xF0,0x00,0x0F,0xFF,
  0xFE,0x00,0xF0,0x00,0x0F,0xFF,0xFC,0x00,0xF0,0x00,0x0F,0x00,0x00,0x00,0xF0,0x00,
  0x0F,0x00,0x00,0x00,0xF0,0x00,0x0F,0x00,0x00,0x00,0xF0,0x00,0x0F,0x00,0x00,0x00,
  0xF0,0x00,0x0F,0x00,0x3F,0xE0,0xF0,0x00,0x0F,0xFF,0xFF,0xF0,0xF0,0x00,0x0F,0xFF,
  0xFF,0xF0,0xF0,0x00,0x0F,0xFF,0xFF,0x80,0xF0,0x00,0x00,0x00,0x00,0x00,0xF0,0x00,
  0x00,0x00,0x00,0x00,0xF0,0x00,0x00,0x00,0x00,0x00,0xF0,0x00,0x00,0x00,0x00,0x00,
  0x00,0x00,0x00,0x01,0xFF,0xFC,0x00,0x00,0x00,0x0F,0xFF,0xFF,0x80,0x00,0x00,0x3F,
  0xFF,0xFF,0xC0,0x00,0x00,0x7F,0x80,0x1F,0xE0,0x00,0x00,0x7C,0x00,0x03,0xF0,0x00,
  0x00,0xF8,0x00,0x01,0xF0,0x00,0x00,0xF8,0x00,0x00,0xF8,0x00,0x00,0xF8,0x00,0x00,
  0xF8,0x00,0x00,0xF8,0x00,0x00,0xF0,0x00,0x00,0x7C,0x00,0x01,0xF0,0x00,0x00,0x7F,
  0x00,0x07,0xF0,0x00,0x00,0x3F,0xFF,0xFF,0xE0,0x00,0x00,0x1F,0xFF,0xFF,0x80,0x00,
  0x00,0x07,0xFF,0xFE,0x00,0x00,0x00,0x00,0x7F,0xF0,0x00,0x00,0x00,0x00,0x00,0x00,
  0xF0,0x00,0x00,0x00,0x00,0x00,0xF0,0x00,0x00,0x00,0x00,0x00,0xF0,0x00,0x00,0x00,
  0x00,0x00,0xF0,0x00,0x0F,0xFF,0xFF,0x00,0xF0,0x00,0x0F,0xFF,0xFF,0x00,0xF0,0x00,
  0x0F,0xFF,0xFF,0x00,0xF0,0x00,0x0F,0x00,0x1F,0x00,0xF0,0x00,0x0F,0x00,0x1F,0x00,
  0xF0,0x00,0x0F,0x00,0x1F,0x00,0xF0,0x00,0x0F,0x00,0x1F,0x00,0xF0,0x00,0x0F,0x00,
  0x1F,0x00,0xF0,0x00,0x0F,0x00,0x1F,0x00,0xF0,0x00,0x0F,0x00,0x1F,0x00,0xF0,0x00,
  0x0F,0x00,0x1F,0x00,0xF0,0x00,0x0F,0x00,0x1F,0x00,0xF0,0x00,0x0F,0x00,0x1F,0x00,
  0xF0,0x00,0x0F,0x00,0x1F,0x00,0xF0,0x00,0x0F,0x00,0x1F,0x00,0xF0,0x00,0x0F,0x00,
  0x1F,0x00,0xF0,0x00,0x0F,0xFF,0xFF,0x00,0xF0,0x00,0x0F,0xFF,0xFF,0x00,0xF0,0x00,
  0x0F,0xFF,0xFF,0x00,0xF0,0x00,0x00,0x00,0x00,0x00,0xF0,0x00,0x00,0x00,0x00,0x00,
  0xF0,0x00,0x00,0x00,0x00,0x00,0xF0,0x00,0x00,0x00,0x00,0x00,0xF0,0x00,0x00,0x78,
  0x00,0x00,0xF0,0x00,0x00,0x78,0x00,0x00,0xF0,0x00,0x00,0x78,0x00,0x00,0xF0,0x00,
  0x00,0x78,0x00,0x00,0x00,0x00,0x00,0x78,0x00,0x00,0x00,0x00,0x00,0x78,0x00,0x00,
  0x00,0x00,0x00,0x78,0x00,0x00,0x00,0x00,0x00,0x78,0x00,0x00,0x00,0x00,0x00,0x78,
  0x00,0x00,0x00,0x00,0x00,0x78,0x00,0x00,0x00,0x00,0x00,0x7F,0xFF,0xFF,0xFC,0x00,
  0x00,0x7F,0xFF,0xFF,0xFC,0x00,0x00,0x7F,0xFF,0xFF,0xFC,0x00,0x00,0x7F,0xFF,0xFF,
  0xF8,0x00,0x00,0x00,0x00,0x00,0x00,0x00,0x00,0x00,0x00,0x03,0xC0,0x00,0x00,0x00,
  0x00,0x03,0xC0,0x00,0x00,0x00,0x00,0x03,0xC0,0x00,0x00,0x00,0x00,0x03,0xC0,0x00,
  0x1F,0x00,0x1E,0x03,0xC0,0x00,0x1F,0x00,0x1E,0x03,0xC0,0x00,0x1F,0x00,0x1E,0x03,
  0xC0,0x00,0x1F,0x00,0x1E,0x03,0xC0,0x00,0x1F,0x00,0x1E,0x03,0xC0,0x00,0x1F,0x00,
  0x1E,0x03,0xC0,0x00,0x1F,0x00,0x1E,0x03,0xC0,0x00,0x1F,0x00,0x1E,0x03,0xC0,0x00,
  0x1F,0x00,0x1E,0x03,0xC0,0x00,0x1F,0x00,0x1E,0x03,0xC0,0x00,0x1F,0xFF,0xFE,0x03,
  0xC0,0x00,0x1F,0xFF,0xFE,0x03,0xC0,0x00,0x1F,0xFF,0xFE,0x03,0xFF,0x80,0x1F,0xFF,
  0xFE,0x03,0xFF,0x80,0x1F,0x00,0x1E,0x03,0xFF,0x80,0x1F,0x00,0x1E,0x03,0xFF,0x80,
  0x1F,0x00,0x1E,0x03,0xC0,0x00,0x1F,0x00,0x1E,0x03,0xC0,0x00,0x1F,0x00,0x1E,0x03,
  0xC0,0x00,0x1F,0x00,0x1E,0x03,0xC0,0x00,0x1F,0x00,0x1E,0x03,0xC0,0x00,0x1F,0x00,
  0x1E,0x03,0xC0,0x00,0x1F,0x00,0x1E,0x03,0xC0,0x00,0x1F,0x00,0x1E,0x03,0xC0,0x00,
  0x1F,0xFF,0xFE,0x03,0xC0,0x00,0x1F,0xFF,0xFE,0x03,0xC0,0x00,0x1F,0xFF,0xFE,0x03,
  0xC0,0x00,0x1F,0xFF,0xFE,0x03,0xC0,0x00,0x00,0x00,0x00,0x03,0xC0,0x00,0x00,0x00,
  0x00,0x03,0xC0,0x00,0x00,0x00,0x00,0x03,0xC0,0x00,0x00,0x00,0x00,0x03,0xC0,0x00,
  0x00,0x00,0x00,0x03,0xC0,0x00,0x00,0x00,0x00,0x03,0xC0,0x00,0x00,0x00,0x00,0x03,
  0xC0,0x00,0x00,0x00,0x00,0x03,0xC0,0x00,0x00,0x00,0x00,0x03,0xC0,0x00,0x00,0x00,
  0x00,0x03,0xC0,0x00,0x00,0x00,0x00,0x00,0x00,0x00,0x00,0x00,0x00,0x00,0xF8,0x00,
  0x00,0x00,0x00,0x00,0xF8,0x00,0x00,0x00,0x00,0x00,0xF8,0x00,0x00,0x00,0x00,0x00,
  0xF8,0x00,0x00,0x0F,0x80,0x00,0xF8,0x00,0x00,0x0F,0x80,0x00,0xF8,0x00,0x00,0x0F,
  0x80,0x00,0xF8,0x00,0x00,0x0F,0x80,0x00,0xF8,0x00,0x00,0x0F,0x80,0x00,0xF8,0x00,
  0x00,0x0F,0x80,0x00,0xF8,0x00,0x00,0x0F,0x80,0x00,0xF8,0x00,0x00,0x0F,0x80,0x00,
  0xF8,0x00,0x00,0x0F,0x80,0x00,0xF8,0x00,0x00,0x0F,0x80,0x00,0xF8,0x00,0x00,0x0F,
  0x81,0xFF,0xF8,0x00,0x00,0x0F,0x81,0xFF,0xF8,0x00,0x00,0x1F,0xC1,0xFF,0xF8,0x00,
  0x00,0x1F,0xC1,0xFF,0xF8,0x00,0x00,0x1F,0xC0,0x00,0xF8,0x00,0x00,0x3F,0xE0,0x00,
  0xF8,0x00,0x00,0x3D,0xE0,0x00,0xF8,0x00,0x00,0x7D,0xF0,0x00,0xF8,0x00,0x00,0x78,
  0xF0,0x00,0xF8,0x00,0x00,0xF8,0xF8,0x00,0xF8,0x00,0x01,0xF0,0x7C,0x00,0xF8,0x00,
  0x01,0xF0,0x7E,0x00,0xF8,0x00,0x03,0xE0,0x3F,0x00,0xF8,0x00,0x07,0xE0,0x1F,0x80,
  0xF8,0x00,0x1F,0xC0,0x0F,0xE0,0xF8,0x00,0x3F,0x80,0x07,0xE0,0xF8,0x00,0x3F,0x00,
  0x03,0xC0,0xF8,0x00,0x1E,0x00,0x01,0x80,0xF8,0x00,0x08,0x00,0x00,0x00,0xF8,0x00,
  0x00,0x00,0x00,0x00,0xF8,0x00,0x00,0x00,0x00,0x00,0xF8,0x00,0x00,0x00,0x00,0x00,
  0xF8,0x00,0x00,0x00,0x00,0x00,0xF8,0x00,0x00,0x00,0x00,0x00,0xF8,0x00,0x00,0x00,
  0x00,0x00,0xF8,0x00,0x00,0x00,0x00,0x00,0xF8,0x00,0x00,0x00,0x00,0x00,0xF8,0x00,
  0x00,0x00,0x00,0x00,0xF8,0x00,0x00,0x00,0x00,0x00,0x00,0x00,0x00,0x00,0x00,0x00,
  0x00,0x00,0x00,0x00,0x00,0x00,0xF8,0x00,0x00,0x00,0x00,0x00,0xF8,0x00,0x00,0x0F,
  0x00,0x00,0xF8,0x00,0x00,0x0F,0x00,0x00,0xF8,0x00,0x00,0x0F,0x00,0x00,0xF8,0x00,
  0x00,0x0F,0x00,0x00,0xF8,0x00,0x00,0x0F,0x00,0x00,0xF8,0x00,0x00,0x0F,0x00,0x00,
  0xF8,0x00,0x00,0x0F,0x81,0xFF,0xF8,0x00,0x00,0x1F,0x81,0xFF,0xF8,0x00,0x00,0x1F,
  0x81,0xFF,0xF8,0x00,0x00,0x1F,0x81,0xFF,0xF8,0x00,0x00,0x3F,0xC0,0x00,0xF8,0x00,
  0x00,0x3F,0xE0,0x00,0xF8,0x00,0x00,0x7D,0xE0,0x00,0xF8,0x00,0x00,0xF9,0xF0,0x00,
  0xF8,0x00,0x01,0xF8,0xF8,0x00,0xF8,0x00,0x03,0xF0,0x7E,0x00,0xF8,0x00,0x07,0xE0,
  0x7F,0x80,0xF8,0x00,0x1F,0xC0,0x1F,0xC0,0xF8,0x00,0x3F,0x80,0x0F,0xC0,0xF8,0x00,
  0x3F,0x00,0x07,0x80,0xF8,0x00,0x1C,0x00,0x01,0x00,0xF8,0x00,0x00,0x00,0x00,0x00,
  0xF8,0x00,0x00,0x00,0x00,0x00,0x00,0x00,0x00,0x00,0x00,0x00,0x00,0x00,0x00,0x00,
  0x00,0x00,0x00,0x00,0x01,0xFF,0xF9,0xFF,0xF8,0x00,0x01,0xFF,0xF9,0xFF,0xF8,0x00,
  0x01,0xFF,0xF9,0xFF,0xF8,0x00,0x00,0x00,0xF8,0x00,0xF8,0x00,0x00,0x00,0x78,0x00,
  0xF8,0x00,0x00,0x00,0x78,0x00,0xF8,0x00,0x00,0x00,0x78,0x00,0xF8,0x00,0x00,0x00,
  0x78,0x00,0xF8,0x00,0x00,0x00,0x78,0x00,0xF8,0x00,0x00,0x00,0x78,0x00,0xF8,0x00,
  0x00,0x00,0x78,0x00,0xF8,0x00,0x00,0x00,0x78,0x00,0xF8,0x00,0x00,0x00,0x78,0x00,
  0xF8,0x00,0x00,0x00,0x78,0x00,0xF8,0x00,0x00,0x00,0x78,0x00,0xF8,0x00,0x00,0x00,
  0x1E,0x00,0x00,0x00,0x00,0x00,0x3E,0x00,0x00,0x00,0x00,0x00,0x3E,0x00,0x00,0x00,
  0x00,0x00,0x3E,0x00,0x00,0x00,0x00,0x00,0x3F,0x00,0x00,0x00,0x00,0x00,0x7F,0x80,
  0x00,0x00,0x00,0x00,0xFF,0x80,0x00,0x00,0x00,0x01,0xF7,0xE0,0x00,0x00,0x00,0x07,
  0xE3,0xF0,0x00,0x00,0x00,0x1F,0xC1,0xFC,0x00,0x00,0x00,0xFF,0x80,0x7F,0x80,0x00,
  0x0F,0xFE,0x00,0x3F,0xF8,0x00,0x0F,0xF8,0x00,0x0F,0xF8,0x00,0x07,0xE0,0x00,0x01,
  0xF8,0x00,0x04,0x00,0x00,0x00,0x10,0x00,0x00,0x00,0x00,0x00,0x00,0x00,0x00,0x00,
  0x00,0x00,0x00,0x00,0x3F,0xFF,0xFF,0xFF,0xFF,0x00,0x3F,0xFF,0xFF,0xFF,0xFF,0x00,
  0x3F,0xFF,0xFF,0xFF,0xFF,0x00,0x3F,0xFF,0xFF,0xFF,0xFF,0x00,0x00,0x00,0x3E,0x00,
  0x00,0x00,0x00,0x00,0x3E,0x00,0x00,0x00,0x00,0x00,0x3E,0x00,0x00,0x00,0x00,0x00,
  0x3E,0x00,0x00,0x00,0x03,0xFF,0xFF,0xFF,0xE0,0x00,0x03,0xFF,0xFF,0xFF,0xE0,0x00,
  0x03,0xFF,0xFF,0xFF,0xE0,0x00,0x00,0x00,0x00,0x01,0xE0,0x00,0x00,0x00,0x00,0x01,
  0xE0,0x00,0x00,0x00,0x00,0x01,0xE0,0x00,0x03,0xFF,0xFF,0xFF,0xE0,0x00,0x03,0xFF,
  0xFF,0xFF,0xE0,0x00,0x03,0xFF,0xFF,0xFF,0xE0,0x00,0x03,0xE0,0x00,0x00,0x00,0x00,
  0x03,0xE0,0x00,0x00,0x00,0x00,0x03,0xE0,0x00,0x00,0x00,0x00,0x03,0xE0,0x00,0x00,
  0x00,0x00,0x03,0xFF,0xFF,0xFF,0xF0,0x00,0x03,0xFF,0xFF,0xFF,0xF0,0x00,0x03,0xFF,
  0xFF,0xFF,0xF0,0x00,0x01,0xFF,0xFF,0xFF,0xF0,0x00,0x00,0x00,0x00,0x00,0x00,0x00,
  0x00,0x00,0x3E,0x00,0x00,0x00,0x00,0x00,0x3E,0x00,0x00,0x00,0x00,0x00,0x3E,0x00,
  0x00,0x00,0x00,0x00,0x3E,0x00,0x00,0x00,0x00,0x00,0x3E,0x00,0x00,0x00,0x00,0x00,
  0x3E,0x00,0x00,0x00,0x00,0x00,0x7F,0x00,0x00,0x00,0x00,0x00,0x7F,0x00,0x00,0x00,
  0x00,0x00,0x7F,0x80,0x00,0x00,0x00,0x00,0xFF,0x80,0x00,0x00,0x00,0x01,0xF7,0xC0,
  0x00,0x00,0x00,0x03,0xF3,0xE0,0x00,0x00,0x00,0x07,0xE3,0xF0,0x00,0x00,0x00,0x0F,
  0xC1,0xF8,0x00,0x00,0x00,0x1F,0x80,0xFC,0x00,0x00,0x00,0x7F,0x00,0x7F,0x00,0x00,
  0x01,0xFE,0x00,0x3F,0xC0,0x00,0x0F,0xFC,0x00,0x1F,0xF8,0x00,0x1F,0xF0,0x00,0x07,
  0xFC,0x00,0x0F,0xC0,0x00,0x01,0xF8,0x00,0x0F,0x00,0x00,0x00,0x78,0x00,0x00,0x00,
  0x00,0x00,0x00,0x00,0x00,0x00,0x00,0x00,0x00,0x00,0x00,0x00,0x00,0x00,0x00,0x00,
  0x00,0x00,0x00,0x00,0x00,0x00,0x00,0x00,0x00,0x00,0x00,0x00,0x00,0x00,0x00,0x00,
  0x00,0x00,0x00,0x00,0x00,0x00,0x00,0x00,0x00,0x00,0x00,0x00,0x00,0x00,0x00,0x00,
  0x00,0x00,0x00,0x00,0x3F,0xFF,0xFF,0xFF,0xFF,0x00,0x3F,0xFF,0xFF,0xFF,0xFF,0x00,
  0x3F,0xFF,0xFF,0xFF,0xFF,0x00,0x00,0x00,0x00,0x00,0x00,0x00,0x00,0x00,0x00,0x00,
  0x00,0x00,0x00,0x00,0x00,0x00,0x00,0x00,0x00,0x00,0x00,0x00,0xF0,0x00,0x00,0x00,
  0x00,0x00,0xF0,0x00,0x00,0x00,0x00,0x00,0xF0,0x00,0x00,0x00,0x00,0x00,0xF0,0x00,
  0x00,0x0F,0x80,0x00,0xF0,0x00,0x00,0x0F,0x80,0x00,0xF0,0x00,0x00,0x0F,0x80,0x00,
  0xF0,0x00,0x00,0x0F,0x80,0x00,0xF0,0x00,0x00,0x0F,0x80,0x00,0xF0,0x00,0x00,0x0F,
  0x80,0x00,0xF0,0x00,0x00,0x0F,0x80,0x00,0xF0,0x00,0x00,0x0F,0x80,0x00,0xF0,0x00,
  0x00,0x0F,0x80,0x00,0xF0,0x00,0x00,0x0F,0x80,0x00,0xF0,0x00,0x00,0x0F,0x80,0x00,
  0xF0,0x00,0x00,0x0F,0xC0,0x00,0xF0,0x00,0x00,0x0F,0xC0,0x00,0xF0,0x00,0x00,0x1F,
  0xC0,0x00,0xF0,0x00,0x00,0x1F,0xE0,0x00,0xF0,0x00,0x00,0x1F,0xE0,0x00,0xF0,0x00,
  0x00,0x3D,0xE0,0x00,0xF0,0x00,0x00,0x3C,0xF0,0x00,0xF0,0x00,0x00,0x7C,0xF8,0x00,
  0xF0,0x00,0x00,0xF8,0xF8,0x00,0xF0,0x00,0x00,0xF8,0x7C,0x00,0xF0,0x00,0x01,0xF0,
  0x3E,0x00,0xF0,0x00,0x03,0xE0,0x3F,0x00,0xF0,0x00,0x07,0xE0,0x1F,0xC0,0xF0,0x00,
  0x1F,0xC0,0x0F,0xE0,0xF0,0x00,0x3F,0x80,0x07,0xF0,0xF0,0x00,0x3F,0x00,0x03,0xE0,
  0xF0,0x00,0x1E,0x00,0x00,0xC0,0xF0,0x00,0x18,0x00,0x00,0x00,0xF0,0x00,0x00,0x00,
  0x00,0x00,0xF0,0x00,0x00,0x00,0x00,0x00,0xF0,0x00,0x00,0x00,0x00,0x00,0xF0,0x00,
  0x00,0x00,0x00,0x00,0xF0,0x00,0x00,0x00,0x00,0x00,0xF0,0x00,0x00,0x00,0x00,0x00,
  0xF0,0x00,0x00,0x00,0x00,0x00,0xF0,0x00,0x00,0x00,0x00,0x00,0xF0,0x00,0x00,0x00,
  0x00,0x00,0xF0,0x00,0x00,0x00,0x00,0x00,0x00,0x00,0x00,0x00,0x00,0x00,0x00,0x00,
  0x00,0x00,0x00,0x00,0xF8,0x00,0x00,0x00,0x00,0x00,0xF8,0x00,0x00,0x00,0x00,0x00,
  0xF8,0x00,0x00,0x3E,0x00,0x00,0xF8,0x00,0x00,0xFF,0xC0,0x00,0xF8,0x00,0x01,0xFF,
  0xE0,0x00,0xF8,0x00,0x03,0xFF,0xF0,0x00,0xF8,0x00,0x07,0xE1,0xF8,0x00,0xF8,0x00,
  0x0F,0xC0,0xF8,0x00,0xF8,0x00,0x0F,0x80,0x7C,0x00,0xF8,0x00,0x0F,0x00,0x3C,0x00,
  0xF8,0x00,0x1F,0x00,0x3E,0x00,0xF8,0x00,0x1E,0x00,0x1E,0x00,0xF8,0x00,0x1E,0x00,
  0x1E,0x00,0xF8,0x00,0x1E,0x00,0x1E,0x00,0xF8,0x00,0x3E,0x00,0x1F,0x00,0xF8,0x00,
  0x3E,0x00,0x1F,0xFF,0xF8,0x00,0x3E,0x00,0x1F,0xFF,0xF8,0x00,0x3E,0x00,0x1F,0xFF,
  0xF8,0x00,0x3E,0x00,0x1F,0x00,0xF8,0x00,0x3E,0x00,0x1E,0x00,0xF8,0x00,0x1E,0x00,
  0x1E,0x00,0xF8,0x00,0x1E,0x00,0x1E,0x00,0xF8,0x00,0x1E,0x00,0x1E,0x00,0xF8,0x00,
  0x1F,0x00,0x3E,0x00,0xF8,0x00,0x0F,0x00,0x3C,0x00,0xF8,0x00,0x0F,0x80,0x7C,0x00,
  0xF8,0x00,0x07,0xC0,0xF8,0x00,0xF8,0x00,0x07,0xF3,0xF8,0x00,0xF8,0x00,0x03,0xFF,
  0xF0,0x00,0xF8,0x00,0x01,0xFF,0xE0,0x00,0xF8,0x00,0x00,0x7F,0x80,0x00,0xF8,0x00,
  0x00,0x0C,0x00,0x00,0xF8,0x00,0x00,0x00,0x00,0x00,0xF8,0x00,0x00,0x00,0x00,0x00,
  0xF8,0x00,0x00,0x00,0x00,0x00,0xF8,0x00,0x00,0x00,0x00,0x00,0xF8,0x00,0x00,0x00,
  0x00,0x00,0xF8,0x00,0x00,0x00,0x00,0x00,0xF8,0x00,0x00,0x00,0x00,0x00,0xF8,0x00,
  0x00,0x00,0x00,0x00,0xF8,0x00,0x00,0x00,0x00,0x00,0xF8,0x00,0x00,0x00,0x00,0x00,
  0x00,0x00,0x00,0x00,0x00,0x00,0x00,0x00,0x00,0x00,0x00,0x00,0x7C,0x00,0x00,0x00,
  0x00,0x78,0x7C,0x00,0x00,0x00,0x00,0x78,0x7C,0x00,0x00,0x30,0x00,0x78,0x7C,0x00,
  0x01,0xFE,0x00,0x78,0x7C,0x00,0x03,0xFF,0x00,0x78,0x7C,0x00,0x07,0xFF,0x80,0x78,
  0x7C,0x00,0x0F,0xFF,0xC0,0x78,0x7C,0x00,0x0F,0x87,0xC0,0x78,0x7C,0x00,0x1F,0x03,
  0xE0,0x78,0x7C,0x00,0x1E,0x01,0xE0,0x78,0x7C,0x00,0x1E,0x01,0xE0,0x78,0x7C,0x00,
  0x1E,0x01,0xF0,0x78,0x7C,0x00,0x3E,0x00,0xF0,0x78,0x7C,0x00,0x3C,0x00,0xF0,0x78,
  0x7C,0x00,0x3C,0x00,0xF0,0x78,0x7C,0x00,0x3C,0x00,0xFF,0xF8,0x7C,0x00,0x3C,0x00,
  0xFF,0xF8,0x7C,0x00,0x3C,0x00,0xFF,0xF8,0x7C,0x00,0x3C,0x00,0xFF,0xF8,0x7C,0x00,
  0x3C,0x00,0xF0,0x78,0x7C,0x00,0x3C,0x00,0xF0,0x78,0x7C,0x00,0x3C,0x00,0xF0,0x78,
  0x7C,0x00,0x1E,0x00,0xF0,0x78,0x7C,0x00,0x1E,0x01,0xE0,0x78,0x7C,0x00,0x1E,0x01,
  0xE0,0x78,0x7C,0x00,0x1F,0x03,0xE0,0x78,0x7C,0x00,0x0F,0x83,0xC0,0x78,0x7C,0x00,
  0x0F,0xCF,0xC0,0x78,0x7C,0x00,0x07,0xFF,0x80,0x78,0x7C,0x00,0x03,0xFF,0x00,0x78,
  0x7C,0x00,0x01,0xFE,0x00,0x78,0x7C,0x00,0x00,0x78,0x00,0x78,0x7C,0x00,0x00,0x00,
  0x00,0x78,0x7C,0x00,0x00,0x00,0x00,0x78,0x7C,0x00,0x00,0x00,0x00,0x78,0x7C,0x00,
  0x00,0x00,0x00,0x78,0x7C,0x00,0x00,0x00,0x00,0x78,0x7C,0x00,0x00,0x00,0x00,0x78,
  0x7C,0x00,0x00,0x00,0x00,0x78,0x7C,0x00,0x00,0x00,0x00,0x00,0x7C,0x00,0x00,0x00,
  0x00,0x00,0x7C,0x00,0x00,0x00,0x1C,0x00,0x00,0x00,0x00,0x0F,0xFF,0xF8,0x00,0x00,
  0x00,0x7F,0xFF,0xFF,0x00,0x00,0x00,0xFF,0xFF,0xFF,0xC0,0x00,0x01,0xFC,0x00,0x1F,
  0xE0,0x00,0x03,0xF0,0x00,0x03,0xE0,0x00,0x03,0xE0,0x00,0x01,0xE0,0x00,0x03,0xC0,
  0x00,0x01,0xF0,0x00,0x03,0xC0,0x00,0x01,0xF0,0x00,0x03,0xE0,0x00,0x03,0xE0,0x00,
  0x01,0xF8,0x00,0x07,0xE0,0x00,0x01,0xFF,0xC0,0xFF,0xC0,0x00,0x00,0x7F,0xFF,0xFF,
  0x80,0x00,0x00,0x1F,0xFF,0xFE,0x00,0x00,0x00,0x01,0xFF,0xE0,0x00,0x00,0x00,0x00,
  0x00,0x00,0x00,0x00,0x00,0x00,0x00,0x00,0x00,0x00,0x3F,0xFF,0xFF,0xFF,0xFE,0x00,
  0x3F,0xFF,0xFF,0xFF,0xFF,0x00,0x3F,0xFF,0xFF,0xFF,0xFF,0x00,0x3F,0xFF,0xFF,0xFF,
  0xFF,0x00,0x00,0x00,0x3E,0x00,0x00,0x00,0x00,0x00,0x3E,0x00,0x00,0x00,0x00,0x00,
  0x3E,0x00,0x00,0x00,0x00,0x00,0x3E,0x00,0x00,0x00,0x03,0xFF,0xFF,0xFF,0xE0,0x00,
  0x03,0xFF,0xFF,0xFF,0xE0,0x00,0x03,0xFF,0xFF,0xFF,0xE0,0x00,0x00,0x00,0x00,0x01,
  0xE0,0x00,0x00,0x00,0x00,0x01,0xE0,0x00,0x00,0x00,0x00,0x01,0xE0,0x00,0x03,0xFF,
  0xFF,0xFF,0xE0,0x00,0x03,0xFF,0xFF,0xFF,0xE0,0x00,0x03,0xFF,0xFF,0xFF,0xE0,0x00,
  0x03,0xE0,0x00,0x00,0x00,0x00,0x03,0xE0,0x00,0x00,0x00,0x00,0x03,0xE0,0x00,0x00,
  0x00,0x00,0x03,0xE0,0x00,0x00,0x00,0x00,0x03,0xFF,0xFF,0xFF,0xF0,0x00,0x03,0xFF,
  0xFF,0xFF,0xF0,0x00,0x03,0xFF,0xFF,0xFF,0xF0,0x00,0x01,0xFF,0xFF,0xFF,0xF0,0x00,
  0x00,0x00,0x00,0x00,0x00,0x00,0x00,0x00,0x00,0x00,0x7C,0x00,0x00,0x00,0x00,0x7C,
  0x7C,0x00,0x00,0x00,0x00,0x7C,0x7C,0x00,0x00,0xFF,0x80,0x7C,0x7C,0x00,0x03,0xFF,
  0xC0,0x7C,0x7C,0x00,0x07,0xFF,0xF0,0x7C,0x7C,0x00,0x0F,0xC1,0xF0,0x7C,0x7C,0x00,
  0x0F,0x00,0xF8,0x7C,0x7C,0x00,0x1E,0x00,0x78,0x7C,0x7C,0x00,0x1E,0x00,0x78,0x7C,
  0x7C,0x00,0x1E,0x00,0x78,0x7C,0x7C,0x00,0x1E,0x00,0x78,0x7C,0x7C,0x00,0x1F,0x00,
  0x78,0x7C,0x7C,0x00,0x0F,0x00,0xF8,0x7C,0x7C,0x00,0x0F,0xC3,0xF0,0x7C,0x7C,0x00,
  0x07,0xFF,0xE0,0x7C,0x7C,0x00,0x03,0xFF,0xC0,0x7C,0x7C,0x00,0x00,0xFF,0x00,0x7C,
  0x7C,0x00,0x00,0x00,0x00,0x7C,0x7C,0x00,0x00,0x00,0x00,0x7C,0x7C,0x00,0x00,0x00,
  0x1E,0x7C,0x7C,0x00,0x7F,0xFF,0xFE,0x7C,0x7C,0x00,0x7F,0xFF,0xFE,0x7C,0x7C,0x00,
  0x7F,0xFF,0xFC,0x7C,0x7C,0x00,0x3F,0xFC,0x00,0x7C,0x7C,0x00,0x00,0x3C,0x00,0x7C,
  0x7C,0x00,0x00,0x3C,0x00,0x7C,0x7C,0x00,0x00,0x3C,0x3F,0xFC,0x7C,0x00,0x00,0x3C,
  0x3F,0xFC,0x7C,0x00,0x00,0x3C,0x3F,0xFC,0x7C,0x00,0x00,0x3C,0x3F,0xFC,0x7C,0x00,
  0x00,0x3C,0x00,0x7C,0x7C,0x00,0x00,0x3C,0x00,0x7C,0x7C,0x00,0x00,0x3C,0x00,0x7C,
  0x7C,0x00,0x00,0x3C,0x00,0x7C,0x7C,0x00,0x00,0x3C,0x00,0x7C,0x7C,0x00,0x00,0x3C,
  0x00,0x7C,0x7C,0x00,0x00,0x3C,0x00,0x7C,0x7C,0x00,0x00,0x3C,0x00,0x7C,0x7C,0x00,
  0x00,0x00,0x00,0x78,0x7C,0x00,0x00,0x00,0x00,0x00,0x7C,0x00,0x00,0x00,0x00,0x00,
  0x7C,0x00,0x00,0x00,0x00,0x00,0x00,0x00,0x00,0x07,0xFF,0xF8,0x00,0x00,0x00,0x3F,
  0xFF,0xFF,0x00,0x00,0x00,0xFF,0xFF,0xFF,0x80,0x00,0x01,0xFE,0x00,0x1F,0xC0,0x00,
  0x03,0xF0,0x00,0x07,0xE0,0x00,0x03,0xE0,0x00,0x01,0xE0,0x00,0x03,0xC0,0x00,0x01,
  0xF0,0x00,0x03,0xC0,0x00,0x01,0xF0,0x00,0x03,0xE0,0x00,0x03,0xE0,0x00,0x03,0xF0,
  0x00,0x07,0xE0,0x00,0x01,0xFF,0x00,0x3F,0xC0,0x00,0x00,0xFF,0xFF,0xFF,0x80,0x00,
  0x00,0x3F,0xFF,0xFE,0x00,0x00,0x00,0x07,0xFF,0xF0,0x00,0x00,0x00,0x00,0x00,0x00,
  0x00,0x00,0x00,0x00,0x00,0x00,0x00,0x00,0x00,0x00,0x00,0x00,0x00,0x00,0x3F,0xFF,
  0xFF,0xFF,0xFF,0x00,0x3F,0xFF,0xFF,0xFF,0xFF,0x00,0x3F,0xFF,0xFF,0xFF,0xFF,0x00,
  0x00,0x00,0x00,0x00,0x00,0x00,0x00,0x00,0x00,0x00,0x00,0x00,0x00,0x00,0x00,0x00,
  0x00,0x00,0x00,0x00,0x00,0x00,0x00,0x00,0x03,0xFF,0xFF,0xFF,0xE0,0x00,0x03,0xFF,
  0xFF,0xFF,0xE0,0x00,0x03,0xFF,0xFF,0xFF,0xE0,0x00,0x00,0x00,0x00,0x01,0xE0,0x00,
  0x00,0x00,0x00,0x01,0xE0,0x00,0x00,0x00,0x00,0x01,0xE0,0x00,0x03,0xFF,0xFF,0xFF,
  0xE0,0x00,0x03,0xFF,0xFF,0xFF,0xE0,0x00,0x03,0xFF,0xFF,0xFF,0xE0,0x00,0x03,0xE0,
  0x00,0x00,0x00,0x00,0x03,0xE0,0x00,0x00,0x00,0x00,0x03,0xE0,0x00,0x00,0x00,0x00,
  0x03,0xE0,0x00,0x00,0x00,0x00,0x03,0xFF,0xFF,0xFF,0xF0,0x00,0x03,0xFF,0xFF,0xFF,
  0xF0,0x00,0x03,0xFF,0xFF,0xFF,0xF0,0x00,0x01,0xFF,0xFF,0xFF,0xF0,0x00,0x00,0x00,
  0x00,0x00,0xF0,0x00,0x00,0x00,0x00,0x00,0xF0,0x00,0x00,0x00,0x00,0x00,0xF0,0x00,
  0x00,0x3F,0xC0,0x00,0xF0,0x00,0x01,0xFF,0xF0,0x00,0xF0,0x00,0x03,0xFF,0xF8,0x00,
  0xF0,0x00,0x07,0xFF,0xFC,0x00,0xF0,0x00,0x0F,0xC0,0x7E,0x00,0xF0,0x00,0x0F,0x80,
  0x3F,0x00,0xF0,0x00,0x1F,0x00,0x1F,0x00,0xF0,0x00,0x1E,0x00,0x0F,0x00,0xF0,0x00,
  0x1E,0x00,0x0F,0x80,0xF0,0x00,0x3E,0x00,0x0F,0x80,0xF0,0x00,0x3E,0x00,0x0F,0x80,
  0xF0,0x00,0x1E,0x00,0x0F,0x80,0xF0,0x00,0x1E,0x00,0x0F,0x00,0xF0,0x00,0x1F,0x00,
  0x1F,0x00,0xF0,0x00,0x1F,0x00,0x1F,0x00,0xF0,0x00,0x0F,0x80,0x3E,0x00,0xF0,0x00,
  0x0F,0xF1,0xFE,0x00,0xF0,0x00,0x07,0xFF,0xFC,0x00,0xF0,0x00,0x01,0xFF,0xF8,0x00,
  0xF0,0x00,0x00,0xFF,0xE0,0x00,0xF0,0x00,0x00,0x1F,0x00,0x00,0xF0,0x00,0x00,0x00,
  0x00,0x00,0xF0,0x00,0x00,0x00,0x00,0x00,0xF0,0x00,0x00,0x00,0x00,0x00,0xF0,0x00,
  0x00,0x78,0x00,0x00,0xF0,0x00,0x00,0x78,0x00,0x00,0xF0,0x00,0x00,0x78,0x00,0x00,
  0xF0,0x00,0x00,0x78,0x00,0x00,0xF0,0x00,0x00,0x78,0x00,0x00,0x00,0x00,0x00,0x78,
  0x00,0x00,0x00,0x00,0x00,0x78,0x00,0x00,0x00,0x00,0x00,0x78,0x00,0x00,0x00,0x00,
  0x00,0x78,0x00,0x00,0x00,0x00,0x00,0x78,0x00,0x00,0x00,0x00,0x00,0x7F,0xFF,0xFF,
  0xF8,0x00,0x00,0x7F,0xFF,0xFF,0xFC,0x00,0x00,0x7F,0xFF,0xFF,0xFC,0x00,0x00,0x7F,
  0xFF,0xFF,0xFC,0x00,0x00,0x00,0x00,0x00,0x00,0x00,0x00,0x00,0x00,0x00,0x00,0x00,
  0x00,0x00,0x00,0x03,0xC0,0x00,0x00,0x00,0x00,0x03,0xC0,0x00,0x00,0x00,0x00,0x03,
  0xC0,0x00,0x00,0x00,0x00,0x03,0xC0,0x00,0x3F,0xFF,0xFF,0x83,0xC0,0x00,0x3F,0xFF,
  0xFF,0x83,0xC0,0x00,0x3F,0xFF,0xFF,0x83,0xC0,0x00,0x3F,0xFF,0xFF,0x83,0xC0,0x00,
  0x00,0x0F,0x00,0x03,0xC0,0x00,0x00,0x0F,0x00,0x03,0xC0,0x00,0x00,0x0F,0x00,0x03,
  0xC0,0x00,0x00,0x0F,0x00,0x03,0xC0,0x00,0x00,0x0F,0x00,0x03,0xC0,0x00,0x00,0x0F,
  0x00,0x03,0xC0,0x00,0x00,0x0F,0x00,0x03,0xC0,0x00,0x00,0x1F,0x80,0x03,0xC0,0x00,
  0x00,0x1F,0x80,0x03,0xE0,0x00,0x00,0x1F,0x80,0x03,0xFF,0x80,0x00,0x1F,0x80,0x03,
  0xFF,0x80,0x00,0x3F,0xC0,0x03,0xFF,0x80,0x00,0x3F,0xC0,0x03,0xE0,0x00,0x00,0x7D,
  0xE0,0x03,0xC0,0x00,0x00,0x79,0xE0,0x03,0xC0,0x00,0x00,0xF9,0xF0,0x03,0xC0,0x00,
  0x00,0xF0,0xF8,0x03,0xC0,0x00,0x01,0xF0,0x7C,0x03,0xC0,0x00,0x03,0xE0,0x7E,0x03,
  0xC0,0x00,0x07,0xC0,0x3F,0x03,0xC0,0x00,0x0F,0xC0,0x1F,0x83,0xC0,0x00,0x3F,0x80,
  0x0F,0xE3,0xC0,0x00,0x7F,0x00,0x07,0xC3,0xC0,0x00,0x3E,0x00,0x03,0x83,0xC0,0x00,
  0x3C,0x00,0x00,0x83,0xC0,0x00,0x10,0x00,0x00,0x03,0xC0,0x00,0x00,0x00,0x00,0x03,
  0xC0,0x00,0x00,0x00,0x00,0x03,0xC0,0x00,0x00,0x00,0x00,0x03,0xC0,0x00,0x00,0x00,
  0x00,0x03,0xC0,0x00,0x00,0x00,0x00,0x03,0xC0,0x00,0x00,0x00,0x00,0x03,0xC0,0x00,
  0x00,0x00,0x00,0x03,0xC0,0x00,0x00,0x00,0x00,0x03,0xC0,0x00,0x00,0x00,0x00,0x00,
  0xF8,0x00,0x00,0x00,0x00,0x00,0xF8,0x00,0x00,0x00,0x00,0x00,0xF8,0x00,0x1F,0xFF,
  0xFF,0x80,0xF8,0x00,0x1F,0xFF,0xFF,0xC0,0xF8,0x00,0x1F,0xFF,0xFF,0xC0,0xF8,0x00,
  0x1F,0xFF,0xFF,0xC0,0xF8,0x00,0x00,0x0F,0x80,0x00,0xF8,0x00,0x00,0x0F,0x80,0x00,
  0xF8,0x00,0x00,0x0F,0x80,0x00,0xF8,0x00,0x00,0x0F,0x80,0x00,0xF8,0x00,0x00,0x0F,
  0x80,0xFF,0xF8,0x00,0x00,0x1F,0x80,0xFF,0xF8,0x00,0x00,0x1F,0xC0,0xFF,0xF8,0x00,
  0x00,0x1F,0xC0,0xFF,0xF8,0x00,0x00,0x3F,0xE0,0x00,0xF8,0x00,0x00,0x7D,0xF0,0x00,
  0xF8,0x00,0x00,0xF8,0xF8,0x00,0xF8,0x00,0x01,0xF8,0xFC,0x00,0xF8,0x00,0x03,0xF0,
  0x7E,0x00,0xF8,0x00,0x07,0xE0,0x3F,0x80,0xF8,0x00,0x1F,0xC0,0x1F,0xC0,0xF8,0x00,
  0x3F,0x80,0x0F,0xC0,0xF8,0x00,0x1F,0x00,0x03,0x80,0xF8,0x00,0x1C,0x00,0x00,0x00,
  0xF8,0x00,0x00,0x00,0x00,0x00,0xF8,0x00,0x00,0x00,0x00,0x00,0xF8,0x00,0x00,0x00,
  0x00,0x00,0xF8,0x00,0x00,0x7C,0x00,0x00,0xF8,0x00,0x00,0x7C,0x00,0x00,0xF8,0x00,
  0x00,0x7C,0x00,0x00,0xF0,0x00,0x00,0x7C,0x00,0x00,0x00,0x00,0x00,0x7C,0x00,0x00,
  0x00,0x00,0x00,0x7C,0x00,0x00,0x00,0x00,0x00,0x7C,0x00,0x00,0x00,0x00,0x00,0x7C,
  0x00,0x00,0x00,0x00,0x00,0x7C,0x00,0x00,0x00,0x00,0x00,0x7F,0xFF,0xFF,0xF8,0x00,
  0x00,0x7F,0xFF,0xFF,0xFC,0x00,0x00,0x7F,0xFF,0xFF,0xFC,0x00,0x00,0x7F,0xFF,0xFF,
  0xFC,0x00,0x00,0x00,0x00,0x00,0x00,0x00,0x00,0x00,0x00,0x00,0xF0,0x00,0x00,0x00,
  0x00,0x00,0xF0,0x00,0x00,0x00,0x00,0x00,0xF0,0x00,0x0F,0xFF,0xFF,0xE0,0xF0,0x00,
  0x0F,0xFF,0xFF,0xE0,0xF0,0x00,0x0F,0xFF,0xFF,0xE0,0xF0,0x00,0x00,0x07,0xC0,0x00,
  0xF0,0x00,0x00,0x07,0xC0,0x00,0xF0,0x00,0x00,0x07,0xC0,0x00,0xF0,0x00,0x00,0x07,
  0xC0,0x00,0xF0,0x00,0x00,0x0F,0xE0,0x00,0xF0,0x00,0x00,0x1F,0xF0,0x00,0xF0,0x00,
  0x00,0x3F,0xF8,0x00,0xF0,0x00,0x00,0x7E,0xFC,0x00,0xF0,0x00,0x00,0xFC,0x7F,0x00,
  0xF0,0x00,0x07,0xF8,0x3F,0xE0,0xF0,0x00,0x1F,0xF0,0x1F,0xE0,0xF0,0x00,0x0F,0xC0,
  0x07,0xE0,0xF0,0x00,0x0F,0x80,0x00,0xC0,0xF0,0x00,0x00,0x00,0x00,0x00,0xF0,0x00,
  0x00,0x00,0x00,0x00,0xF0,0x00,0x00,0x00,0x00,0x08,0xF0,0x00,0x00,0x01,0xFF,0xF8,
  0xF0,0x00,0x3F,0xFF,0xFF,0xF8,0xF0,0x00,0x3F,0xFF,0xFF,0xF8,0xF0,0x00,0x3F,0xFF,
  0xFE,0x00,0xF0,0x00,0x00,0x07,0xC0,0x00,0xF0,0x00,0x00,0x07,0xC0,0x00,0xF0,0x00,
  0x00,0x07,0xC0,0x00,0xF0,0x00,0x00,0x07,0xC0,0x00,0xF0,0x00,0x00,0x07,0xC0,0x00,
  0xF0,0x00,0x00,0x07,0xC0,0x00,0xF0,0x00,0x00,0x07,0xC0,0x00,0xF0,0x00,0x00,0x07,
  0xC0,0x00,0xF0,0x00,0x00,0x07,0xC0,0x00,0xF0,0x00,0x00,0x07,0xC0,0x00,0xF0,0x00,
  0x00,0x07,0xC0,0x00,0xF0,0x00,0x00,0x07,0xC0,0x00,0xF0,0x00,0x00,0x07,0xC0,0x00,
  0xF0,0x00,0x00,0x07,0xC0,0x00,0xF0,0x00,0x00,0x03,0xC0,0x00,0xF0,0x00,0x00,0x00,
  0x00,0x00,0xF0,0x00,0x00,0x00,0x00,0x00,0x78,0x00,0x00,0x3C,0x00,0x78,0x78,0x00,
  0x00,0x3C,0x00,0x78,0x78,0x00,0x00,0x3C,0x00,0x78,0x78,0x00,0x00,0x3C,0x00,0x78,
  0x78,0x00,0x1F,0xFF,0xF8,0x78,0x78,0x00,0x1F,0xFF,0xF8,0x78,0x78,0x00,0x1F,0xFF,
  0xF8,0x78,0x78,0x00,0x1F,0xFF,0xF8,0x78,0x78,0x00,0x00,0x3C,0x00,0x78,0x78,0x00,
  0x00,0x3C,0x00,0x78,0x78,0x00,0x00,0x3C,0x00,0x78,0x78,0x00,0x00,0x3E,0x1F,0xF8,
  0x78,0x00,0x00,0x7E,0x1F,0xF8,0x78,0x00,0x00,0x7F,0x1F,0xF8,0x78,0x00,0x00,0xFF,
  0x0F,0xF8,0x78,0x00,0x00,0xFF,0x80,0x78,0x78,0x00,0x01,0xF7,0xC0,0x78,0x78,0x00,
  0x03,0xE3,0xE0,0x78,0x78,0x00,0x07,0xC3,0xF0,0x78,0x78,0x00,0x0F,0xC1,0xFC,0x78,
  0x78,0x00,0x3F,0x80,0xFC,0x78,0x78,0x00,0x3F,0x00,0x7C,0x78,0x78,0x00,0x1E,0x00,
  0x18,0x78,0x78,0x00,0x08,0x00,0x00,0x78,0x78,0x00,0x00,0x00,0x00,0x00,0x78,0x00,
  0x00,0x00,0x00,0x00,0x78,0x00,0x00,0x00,0x07,0x80,0x78,0x00,0x00,0x00,0x07,0xC0,
  0x78,0x00,0x00,0x00,0x07,0xC0,0x00,0x00,0x00,0x00,0x0F,0xC0,0x00,0x00,0x00,0x00,
  0x0F,0xE0,0x00,0x00,0x00,0x00,0x1F,0xE0,0x00,0x00,0x00,0x00,0x3F,0xF0,0x00,0x00,
  0x00,0x00,0x7C,0xFC,0x00,0x00,0x00,0x01,0xF8,0x7E,0x00,0x00,0x00,0x07,0xF0,0x3F,
  0x80,0x00,0x00,0x3F,0xE0,0x1F,0xF0,0x00,0x01,0xFF,0xC0,0x07,0xFE,0x00,0x01,0xFF,
  0x00,0x01,0xFE,0x00,0x00,0xF8,0x00,0x00,0x7C,0x00,0x00,0xC0,0x00,0x00,0x04,0x00,
  0x00,0x00,0x00,0x00,0x00,0x00,0x00,0x00,0x00,0x00,0xF8,0x00,0x00,0x00,0x00,0x00,
  0xF8,0x00,0x00,0x00,0x00,0x00,0xF8,0x00,0x07,0xFF,0xFF,0xC0,0xF8,0x00,0x07,0xFF,
  0xFF,0xC0,0xF8,0x00,0x07,0xFF,0xFF,0xC0,0xF8,0x00,0x07,0xFF,0xFF,0xC0,0xF8,0x00,
  0x00,0x00,0x07,0xC0,0xF8,0x00,0x00,0x00,0x07,0xC0,0xF8,0x00,0x00,0x00,0x07,0xC0,
  0xF8,0x00,0x00,0x00,0x07,0xC0,0xF8,0x00,0x00,0x01,0xFF,0xC0,0xF8,0x00,0x0F,0xFF,
  0xFF,0x80,0xF8,0x00,0x0F,0xFF,0xFF,0x80,0xF8,0x00,0x0F,0xFF,0xFF,0x80,0xF8,0x00,
  0x07,0x00,0x07,0x80,0xF8,0x00,0x00,0x00,0x07,0x80,0xF8,0x00,0x00,0x00,0x0F,0x80,
  0xF8,0x00,0x00,0x00,0x0F,0x80,0xF8,0x00,0x00,0x00,0x0F,0x80,0xF8,0x00,0x00,0x00,
  0x0F,0xFC,0xF8,0x00,0x7F,0xFF,0xFF,0xFC,0xF8,0x00,0x7F,0xFF,0xFF,0xFC,0xF8,0x00,
  0x3F,0xFF,0xFF,0xF0,0xF8,0x00,0x3F,0xFF,0xC0,0x00,0xF8,0x00,0x00,0x07,0x80,0x00,
  0xF8,0x00,0x00,0x07,0x80,0x00,0xF8,0x00,0x00,0x07,0x80,0x00,0xF8,0x00,0x00,0x07,
  0x80,0x00,0xF8,0x00,0x00,0x07,0x80,0x00,0xF8,0x00,0x00,0x07,0x80,0x00,0xF8,0x00,
  0x00,0x07,0x80,0x00,0xF8,0x00,0x00,0x07,0x80,0x00,0xF8,0x00,0x00,0x07,0x80,0x00,
  0xF8,0x00,0x00,0x07,0x80,0x00,0xF8,0x00,0x00,0x07,0x80,0x00,0xF8,0x00,0x00,0x07,
  0x80,0x00,0xF8,0x00,0x00,0x07,0x80,0x00,0xF8,0x00,0x00,0x07,0x80,0x00,0xF8,0x00,
  0x00,0x07,0x80,0x00,0xF8,0x00,0x00,0x00,0x00,0x00,0xF8,0x00,0x00,0x00,0x00,0x00,
  0xF8,0x00,0x03,0xFF,0xFF,0xFF,0xE0,0x00,0x03,0xFF,0xFF,0xFF,0xE0,0x00,0x03,0xFF,
  0xFF,0xFF,0xE0,0x00,0x03,0xFF,0xFF,0xFF,0xE0,0x00,0x00,0x00,0x00,0x01,0xE0,0x00,
  0x00,0x00,0x00,0x01,0xE0,0x00,0x00,0x00,0x00,0x01,0xE0,0x00,0x00,0x00,0x00,0x01,
  0xE0,0x00,0x00,0x00,0x00,0x01,0xE0,0x00,0x00,0x00,0x00,0x01,0xE0,0x00,0x00,0x00,
  0x00,0x01,0xE0,0x00,0x00,0x00,0x00,0x01,0xE0,0x00,0x00,0x1F,0xFF,0xFF,0xE0,0x00,
  0x07,0xFF,0xFF,0xFF,0xE0,0x00,0x07,0xFF,0xFF,0xFF,0xE0,0x00,0x07,0xFF,0xFC,0x01,
  0xE0,0x00,0x00,0x00,0x00,0x01,0xE0,0x00,0x00,0x00,0x00,0x03,0xE0,0x00,0x00,0x00,
  0x00,0x03,0xE0,0x00,0x00,0x00,0x00,0x03,0xE0,0x00,0x00,0x00,0x00,0x03,0xC0,0x00,
  0x00,0x00,0x00,0x03,0xC0,0x00,0x00,0x00,0x00,0x03,0xC0,0x00,0x00,0x00,0x00,0x07,
  0xC0,0x00,0x00,0x00,0x00,0x07,0xC0,0x00,0x00,0x00,0x00,0x03,0x80,0x00,0x00,0x00,
  0x00,0x00,0x00,0x00,0x00,0x00,0x00,0x00,0x00,0x00,0x00,0x00,0x00,0x00,0x00,0x00,
  0x3F,0xFF,0xFF,0xFF,0xFF,0x00,0x3F,0xFF,0xFF,0xFF,0xFF,0x00,0x3F,0xFF,0xFF,0xFF,
  0xFF,0x00,0x00,0x00,0x00,0x00,0x00,0x00,0x00,0x00,0x00,0x00,0x00,0x00,0x00,0x00,
  0x00,0x00,0x00,0x00,0x00,0x00,0x00,0x03,0xC0,0x00,0x00,0x00,0x00,0x03,0xC0,0x00,
  0x00,0x00,0x00,0x03,0xC0,0x00,0x00,0x00,0x00,0x03,0xC0,0x00,0x1F,0xFF,0xFE,0x03,
  0xC0,0x00,0x1F,0xFF,0xFE,0x03,0xC0,0x00,0x1F,0xFF,0xFE,0x03,0xC0,0x00,0x1F,0x00,
  0x00,0x03,0xC0,0x00,0x1F,0x00,0x00,0x03,0xC0,0x00,0x1F,0x00,0x00,0x03,0xC0,0x00,
  0x1F,0x00,0x00,0x03,0xC0,0x00,0x1F,0x00,0x00,0x03,0xC0,0x00,0x1F,0x00,0x00,0x03,
  0xC0,0x00,0x1F,0x00,0x00,0x03,0xC0,0x00,0x1F,0x00,0x00,0x03,0xC0,0x00,0x1F,0xFF,
  0xFC,0x03,0xC0,0x00,0x1F,0xFF,0xFC,0x03,0xE0,0x00,0x1F,0xFF,0xFC,0x03,0xFF,0x80,
  0x1F,0xFF,0xFC,0x03,0xFF,0x80,0x1F,0x00,0x00,0x03,0xFF,0x80,0x1F,0x00,0x00,0x03,
  0xC0,0x00,0x1F,0x00,0x00,0x03,0xC0,0x00,0x1F,0x00,0x00,0x03,0xC0,0x00,0x1F,0x00,
  0x00,0x03,0xC0,0x00,0x1F,0x00,0x00,0x03,0xC0,0x00,0x1F,0x00,0x00,0x03,0xC0,0x00,
  0x1F,0x00,0x00,0x03,0xC0,0x00,0x1F,0x00,0x01,0xC3,0xC0,0x00,0x1F,0xFF,0xFF,0xC3,
  0xC0,0x00,0x1F,0xFF,0xFF,0xC3,0xC0,0x00,0x1F,0xFF,0xFF,0xC3,0xC0,0x00,0x1F,0xFF,
  0xF8,0x03,0xC0,0x00,0x00,0x00,0x00,0x03,0xC0,0x00,0x00,0x00,0x00,0x03,0xC0,0x00,
  0x00,0x00,0x00,0x03,0xC0,0x00,0x00,0x00,0x00,0x03,0xC0,0x00,0x00,0x00,0x00,0x03,
  0xC0,0x00,0x00,0x00,0x00,0x03,0xC0,0x00,0x00,0x00,0x00,0x03,0xC0,0x00,0x00,0x00,
  0x00,0x03,0xC0,0x00,0x00,0x00,0x00,0x03,0xC0,0x00,0x00,0x00,0x00,0x03,0xC0,0x00,
  0x00,0x00,0x00,0x00,0x00,0x00,0x00,0x00,0x00,0x00,0x78,0x00,0x00,0x00,0x00,0x78,
  0x78,0x00,0x00,0x00,0x00,0x78,0x78,0x00,0x1F,0xFF,0xE0,0x78,0x78,0x00,0x1F,0xFF,
  0xE0,0x78,0x78,0x00,0x1F,0xFF,0xE0,0x78,0x78,0x00,0x1F,0x00,0x00,0x78,0x78,0x00,
  0x1F,0x00,0x00,0x78,0x78,0x00,0x1F,0x00,0x00,0x78,0x78,0x00,0x1F,0x00,0x00,0x78,
  0x78,0x00,0x1F,0x00,0x0F,0xF8,0x78,0x00,0x1F,0xFF,0xCF,0xF8,0x78,0x00,0x1F,0xFF,
  0xCF,0xF8,0x78,0x00,0x1F,0xFF,0xCF,0xF8,0x78,0x00,0x1F,0x00,0x00,0x78,0x78,0x00,
  0x1F,0x00,0x00,0x78,0x78,0x00,0x1F,0x00,0x00,0x78,0x78,0x00,0x1F,0x00,0x00,0x78,
  0x78,0x00,0x1F,0x00,0x08,0x78,0x78,0x00,0x1F,0xFF,0xF8,0x78,0x78,0x00,0x1F,0xFF,
  0xF8,0x78,0x78,0x00,0x1F,0xFF,0xF8,0x78,0x78,0x00,0x1F,0xFF,0x00,0x78,0x78,0x00,
  0x00,0x00,0x00,0x78,0x78,0x00,0x00,0x00,0x00,0x78,0x78,0x00,0x00,0x00,0x00,0x00,
  0x00,0x00,0x00,0x00,0x00,0x00,0x00,0x00,0x00,0x7F,0xFF,0xFF,0xF8,0x00,0x00,0x7F,
  0xFF,0xFF,0xF8,0x00,0x00,0x7F,0xFF,0xFF,0xF8,0x00,0x00,0x7F,0xFF,0xFF,0xF8,0x00,
  0x00,0x7C,0x00,0x00,0x78,0x00,0x00,0x7C,0x00,0x00,0x78,0x00,0x00,0x7C,0x00,0x00,
  0x78,0x00,0x00,0x7C,0x00,0x00,0x78,0x00,0x00,0x7C,0x00,0x00,0x78,0x00,0x00,0x7C,
  0x00,0x00,0x78,0x00,0x00,0x7C,0x00,0x00,0x78,0x00,0x00,0x7F,0xFF,0xFF,0xF8,0x00,
  0x00,0x7F,0xFF,0xFF,0xF8,0x00,0x00,0x7F,0xFF,0xFF,0xF8,0x00,0x00,0x00,0x00,0x00,
  0x00,0x00,0x00,0x00,0x00,0x00,0x00,0x00,0x00,0x00,0x00,0x03,0xC0,0x00,0x00,0x00,
  0x00,0x03,0xC0,0x00,0x00,0x00,0x00,0x03,0xC0,0x00,0x00,0x00,0x00,0x03,0xC0,0x00,
  0x3F,0xFF,0xFF,0x83,0xC0,0x00,0x3F,0xFF,0xFF,0xC3,0xC0,0x00,0x3F,0xFF,0xFF,0xC3,
  0xC0,0x00,0x3F,0xFF,0xFF,0xC3,0xC0,0x00,0x03,0xE0,0x78,0x03,0xC0,0x00,0x03,0xE0,
  0x78,0x03,0xC0,0x00,0x03,0xE0,0x78,0x03,0xC0,0x00,0x03,0xE0,0x78,0x03,0xC0,0x00,
  0x03,0xE0,0x78,0x03,0xC0,0x00,0x03,0xE0,0x78,0x03,0xC0,0x00,0x03,0xE0,0x78,0x03,
  0xC0,0x00,0x03,0xE0,0x78,0x03,0xC0,0x00,0x03,0xE0,0x78,0x03,0xE0,0x00,0x03,0xE0,
  0x78,0x03,0xFF,0x80,0x03,0xE0,0x78,0x03,0xFF,0x80,0x03,0xE0,0x78,0x03,0xFF,0x80,
  0x03,0xE0,0x78,0x03,0xC0,0x00,0x03,0xE0,0x78,0x03,0xC0,0x00,0x03,0xE0,0x78,0x03,
  0xC0,0x00,0x03,0xE0,0x78,0x03,0xC0,0x00,0x03,0xE0,0x78,0x03,0xC0,0x00,0x03,0xE0,
  0x78,0x03,0xC0,0x00,0x03,0xE0,0x78,0x03,0xC0,0x00,0x03,0xE0,0x7F,0xE3,0xC0,0x00,
  0x7F,0xFF,0xFF,0xE3,0xC0,0x00,0x7F,0xFF,0xFF,0xF3,0xC0,0x00,0x7F,0xFF,0xFF,0x83,
  0xC0,0x00,0x3F,0xFC,0x00,0x03,0xC0,0x00,0x00,0x00,0x00,0x03,0xC0,0x00,0x00,0x00,
  0x00,0x03,0xC0,0x00,0x00,0x00,0x00,0x03,0xC0,0x00,0x00,0x00,0x00,0x03,0xC0,0x00,
  0x00,0x00,0x00,0x03,0xC0,0x00,0x00,0x00,0x00,0x03,0xC0,0x00,0x00,0x00,0x00,0x03,
  0xC0,0x00,0x00,0x00,0x00,0x03,0xC0,0x00,0x00,0x00,0x00,0x03,0xC0,0x00,0x00,0x00,
  0x00,0x03,0xC0,0x00,0x00,0x00,0x00,0x00,0x00,0x00,0x00,0x00,0x00,0x03,0xC0,0x00,
  0x00,0x0F,0x00,0x03,0xC0,0x00,0x00,0x0F,0x00,0x03,0xC0,0x00,0x00,0x0F,0x00,0x03,
  0xC0,0x00,0x00,0x0F,0x00,0x03,0xC0,0x00,0x00,0x0F,0x00,0x03,0xC0,0x00,0x00,0x1F,
  0x80,0x03,0xC0,0x00,0x7F,0xFF,0xFF,0xC3,0xC0,0x00,0x7F,0xFF,0xFF,0xC3,0xC0,0x00,
  0x7F,0xFF,0xFF,0xC3,0xC0,0x00,0x00,0x00,0x00,0x03,0xC0,0x00,0x00,0x00,0x00,0x03,
  0xC0,0x00,0x00,0x00,0x00,0x03,0xC0,0x00,0x00,0x0F,0x00,0x03,0xC0,0x00,0x00,0x7F,
  0xE0,0x03,0xC0,0x00,0x01,0xFF,0xF8,0x03,0xC0,0x00,0x03,0xFF,0xFC,0x03,0xC0,0x00,
  0x07,0xE0,0xFE,0x03,0xFF,0x80,0x07,0xC0,0x3E,0x03,0xFF,0x80,0x0F,0x80,0x1F,0x03,
  0xFF,0x80,0x0F,0x00,0x0F,0x03,0xFF,0x80,0x0F,0x00,0x0F,0x03,0xC0,0x00,0x0F,0x00,
  0x0F,0x03,0xC0,0x00,0x0F,0x00,0x0F,0x03,0xC0,0x00,0x0F,0x00,0x0F,0x03,0xC0,0x00,
  0x0F,0x00,0x0F,0x03,0xC0,0x00,0x0F,0x80,0x1F,0x03,0xC0,0x00,0x07,0xC0,0x3E,0x03,
  0xC0,0x00,0x07,0xE0,0x7E,0x03,0xC0,0x00,0x03,0xFF,0xFC,0x03,0xC0,0x00,0x01,0xFF,
  0xF8,0x03,0xC0,0x00,0x00,0xFF,0xE0,0x03,0xC0,0x00,0x00,0x1F,0x80,0x03,0xC0,0x00,
  0x00,0x00,0x00,0x03,0xC0,0x00,0x00,0x00,0x00,0x03,0xC0,0x00,0x00,0x00,0x00,0x03,
  0xC0,0x00,0x00,0x00,0x00,0x03,0xC0,0x00,0x00,0x00,0x00,0x03,0xC0,0x00,0x00,0x00,
  0x00,0x03,0xC0,0x00,0x00,0x00,0x00,0x03,0xC0,0x00,0x00,0x00,0x00,0x03,0xC0,0x00,
  0x00,0x00,0x00,0x03,0xC0,0x00,0x00,0x00,0x00,0x00,0x00,0x00,0x00,0x0F,0x00,0x03,
  0xE0,0x00,0x00,0x0F,0x00,0x03,0xE0,0x00,0x00,0x0F,0x00,0x03,0xE0,0x00,0x00,0x0F,
  0x00,0x03,0xE0,0x00,0x00,0x0F,0x00,0x03,0xE0,0x00,0x3F,0xFF,0xFF,0xE3,0xE0,0x00,
  0x3F,0xFF,0xFF,0xE3,0xE0,0x00,0x3F,0xFF,0xFF,0xE3,0xE0,0x00,0x3F,0xFF,0xFF,0xC3,
  0xE0,0x00,0x00,0x00,0x00,0x03,0xE0,0x00,0x00,0x00,0x00,0x03,0xE0,0x00,0x00,0x7F,
  0xE0,0x03,0xE0,0x00,0x01,0xFF,0xF8,0x03,0xE0,0x00,0x03,0xFF,0xFC,0x03,0xE0,0x00,
  0x07,0xE0,0x7E,0x03,0xFF,0x80,0x07,0xC0,0x1F,0x03,0xFF,0x80,0x0F,0x80,0x0F,0x03,
  0xFF,0x80,0x0F,0x00,0x0F,0x03,0xE0,0x00,0x0F,0x00,0x0F,0x03,0xE0,0x00,0x0F,0x00,
  0x0F,0x03,0xE0,0x00,0x0F,0x80,0x1F,0x03,0xE0,0x00,0x07,0xC0,0x1F,0x03,0xE0,0x00,
  0x07,0xF0,0x7E,0x03,0xE0,0x00,0x03,0xFF,0xFC,0x03,0xE0,0x00,0x01,0xFF,0xF8,0x03,
  0xE0,0x00,0x00,0x7F,0xE0,0x03,0xE0,0x00,0x00,0x00,0x00,0x03,0xE0,0x00,0x00,0x00,
  0x00,0x03,0xE0,0x00,0x00,0x00,0x00,0x03,0xE0,0x00,0x00,0xF0,0x00,0x03,0xE0,0x00,
  0x00,0xF0,0x00,0x03,0xE0,0x00,0x00,0xF0,0x00,0x00,0x00,0x00,0x00,0xF0,0x00,0x00,
  0x00,0x00,0x00,0xF0,0x00,0x00,0x00,0x00,0x00,0xF0,0x00,0x00,0x00,0x00,0x00,0xF0,
  0x00,0x00,0x00,0x00,0x00,0xF0,0x00,0x00,0x00,0x00,0x00,0xFF,0xFF,0xFF,0xF0,0x00,
  0x00,0xFF,0xFF,0xFF,0xF0,0x00,0x00,0xFF,0xFF,0xFF,0xF0,0x00,0x00,0xFF,0xFF,0xFF,
  0xF0,0x00,0x00,0x00,0x00,0x00,0x00,0x00,0x00,0x00,0x00,0x00,0x00,0x00,0x00,0x0F,
  0x00,0x00,0xF8,0x00,0x00,0x0F,0x00,0x00,0xF8,0x00,0x00,0x0F,0x00,0x00,0xF8,0x00,
  0x00,0x0F,0x00,0x00,0xF8,0x00,0x00,0x0F,0x00,0x00,0xF8,0x00,0x3F,0xFF,0xFF,0xC0,
  0xF8,0x00,0x3F,0xFF,0xFF,0xC0,0xF8,0x00,0x3F,0xFF,0xFF,0xC0,0xF8,0x00,0x3F,0xFF,
  0xFF,0xC0,0xF8,0x00,0x00,0x00,0x00,0x00,0xF8,0x00,0x00,0x00,0x00,0x00,0xF8,0x00,
  0x00,0x7F,0xE0,0x00,0xF8,0x00,0x01,0xFF,0xF8,0x00,0xF8,0x00,0x03,0xFF,0xFC,0x00,
  0xF8,0x00,0x07,0xE0,0x7E,0x3F,0xF8,0x00,0x07,0xC0,0x3E,0x7F,0xF8,0x00,0x0F,0x80,
  0x1E,0x7F,0xF8,0x00,0x0F,0x80,0x1F,0x7F,0xF8,0x00,0x0F,0x00,0x1F,0x00,0xF8,0x00,
  0x0F,0x80,0x1F,0x00,0xF8,0x00,0x0F,0x80,0x1E,0x00,0xF8,0x00,0x07,0xC0,0x3E,0x00,
  0xF8,0x00,0x07,0xF0,0xFC,0x00,0xF8,0x00,0x03,0xFF,0xFC,0x00,0xF8,0x00,0x01,0xFF,
  0xF0,0x00,0xF8,0x00,0x00,0x7F,0xC0,0x00,0xF8,0x00,0x00,0x00,0x00,0x00,0xF8,0x00,
  0x00,0x00,0x00,0x00,0xF8,0x00,0x00,0x00,0x00,0x00,0xF8,0x00,0x00,0x7C,0x00,0x00,
  0xF8,0x00,0x00,0x7C,0x00,0x00,0xF8,0x00,0x00,0x7C,0x00,0x00,0xF0,0x00,0x00,0x7C,
  0x00,0x00,0x00,0x00,0x00,0x7C,0x00,0x00,0x00,0x00,0x00,0x7C,0x00,0x00,0x00,0x00,
  0x00,0x7C,0x00,0x00,0x00,0x00,0x00,0x7C,0x00,0x00,0x00,0x00,0x00,0x7F,0xFF,0xFF,
  0xF8,0x00,0x00,0x7F,0xFF,0xFF,0xF8,0x00,0x00,0x7F,0xFF,0xFF,0xF8,0x00,0x00,0x7F,
  0xFF,0xFF,0xF8,0x00,0x00,0x00,0x00,0x00,0x00,0x00,0x00,0x00,0x00,0x00,0x00,0x00,
  0x00,0x0F,0x00,0x00,0xF8,0x00,0x00,0x0F,0x00,0x00,0xF8,0x00,0x00,0x0F,0x00,0x00,
  0xF8,0x00,0x00,0x0F,0x00,0x00,0xF8,0x00,0x3F,0xFF,0xFF,0xC0,0xF8,0x00,0x3F,0xFF,
  0xFF,0xC0,0xF8,0x00,0x3F,0xFF,0xFF,0xC0,0xF8,0x00,0x3F,0xFF,0xFF,0xC0,0xF8,0x00,
  0x00,0x00,0x00,0x00,0xF8,0x00,0x00,0x00,0x00,0x00,0xF8,0x00,0x00,0x7F,0xE0,0x00,
  0xF8,0x00,0x01,0xFF,0xF8,0x00,0xF8,0x00,0x03,0xFF,0xFC,0x00,0xF8,0x00,0x07,0xE0,
  0x7E,0x3F,0xF8,0x00,0x07,0xC0,0x3E,0x3F,0xF8,0x00,0x0F,0x80,0x1F,0x3F,0xF8,0x00,
  0x0F,0x00,0x1F,0x00,0xF8,0x00,0x0F,0x00,0x1F,0x00,0xF8,0x00,0x0F,0x80,0x1F,0x00,
  0xF8,0x00,0x0F,0x80,0x1E,0x00,0xF8,0x00,0x07,0xC0,0x7E,0x00,0xF8,0x00,0x03,0xFF,
  0xFC,0x00,0xF8,0x00,0x01,0xFF,0xF8,0x00,0xF8,0x00,0x00,0xFF,0xE0,0x00,0xF8,0x00,
  0x00,0x0F,0x00,0x00,0xF8,0x00,0x00,0x00,0x00,0x00,0x00,0x00,0x00,0x00,0x00,0x00,
  0x00,0x00,0x00,0x00,0x00,0x00,0x00,0x00,0x00,0x7F,0xFF,0xFF,0xF8,0x00,0x00,0x7F,
  0xFF,0xFF,0xF8,0x00,0x00,0x7F,0xFF,0xFF,0xF8,0x00,0x00,0x78,0x00,0x00,0xF8,0x00,
  0x00,0x78,0x00,0x00,0xF8,0x00,0x00,0x78,0x00,0x00,0xF8,0x00,0x00,0x78,0x00,0x00,
  0xF8,0x00,0x00,0x78,0x00,0x00,0xF8,0x00,0x00,0x78,0x00,0x00,0xF8,0x00,0x00,0x78,
  0x00,0x00,0xF8,0x00,0x00,0x7F,0xFF,0xFF,0xF8,0x00,0x00,0x7F,0xFF,0xFF,0xF8,0x00,
  0x00,0x7F,0xFF,0xFF,0xF8,0x00,0x00,0x00,0x00,0x00,0x00,0x00,
};

static const KGlyph pre_m48_glyphs[] = {
  {0x0020,     0,  0,  0,   0,   0, 12},  // sp
  {0x0021,     0, 13, 35,   0, -34, 13},  // !
  {0x0022,    70, 18, 34,   0, -34, 18},  // "
  {0x0023,   172, 29, 34,   0, -34, 29},  // #
  {0x0024,   308, 29, 44,   0, -39, 29},  // $
  {0x0025,   484, 43, 36,   0, -35, 43},  // %
  {0x0026,   700, 30, 36,   0, -35, 30},  // &
  {0x0027,   844, 10, 34,   0, -34, 10},  // '
  {0x0028,   912, 17, 46,   0, -36, 17},  // (
  {0x0029,  1050, 17, 46,   0, -36, 17},  // )
  {0x002A,  1188, 24, 34,   0, -34, 24},  // *
  {0x002B,  1290, 31, 25,   0, -25, 31},  // +
  {0x002C,  1390, 13, 14,   0,  -4, 13},  // ,
  {0x002D,  1418, 21, 17,   0, -17, 21},  // -
  {0x002E,  1469, 13,  8,   0,  -7, 13},  // .
  {0x002F,  1485, 17, 42,   0, -36, 17},  // /
  {0x0030,  1611, 30, 36,   0, -35, 30},  // 0
  {0x0031,  1755, 22, 34,   0, -34, 22},  // 1
  {0x0032,  1857, 29, 35,   0, -35, 29},  // 2
  {0x0033,  1997, 30, 36,   0, -35, 30},  // 3
  {0x0034,  2141, 30, 34,   0, -34, 30},  // 4
  {0x0035,  2277, 29, 35,   0, -34, 29},  // 5
  {0x0036,  2417, 30, 36,   0, -35, 30},  // 6
  {0x0037,  2561, 27, 34,   0, -34, 27},  // 7
  {0x0038,  2697, 30, 36,   0, -35, 30},  // 8
  {0x0039,  2841, 30, 36,   0, -35, 30},  // 9
  {0x003A,  2985, 13, 26,   0, -25, 13},  // :
  {0x003B,  3037, 13, 35,   0, -25, 13},  // ;
  {0x003C,  3107, 31, 26,   0, -26, 31},  // <
  {0x003D,  3211, 31, 21,   0, -21, 31},  // =
  {0x003E,  3295, 31, 26,   0, -26, 31},  // >
  {0x003F,  3399, 24, 36,   0, -35, 24},  // ?
  {0x0040,  3507, 42, 39,   0, -34, 42},  // @
  {0x0041,  3741, 32, 34,   0, -34, 32},  // A
  {0x0042,  3877, 30, 34,   0, -34, 30},  // B
  {0x0043,  4013, 34, 36,   0, -35, 34},  // C
  {0x0044,  4193, 33, 34,   0, -34, 33},  // D
  {0x0045,  4363, 28, 34,   0, -34, 28},  // E
  {0x0046,  4499, 27, 34,   0, -34, 27},  // F
  {0x0047,  4635, 34, 36,   0, -35, 34},  // G
  {0x0048,  4815, 34, 34,   0, -34, 34},  // H
  {0x0049,  4985, 12, 34,   0, -34, 12},  // I
  {0x004A,  5053, 25, 35,   0, -34, 25},  // J
  {0x004B,  5193, 31, 34,   0, -34, 31},  // K
  {0x004C,  5329, 26, 34,   0, -34, 26},  // L
  {0x004D,  5465, 41, 34,   0, -34, 41},  // M
  {0x004E,  5669, 34, 34,   0, -34, 34},  // N
  {0x004F,  5839, 35, 36,   0, -35, 35},  // O
  {0x0050,  6019, 29, 34,   0, -34, 29},  // P
  {0x0051,  6155, 35, 39,   0, -35, 35},  // Q
  {0x0052,  6350, 30, 34,   0, -34, 30},  // R
  {0x0053,  6486, 29, 36,   0, -35, 29},  // S
  {0x0054,  6630, 30, 34,   0, -34, 30},  // T
  {0x0055,  6766, 34, 35,   0, -34, 34},  // U
  {0x0056,  6941, 32, 34,   0, -34, 32},  // V
  {0x0057,  7077, 45, 34,   0, -34, 45},  // W
  {0x0058,  7281, 31, 34,   0, -34, 31},  // X
  {0x0059,  7417, 31, 34,   0, -34, 31},  // Y
  {0x005A,  7553, 29, 34,   0, -34, 29},  // Z
  {0x005B,  7689, 17, 46,   0, -36, 17},  // [
  {0x005C,  7827, 17, 42,   0, -36, 17},  // \
  {0x005D,  7953, 17, 46,   0, -36, 17},  // ]
  {0x005E,  8091, 22, 33,   0, -33, 22},  // ^
  {0x005F,  8190, 23,  5,  -1,   0, 21},  // _
  {0x0060,  8205, 23, 37,   0, -37, 23},  // `
  {0x0061,  8316, 26, 27,   0, -26, 26},  // a
  {0x0062,  8424, 29, 35,   0, -34, 29},  // b
  {0x0063,  8564, 26, 27,   0, -26, 26},  // c
  {0x0064,  8672, 29, 35,   0, -34, 29},  // d
  {0x0065,  8812, 27, 27,   0, -26, 27},  // e
  {0x0066,  8920, 17, 36,   0, -36, 17},  // f
  {0x0067,  9028, 28, 37,   0, -26, 28},  // g
  {0x0068,  9176, 28, 34,   0, -34, 28},  // h
  {0x0069,  9312, 11, 36,   0, -36, 11},  // i
  {0x006A,  9384, 13, 46,  -2, -36, 11},  // j
  {0x006B,  9476, 26, 34,   0, -34, 25},  // k
  {0x006C,  9612, 11, 34,   0, -34, 11},  // l
  {0x006D,  9680, 41, 26,   0, -26, 41},  // m
  {0x006E,  9836, 27, 26,   0, -26, 27},  // n
  {0x006F,  9940, 28, 27,   0, -26, 28},  // o
  {0x0070, 10048, 28, 36,   0, -26, 28},  // p
  {0x0071, 10192, 28, 36,   0, -26, 28},  // q
  {0x0072, 10336, 17, 26,   0, -26, 17},  // r
  {0x0073, 10414, 24, 27,   0, -26, 24},  // s
  {0x0074, 10495, 17, 33,   0, -32, 17},  // t
  {0x0075, 10594, 27, 27,   0, -26, 27},  // u
  {0x0076, 10702, 26, 26,   0, -26, 26},  // v
  {0x0077, 10806, 38, 26,   0, -26, 38},  // w
  {0x0078, 10936, 25, 26,   0, -26, 25},  // x
  {0x0079, 11040, 26, 36,   0, -26, 26},  // y
  {0x007A, 11184, 25, 26,   0, -26, 25},  // z
  {0x007B, 11288, 17, 46,   0, -36, 17},  // {
  {0x007C, 11426, 15, 44,   0, -39, 15},  // |
  {0x007D, 11514, 17, 46,   0, -36, 17},  // }
  {0x007E, 11652, 31, 18,   0, -18, 31},  // ~
  {0x00B7, 11724, 13, 19,   0, -19, 13},  // ·
  {0xACE0, 11762, 41, 34,   0, -34, 41},  // 고
  {0xAD6D, 11966, 41, 41,   0, -37, 41},  // 국
  {0xAE00, 12212, 41, 41,   0, -37, 41},  // 글
  {0xAE30, 12458, 41, 43,   0, -39, 41},  // 기
  {0xB2E4, 12716, 42, 44,   0, -39, 41},  // 다
  {0xB300, 12980, 41, 43,   0, -39, 41},  // 대
  {0xB354, 13238, 41, 44,   0, -39, 41},  // 더
  {0xB4DC, 13502, 41, 35,   0, -35, 41},  // 드
  {0xB514, 13712, 41, 44,   0, -39, 41},  // 디
  {0xB78C, 13976, 41, 42,   0, -38, 41},  // 람
  {0xB80C, 14228, 41, 42,   0, -38, 41},  // 렌
  {0xB9C1, 14480, 41, 42,   0, -38, 41},  // 링
  {0xBBFC, 14732, 41, 41,   0, -38, 41},  // 민
  {0xBC14, 14978, 42, 43,   0, -39, 41},  // 바
  {0xC11C, 15236, 41, 44,   0, -39, 41},  // 서
  {0xC11E, 15500, 41, 43,   0, -39, 41},  // 섞
  {0xC220, 15758, 41, 42,   0, -38, 41},  // 술
  {0xC2A4, 16010, 41, 36,   0, -36, 41},  // 스
  {0xC2DC, 16226, 41, 44,   0, -39, 41},  // 시
  {0xC5B4, 16490, 41, 44,   0, -39, 41},  // 어
  {0xC5D0, 16754, 41, 43,   0, -39, 41},  // 에
  {0xC6B8, 17012, 41, 42,   0, -38, 41},  // 울
  {0xC6E8, 17264, 41, 43,   0, -39, 41},  // 웨
  {0xC744, 17522, 41, 42,   0, -38, 41},  // 을
  {0xC778, 17774, 41, 42,   0, -38, 41},  // 인
  {0xC790, 18026, 42, 43,   0, -39, 41},  // 자
  {0xC804, 18284, 41, 42,   0, -38, 41},  // 전
  {0xC950, 18536, 41, 42,   0, -38, 41},  // 쥐
  {0xCCC7, 18788, 41, 42,   0, -38, 41},  // 쳇
  {0xD034, 19040, 41, 43,   0, -39, 41},  // 퀴
  {0xD06C, 19298, 41, 34,   0, -34, 41},  // 크
  {0xD0C0, 19502, 42, 43,   0, -39, 41},  // 타
  {0xD15C, 19760, 41, 43,   0, -39, 41},  // 템
  {0xD30C, 20018, 42, 43,   0, -39, 41},  // 파
  {0xD558, 20276, 42, 43,   0, -39, 41},  // 하
  {0xD55C, 20534, 41, 43,   0, -39, 41},  // 한
  {0xD5CC, 20792, 41, 43,   0, -39, 41},  // 헌
  {0xD5D8, 21050, 41, 43,   0, -39, 41},  // 험
};

static const KFont pre_m48 = { pre_m48_bits, pre_m48_glyphs, 134, 46, 58 };
