// Pretendard-Medium.otf 32px 회색 4단계. tools/build_fonts.py 로 자동 생성.
// 한 픽셀 2비트. 0 = 안 그림, 1 = 연한 회색, 2 = 진한 회색, 3 = 검정
// 한 줄은 ceil(w/4) 바이트, 위 비트부터.
#pragma once
#include "kfont.h"

static const uint8_t preg_m32_bits[] = {
  0x06,0xA0,0x00,0x07,0xF0,0x00,0x07,0xF0,0x00,0x07,0xF0,0x00,0x07,0xF0,0x00,0x07,
  0xF0,0x00,0x07,0xF0,0x00,0x07,0xF0,0x00,0x07,0xF0,0x00,0x07,0xF0,0x00,0x07,0xF0,
  0x00,0x07,0xF0,0x00,0x07,0xF0,0x00,0x07,0xF0,0x00,0x07,0xF0,0x00,0x07,0xF0,0x00,
  0x01,0x50,0x00,0x00,0x00,0x00,0x00,0x00,0x00,0x07,0xE0,0x00,0x0B,0xF4,0x00,0x0B,
  0xF4,0x00,0x07,0xE0,0x00,0x00,0x00,0x00,0x0A,0x41,0xA0,0x1F,0x81,0xF4,0x1F,0x81,
  0xF4,0x1F,0x81,0xF4,0x1F,0x81,0xF4,0x1F,0x81,0xF4,0x1F,0x81,0xF4,0x1F,0x81,0xF4,
  0x05,0x41,0x50,0x00,0x00,0x00,0x00,0x00,0x00,0x00,0x00,0x00,0x00,0x00,0x00,0x00,
  0x00,0x00,0x00,0x00,0x00,0x00,0x00,0x00,0x00,0x00,0x00,0x00,0x00,0x00,0x00,0x00,
  0x00,0x00,0x00,0x00,0x00,0x00,0x00,0x00,0x00,0x00,0x00,0x00,0x00,0x00,0x0A,0x80,
  0x0A,0x80,0x00,0x0F,0x80,0x0F,0x80,0x00,0x0F,0x80,0x0F,0x80,0x00,0x1F,0x40,0x1F,
  0x40,0x00,0x1F,0x40,0x1F,0x40,0x00,0x2F,0x00,0x2F,0x00,0x0A,0xBF,0xAA,0xBF,0xA8,
  0x0F,0xFF,0xFF,0xFF,0xFC,0x1F,0xFF,0xFF,0xFF,0xFC,0x00,0x7D,0x00,0x7D,0x00,0x00,
  0x7D,0x00,0x7D,0x00,0x00,0xBC,0x00,0xBC,0x00,0x00,0xBC,0x00,0xBC,0x00,0x00,0xF8,
  0x00,0xF8,0x00,0x6A,0xFE,0xAA,0xFE,0xA0,0xBF,0xFF,0xFF,0xFF,0xE0,0xBF,0xFF,0xFF,
  0xFF,0xD0,0x02,0xF0,0x02,0xF0,0x00,0x02,0xF0,0x02,0xF0,0x00,0x03,0xE0,0x03,0xE0,
  0x00,0x03,0xE0,0x03,0xE0,0x00,0x07,0xD0,0x07,0xD0,0x00,0x07,0xD0,0x07,0xD0,0x00,
  0x00,0x00,0x14,0x00,0x00,0x00,0x00,0x38,0x00,0x00,0x00,0x00,0x38,0x00,0x00,0x00,
  0x06,0xBE,0x90,0x00,0x00,0x6F,0xFF,0xF9,0x00,0x01,0xFF,0xFF,0xFF,0x40,0x03,0xFE,
  0x79,0xBF,0xC0,0x0B,0xF4,0x38,0x1F,0xE0,0x0F,0xE0,0x38,0x0B,0xF0,0x0F,0xE0,0x38,
  0x01,0x50,0x0B,0xE0,0x38,0x00,0x00,0x0B,0xF8,0x38,0x00,0x00,0x03,0xFF,0xB8,0x00,
  0x00,0x01,0xFF,0xFE,0x40,0x00,0x00,0x2F,0xFF,0xF8,0x00,0x00,0x01,0xBF,0xFF,0x40,
  0x00,0x00,0x3E,0xFF,0xD0,0x00,0x00,0x38,0x1F,0xE0,0x00,0x00,0x38,0x0B,0xF0,0x05,
  0x40,0x38,0x07,0xF4,0x1F,0xC0,0x38,0x07,0xF0,0x1F,0xE0,0x38,0x0B,0xF0,0x0B,0xF8,
  0x38,0x2F,0xE0,0x03,0xFF,0xBF,0xFF,0xC0,0x01,0xFF,0xFF,0xFE,0x00,0x00,0x2F,0xFF,
  0xE4,0x00,0x00,0x00,0x7D,0x00,0x00,0x00,0x00,0x38,0x00,0x00,0x00,0x00,0x38,0x00,
  0x00,0x00,0x00,0x00,0x00,0x00,0x00,0x00,0x00,0x00,0x6F,0x90,0x00,0x00,0x68,0x00,
  0x00,0x01,0xFF,0xF8,0x00,0x01,0xF8,0x00,0x00,0x03,0xF5,0xBD,0x00,0x03,0xF0,0x00,
  0x00,0x07,0xD0,0x3E,0x00,0x0B,0xD0,0x00,0x00,0x07,0xC0,0x2E,0x00,0x1F,0x80,0x00,
  0x00,0x0B,0xC0,0x2F,0x00,0x3E,0x00,0x00,0x00,0x07,0xC0,0x2E,0x00,0xBD,0x00,0x00,
  0x00,0x07,0xD0,0x3E,0x01,0xF4,0x00,0x00,0x00,0x03,0xF4,0xBD,0x03,0xE0,0x00,0x00,
  0x00,0x01,0xFF,0xF8,0x0B,0xC0,0x00,0x00,0x00,0x00,0x6F,0xD0,0x1F,0x40,0x00,0x00,
  0x00,0x00,0x00,0x00,0x3E,0x00,0x00,0x00,0x00,0x00,0x00,0x00,0xBC,0x01,0xA9,0x00,
  0x00,0x00,0x00,0x01,0xF4,0x0B,0xFF,0x80,0x00,0x00,0x00,0x07,0xE0,0x1F,0x9B,0xD0,
  0x00,0x00,0x00,0x0B,0xC0,0x3E,0x03,0xF0,0x00,0x00,0x00,0x2F,0x40,0x3D,0x02,0xF0,
  0x00,0x00,0x00,0x7E,0x00,0x7D,0x01,0xF0,0x00,0x00,0x00,0xFC,0x00,0x7D,0x01,0xF0,
  0x00,0x00,0x02,0xF4,0x00,0x3E,0x02,0xF0,0x00,0x00,0x07,0xE0,0x00,0x2F,0x07,0xE0,
  0x00,0x00,0x0F,0xC0,0x00,0x1F,0xEF,0xD0,0x00,0x00,0x2F,0x40,0x00,0x07,0xFF,0x40,
  0x00,0x00,0x00,0x00,0x00,0x00,0x54,0x00,0x00,0x00,0x06,0xA9,0x00,0x00,0x00,0x2F,
  0xFF,0x80,0x00,0x00,0xBF,0xFF,0xE0,0x00,0x01,0xFD,0x07,0xF4,0x00,0x02,0xF8,0x02,
  0xF4,0x00,0x02,0xF4,0x02,0xF4,0x00,0x02,0xF4,0x03,0xF4,0x00,0x01,0xFC,0x0B,0xF0,
  0x00,0x00,0xFE,0x7F,0xD0,0x00,0x00,0x7F,0xFF,0x40,0x00,0x00,0x2F,0xFD,0x00,0x00,
  0x00,0x7F,0xF4,0x00,0x00,0x01,0xFF,0xFC,0x01,0x50,0x07,0xFD,0xFE,0x02,0xF4,0x0F,
  0xE0,0x7F,0x82,0xF4,0x1F,0xC0,0x1F,0xD3,0xF0,0x2F,0x80,0x0B,0xFB,0xF0,0x2F,0x80,
  0x02,0xFF,0xD0,0x2F,0xC0,0x00,0xBF,0xC0,0x1F,0xE0,0x01,0xFF,0x80,0x07,0xFE,0xAF,
  0xFF,0xE0,0x02,0xFF,0xFF,0xF7,0xF8,0x00,0x6F,0xFF,0x41,0xFD,0x00,0x00,0x50,0x00,
  0x00,0x0A,0x40,0x1F,0x80,0x1F,0x80,0x1F,0x80,0x1F,0x80,0x1F,0x80,0x1F,0x80,0x1F,
  0x80,0x05,0x40,0x00,0x00,0x00,0x00,0x00,0x00,0x00,0x00,0x00,0x00,0x00,0x00,0x00,
  0x00,0x00,0x00,0x00,0x00,0x00,0x00,0x00,0x00,0x00,0x00,0x00,0x00,0x00,0x00,0x00,
  0x01,0xA0,0x00,0x07,0xE0,0x00,0x0F,0xD0,0x00,0x1F,0x80,0x00,0x3F,0x40,0x00,0x7F,
  0x00,0x00,0xBE,0x00,0x00,0xFD,0x00,0x01,0xFC,0x00,0x02,0xFC,0x00,0x02,0xF8,0x00,
  0x03,0xF8,0x00,0x03,0xF4,0x00,0x03,0xF4,0x00,0x07,0xF4,0x00,0x07,0xF4,0x00,0x07,
  0xF4,0x00,0x03,0xF4,0x00,0x03,0xF4,0x00,0x03,0xF8,0x00,0x02,0xF8,0x00,0x02,0xFC,
  0x00,0x01,0xFD,0x00,0x00,0xFD,0x00,0x00,0xBE,0x00,0x00,0x7F,0x00,0x00,0x3F,0x40,
  0x00,0x1F,0xC0,0x00,0x0B,0xD0,0x00,0x07,0xF0,0x00,0x01,0x50,0x1A,0x00,0x00,0x1F,
  0x80,0x00,0x0B,0xD0,0x00,0x07,0xF0,0x00,0x03,0xF4,0x00,0x02,0xF8,0x00,0x01,0xFD,
  0x00,0x00,0xFE,0x00,0x00,0xBE,0x00,0x00,0x7F,0x00,0x00,0x7F,0x40,0x00,0x3F,0x40,
  0x00,0x3F,0x40,0x00,0x3F,0x80,0x00,0x2F,0x80,0x00,0x2F,0x80,0x00,0x3F,0x80,0x00,
  0x3F,0x80,0x00,0x3F,0x40,0x00,0x3F,0x40,0x00,0x7F,0x40,0x00,0xBF,0x00,0x00,0xBE,
  0x00,0x00,0xFD,0x00,0x01,0xFC,0x00,0x02,0xF8,0x00,0x03,0xF4,0x00,0x07,0xE0,0x00,
  0x0F,0xD0,0x00,0x1F,0x80,0x00,0x15,0x00,0x00,0x00,0x06,0x80,0x00,0x00,0x07,0xC0,
  0x00,0x00,0x07,0xC0,0x40,0x0B,0x43,0xC2,0xD0,0x0F,0xF7,0xDF,0xE0,0x01,0xFF,0xFF,
  0x40,0x00,0x2F,0xF4,0x00,0x00,0xBF,0xFD,0x00,0x07,0xFB,0xEF,0xD0,0x0F,0xD3,0xC7,
  0xE0,0x06,0x07,0xC0,0x80,0x00,0x07,0xC0,0x00,0x00,0x07,0xC0,0x00,0x00,0x00,0x00,
  0x00,0x00,0x00,0x00,0x00,0x00,0x00,0x00,0x00,0x00,0x00,0x00,0x00,0x00,0x00,0x00,
  0x00,0x00,0x00,0x00,0x00,0x00,0x00,0x00,0x00,0x00,0x00,0x00,0x00,0x00,0x00,0x00,
  0x00,0x00,0x00,0x00,0x00,0x00,0x00,0x15,0x00,0x00,0x00,0x00,0x7E,0x00,0x00,0x00,
  0x00,0x7E,0x00,0x00,0x00,0x00,0x7E,0x00,0x00,0x00,0x00,0x7E,0x00,0x00,0x00,0x00,
  0x7E,0x00,0x00,0x01,0x55,0xBE,0x55,0x50,0x07,0xFF,0xFF,0xFF,0xE0,0x07,0xFF,0xFF,
  0xFF,0xE0,0x06,0xAA,0xBF,0xAA,0x90,0x00,0x00,0x7E,0x00,0x00,0x00,0x00,0x7E,0x00,
  0x00,0x00,0x00,0x7E,0x00,0x00,0x00,0x00,0x7E,0x00,0x00,0x00,0x00,0x7E,0x00,0x00,
  0x00,0x00,0x69,0x00,0x00,0x00,0x00,0x00,0x00,0x00,0x00,0x00,0x00,0x0B,0xF0,0x00,
  0x0B,0xE0,0x00,0x0F,0xD0,0x00,0x0F,0xC0,0x00,0x1F,0x80,0x00,0x2F,0x40,0x00,0x2F,
  0x00,0x00,0x3F,0x00,0x00,0x15,0x00,0x00,0x0F,0xFF,0xFF,0x00,0x0F,0xFF,0xFF,0x00,
  0x0F,0xFF,0xFF,0x00,0x00,0x00,0x00,0x00,0x00,0x00,0x00,0x00,0x00,0x00,0x00,0x00,
  0x00,0x00,0x00,0x00,0x00,0x00,0x00,0x00,0x00,0x00,0x00,0x00,0x00,0x00,0x00,0x00,
  0x00,0x00,0x00,0x00,0x00,0x00,0x07,0xE0,0x0F,0xF4,0x0F,0xF4,0x07,0xE0,0x00,0x00,
  0x00,0x01,0xA4,0x00,0x02,0xF4,0x00,0x03,0xF0,0x00,0x07,0xE0,0x00,0x07,0xE0,0x00,
  0x0B,0xD0,0x00,0x0F,0xC0,0x00,0x1F,0x80,0x00,0x2F,0x40,0x00,0x2F,0x40,0x00,0x3F,
  0x00,0x00,0x7E,0x00,0x00,0xBD,0x00,0x00,0xFC,0x00,0x00,0xFC,0x00,0x01,0xF8,0x00,
  0x02,0xF4,0x00,0x03,0xF0,0x00,0x07,0xE0,0x00,0x07,0xD0,0x00,0x0B,0xD0,0x00,0x0F,
  0xC0,0x00,0x1F,0x80,0x00,0x2F,0x40,0x00,0x2F,0x00,0x00,0x3F,0x00,0x00,0x7E,0x00,
  0x00,0x55,0x00,0x00,0x00,0x06,0xBE,0x40,0x00,0x00,0x2F,0xFF,0xF4,0x00,0x00,0xBF,
  0xFF,0xFD,0x00,0x01,0xFE,0x41,0xFF,0x40,0x03,0xF8,0x00,0x3F,0x80,0x07,0xF4,0x00,
  0x1F,0xD0,0x0B,0xE0,0x00,0x0F,0xE0,0x0F,0xD0,0x00,0x0B,0xE0,0x1F,0xD0,0x00,0x0B,
  0xF0,0x1F,0xD0,0x00,0x07,0xF0,0x1F,0xC0,0x00,0x07,0xF0,0x1F,0xC0,0x00,0x07,0xF4,
  0x1F,0xC0,0x00,0x07,0xF0,0x1F,0xC0,0x00,0x07,0xF0,0x1F,0xD0,0x00,0x07,0xF0,0x0F,
  0xD0,0x00,0x0B,0xE0,0x0F,0xE0,0x00,0x0F,0xE0,0x0B,0xF0,0x00,0x1F,0xD0,0x07,0xF8,
  0x00,0x2F,0xC0,0x02,0xFD,0x00,0xBF,0x40,0x00,0xFF,0xEB,0xFE,0x00,0x00,0x7F,0xFF,
  0xF8,0x00,0x00,0x0B,0xFF,0xD0,0x00,0x00,0x00,0x54,0x00,0x00,0x00,0x06,0xA4,0x00,
  0x00,0x1F,0xF8,0x00,0x01,0xBF,0xF8,0x00,0x0B,0xFF,0xF8,0x00,0x1F,0xE3,0xF8,0x00,
  0x1F,0x43,0xF8,0x00,0x18,0x03,0xF8,0x00,0x00,0x03,0xF8,0x00,0x00,0x03,0xF8,0x00,
  0x00,0x03,0xF8,0x00,0x00,0x03,0xF8,0x00,0x00,0x03,0xF8,0x00,0x00,0x03,0xF8,0x00,
  0x00,0x03,0xF8,0x00,0x00,0x03,0xF8,0x00,0x00,0x03,0xF8,0x00,0x00,0x03,0xF8,0x00,
  0x00,0x03,0xF8,0x00,0x00,0x03,0xF8,0x00,0x00,0x03,0xF8,0x00,0x00,0x03,0xF8,0x00,
  0x00,0x03,0xF8,0x00,0x00,0x03,0xF8,0x00,0x00,0x06,0xBA,0x40,0x00,0x00,0x7F,0xFF,
  0xE4,0x00,0x01,0xFF,0xFF,0xFD,0x00,0x03,0xFD,0x01,0xFF,0x00,0x0B,0xF0,0x00,0x7F,
  0x40,0x0F,0xE0,0x00,0x2F,0x80,0x0F,0xD0,0x00,0x1F,0x80,0x00,0x00,0x00,0x2F,0x80,
  0x00,0x00,0x00,0x3F,0x40,0x00,0x00,0x00,0x7F,0x00,0x00,0x00,0x01,0xFD,0x00,0x00,
  0x00,0x07,0xF8,0x00,0x00,0x00,0x0F,0xF0,0x00,0x00,0x00,0x3F,0xC0,0x00,0x00,0x00,
  0xFF,0x40,0x00,0x00,0x03,0xFD,0x00,0x00,0x00,0x0F,0xF4,0x00,0x00,0x00,0x3F,0xD0,
  0x00,0x00,0x00,0xFF,0x40,0x00,0x00,0x03,0xFD,0x00,0x00,0x00,0x0F,0xFF,0xFF,0xFF,
  0xD0,0x0F,0xFF,0xFF,0xFF,0xD0,0x0F,0xFF,0xFF,0xFF,0xD0,0x00,0x06,0xBE,0x90,0x00,
  0x00,0x2F,0xFF,0xF8,0x00,0x00,0xFF,0xFF,0xFE,0x00,0x02,0xFE,0x41,0xBF,0x80,0x07,
  0xF4,0x00,0x2F,0xC0,0x0B,0xF0,0x00,0x1F,0xD0,0x01,0x50,0x00,0x0F,0xD0,0x00,0x00,
  0x00,0x1F,0xC0,0x00,0x00,0x00,0x2F,0x80,0x00,0x00,0x01,0xFF,0x40,0x00,0x01,0xFF,
  0xF9,0x00,0x00,0x01,0xFF,0xE4,0x00,0x00,0x01,0xAF,0xFF,0x40,0x00,0x00,0x00,0x7F,
  0xC0,0x00,0x00,0x00,0x1F,0xE0,0x00,0x00,0x00,0x0B,0xF0,0x00,0x00,0x00,0x07,0xF0,
  0x0F,0xD0,0x00,0x07,0xF0,0x0F,0xF0,0x00,0x0F,0xF0,0x07,0xF9,0x00,0x6F,0xD0,0x02,
  0xFF,0xEB,0xFF,0x80,0x00,0xBF,0xFF,0xFE,0x00,0x00,0x1B,0xFF,0xE4,0x00,0x00,0x00,
  0x14,0x00,0x00,0x00,0x00,0x01,0xA9,0x00,0x00,0x00,0x07,0xFE,0x00,0x00,0x00,0x0F,
  0xFE,0x00,0x00,0x00,0x2F,0xFE,0x00,0x00,0x00,0x7F,0xBE,0x00,0x00,0x00,0xBE,0x7E,
  0x00,0x00,0x01,0xFC,0x7E,0x00,0x00,0x03,0xF4,0x7E,0x00,0x00,0x0B,0xE0,0x7E,0x00,
  0x00,0x1F,0xC0,0x7E,0x00,0x00,0x3F,0x40,0x7E,0x00,0x00,0xBE,0x00,0x7E,0x00,0x01,
  0xFC,0x00,0x7E,0x00,0x03,0xF4,0x00,0x7E,0x00,0x0B,0xE0,0x00,0x7E,0x00,0x1F,0xD5,
  0x55,0xBE,0x54,0x1F,0xFF,0xFF,0xFF,0xFC,0x1F,0xFF,0xFF,0xFF,0xFC,0x1A,0xAA,0xAA,
  0xBF,0xA8,0x00,0x00,0x00,0x7E,0x00,0x00,0x00,0x00,0x7E,0x00,0x00,0x00,0x00,0x7E,
  0x00,0x00,0x00,0x00,0x7E,0x00,0x00,0xAA,0xAA,0xAA,0x40,0x01,0xFF,0xFF,0xFF,0x80,
  0x01,0xFF,0xFF,0xFF,0x80,0x02,0xF9,0x55,0x55,0x40,0x02,0xF4,0x00,0x00,0x00,0x02,
  0xF4,0x00,0x00,0x00,0x03,0xF4,0x00,0x00,0x00,0x03,0xF0,0x00,0x00,0x00,0x03,0xF1,
  0xAE,0x90,0x00,0x07,0xFB,0xFF,0xF8,0x00,0x07,0xFF,0xFF,0xFE,0x00,0x0B,0xFD,0x41,
  0xFF,0x40,0x0B,0xF0,0x00,0x3F,0xC0,0x00,0x00,0x00,0x1F,0xD0,0x00,0x00,0x00,0x0F,
  0xE0,0x00,0x00,0x00,0x0B,0xE0,0x00,0x00,0x00,0x0B,0xE0,0x0B,0xD0,0x00,0x0F,0xE0,
  0x0B,0xF0,0x00,0x2F,0xD0,0x07,0xF8,0x00,0xBF,0x80,0x02,0xFF,0xAB,0xFF,0x00,0x00,
  0xBF,0xFF,0xF8,0x00,0x00,0x1B,0xFF,0xD0,0x00,0x00,0x00,0x14,0x00,0x00,0x00,0x01,
  0xAE,0x90,0x00,0x00,0x1F,0xFF,0xF9,0x00,0x00,0x7F,0xFF,0xFF,0x40,0x00,0xFF,0x51,
  0xBF,0xC0,0x02,0xFC,0x00,0x1F,0xD0,0x03,0xF4,0x00,0x0B,0xE0,0x0B,0xF0,0x00,0x01,
  0x50,0x0B,0xD0,0x00,0x00,0x00,0x0F,0xD0,0x6A,0x90,0x00,0x1F,0xC7,0xFF,0xF9,0x00,
  0x1F,0xDF,0xFF,0xFF,0x40,0x1F,0xFF,0x41,0xBF,0xC0,0x1F,0xF8,0x00,0x1F,0xE0,0x1F,
  0xF0,0x00,0x0B,0xF0,0x1F,0xE0,0x00,0x07,0xF4,0x0F,0xD0,0x00,0x03,0xF4,0x0F,0xE0,
  0x00,0x07,0xF4,0x0B,0xE0,0x00,0x07,0xF0,0x07,0xF4,0x00,0x0F,0xE0,0x02,0xFD,0x00,
  0x7F,0xD0,0x00,0xFF,0xEA,0xFF,0x80,0x00,0x7F,0xFF,0xFD,0x00,0x00,0x07,0xFF,0xE0,
  0x00,0x00,0x00,0x15,0x00,0x00,0x1A,0xAA,0xAA,0xAA,0x40,0x2F,0xFF,0xFF,0xFF,0x40,
  0x2F,0xFF,0xFF,0xFF,0x40,0x15,0x55,0x55,0x7F,0x40,0x00,0x00,0x00,0xBF,0x00,0x00,
  0x00,0x01,0xFD,0x00,0x00,0x00,0x02,0xFC,0x00,0x00,0x00,0x07,0xF4,0x00,0x00,0x00,
  0x0B,0xE0,0x00,0x00,0x00,0x1F,0xD0,0x00,0x00,0x00,0x2F,0x80,0x00,0x00,0x00,0x7F,
  0x40,0x00,0x00,0x00,0xBE,0x00,0x00,0x00,0x01,0xFD,0x00,0x00,0x00,0x02,0xF8,0x00,
  0x00,0x00,0x07,0xF4,0x00,0x00,0x00,0x0F,0xE0,0x00,0x00,0x00,0x1F,0xD0,0x00,0x00,
  0x00,0x3F,0x80,0x00,0x00,0x00,0x7F,0x40,0x00,0x00,0x00,0xFE,0x00,0x00,0x00,0x01,
  0xFC,0x00,0x00,0x00,0x03,0xF8,0x00,0x00,0x00,0x00,0x06,0xBE,0x80,0x00,0x00,0x6F,
  0xFF,0xF8,0x00,0x00,0xFF,0xFF,0xFE,0x00,0x02,0xFE,0x00,0xBF,0x80,0x07,0xF4,0x00,
  0x2F,0xC0,0x07,0xF0,0x00,0x1F,0xD0,0x07,0xF0,0x00,0x0F,0xD0,0x07,0xF0,0x00,0x1F,
  0xC0,0x03,0xF8,0x00,0x2F,0x80,0x01,0xFE,0x41,0xBF,0x00,0x00,0x6F,0xFF,0xF8,0x00,
  0x00,0x1F,0xFF,0xE4,0x00,0x01,0xFF,0xEB,0xFF,0x00,0x07,0xF9,0x00,0x7F,0xC0,0x0B,
  0xF0,0x00,0x0F,0xE0,0x0F,0xD0,0x00,0x0B,0xF0,0x1F,0xC0,0x00,0x07,0xF0,0x1F,0xD0,
  0x00,0x07,0xF0,0x1F,0xE0,0x00,0x0B,0xF0,0x0B,0xF8,0x00,0x2F,0xE0,0x07,0xFF,0xAA,
  0xFF,0xC0,0x01,0xBF,0xFF,0xFE,0x00,0x00,0x1B,0xFF,0xE4,0x00,0x00,0x00,0x14,0x00,
  0x00,0x00,0x06,0xBE,0x40,0x00,0x00,0x2F,0xFF,0xF8,0x00,0x01,0xFF,0xFF,0xFE,0x00,
  0x03,0xFE,0x41,0xFF,0x40,0x0B,0xF4,0x00,0x2F,0xC0,0x0F,0xE0,0x00,0x0F,0xD0,0x1F,
  0xD0,0x00,0x0B,0xE0,0x1F,0xC0,0x00,0x07,0xF0,0x1F,0xC0,0x00,0x0B,0xF0,0x0F,0xD0,
  0x00,0x0F,0xF4,0x0B,0xF0,0x00,0x2F,0xF4,0x07,0xFD,0x00,0xBF,0xF4,0x02,0xFF,0xEB,
  0xF7,0xF4,0x00,0xBF,0xFF,0xD3,0xF0,0x00,0x1B,0xFE,0x47,0xF0,0x00,0x00,0x00,0x07,
  0xE0,0x00,0x00,0x00,0x0B,0xE0,0x0F,0xD0,0x00,0x1F,0xD0,0x0B,0xF0,0x00,0x2F,0x80,
  0x07,0xF8,0x00,0xBF,0x40,0x02,0xFF,0xEB,0xFE,0x00,0x00,0xBF,0xFF,0xF8,0x00,0x00,
  0x1B,0xFF,0x90,0x00,0x00,0x00,0x14,0x00,0x00,0x01,0x40,0x0B,0xF0,0x0F,0xF4,0x0B,
  0xF4,0x02,0x90,0x00,0x00,0x00,0x00,0x00,0x00,0x00,0x00,0x00,0x00,0x00,0x00,0x00,
  0x00,0x00,0x00,0x07,0xE0,0x0F,0xF4,0x0F,0xF4,0x07,0xE0,0x00,0x00,0x01,0x80,0x0B,
  0xF0,0x0F,0xF4,0x0B,0xF4,0x02,0x90,0x00,0x00,0x00,0x00,0x00,0x00,0x00,0x00,0x00,
  0x00,0x00,0x00,0x00,0x00,0x00,0x00,0x00,0x00,0x00,0x00,0x0B,0xF0,0x0B,0xE0,0x0F,
  0xD0,0x0F,0xC0,0x1F,0x80,0x2F,0x40,0x2F,0x00,0x3F,0x00,0x15,0x00,0x00,0x00,0x00,
  0x00,0x00,0x00,0x00,0x00,0x01,0xA0,0x00,0x00,0x00,0x1B,0xE0,0x00,0x00,0x01,0xFF,
  0xE0,0x00,0x00,0x1F,0xFF,0x80,0x00,0x01,0xFF,0xF8,0x00,0x00,0x1F,0xFF,0x40,0x00,
  0x01,0xFF,0xE4,0x00,0x00,0x03,0xFE,0x40,0x00,0x00,0x03,0xFD,0x00,0x00,0x00,0x02,
  0xFF,0xE0,0x00,0x00,0x00,0x2F,0xFE,0x40,0x00,0x00,0x02,0xFF,0xE4,0x00,0x00,0x00,
  0x2F,0xFF,0x40,0x00,0x00,0x02,0xFF,0xE0,0x00,0x00,0x00,0x1F,0xE0,0x00,0x00,0x00,
  0x01,0xE0,0x00,0x00,0x00,0x00,0x00,0x02,0xAA,0xAA,0xAA,0x90,0x03,0xFF,0xFF,0xFF,
  0xD0,0x03,0xFF,0xFF,0xFF,0xD0,0x00,0x00,0x00,0x00,0x00,0x00,0x00,0x00,0x00,0x00,
  0x00,0x00,0x00,0x00,0x00,0x00,0x00,0x00,0x00,0x00,0x03,0xFF,0xFF,0xFF,0xD0,0x03,
  0xFF,0xFF,0xFF,0xD0,0x03,0xFF,0xFF,0xFF,0xD0,0x00,0x00,0x00,0x00,0x00,0x00,0x00,
  0x00,0x00,0x00,0x00,0x00,0x00,0x00,0x00,0x00,0x00,0x00,0x00,0x00,0x00,0x00,0x00,
  0x00,0x00,0x03,0x40,0x00,0x00,0x00,0x03,0xF8,0x00,0x00,0x00,0x03,0xFF,0x80,0x00,
  0x00,0x01,0xFF,0xF8,0x00,0x00,0x00,0x1B,0xFF,0x80,0x00,0x00,0x01,0xBF,0xF8,0x00,
  0x00,0x00,0x0B,0xFF,0x80,0x00,0x00,0x00,0xBF,0xE0,0x00,0x00,0x00,0x7F,0xE0,0x00,
  0x00,0x07,0xFF,0xD0,0x00,0x00,0xBF,0xF9,0x00,0x00,0x0B,0xFF,0x90,0x00,0x01,0xBF,
  0xF9,0x00,0x00,0x03,0xFF,0x90,0x00,0x00,0x03,0xF9,0x00,0x00,0x00,0x03,0x80,0x00,
  0x00,0x00,0x00,0x00,0x00,0x00,0x00,0x00,0x2B,0xE4,0x00,0x02,0xFF,0xFF,0x40,0x0B,
  0xFF,0xFF,0xD0,0x1F,0xE4,0x1F,0xF0,0x2F,0xC0,0x07,0xF4,0x3F,0x80,0x03,0xF8,0x15,
  0x00,0x02,0xF8,0x00,0x00,0x03,0xF4,0x00,0x00,0x0B,0xF0,0x00,0x00,0x2F,0xE0,0x00,
  0x01,0xFF,0x80,0x00,0x07,0xFD,0x00,0x00,0x0B,0xF4,0x00,0x00,0x0F,0xD0,0x00,0x00,
  0x1F,0xC0,0x00,0x00,0x1F,0xC0,0x00,0x00,0x15,0x40,0x00,0x00,0x00,0x00,0x00,0x00,
  0x00,0x00,0x00,0x00,0x1F,0x80,0x00,0x00,0x2F,0xD0,0x00,0x00,0x2F,0xD0,0x00,0x00,
  0x1F,0x80,0x00,0x00,0x00,0x00,0x00,0x00,0x00,0x00,0x55,0x00,0x00,0x00,0x00,0x00,
  0x2B,0xFF,0xF9,0x00,0x00,0x00,0x02,0xFF,0xFF,0xFF,0x90,0x00,0x00,0x0F,0xFE,0x55,
  0x6F,0xF4,0x00,0x00,0x3F,0x90,0x00,0x02,0xFD,0x00,0x00,0xFE,0x00,0x00,0x00,0x7F,
  0x40,0x02,0xF8,0x00,0x00,0x00,0x1F,0xC0,0x03,0xF0,0x06,0xF9,0x29,0x07,0xD0,0x0B,
  0xD0,0x1F,0xFF,0x7E,0x03,0xE0,0x0F,0xC0,0x3F,0xEB,0xFE,0x02,0xF0,0x0F,0x80,0xBE,
  0x00,0xFE,0x01,0xF4,0x1F,0x40,0xFD,0x00,0x7E,0x01,0xF4,0x1F,0x40,0xFC,0x00,0x7E,
  0x00,0xF8,0x1F,0x40,0xFC,0x00,0x3E,0x01,0xF4,0x1F,0x40,0xFC,0x00,0x7E,0x01,0xF4,
  0x1F,0x40,0xBD,0x00,0xBE,0x02,0xF0,0x0F,0x80,0xBE,0x01,0xFE,0x07,0xE0,0x0F,0x80,
  0x3F,0xEB,0xFF,0xAF,0xD0,0x0B,0xD0,0x1F,0xFF,0x6F,0xFF,0x40,0x07,0xE0,0x02,0xB9,
  0x07,0xF9,0x00,0x02,0xF4,0x00,0x00,0x00,0x00,0x00,0x01,0xFD,0x00,0x00,0x00,0x00,
  0x00,0x00,0x7F,0x80,0x00,0x00,0x00,0x00,0x00,0x1F,0xFA,0x55,0x6A,0x00,0x00,0x00,
  0x06,0xFF,0xFF,0xFE,0x00,0x00,0x00,0x00,0x6F,0xFF,0xF9,0x00,0x00,0x00,0x00,0x00,
  0x14,0x00,0x00,0x00,0x00,0x00,0x6A,0x40,0x00,0x00,0x00,0x00,0xBF,0xC0,0x00,0x00,
  0x00,0x00,0xFF,0xD0,0x00,0x00,0x00,0x01,0xFF,0xE0,0x00,0x00,0x00,0x02,0xFF,0xF4,
  0x00,0x00,0x00,0x03,0xF7,0xF8,0x00,0x00,0x00,0x07,0xF2,0xFC,0x00,0x00,0x00,0x0F,
  0xE1,0xFD,0x00,0x00,0x00,0x1F,0xD0,0xFE,0x00,0x00,0x00,0x2F,0xC0,0x7F,0x00,0x00,
  0x00,0x3F,0x80,0x3F,0x40,0x00,0x00,0x7F,0x40,0x2F,0x80,0x00,0x00,0xBF,0x00,0x1F,
  0xC0,0x00,0x00,0xFE,0x00,0x0F,0xD0,0x00,0x01,0xFF,0xFF,0xFF,0xE0,0x00,0x02,0xFF,
  0xFF,0xFF,0xF0,0x00,0x03,0xFF,0xFF,0xFF,0xF4,0x00,0x07,0xF4,0x00,0x02,0xFC,0x00,
  0x0B,0xE0,0x00,0x01,0xFD,0x00,0x0F,0xD0,0x00,0x00,0xFE,0x00,0x2F,0xC0,0x00,0x00,
  0xBF,0x00,0x3F,0x80,0x00,0x00,0x7F,0x40,0x7F,0x40,0x00,0x00,0x3F,0x80,0x06,0xAA,
  0xA9,0x50,0x00,0x0B,0xFF,0xFF,0xF9,0x00,0x0B,0xFF,0xFF,0xFF,0x40,0x0B,0xE5,0x55,
  0xBF,0xC0,0x0B,0xE0,0x00,0x1F,0xD0,0x0B,0xE0,0x00,0x0F,0xE0,0x0B,0xE0,0x00,0x0B,
  0xE0,0x0B,0xE0,0x00,0x0B,0xE0,0x0B,0xE0,0x00,0x1F,0xD0,0x0B,0xE0,0x00,0x7F,0x80,
  0x0B,0xFF,0xFF,0xFD,0x00,0x0B,0xFF,0xFF,0xF9,0x00,0x0B,0xFF,0xFF,0xFF,0x80,0x0B,
  0xE0,0x00,0x2F,0xE0,0x0B,0xE0,0x00,0x0B,0xF0,0x0B,0xE0,0x00,0x03,0xF4,0x0B,0xE0,
  0x00,0x03,0xF8,0x0B,0xE0,0x00,0x03,0xF8,0x0B,0xE0,0x00,0x07,0xF4,0x0B,0xE0,0x00,
  0x6F,0xF0,0x0B,0xFF,0xFF,0xFF,0xD0,0x0B,0xFF,0xFF,0xFF,0x40,0x0B,0xFF,0xFF,0xE4,
  0x00,0x00,0x00,0x6B,0xE9,0x00,0x00,0x00,0x07,0xFF,0xFF,0x80,0x00,0x00,0x2F,0xFF,
  0xFF,0xF4,0x00,0x00,0xBF,0xE5,0x5F,0xFD,0x00,0x02,0xFE,0x00,0x01,0xFF,0x00,0x03,
  0xFC,0x00,0x00,0x7F,0x40,0x0B,0xF4,0x00,0x00,0x3F,0x80,0x0F,0xE0,0x00,0x00,0x1A,
  0x80,0x0F,0xD0,0x00,0x00,0x00,0x00,0x1F,0xC0,0x00,0x00,0x00,0x00,0x1F,0xC0,0x00,
  0x00,0x00,0x00,0x1F,0xC0,0x00,0x00,0x00,0x00,0x1F,0xC0,0x00,0x00,0x00,0x00,0x1F,
  0xC0,0x00,0x00,0x00,0x00,0x1F,0xD0,0x00,0x00,0x00,0x00,0x0F,0xE0,0x00,0x00,0x05,
  0x40,0x0B,0xF0,0x00,0x00,0x2F,0xC0,0x07,0xF8,0x00,0x00,0x3F,0x80,0x02,0xFD,0x00,
  0x00,0xFF,0x00,0x00,0xFF,0x90,0x07,0xFD,0x00,0x00,0x7F,0xFF,0xFF,0xF8,0x00,0x00,
  0x1F,0xFF,0xFF,0xD0,0x00,0x00,0x01,0xBF,0xFE,0x00,0x00,0x00,0x00,0x05,0x40,0x00,
  0x00,0x06,0xAA,0xA9,0x40,0x00,0x00,0x0B,0xFF,0xFF,0xF9,0x00,0x00,0x0B,0xFF,0xFF,
  0xFF,0x80,0x00,0x0B,0xF5,0x56,0xBF,0xE0,0x00,0x0B,0xE0,0x00,0x1B,0xF8,0x00,0x0B,
  0xE0,0x00,0x02,0xFC,0x00,0x0B,0xE0,0x00,0x01,0xFE,0x00,0x0B,0xE0,0x00,0x00,0xBF,
  0x00,0x0B,0xE0,0x00,0x00,0x7F,0x40,0x0B,0xE0,0x00,0x00,0x3F,0x40,0x0B,0xE0,0x00,
  0x00,0x3F,0x40,0x0B,0xE0,0x00,0x00,0x3F,0x80,0x0B,0xE0,0x00,0x00,0x3F,0x40,0x0B,
  0xE0,0x00,0x00,0x3F,0x40,0x0B,0xE0,0x00,0x00,0x7F,0x40,0x0B,0xE0,0x00,0x00,0xBF,
  0x00,0x0B,0xE0,0x00,0x00,0xFE,0x00,0x0B,0xE0,0x00,0x02,0xFD,0x00,0x0B,0xE0,0x00,
  0x0B,0xF8,0x00,0x0B,0xE0,0x01,0x7F,0xF0,0x00,0x0B,0xFF,0xFF,0xFF,0xD0,0x00,0x0B,
  0xFF,0xFF,0xFE,0x00,0x00,0x0B,0xFF,0xFF,0x90,0x00,0x00,0x06,0xAA,0xAA,0xAA,0x40,
  0x0B,0xFF,0xFF,0xFF,0x40,0x0B,0xFF,0xFF,0xFF,0x40,0x0B,0xF5,0x55,0x55,0x40,0x0B,
  0xE0,0x00,0x00,0x00,0x0B,0xE0,0x00,0x00,0x00,0x0B,0xE0,0x00,0x00,0x00,0x0B,0xE0,
  0x00,0x00,0x00,0x0B,0xE0,0x00,0x00,0x00,0x0B,0xE0,0x00,0x00,0x00,0x0B,0xFA,0xAA,
  0xAA,0x00,0x0B,0xFF,0xFF,0xFE,0x00,0x0B,0xFF,0xFF,0xFE,0x00,0x0B,0xE0,0x00,0x00,
  0x00,0x0B,0xE0,0x00,0x00,0x00,0x0B,0xE0,0x00,0x00,0x00,0x0B,0xE0,0x00,0x00,0x00,
  0x0B,0xE0,0x00,0x00,0x00,0x0B,0xE0,0x00,0x00,0x00,0x0B,0xE0,0x00,0x00,0x00,0x0B,
  0xFF,0xFF,0xFF,0x80,0x0B,0xFF,0xFF,0xFF,0x80,0x0B,0xFF,0xFF,0xFF,0x80,0x06,0xAA,
  0xAA,0xAA,0x40,0x0B,0xFF,0xFF,0xFF,0x40,0x0B,0xFF,0xFF,0xFF,0x40,0x0B,0xF5,0x55,
  0x55,0x00,0x0B,0xE0,0x00,0x00,0x00,0x0B,0xE0,0x00,0x00,0x00,0x0B,0xE0,0x00,0x00,
  0x00,0x0B,0xE0,0x00,0x00,0x00,0x0B,0xE0,0x00,0x00,0x00,0x0B,0xE0,0x00,0x00,0x00,
  0x0B,0xFA,0xAA,0xA9,0x00,0x0B,0xFF,0xFF,0xFD,0x00,0x0B,0xFF,0xFF,0xFD,0x00,0x0B,
  0xE0,0x00,0x00,0x00,0x0B,0xE0,0x00,0x00,0x00,0x0B,0xE0,0x00,0x00,0x00,0x0B,0xE0,
  0x00,0x00,0x00,0x0B,0xE0,0x00,0x00,0x00,0x0B,0xE0,0x00,0x00,0x00,0x0B,0xE0,0x00,
  0x00,0x00,0x0B,0xE0,0x00,0x00,0x00,0x0B,0xE0,0x00,0x00,0x00,0x0B,0xE0,0x00,0x00,
  0x00,0x00,0x00,0x6B,0xE9,0x00,0x00,0x00,0x07,0xFF,0xFF,0x80,0x00,0x00,0x2F,0xFF,
  0xFF,0xF4,0x00,0x00,0xBF,0xE5,0x5F,0xFD,0x00,0x02,0xFE,0x00,0x01,0xFF,0x00,0x03,
  0xFC,0x00,0x00,0x7F,0x40,0x0B,0xF4,0x00,0x00,0x3F,0xC0,0x0F,0xE0,0x00,0x00,0x1A,
  0x80,0x0F,0xD0,0x00,0x00,0x00,0x00,0x1F,0xC0,0x00,0x00,0x00,0x00,0x1F,0xC0,0x00,
  0x00,0x00,0x00,0x1F,0xC0,0x00,0x6A,0xAA,0x80,0x1F,0xC0,0x00,0xBF,0xFF,0xD0,0x1F,
  0xC0,0x00,0xBF,0xFF,0xD0,0x1F,0xD0,0x00,0x15,0x5F,0xD0,0x0F,0xE0,0x00,0x00,0x1F,
  0xC0,0x0B,0xF0,0x00,0x00,0x2F,0xC0,0x07,0xF8,0x00,0x00,0x3F,0x80,0x02,0xFD,0x00,
  0x00,0xBF,0x40,0x00,0xFF,0x90,0x07,0xFE,0x00,0x00,0x7F,0xFF,0xFF,0xF8,0x00,0x00,
  0x1F,0xFF,0xFF,0xE0,0x00,0x00,0x01,0xBF,0xFE,0x40,0x00,0x00,0x00,0x05,0x50,0x00,
  0x00,0x06,0x90,0x00,0x00,0x2A,0x40,0x0B,0xE0,0x00,0x00,0x3F,0x40,0x0B,0xE0,0x00,
  0x00,0x3F,0x40,0x0B,0xE0,0x00,0x00,0x3F,0x40,0x0B,0xE0,0x00,0x00,0x3F,0x40,0x0B,
  0xE0,0x00,0x00,0x3F,0x40,0x0B,0xE0,0x00,0x00,0x3F,0x40,0x0B,0xE0,0x00,0x00,0x3F,
  0x40,0x0B,0xE0,0x00,0x00,0x3F,0x40,0x0B,0xE0,0x00,0x00,0x3F,0x40,0x0B,0xFA,0xAA,
  0xAA,0xBF,0x40,0x0B,0xFF,0xFF,0xFF,0xFF,0x40,0x0B,0xFF,0xFF,0xFF,0xFF,0x40,0x0B,
  0xE0,0x00,0x00,0x3F,0x40,0x0B,0xE0,0x00,0x00,0x3F,0x40,0x0B,0xE0,0x00,0x00,0x3F,
  0x40,0x0B,0xE0,0x00,0x00,0x3F,0x40,0x0B,0xE0,0x00,0x00,0x3F,0x40,0x0B,0xE0,0x00,
  0x00,0x3F,0x40,0x0B,0xE0,0x00,0x00,0x3F,0x40,0x0B,0xE0,0x00,0x00,0x3F,0x40,0x0B,
  0xE0,0x00,0x00,0x3F,0x40,0x0B,0xE0,0x00,0x00,0x3F,0x40,0x06,0x90,0x0B,0xE0,0x0B,
  0xE0,0x0B,0xE0,0x0B,0xE0,0x0B,0xE0,0x0B,0xE0,0x0B,0xE0,0x0B,0xE0,0x0B,0xE0,0x0B,
  0xE0,0x0B,0xE0,0x0B,0xE0,0x0B,0xE0,0x0B,0xE0,0x0B,0xE0,0x0B,0xE0,0x0B,0xE0,0x0B,
  0xE0,0x0B,0xE0,0x0B,0xE0,0x0B,0xE0,0x0B,0xE0,0x00,0x00,0x02,0xA4,0x00,0x00,0x00,
  0x03,0xF8,0x00,0x00,0x00,0x03,0xF8,0x00,0x00,0x00,0x03,0xF8,0x00,0x00,0x00,0x03,
  0xF8,0x00,0x00,0x00,0x03,0xF8,0x00,0x00,0x00,0x03,0xF8,0x00,0x00,0x00,0x03,0xF8,
  0x00,0x00,0x00,0x03,0xF8,0x00,0x00,0x00,0x03,0xF8,0x00,0x00,0x00,0x03,0xF8,0x00,
  0x00,0x00,0x03,0xF8,0x00,0x00,0x00,0x03,0xF8,0x00,0x00,0x00,0x03,0xF8,0x00,0x00,
  0x00,0x03,0xF8,0x00,0x00,0x00,0x03,0xF8,0x00,0x00,0x00,0x03,0xF8,0x00,0x2A,0x40,
  0x03,0xF4,0x00,0x3F,0x80,0x07,0xF4,0x00,0x2F,0xD0,0x0F,0xF0,0x00,0x0F,0xFE,0xBF,
  0xD0,0x00,0x07,0xFF,0xFF,0x80,0x00,0x00,0xBF,0xF9,0x00,0x00,0x00,0x01,0x40,0x00,
  0x00,0x06,0x90,0x00,0x01,0xA9,0x0B,0xE0,0x00,0x07,0xF8,0x0B,0xE0,0x00,0x1F,0xF0,
  0x0B,0xE0,0x00,0x7F,0xC0,0x0B,0xE0,0x01,0xFF,0x40,0x0B,0xE0,0x03,0xFD,0x00,0x0B,
  0xE0,0x0B,0xF4,0x00,0x0B,0xE0,0x2F,0xD0,0x00,0x0B,0xE0,0xBF,0x80,0x00,0x0B,0xE2,
  0xFE,0x00,0x00,0x0B,0xE7,0xFC,0x00,0x00,0x0B,0xFF,0xFD,0x00,0x00,0x0B,0xFF,0xFF,
  0x00,0x00,0x0B,0xFE,0x7F,0x80,0x00,0x0B,0xFC,0x1F,0xE0,0x00,0x0B,0xF4,0x0B,0xF4,
  0x00,0x0B,0xE0,0x03,0xFC,0x00,0x0B,0xE0,0x01,0xFE,0x00,0x0B,0xE0,0x00,0xBF,0x80,
  0x0B,0xE0,0x00,0x2F,0xD0,0x0B,0xE0,0x00,0x0F,0xF0,0x0B,0xE0,0x00,0x07,0xF8,0x0B,
  0xE0,0x00,0x02,0xFD,0x06,0x90,0x00,0x00,0x00,0x0B,0xE0,0x00,0x00,0x00,0x0B,0xE0,
  0x00,0x00,0x00,0x0B,0xE0,0x00,0x00,0x00,0x0B,0xE0,0x00,0x00,0x00,0x0B,0xE0,0x00,
  0x00,0x00,0x0B,0xE0,0x00,0x00,0x00,0x0B,0xE0,0x00,0x00,0x00,0x0B,0xE0,0x00,0x00,
  0x00,0x0B,0xE0,0x00,0x00,0x00,0x0B,0xE0,0x00,0x00,0x00,0x0B,0xE0,0x00,0x00,0x00,
  0x0B,0xE0,0x00,0x00,0x00,0x0B,0xE0,0x00,0x00,0x00,0x0B,0xE0,0x00,0x00,0x00,0x0B,
  0xE0,0x00,0x00,0x00,0x0B,0xE0,0x00,0x00,0x00,0x0B,0xE0,0x00,0x00,0x00,0x0B,0xE0,
  0x00,0x00,0x00,0x0B,0xE0,0x00,0x00,0x00,0x0B,0xFF,0xFF,0xFF,0x00,0x0B,0xFF,0xFF,
  0xFF,0x00,0x0B,0xFF,0xFF,0xFF,0x00,0x06,0xA4,0x00,0x00,0x00,0x2A,0x90,0x0B,0xFC,
  0x00,0x00,0x00,0x7F,0xD0,0x0B,0xFD,0x00,0x00,0x00,0xBF,0xD0,0x0B,0xFE,0x00,0x00,
  0x01,0xFF,0xD0,0x0B,0xFF,0x40,0x00,0x02,0xFF,0xD0,0x0B,0xFF,0x80,0x00,0x03,0xFF,
  0xD0,0x0B,0xFF,0xC0,0x00,0x07,0xFF,0xD0,0x0B,0xEF,0xD0,0x00,0x0B,0xDF,0xD0,0x0B,
  0xE7,0xE0,0x00,0x1F,0xCF,0xD0,0x0B,0xE3,0xF4,0x00,0x2F,0x8F,0xD0,0x0B,0xE2,0xF8,
  0x00,0x3F,0x4F,0xD0,0x0B,0xE1,0xFC,0x00,0x7E,0x0F,0xD0,0x0B,0xE0,0xBD,0x00,0xFD,
  0x0F,0xD0,0x0B,0xE0,0x7F,0x01,0xFC,0x0F,0xD0,0x0B,0xE0,0x3F,0x42,0xF8,0x0F,0xD0,
  0x0B,0xE0,0x2F,0x83,0xF4,0x0F,0xD0,0x0B,0xE0,0x1F,0xC7,0xE0,0x0F,0xD0,0x0B,0xE0,
  0x0B,0xEF,0xD0,0x0F,0xD0,0x0B,0xE0,0x07,0xFF,0xC0,0x0F,0xD0,0x0B,0xE0,0x03,0xFF,
  0x80,0x0F,0xD0,0x0B,0xE0,0x02,0xFF,0x00,0x0F,0xD0,0x0B,0xE0,0x00,0xFE,0x00,0x0F,
  0xD0,0x0B,0xE0,0x00,0xBD,0x00,0x0F,0xD0,0x06,0x90,0x00,0x00,0x2A,0x40,0x0B,0xF4,
  0x00,0x00,0x2F,0x80,0x0B,0xFC,0x00,0x00,0x2F,0x80,0x0B,0xFE,0x00,0x00,0x2F,0x80,
  0x0B,0xFF,0x40,0x00,0x2F,0x80,0x0B,0xFF,0xC0,0x00,0x2F,0x80,0x0B,0xFF,0xE0,0x00,
  0x2F,0x80,0x0B,0xE7,0xF4,0x00,0x2F,0x80,0x0B,0xE2,0xFC,0x00,0x2F,0x80,0x0B,0xE0,
  0xFE,0x00,0x2F,0x80,0x0B,0xE0,0x7F,0x80,0x2F,0x80,0x0B,0xE0,0x2F,0xD0,0x2F,0x80,
  0x0B,0xE0,0x0F,0xF0,0x2F,0x80,0x0B,0xE0,0x07,0xF8,0x2F,0x80,0x0B,0xE0,0x01,0xFD,
  0x2F,0x80,0x0B,0xE0,0x00,0xBF,0x2F,0x80,0x0B,0xE0,0x00,0x3F,0xAF,0x80,0x0B,0xE0,
  0x00,0x1F,0xFF,0x80,0x0B,0xE0,0x00,0x0B,0xFF,0x80,0x0B,0xE0,0x00,0x03,0xFF,0x80,
  0x0B,0xE0,0x00,0x01,0xFF,0x80,0x0B,0xE0,0x00,0x00,0xBF,0x80,0x0B,0xE0,0x00,0x00,
  0x3F,0x80,0x00,0x00,0x6B,0xE9,0x00,0x00,0x00,0x07,0xFF,0xFF,0x90,0x00,0x00,0x2F,
  0xFF,0xFF,0xF4,0x00,0x00,0xBF,0xE5,0x5B,0xFD,0x00,0x02,0xFE,0x00,0x01,0xFF,0x00,
  0x03,0xF8,0x00,0x00,0x7F,0x80,0x0B,0xF4,0x00,0x00,0x2F,0xC0,0x0F,0xE0,0x00,0x00,
  0x1F,0xD0,0x0F,0xD0,0x00,0x00,0x0F,0xE0,0x1F,0xC0,0x00,0x00,0x0B,0xE0,0x1F,0xC0,
  0x00,0x00,0x0B,0xF0,0x1F,0xC0,0x00,0x00,0x07,0xF0,0x1F,0xC0,0x00,0x00,0x07,0xF0,
  0x1F,0xC0,0x00,0x00,0x0B,0xE0,0x1F,0xD0,0x00,0x00,0x0B,0xE0,0x0F,0xE0,0x00,0x00,
  0x0F,0xD0,0x0B,0xF0,0x00,0x00,0x1F,0xD0,0x07,0xF8,0x00,0x00,0x3F,0x80,0x02,0xFD,
  0x00,0x00,0xBF,0x40,0x00,0xFF,0x90,0x07,0xFE,0x00,0x00,0x7F,0xFF,0xFF,0xF8,0x00,
  0x00,0x1F,0xFF,0xFF,0xE0,0x00,0x00,0x01,0xBF,0xFE,0x00,0x00,0x00,0x00,0x05,0x40,
  0x00,0x00,0x06,0xAA,0xAA,0x40,0x00,0x0B,0xFF,0xFF,0xF8,0x00,0x0B,0xFF,0xFF,0xFF,
  0x40,0x0B,0xE5,0x56,0xBF,0xC0,0x0B,0xE0,0x00,0x2F,0xE0,0x0B,0xE0,0x00,0x0B,0xF0,
  0x0B,0xE0,0x00,0x07,0xF0,0x0B,0xE0,0x00,0x07,0xF4,0x0B,0xE0,0x00,0x07,0xF0,0x0B,
  0xE0,0x00,0x0B,0xF0,0x0B,0xE0,0x00,0x0F,0xE0,0x0B,0xE0,0x00,0x7F,0xD0,0x0B,0xFF,
  0xFF,0xFF,0x80,0x0B,0xFF,0xFF,0xFD,0x00,0x0B,0xFF,0xFF,0xE0,0x00,0x0B,0xE0,0x00,
  0x00,0x00,0x0B,0xE0,0x00,0x00,0x00,0x0B,0xE0,0x00,0x00,0x00,0x0B,0xE0,0x00,0x00,
  0x00,0x0B,0xE0,0x00,0x00,0x00,0x0B,0xE0,0x00,0x00,0x00,0x0B,0xE0,0x00,0x00,0x00,
  0x0B,0xE0,0x00,0x00,0x00,0x00,0x00,0x6B,0xE9,0x00,0x00,0x00,0x07,0xFF,0xFF,0x90,
  0x00,0x00,0x2F,0xFF,0xFF,0xF4,0x00,0x00,0xBF,0xE5,0x5B,0xFD,0x00,0x02,0xFE,0x00,
  0x01,0xFF,0x00,0x03,0xF8,0x00,0x00,0x7F,0x80,0x0B,0xF4,0x00,0x00,0x2F,0xC0,0x0F,
  0xE0,0x00,0x00,0x1F,0xD0,0x0F,0xD0,0x00,0x00,0x0F,0xE0,0x1F,0xC0,0x00,0x00,0x0B,
  0xE0,0x1F,0xC0,0x00,0x00,0x0B,0xF0,0x1F,0xC0,0x00,0x00,0x07,0xF0,0x1F,0xC0,0x00,
  0x00,0x0B,0xF0,0x1F,0xC0,0x00,0x00,0x0B,0xE0,0x1F,0xD0,0x00,0x00,0x0B,0xE0,0x0F,
  0xE0,0x01,0x50,0x0F,0xD0,0x0B,0xF0,0x02,0xF8,0x1F,0xC0,0x07,0xF8,0x00,0xFD,0x3F,
  0x80,0x02,0xFD,0x00,0x7F,0xFF,0x40,0x00,0xFF,0x90,0x2F,0xFE,0x00,0x00,0x7F,0xFF,
  0xFF,0xF8,0x00,0x00,0x1F,0xFF,0xFF,0xF8,0x00,0x00,0x01,0xBF,0xFE,0xFD,0x00,0x00,
  0x00,0x05,0x40,0x7F,0x00,0x00,0x00,0x00,0x00,0x2F,0x80,0x00,0x00,0x00,0x00,0x00,
  0x00,0x06,0xAA,0xAA,0x40,0x00,0x0B,0xFF,0xFF,0xF8,0x00,0x0B,0xFF,0xFF,0xFF,0x40,
  0x0B,0xE5,0x56,0xBF,0xC0,0x0B,0xE0,0x00,0x1F,0xE0,0x0B,0xE0,0x00,0x0B,0xF0,0x0B,
  0xE0,0x00,0x07,0xF0,0x0B,0xE0,0x00,0x07,0xF4,0x0B,0xE0,0x00,0x07,0xF0,0x0B,0xE0,
  0x00,0x0B,0xF0,0x0B,0xE0,0x00,0x2F,0xE0,0x0B,0xF5,0x5A,0xFF,0xC0,0x0B,0xFF,0xFF,
  0xFF,0x40,0x0B,0xFF,0xFF,0xF8,0x00,0x0B,0xF5,0x5B,0xF4,0x00,0x0B,0xE0,0x03,0xFC,
  0x00,0x0B,0xE0,0x01,0xFE,0x00,0x0B,0xE0,0x00,0xBF,0x00,0x0B,0xE0,0x00,0x7F,0x80,
  0x0B,0xE0,0x00,0x2F,0xD0,0x0B,0xE0,0x00,0x1F,0xE0,0x0B,0xE0,0x00,0x0B,0xF4,0x0B,
  0xE0,0x00,0x03,0xF8,0x00,0x06,0xBE,0x90,0x00,0x00,0x6F,0xFF,0xF9,0x00,0x01,0xFF,
  0xFF,0xFF,0x40,0x03,0xFE,0x41,0xBF,0xC0,0x0B,0xF4,0x00,0x1F,0xE0,0x0F,0xE0,0x00,
  0x0B,0xF0,0x0F,0xE0,0x00,0x01,0x50,0x0B,0xE0,0x00,0x00,0x00,0x0B,0xF8,0x00,0x00,
  0x00,0x03,0xFF,0x90,0x00,0x00,0x01,0xFF,0xFE,0x40,0x00,0x00,0x2F,0xFF,0xF8,0x00,
  0x00,0x01,0xBF,0xFF,0x40,0x00,0x00,0x06,0xFF,0xD0,0x00,0x00,0x00,0x1F,0xE0,0x00,
  0x00,0x00,0x0B,0xF0,0x05,0x40,0x00,0x07,0xF4,0x1F,0xC0,0x00,0x07,0xF4,0x1F,0xE0,
  0x00,0x0B,0xF0,0x0B,0xF8,0x00,0x6F,0xE0,0x03,0xFF,0xAB,0xFF,0xC0,0x01,0xFF,0xFF,
  0xFE,0x00,0x00,0x1F,0xFF,0xE4,0x00,0x00,0x00,0x54,0x00,0x00,0x2A,0xAA,0xAA,0xAA,
  0xA4,0x2F,0xFF,0xFF,0xFF,0xF8,0x2F,0xFF,0xFF,0xFF,0xF8,0x15,0x55,0xFE,0x55,0x54,
  0x00,0x00,0xBE,0x00,0x00,0x00,0x00,0xBE,0x00,0x00,0x00,0x00,0xBE,0x00,0x00,0x00,
  0x00,0xBE,0x00,0x00,0x00,0x00,0xBE,0x00,0x00,0x00,0x00,0xBE,0x00,0x00,0x00,0x00,
  0xBE,0x00,0x00,0x00,0x00,0xBE,0x00,0x00,0x00,0x00,0xBE,0x00,0x00,0x00,0x00,0xBE,
  0x00,0x00,0x00,0x00,0xBE,0x00,0x00,0x00,0x00,0xBE,0x00,0x00,0x00,0x00,0xBE,0x00,
  0x00,0x00,0x00,0xBE,0x00,0x00,0x00,0x00,0xBE,0x00,0x00,0x00,0x00,0xBE,0x00,0x00,
  0x00,0x00,0xBE,0x00,0x00,0x00,0x00,0xBE,0x00,0x00,0x00,0x00,0xBE,0x00,0x00,0x06,
  0x90,0x00,0x00,0x2A,0x40,0x0B,0xE0,0x00,0x00,0x3F,0x40,0x0B,0xE0,0x00,0x00,0x3F,
  0x40,0x0B,0xE0,0x00,0x00,0x3F,0x40,0x0B,0xE0,0x00,0x00,0x3F,0x40,0x0B,0xE0,0x00,
  0x00,0x3F,0x40,0x0B,0xE0,0x00,0x00,0x3F,0x40,0x0B,0xE0,0x00,0x00,0x3F,0x40,0x0B,
  0xE0,0x00,0x00,0x3F,0x40,0x0B,0xE0,0x00,0x00,0x3F,0x40,0x0B,0xE0,0x00,0x00,0x3F,
  0x40,0x0B,0xE0,0x00,0x00,0x3F,0x40,0x0B,0xE0,0x00,0x00,0x3F,0x40,0x0B,0xE0,0x00,
  0x00,0x3F,0x40,0x0B,0xE0,0x00,0x00,0x3F,0x40,0x0B,0xF0,0x00,0x00,0x7F,0x40,0x0B,
  0xF0,0x00,0x00,0x7F,0x00,0x07,0xF4,0x00,0x00,0xBF,0x00,0x03,0xFC,0x00,0x02,0xFE,
  0x00,0x02,0xFF,0x40,0x0B,0xFC,0x00,0x00,0xBF,0xFE,0xFF,0xF4,0x00,0x00,0x2F,0xFF,
  0xFF,0xD0,0x00,0x00,0x06,0xFF,0xFE,0x00,0x00,0x00,0x00,0x15,0x40,0x00,0x00,0x6A,
  0x40,0x00,0x00,0x2A,0x40,0x3F,0x80,0x00,0x00,0x7F,0x40,0x2F,0xC0,0x00,0x00,0xBF,
  0x00,0x1F,0xD0,0x00,0x00,0xFE,0x00,0x0F,0xE0,0x00,0x01,0xFD,0x00,0x0B,0xF0,0x00,
  0x02,0xFC,0x00,0x07,0xF4,0x00,0x03,0xF8,0x00,0x03,0xF8,0x00,0x07,0xF4,0x00,0x01,
  0xFC,0x00,0x0B,0xF0,0x00,0x00,0xFD,0x00,0x0F,0xE0,0x00,0x00,0xBE,0x00,0x1F,0xD0,
  0x00,0x00,0x7F,0x00,0x2F,0xC0,0x00,0x00,0x3F,0x40,0x3F,0x40,0x00,0x00,0x2F,0x80,
  0x7F,0x00,0x00,0x00,0x1F,0xC0,0xBE,0x00,0x00,0x00,0x0F,0xD0,0xFD,0x00,0x00,0x00,
  0x0B,0xE1,0xFC,0x00,0x00,0x00,0x07,0xF2,0xF8,0x00,0x00,0x00,0x03,0xFB,0xF4,0x00,
  0x00,0x00,0x02,0xFF,0xF0,0x00,0x00,0x00,0x01,0xFF,0xE0,0x00,0x00,0x00,0x00,0xBF,
  0xD0,0x00,0x00,0x00,0x00,0x7F,0xC0,0x00,0x00,0x6A,0x00,0x00,0x1A,0x80,0x00,0x0A,
  0x90,0x7F,0x40,0x00,0x3F,0xC0,0x00,0x1F,0xD0,0x3F,0x80,0x00,0x7F,0xD0,0x00,0x1F,
  0xC0,0x2F,0xC0,0x00,0xBF,0xE0,0x00,0x2F,0x80,0x1F,0xC0,0x00,0xBF,0xF0,0x00,0x3F,
  0x80,0x0F,0xD0,0x00,0xFF,0xF4,0x00,0x7F,0x40,0x0B,0xE0,0x01,0xFE,0xF4,0x00,0x7F,
  0x00,0x0B,0xF0,0x02,0xF9,0xF8,0x00,0xBE,0x00,0x07,0xF0,0x02,0xF4,0xFC,0x00,0xFD,
  0x00,0x03,0xF4,0x03,0xF0,0xFD,0x01,0xFC,0x00,0x02,0xF8,0x07,0xE0,0xBE,0x01,0xFC,
  0x00,0x01,0xFC,0x0B,0xD0,0x7E,0x02,0xF8,0x00,0x00,0xFD,0x0F,0xD0,0x3F,0x03,0xF4,
  0x00,0x00,0xFD,0x0F,0xC0,0x2F,0x47,0xF0,0x00,0x00,0xBE,0x1F,0x80,0x1F,0x87,0xE0,
  0x00,0x00,0x7F,0x2F,0x40,0x1F,0xCB,0xD0,0x00,0x00,0x3F,0x7F,0x00,0x0F,0xCF,0xD0,
  0x00,0x00,0x2F,0xBE,0x00,0x0B,0xEF,0xC0,0x00,0x00,0x1F,0xFE,0x00,0x07,0xFF,0x80,
  0x00,0x00,0x1F,0xFD,0x00,0x03,0xFF,0x40,0x00,0x00,0x0F,0xFC,0x00,0x02,0xFF,0x00,
  0x00,0x00,0x0B,0xF8,0x00,0x01,0xFE,0x00,0x00,0x00,0x07,0xF4,0x00,0x01,0xFE,0x00,
  0x00,0x2A,0x80,0x00,0x01,0xA9,0x2F,0xD0,0x00,0x03,0xFC,0x0F,0xF0,0x00,0x0B,0xF4,
  0x07,0xF8,0x00,0x1F,0xE0,0x02,0xFD,0x00,0x2F,0xC0,0x00,0xFE,0x00,0x7F,0x40,0x00,
  0x7F,0x40,0xFE,0x00,0x00,0x2F,0xC2,0xFD,0x00,0x00,0x1F,0xE7,0xF8,0x00,0x00,0x0B,
  0xFF,0xF0,0x00,0x00,0x03,0xFF,0xD0,0x00,0x00,0x01,0xFF,0x80,0x00,0x00,0x02,0xFF,
  0xC0,0x00,0x00,0x07,0xFF,0xE0,0x00,0x00,0x0F,0xFB,0xF4,0x00,0x00,0x2F,0xD3,0xFC,
  0x00,0x00,0x7F,0x81,0xFE,0x00,0x00,0xBF,0x00,0xBF,0x40,0x01,0xFD,0x00,0x3F,0xC0,
  0x03,0xF8,0x00,0x1F,0xE0,0x0B,0xF4,0x00,0x0F,0xF0,0x1F,0xE0,0x00,0x07,0xF8,0x3F,
  0xC0,0x00,0x02,0xFD,0x2A,0x40,0x00,0x00,0x6A,0x00,0x2F,0xC0,0x00,0x00,0xFE,0x00,
  0x1F,0xE0,0x00,0x02,0xFC,0x00,0x0B,0xF4,0x00,0x07,0xF8,0x00,0x03,0xF8,0x00,0x0F,
  0xF0,0x00,0x01,0xFD,0x00,0x1F,0xD0,0x00,0x00,0xBF,0x00,0x3F,0x80,0x00,0x00,0x7F,
  0x80,0xBF,0x00,0x00,0x00,0x2F,0xC1,0xFE,0x00,0x00,0x00,0x0F,0xE2,0xFC,0x00,0x00,
  0x00,0x07,0xFB,0xF4,0x00,0x00,0x00,0x02,0xFF,0xE0,0x00,0x00,0x00,0x01,0xFF,0xD0,
  0x00,0x00,0x00,0x00,0xBF,0x80,0x00,0x00,0x00,0x00,0x7F,0x40,0x00,0x00,0x00,0x00,
  0x7F,0x40,0x00,0x00,0x00,0x00,0x7F,0x40,0x00,0x00,0x00,0x00,0x7F,0x40,0x00,0x00,
  0x00,0x00,0x7F,0x40,0x00,0x00,0x00,0x00,0x7F,0x40,0x00,0x00,0x00,0x00,0x7F,0x40,
  0x00,0x00,0x00,0x00,0x7F,0x40,0x00,0x00,0x00,0x00,0x7F,0x40,0x00,0x00,0x1A,0xAA,
  0xAA,0xAA,0xA0,0x1F,0xFF,0xFF,0xFF,0xE0,0x1F,0xFF,0xFF,0xFF,0xE0,0x05,0x55,0x55,
  0x6F,0xD0,0x00,0x00,0x00,0x7F,0x80,0x00,0x00,0x00,0xFF,0x00,0x00,0x00,0x02,0xFD,
  0x00,0x00,0x00,0x07,0xF4,0x00,0x00,0x00,0x0F,0xE0,0x00,0x00,0x00,0x2F,0xC0,0x00,
  0x00,0x00,0x7F,0x40,0x00,0x00,0x00,0xFE,0x00,0x00,0x00,0x02,0xFC,0x00,0x00,0x00,
  0x07,0xF4,0x00,0x00,0x00,0x0F,0xE0,0x00,0x00,0x00,0x2F,0xC0,0x00,0x00,0x00,0x7F,
  0x40,0x00,0x00,0x00,0xFE,0x00,0x00,0x00,0x02,0xFC,0x00,0x00,0x00,0x07,0xF4,0x00,
  0x00,0x00,0x0F,0xFF,0xFF,0xFF,0xF0,0x1F,0xFF,0xFF,0xFF,0xF0,0x1F,0xFF,0xFF,0xFF,
  0xF0,0x01,0xAA,0xA4,0x02,0xFF,0xF8,0x02,0xFF,0xF8,0x02,0xF8,0x00,0x02,0xF8,0x00,
  0x02,0xF8,0x00,0x02,0xF8,0x00,0x02,0xF8,0x00,0x02,0xF8,0x00,0x02,0xF8,0x00,0x02,
  0xF8,0x00,0x02,0xF8,0x00,0x02,0xF8,0x00,0x02,0xF8,0x00,0x02,0xF8,0x00,0x02,0xF8,
  0x00,0x02,0xF8,0x00,0x02,0xF8,0x00,0x02,0xF8,0x00,0x02,0xF8,0x00,0x02,0xF8,0x00,
  0x02,0xF8,0x00,0x02,0xF8,0x00,0x02,0xF8,0x00,0x02,0xF8,0x00,0x02,0xF8,0x00,0x02,
  0xF8,0x00,0x02,0xF9,0x54,0x02,0xFF,0xF8,0x02,0xFF,0xF8,0x01,0x55,0x54,0x69,0x00,
  0x00,0x7E,0x00,0x00,0x3F,0x00,0x00,0x2F,0x40,0x00,0x1F,0x40,0x00,0x1F,0x80,0x00,
  0x0F,0xC0,0x00,0x0B,0xD0,0x00,0x07,0xE0,0x00,0x03,0xF0,0x00,0x03,0xF0,0x00,0x02,
  0xF4,0x00,0x01,0xF8,0x00,0x00,0xFC,0x00,0x00,0xBD,0x00,0x00,0xBD,0x00,0x00,0x7E,
  0x00,0x00,0x3F,0x00,0x00,0x2F,0x40,0x00,0x1F,0x80,0x00,0x1F,0x80,0x00,0x0F,0xC0,
  0x00,0x0B,0xD0,0x00,0x07,0xE0,0x00,0x03,0xF0,0x00,0x02,0xF0,0x00,0x02,0xF4,0x00,
  0x00,0x54,0x2A,0xAA,0x00,0x7F,0xFF,0x00,0x7F,0xFF,0x00,0x00,0x3F,0x00,0x00,0x3F,
  0x00,0x00,0x3F,0x00,0x00,0x3F,0x00,0x00,0x3F,0x00,0x00,0x3F,0x00,0x00,0x3F,0x00,
  0x00,0x3F,0x00,0x00,0x3F,0x00,0x00,0x3F,0x00,0x00,0x3F,0x00,0x00,0x3F,0x00,0x00,
  0x3F,0x00,0x00,0x3F,0x00,0x00,0x3F,0x00,0x00,0x3F,0x00,0x00,0x3F,0x00,0x00,0x3F,
  0x00,0x00,0x3F,0x00,0x00,0x3F,0x00,0x00,0x3F,0x00,0x00,0x3F,0x00,0x00,0x3F,0x00,
  0x00,0x3F,0x00,0x15,0x7F,0x00,0x7F,0xFF,0x00,0x7F,0xFF,0x00,0x15,0x55,0x00,0x00,
  0x2F,0xC0,0x00,0x00,0x3F,0xE0,0x00,0x00,0xBF,0xF0,0x00,0x00,0xFE,0xF8,0x00,0x02,
  0xF4,0xFC,0x00,0x03,0xF0,0xBD,0x00,0x0B,0xE0,0x3F,0x00,0x0F,0xC0,0x2F,0x40,0x1F,
  0x80,0x1F,0xC0,0x2A,0x00,0x0A,0x90,0x00,0x00,0x00,0x00,0x00,0x00,0x00,0x00,0x00,
  0x00,0x00,0x00,0x00,0x00,0x00,0x00,0x00,0x00,0x00,0x00,0x00,0x00,0x00,0x00,0x00,
  0x00,0x00,0x00,0x00,0x00,0x00,0x00,0x00,0x00,0x00,0x00,0x00,0x00,0x00,0x00,0x00,
  0x00,0x00,0x00,0x00,0x00,0x00,0x00,0x7F,0xFF,0xFF,0xFC,0x7F,0xFF,0xFF,0xFC,0x6A,
  0xAA,0xAA,0xA8,0x00,0x15,0x00,0x00,0x00,0x3F,0x40,0x00,0x00,0x1F,0xC0,0x00,0x00,
  0x0B,0xD0,0x00,0x00,0x03,0xF0,0x00,0x00,0x01,0xA4,0x00,0x00,0x00,0x00,0x00,0x00,
  0x00,0x00,0x00,0x00,0x00,0x00,0x00,0x00,0x00,0x00,0x00,0x00,0x00,0x00,0x00,0x00,
  0x00,0x00,0x00,0x00,0x00,0x00,0x00,0x00,0x00,0x00,0x00,0x00,0x00,0x00,0x00,0x00,
  0x00,0x00,0x00,0x00,0x00,0x00,0x00,0x00,0x00,0x00,0x00,0x00,0x00,0x00,0x00,0x00,
  0x00,0x00,0x00,0x00,0x00,0x00,0x00,0x00,0x00,0x00,0x00,0x00,0x00,0x00,0x00,0x00,
  0x00,0x00,0x00,0x00,0x00,0x00,0x00,0x00,0x00,0x00,0x00,0x00,0x00,0x2F,0xFE,0x40,
  0x00,0x01,0xFF,0xFF,0xE0,0x00,0x07,0xFE,0xAF,0xF8,0x00,0x0B,0xE0,0x02,0xFC,0x00,
  0x0A,0x80,0x00,0xFD,0x00,0x00,0x00,0x00,0xFD,0x00,0x00,0x00,0x00,0xFD,0x00,0x00,
  0x6B,0xFF,0xFD,0x00,0x02,0xFF,0xFF,0xFD,0x00,0x0B,0xFE,0x95,0xFD,0x00,0x1F,0xD0,
  0x00,0xFD,0x00,0x2F,0x80,0x00,0xFD,0x00,0x2F,0x80,0x01,0xFD,0x00,0x1F,0xC0,0x07,
  0xFD,0x00,0x1F,0xF5,0x6F,0xFD,0x00,0x0B,0xFF,0xFD,0xFD,0x00,0x01,0xFF,0xF4,0xFD,
  0x00,0x00,0x05,0x40,0x00,0x00,0x06,0x90,0x00,0x00,0x00,0x0B,0xE0,0x00,0x00,0x00,
  0x0B,0xE0,0x00,0x00,0x00,0x0B,0xE0,0x00,0x00,0x00,0x0B,0xE0,0x00,0x00,0x00,0x0B,
  0xE0,0x00,0x00,0x00,0x0B,0xE1,0xBF,0xE0,0x00,0x0B,0xE7,0xFF,0xFD,0x00,0x0B,0xEF,
  0xEB,0xFF,0x00,0x0B,0xFE,0x00,0xBF,0x80,0x0B,0xF8,0x00,0x2F,0xC0,0x0B,0xF0,0x00,
  0x0F,0xD0,0x0B,0xE0,0x00,0x0B,0xE0,0x0B,0xE0,0x00,0x0B,0xE0,0x0B,0xE0,0x00,0x0B,
  0xE0,0x0B,0xE0,0x00,0x0B,0xE0,0x0B,0xE0,0x00,0x0B,0xE0,0x0B,0xF0,0x00,0x0F,0xD0,
  0x0B,0xF8,0x00,0x2F,0xD0,0x0B,0xFD,0x00,0x7F,0x80,0x0B,0xEF,0xEB,0xFF,0x00,0x0B,
  0xE7,0xFF,0xFD,0x00,0x0B,0xE1,0xFF,0xE4,0x00,0x00,0x00,0x05,0x00,0x00,0x00,0x00,
  0x00,0x00,0x00,0x00,0x1B,0xFE,0x40,0x00,0x00,0xBF,0xFF,0xF0,0x00,0x02,0xFF,0xAF,
  0xFC,0x00,0x07,0xF8,0x01,0xFE,0x00,0x0F,0xE0,0x00,0x7F,0x00,0x1F,0xD0,0x00,0x2A,
  0x00,0x2F,0xC0,0x00,0x00,0x00,0x2F,0x80,0x00,0x00,0x00,0x2F,0x80,0x00,0x00,0x00,
  0x2F,0x80,0x00,0x00,0x00,0x2F,0xC0,0x00,0x00,0x00,0x1F,0xD0,0x00,0x15,0x00,0x0F,
  0xE0,0x00,0x7F,0x00,0x07,0xF8,0x01,0xFE,0x00,0x02,0xFF,0xAB,0xFC,0x00,0x00,0xBF,
  0xFF,0xF4,0x00,0x00,0x1F,0xFF,0x80,0x00,0x00,0x00,0x50,0x00,0x00,0x00,0x00,0x00,
  0x1A,0x80,0x00,0x00,0x00,0x2F,0x80,0x00,0x00,0x00,0x2F,0x80,0x00,0x00,0x00,0x2F,
  0x80,0x00,0x00,0x00,0x2F,0x80,0x00,0x00,0x00,0x2F,0x80,0x00,0x2F,0xF9,0x2F,0x80,
  0x00,0xFF,0xFF,0x6F,0x80,0x03,0xFF,0xAF,0xEF,0x80,0x07,0xF8,0x01,0xFF,0x80,0x0F,
  0xE0,0x00,0x7F,0x80,0x1F,0xD0,0x00,0x3F,0x80,0x2F,0xC0,0x00,0x2F,0x80,0x2F,0x80,
  0x00,0x2F,0x80,0x2F,0x80,0x00,0x1F,0x80,0x2F,0x80,0x00,0x2F,0x80,0x2F,0xC0,0x00,
  0x2F,0x80,0x1F,0xD0,0x00,0x3F,0x80,0x0F,0xE0,0x00,0x7F,0x80,0x0B,0xF8,0x01,0xFF,
  0x80,0x03,0xFF,0xAB,0xEF,0x80,0x01,0xFF,0xFF,0x5F,0x80,0x00,0x2F,0xFD,0x1F,0x80,
  0x00,0x01,0x50,0x00,0x00,0x00,0x00,0x00,0x00,0x00,0x00,0x1B,0xFE,0x40,0x00,0x00,
  0xBF,0xFF,0xE0,0x00,0x02,0xFF,0xAB,0xFC,0x00,0x07,0xF8,0x01,0xFE,0x00,0x0B,0xE0,
  0x00,0x7F,0x00,0x1F,0xC0,0x00,0x3F,0x40,0x2F,0x80,0x00,0x2F,0x80,0x2F,0xFF,0xFF,
  0xFF,0x80,0x2F,0xFF,0xFF,0xFF,0x80,0x2F,0xAA,0xAA,0xAA,0x40,0x2F,0x80,0x00,0x00,
  0x00,0x1F,0xC0,0x00,0x00,0x00,0x0F,0xD0,0x00,0x15,0x00,0x07,0xF4,0x00,0xBF,0x00,
  0x02,0xFE,0x9B,0xFE,0x00,0x00,0xFF,0xFF,0xF8,0x00,0x00,0x1F,0xFF,0x90,0x00,0x00,
  0x00,0x54,0x00,0x00,0x00,0x06,0xA4,0x00,0x7F,0xF4,0x01,0xFF,0xF4,0x02,0xFE,0x50,
  0x02,0xF8,0x00,0x03,0xF4,0x00,0x03,0xF4,0x00,0x7F,0xFF,0xF0,0x7F,0xFF,0xF0,0x6B,
  0xFE,0xA0,0x03,0xF4,0x00,0x03,0xF4,0x00,0x03,0xF4,0x00,0x03,0xF4,0x00,0x03,0xF4,
  0x00,0x03,0xF4,0x00,0x03,0xF4,0x00,0x03,0xF4,0x00,0x03,0xF4,0x00,0x03,0xF4,0x00,
  0x03,0xF4,0x00,0x03,0xF4,0x00,0x03,0xF4,0x00,0x03,0xF4,0x00,0x00,0x00,0x00,0x00,
  0x00,0x00,0x2F,0xF9,0x1F,0x80,0x01,0xFF,0xFF,0x5F,0x80,0x03,0xFF,0xAF,0xEF,0x80,
  0x07,0xF8,0x01,0xFF,0x80,0x0F,0xE0,0x00,0x7F,0x80,0x1F,0xD0,0x00,0x3F,0x80,0x2F,
  0xC0,0x00,0x2F,0x80,0x2F,0x80,0x00,0x2F,0x80,0x2F,0x80,0x00,0x1F,0x80,0x2F,0x80,
  0x00,0x2F,0x80,0x2F,0xC0,0x00,0x2F,0x80,0x1F,0xD0,0x00,0x3F,0x80,0x0F,0xF0,0x00,
  0xBF,0x80,0x07,0xFD,0x06,0xFF,0x80,0x02,0xFF,0xFF,0xEF,0x80,0x00,0xBF,0xFF,0x1F,
  0x80,0x00,0x06,0xA4,0x1F,0x80,0x00,0x00,0x00,0x2F,0x80,0x05,0x40,0x00,0x2F,0x80,
  0x0F,0xE0,0x00,0x7F,0x40,0x0B,0xF9,0x01,0xFF,0x00,0x02,0xFF,0xFF,0xFD,0x00,0x00,
  0xBF,0xFF,0xE4,0x00,0x00,0x06,0xA9,0x40,0x00,0x0A,0x90,0x00,0x00,0x00,0x0F,0xD0,
  0x00,0x00,0x00,0x0F,0xD0,0x00,0x00,0x00,0x0F,0xD0,0x00,0x00,0x00,0x0F,0xD0,0x00,
  0x00,0x00,0x0F,0xD0,0x00,0x00,0x00,0x0F,0xD1,0xFF,0xD0,0x00,0x0F,0xDB,0xFF,0xF8,
  0x00,0x0F,0xEF,0xEF,0xFD,0x00,0x0F,0xF9,0x01,0xFF,0x00,0x0F,0xF0,0x00,0x7F,0x00,
  0x0F,0xE0,0x00,0x3F,0x40,0x0F,0xD0,0x00,0x3F,0x40,0x0F,0xD0,0x00,0x3F,0x40,0x0F,
  0xD0,0x00,0x3F,0x40,0x0F,0xD0,0x00,0x3F,0x40,0x0F,0xD0,0x00,0x3F,0x40,0x0F,0xD0,
  0x00,0x3F,0x40,0x0F,0xD0,0x00,0x3F,0x40,0x0F,0xD0,0x00,0x3F,0x40,0x0F,0xD0,0x00,
  0x3F,0x40,0x0F,0xD0,0x00,0x3F,0x40,0x0F,0xD0,0x00,0x3F,0x40,0x01,0x40,0x0F,0xD0,
  0x1F,0xE0,0x0F,0xD0,0x01,0x40,0x00,0x00,0x00,0x00,0x0F,0xD0,0x0F,0xD0,0x0F,0xD0,
  0x0F,0xD0,0x0F,0xD0,0x0F,0xD0,0x0F,0xD0,0x0F,0xD0,0x0F,0xD0,0x0F,0xD0,0x0F,0xD0,
  0x0F,0xD0,0x0F,0xD0,0x0F,0xD0,0x0F,0xD0,0x0F,0xD0,0x0F,0xD0,0x00,0x50,0x03,0xF4,
  0x07,0xF8,0x03,0xF4,0x00,0x50,0x00,0x00,0x00,0x00,0x03,0xF4,0x03,0xF4,0x03,0xF4,
  0x03,0xF4,0x03,0xF4,0x03,0xF4,0x03,0xF4,0x03,0xF4,0x03,0xF4,0x03,0xF4,0x03,0xF4,
  0x03,0xF4,0x03,0xF4,0x03,0xF4,0x03,0xF4,0x03,0xF4,0x03,0xF4,0x03,0xF4,0x03,0xF4,
  0x07,0xF0,0x6F,0xF0,0xBF,0xD0,0xBF,0x40,0x50,0x00,0x0A,0x90,0x00,0x00,0x00,0x0F,
  0xD0,0x00,0x00,0x00,0x0F,0xD0,0x00,0x00,0x00,0x0F,0xD0,0x00,0x00,0x00,0x0F,0xD0,
  0x00,0x00,0x00,0x0F,0xD0,0x00,0x00,0x00,0x0F,0xD0,0x00,0xFE,0x00,0x0F,0xD0,0x03,
  0xFC,0x00,0x0F,0xD0,0x0F,0xF0,0x00,0x0F,0xD0,0x2F,0xD0,0x00,0x0F,0xD0,0xBF,0x40,
  0x00,0x0F,0xD2,0xFD,0x00,0x00,0x0F,0xDB,0xF4,0x00,0x00,0x0F,0xFF,0xE0,0x00,0x00,
  0x0F,0xFF,0xF4,0x00,0x00,0x0F,0xFB,0xFD,0x00,0x00,0x0F,0xE1,0xFF,0x00,0x00,0x0F,
  0xD0,0x7F,0x80,0x00,0x0F,0xD0,0x2F,0xD0,0x00,0x0F,0xD0,0x0F,0xF4,0x00,0x0F,0xD0,
  0x07,0xFC,0x00,0x0F,0xD0,0x01,0xFE,0x00,0x0F,0xD0,0x00,0xBF,0x40,0x0A,0x90,0x0F,
  0xD0,0x0F,0xD0,0x0F,0xD0,0x0F,0xD0,0x0F,0xD0,0x0F,0xD0,0x0F,0xD0,0x0F,0xD0,0x0F,
  0xD0,0x0F,0xD0,0x0F,0xD0,0x0F,0xD0,0x0F,0xD0,0x0F,0xD0,0x0F,0xD0,0x0F,0xD0,0x0F,
  0xD0,0x0F,0xD0,0x0F,0xD0,0x0F,0xD0,0x0F,0xD0,0x0F,0xD0,0x00,0x00,0x00,0x00,0x00,
  0x00,0x00,0x0F,0xD2,0xFF,0x80,0x6F,0xF8,0x00,0x0F,0xDB,0xFF,0xE1,0xFF,0xFE,0x00,
  0x0F,0xEF,0xAF,0xFB,0xFA,0xFF,0x40,0x0F,0xF8,0x07,0xFF,0x40,0x7F,0x80,0x0F,0xF0,
  0x01,0xFE,0x00,0x1F,0xC0,0x0F,0xE0,0x00,0xFD,0x00,0x1F,0xC0,0x0F,0xD0,0x00,0xFD,
  0x00,0x1F,0xC0,0x0F,0xD0,0x00,0xFD,0x00,0x1F,0xC0,0x0F,0xD0,0x00,0xFD,0x00,0x1F,
  0xC0,0x0F,0xD0,0x00,0xFD,0x00,0x1F,0xC0,0x0F,0xD0,0x00,0xFD,0x00,0x1F,0xC0,0x0F,
  0xD0,0x00,0xFD,0x00,0x1F,0xC0,0x0F,0xD0,0x00,0xFD,0x00,0x1F,0xC0,0x0F,0xD0,0x00,
  0xFD,0x00,0x1F,0xC0,0x0F,0xD0,0x00,0xFD,0x00,0x1F,0xC0,0x0F,0xD0,0x00,0xFD,0x00,
  0x1F,0xC0,0x0F,0xD0,0x00,0xFD,0x00,0x1F,0xC0,0x00,0x00,0x00,0x00,0x00,0x0F,0xD1,
  0xFF,0x90,0x00,0x0F,0xDB,0xFF,0xF8,0x00,0x0F,0xEF,0xEF,0xFD,0x00,0x0F,0xF8,0x01,
  0xFE,0x00,0x0F,0xF0,0x00,0xBF,0x00,0x0F,0xE0,0x00,0x7F,0x00,0x0F,0xD0,0x00,0x3F,
  0x40,0x0F,0xD0,0x00,0x3F,0x40,0x0F,0xD0,0x00,0x3F,0x40,0x0F,0xD0,0x00,0x3F,0x40,
  0x0F,0xD0,0x00,0x3F,0x40,0x0F,0xD0,0x00,0x3F,0x40,0x0F,0xD0,0x00,0x3F,0x40,0x0F,
  0xD0,0x00,0x3F,0x40,0x0F,0xD0,0x00,0x3F,0x40,0x0F,0xD0,0x00,0x3F,0x40,0x0F,0xD0,
  0x00,0x3F,0x40,0x00,0x00,0x00,0x00,0x00,0x00,0x1B,0xFF,0x80,0x00,0x00,0xBF,0xFF,
  0xF4,0x00,0x02,0xFF,0xAF,0xFC,0x00,0x07,0xF8,0x01,0xFE,0x00,0x0F,0xE0,0x00,0x7F,
  0x40,0x1F,0xD0,0x00,0x3F,0x80,0x2F,0xC0,0x00,0x2F,0xC0,0x2F,0x80,0x00,0x1F,0xC0,
  0x2F,0x80,0x00,0x1F,0xC0,0x2F,0x80,0x00,0x1F,0xC0,0x2F,0xC0,0x00,0x1F,0xC0,0x1F,
  0xD0,0x00,0x2F,0x80,0x0F,0xE0,0x00,0x7F,0x40,0x07,0xF8,0x01,0xFE,0x00,0x02,0xFF,
  0xAB,0xFD,0x00,0x00,0xBF,0xFF,0xF4,0x00,0x00,0x1F,0xFF,0x80,0x00,0x00,0x00,0x54,
  0x00,0x00,0x00,0x00,0x00,0x00,0x00,0x0F,0xD1,0xFF,0xD0,0x00,0x0F,0xDB,0xFF,0xF8,
  0x00,0x0F,0xEF,0xEF,0xFE,0x00,0x0F,0xFD,0x00,0xBF,0x40,0x0F,0xF4,0x00,0x3F,0x80,
  0x0F,0xF0,0x00,0x1F,0xC0,0x0F,0xE0,0x00,0x0F,0xD0,0x0F,0xD0,0x00,0x0F,0xD0,0x0F,
  0xD0,0x00,0x0F,0xE0,0x0F,0xD0,0x00,0x0F,0xD0,0x0F,0xE0,0x00,0x0F,0xD0,0x0F,0xF0,
  0x00,0x1F,0xD0,0x0F,0xF4,0x00,0x2F,0xC0,0x0F,0xFD,0x00,0xBF,0x40,0x0F,0xEF,0xAB,
  0xFE,0x00,0x0F,0xDB,0xFF,0xFC,0x00,0x0F,0xD1,0xFF,0xE0,0x00,0x0F,0xD0,0x15,0x00,
  0x00,0x0F,0xD0,0x00,0x00,0x00,0x0F,0xD0,0x00,0x00,0x00,0x0F,0xD0,0x00,0x00,0x00,
  0x0F,0xD0,0x00,0x00,0x00,0x0F,0xD0,0x00,0x00,0x00,0x05,0x40,0x00,0x00,0x00,0x00,
  0x00,0x00,0x00,0x00,0x00,0x2F,0xF9,0x1F,0x80,0x00,0xFF,0xFF,0x5F,0x80,0x03,0xFF,
  0xAF,0xEF,0x80,0x07,0xF8,0x01,0xFF,0x80,0x0F,0xE0,0x00,0x7F,0x80,0x1F,0xD0,0x00,
  0x3F,0x80,0x2F,0xC0,0x00,0x2F,0x80,0x2F,0x80,0x00,0x2F,0x80,0x2F,0x80,0x00,0x1F,
  0x80,0x2F,0x80,0x00,0x2F,0x80,0x2F,0xC0,0x00,0x2F,0x80,0x1F,0xD0,0x00,0x3F,0x80,
  0x0F,0xE0,0x00,0x7F,0x80,0x0B,0xF8,0x01,0xFF,0x80,0x03,0xFF,0xAB,0xEF,0x80,0x01,
  0xFF,0xFF,0x6F,0x80,0x00,0x2F,0xFD,0x2F,0x80,0x00,0x01,0x50,0x2F,0x80,0x00,0x00,
  0x00,0x2F,0x80,0x00,0x00,0x00,0x2F,0x80,0x00,0x00,0x00,0x2F,0x80,0x00,0x00,0x00,
  0x2F,0x80,0x00,0x00,0x00,0x2F,0x80,0x00,0x00,0x00,0x15,0x40,0x00,0x00,0x14,0x0F,
  0xD2,0xFC,0x0F,0xDB,0xFC,0x0F,0xEF,0xFC,0x0F,0xFD,0x00,0x0F,0xF0,0x00,0x0F,0xE0,
  0x00,0x0F,0xD0,0x00,0x0F,0xD0,0x00,0x0F,0xD0,0x00,0x0F,0xD0,0x00,0x0F,0xD0,0x00,
  0x0F,0xD0,0x00,0x0F,0xD0,0x00,0x0F,0xD0,0x00,0x0F,0xD0,0x00,0x0F,0xD0,0x00,0x0F,
  0xD0,0x00,0x00,0x00,0x00,0x00,0x00,0x6F,0xFE,0x00,0x02,0xFF,0xFF,0xD0,0x07,0xFE,
  0x6F,0xF0,0x0F,0xE0,0x03,0xF4,0x0F,0xC0,0x01,0xA4,0x0F,0xD0,0x00,0x00,0x0F,0xF9,
  0x00,0x00,0x07,0xFF,0xE4,0x00,0x01,0xFF,0xFF,0x80,0x00,0x1A,0xFF,0xF4,0x00,0x00,
  0x1B,0xF8,0x00,0x00,0x02,0xFC,0x1A,0x40,0x01,0xFC,0x1F,0xD0,0x02,0xF8,0x0F,0xF9,
  0x6F,0xF4,0x07,0xFF,0xFF,0xE0,0x00,0xBF,0xFE,0x40,0x00,0x01,0x40,0x00,0x00,0x00,
  0x00,0x02,0xF4,0x00,0x02,0xF4,0x00,0x02,0xF4,0x00,0x02,0xF4,0x00,0x7F,0xFF,0xF0,
  0x7F,0xFF,0xF0,0x6B,0xFE,0xA0,0x02,0xF4,0x00,0x02,0xF4,0x00,0x02,0xF4,0x00,0x02,
  0xF4,0x00,0x02,0xF4,0x00,0x02,0xF4,0x00,0x02,0xF4,0x00,0x02,0xF4,0x00,0x02,0xF4,
  0x00,0x02,0xF8,0x00,0x02,0xFC,0x00,0x01,0xFF,0xA4,0x00,0xBF,0xF4,0x00,0x2F,0xF4,
  0x00,0x00,0x40,0x0F,0xD0,0x00,0x7F,0x00,0x0F,0xD0,0x00,0x7F,0x00,0x0F,0xD0,0x00,
  0x7F,0x00,0x0F,0xD0,0x00,0x7F,0x00,0x0F,0xD0,0x00,0x7F,0x00,0x0F,0xD0,0x00,0x7F,
  0x00,0x0F,0xD0,0x00,0x7F,0x00,0x0F,0xD0,0x00,0x7F,0x00,0x0F,0xD0,0x00,0x7F,0x00,
  0x0F,0xD0,0x00,0x7F,0x00,0x0F,0xD0,0x00,0x7F,0x00,0x0F,0xE0,0x00,0x7F,0x00,0x0B,
  0xF0,0x00,0xFF,0x00,0x0B,0xF8,0x07,0xFF,0x00,0x03,0xFF,0xFF,0xBF,0x00,0x01,0xFF,
  0xFE,0x3F,0x00,0x00,0x6F,0xF4,0x3F,0x00,0x00,0x01,0x00,0x00,0x00,0x3F,0x40,0x00,
  0x3F,0x40,0x2F,0x80,0x00,0x7F,0x00,0x1F,0xC0,0x00,0xBE,0x00,0x0F,0xD0,0x00,0xFD,
  0x00,0x0B,0xE0,0x01,0xFC,0x00,0x07,0xF0,0x02,0xF8,0x00,0x03,0xF4,0x03,0xF4,0x00,
  0x02,0xF8,0x07,0xF0,0x00,0x01,0xFC,0x0B,0xE0,0x00,0x00,0xFD,0x0F,0xC0,0x00,0x00,
  0xBE,0x1F,0x80,0x00,0x00,0x3F,0x2F,0x40,0x00,0x00,0x2F,0x7F,0x00,0x00,0x00,0x1F,
  0xFE,0x00,0x00,0x00,0x0F,0xFD,0x00,0x00,0x00,0x0B,0xFC,0x00,0x00,0x00,0x07,0xF8,
  0x00,0x00,0x3F,0x40,0x03,0xF8,0x00,0x3F,0x40,0x3F,0x80,0x07,0xF8,0x00,0x7F,0x00,
  0x2F,0x80,0x0B,0xFC,0x00,0x7F,0x00,0x1F,0xC0,0x0F,0xFD,0x00,0xBE,0x00,0x0F,0xD0,
  0x1F,0xFE,0x00,0xFD,0x00,0x0B,0xE0,0x1F,0x7F,0x01,0xFC,0x00,0x07,0xF0,0x2F,0x2F,
  0x02,0xF8,0x00,0x03,0xF0,0x3E,0x1F,0x42,0xF4,0x00,0x02,0xF4,0x7D,0x1F,0x83,0xF0,
  0x00,0x02,0xF8,0xBD,0x0F,0xC7,0xE0,0x00,0x01,0xFC,0xBC,0x0B,0xDB,0xE0,0x00,0x00,
  0xFD,0xF8,0x07,0xDF,0xD0,0x00,0x00,0xBF,0xF4,0x03,0xFF,0xC0,0x00,0x00,0x7F,0xF0,
  0x02,0xFF,0x80,0x00,0x00,0x3F,0xE0,0x01,0xFF,0x40,0x00,0x00,0x2F,0xE0,0x01,0xFF,
  0x00,0x00,0x00,0x1F,0xD0,0x00,0xFE,0x00,0x00,0x2F,0xC0,0x00,0xFD,0x00,0x0F,0xE0,
  0x02,0xFC,0x00,0x07,0xF0,0x07,0xF4,0x00,0x03,0xF8,0x0B,0xE0,0x00,0x01,0xFD,0x1F,
  0xC0,0x00,0x00,0xBE,0x3F,0x40,0x00,0x00,0x3F,0xBE,0x00,0x00,0x00,0x1F,0xFD,0x00,
  0x00,0x00,0x0F,0xF8,0x00,0x00,0x00,0x1F,0xFD,0x00,0x00,0x00,0x3F,0xFE,0x00,0x00,
  0x00,0xBF,0x3F,0x40,0x00,0x01,0xFD,0x1F,0xC0,0x00,0x03,0xF8,0x0F,0xE0,0x00,0x07,
  0xF0,0x07,0xF4,0x00,0x0F,0xE0,0x02,0xFC,0x00,0x2F,0xC0,0x00,0xFE,0x00,0x3F,0x40,
  0x00,0x3F,0x40,0x2F,0x80,0x00,0x7F,0x00,0x1F,0xC0,0x00,0xBE,0x00,0x0F,0xD0,0x00,
  0xFD,0x00,0x0B,0xE0,0x01,0xFC,0x00,0x07,0xF0,0x02,0xF8,0x00,0x03,0xF4,0x03,0xF4,
  0x00,0x02,0xF8,0x07,0xF0,0x00,0x01,0xFC,0x0B,0xE0,0x00,0x00,0xFD,0x0F,0xC0,0x00,
  0x00,0xBE,0x1F,0x80,0x00,0x00,0x3F,0x2F,0x40,0x00,0x00,0x2F,0x7F,0x00,0x00,0x00,
  0x1F,0xFE,0x00,0x00,0x00,0x0F,0xFD,0x00,0x00,0x00,0x0B,0xFC,0x00,0x00,0x00,0x07,
  0xF8,0x00,0x00,0x00,0x07,0xF4,0x00,0x00,0x00,0x0B,0xF0,0x00,0x00,0x00,0x0F,0xD0,
  0x00,0x00,0x05,0xBF,0xC0,0x00,0x00,0x0B,0xFF,0x40,0x00,0x00,0x0B,0xFD,0x00,0x00,
  0x00,0x05,0x50,0x00,0x00,0x00,0x0F,0xFF,0xFF,0xFC,0x00,0x0F,0xFF,0xFF,0xFC,0x00,
  0x0F,0xFF,0xFF,0xFC,0x00,0x00,0x00,0x0B,0xF4,0x00,0x00,0x00,0x1F,0xD0,0x00,0x00,
  0x00,0x3F,0x80,0x00,0x00,0x00,0xBF,0x00,0x00,0x00,0x02,0xFD,0x00,0x00,0x00,0x07,
  0xF4,0x00,0x00,0x00,0x1F,0xE0,0x00,0x00,0x00,0x3F,0x80,0x00,0x00,0x00,0xBF,0x00,
  0x00,0x00,0x02,0xFD,0x00,0x00,0x00,0x07,0xF8,0x00,0x00,0x00,0x1F,0xFF,0xFF,0xFD,
  0x00,0x1F,0xFF,0xFF,0xFD,0x00,0x1F,0xFF,0xFF,0xFD,0x00,0x00,0x00,0x54,0x00,0x0B,
  0xF8,0x00,0x2F,0xF8,0x00,0x7F,0x90,0x00,0xBE,0x00,0x00,0xBD,0x00,0x00,0xBD,0x00,
  0x00,0xBD,0x00,0x00,0xBD,0x00,0x00,0xBD,0x00,0x00,0xBD,0x00,0x00,0xFD,0x00,0x01,
  0xFD,0x00,0x17,0xF8,0x00,0x3F,0xE0,0x00,0x3F,0x40,0x00,0x3F,0xF4,0x00,0x06,0xFC,
  0x00,0x00,0xFD,0x00,0x00,0xFD,0x00,0x00,0xBD,0x00,0x00,0xBD,0x00,0x00,0xBD,0x00,
  0x00,0xBD,0x00,0x00,0xBD,0x00,0x00,0xBD,0x00,0x00,0xBF,0x00,0x00,0x7F,0x94,0x00,
  0x2F,0xF8,0x00,0x07,0xF8,0x00,0x00,0x14,0x01,0xA8,0x00,0x01,0xF8,0x00,0x01,0xF8,
  0x00,0x01,0xF8,0x00,0x01,0xF8,0x00,0x01,0xF8,0x00,0x01,0xF8,0x00,0x01,0xF8,0x00,
  0x01,0xF8,0x00,0x01,0xF8,0x00,0x01,0xF8,0x00,0x01,0xF8,0x00,0x01,0xF8,0x00,0x01,
  0xF8,0x00,0x01,0xF8,0x00,0x01,0xF8,0x00,0x01,0xF8,0x00,0x01,0xF8,0x00,0x01,0xF8,
  0x00,0x01,0xF8,0x00,0x01,0xF8,0x00,0x01,0xF8,0x00,0x01,0xF8,0x00,0x01,0xF8,0x00,
  0x01,0xF8,0x00,0x01,0xF8,0x00,0x01,0xF8,0x00,0x01,0xF8,0x00,0x01,0xF8,0x00,0x00,
  0x50,0x00,0x25,0x00,0x00,0x7F,0xD0,0x00,0x7F,0xF4,0x00,0x07,0xF8,0x00,0x01,0xFC,
  0x00,0x00,0xFC,0x00,0x00,0xFD,0x00,0x00,0xFD,0x00,0x00,0xFD,0x00,0x00,0xFD,0x00,
  0x00,0xFD,0x00,0x00,0xFD,0x00,0x00,0xBE,0x00,0x00,0x7F,0x90,0x00,0x1F,0xF8,0x00,
  0x02,0xF8,0x00,0x2F,0xF8,0x00,0xBF,0x40,0x00,0xBE,0x00,0x00,0xFD,0x00,0x00,0xFD,
  0x00,0x00,0xFD,0x00,0x00,0xFD,0x00,0x00,0xFD,0x00,0x00,0xFD,0x00,0x00,0xFC,0x00,
  0x01,0xFC,0x00,0x1B,0xF8,0x00,0x7F,0xF0,0x00,0x7F,0x80,0x00,0x14,0x00,0x00,0x00,
  0x04,0x00,0x00,0x00,0x00,0xBF,0xE4,0x00,0x90,0x03,0xFF,0xFF,0xAB,0xD0,0x03,0xFA,
  0xFF,0xFF,0xD0,0x03,0x40,0x1B,0xFF,0x40,0x00,0x00,0x00,0x54,0x00,0x00,0x00,0x00,
  0x00,0x00,0x00,0x00,0x00,0x00,0x00,0x00,0x00,0x00,0x00,0x00,0x00,0x00,0x00,0x00,
  0x00,0x00,0x00,0x00,0x00,0x00,0x00,0x00,0x00,0x00,0x00,0x00,0x00,0x07,0xE0,0x0F,
  0xF4,0x0F,0xF4,0x07,0xE0,0x00,0x40,0x00,0x00,0x00,0x00,0x00,0x00,0x00,0x00,0x00,
  0x00,0x00,0x00,0x00,0x00,0x00,0x00,0x00,0x00,0x00,0x54,0x00,0x00,0x00,0x00,0x00,
  0x00,0xFC,0x00,0x0A,0xAA,0xAA,0xA9,0x00,0xFC,0x00,0x0B,0xFF,0xFF,0xFD,0x00,0xFC,
  0x00,0x06,0xAA,0xAA,0xFC,0x00,0xFC,0x00,0x00,0x00,0x00,0xFC,0x00,0xFC,0x00,0x00,
  0x00,0x01,0xF8,0x00,0xFC,0x00,0x00,0x00,0x02,0xF4,0x00,0xFF,0xFC,0x00,0x00,0x07,
  0xE0,0x00,0xFF,0xFC,0x00,0x00,0x1F,0xD0,0x00,0xFD,0x54,0x00,0x00,0x7F,0x40,0x00,
  0xFC,0x00,0x00,0x06,0xFD,0x00,0x00,0xFC,0x00,0x00,0x6F,0xF4,0x00,0x00,0xFC,0x00,
  0x1B,0xFF,0x80,0x00,0x00,0xFC,0x00,0x2F,0xF9,0x00,0x00,0x00,0xFC,0x00,0x1E,0x40,
  0x00,0x00,0x00,0xBC,0x00,0x00,0x00,0x00,0x00,0x00,0x00,0x00,0x00,0xA8,0x02,0xA0,
  0x07,0xD0,0x00,0x00,0xF8,0x03,0xF0,0x07,0xD0,0x00,0x00,0xF8,0x03,0xF0,0x07,0xE0,
  0x00,0x00,0xFE,0xAB,0xF0,0x0B,0xE0,0x00,0x00,0xFF,0xFF,0xF0,0x0B,0xF0,0x00,0x00,
  0xFE,0xAB,0xF0,0x1F,0xF4,0x00,0x00,0xF8,0x03,0xF0,0x2F,0xF8,0x00,0x00,0xF8,0x03,
  0xF0,0xBE,0xBE,0x00,0x00,0xF8,0x03,0xF6,0xFC,0x3F,0x90,0x00,0xFF,0xFF,0xFF,0xF4,
  0x1F,0xF0,0x00,0xFF,0xFF,0xF7,0xD0,0x03,0xD0,0x00,0x55,0x55,0x51,0x00,0x00,0x40,
  0x00,0x00,0x00,0x00,0x00,0x05,0x40,0x00,0x00,0x00,0x00,0xA8,0x0F,0xC0,0x00,0x00,
  0x00,0x00,0xF8,0x0F,0xC0,0x0B,0xFF,0xFF,0xD0,0xF8,0x0F,0xC0,0x0B,0xFF,0xFF,0xD0,
  0xF8,0x0F,0xC0,0x05,0x55,0x5F,0xC0,0xF8,0x0F,0xC0,0x00,0x00,0x0F,0xC0,0xF8,0x0F,
  0xC0,0x00,0x00,0x1F,0x80,0xF9,0x5F,0xC0,0x00,0x00,0x2F,0x40,0xFF,0xFF,0xC0,0x00,
  0x00,0x7F,0x00,0xFF,0xFF,0xC0,0x00,0x00,0xFD,0x00,0xF9,0x5F,0xC0,0x00,0x02,0xF8,
  0x00,0xF8,0x0F,0xC0,0x00,0x0B,0xF0,0x00,0xF8,0x0F,0xC0,0x00,0x7F,0xD0,0x00,0xF8,
  0x0F,0xC0,0x06,0xFF,0x00,0x00,0xF8,0x0F,0xC0,0x2F,0xF8,0x00,0x00,0xF8,0x0F,0xC0,
  0x1F,0x90,0x00,0x00,0xA8,0x0F,0xC0,0x05,0x00,0x00,0x00,0x00,0x0A,0x80,0x00,0x00,
  0x06,0xBF,0xFA,0x40,0x00,0x00,0x00,0xBF,0xFF,0xFF,0xF8,0x00,0x00,0x02,0xFF,0x95,
  0x5A,0xFF,0x00,0x00,0x0B,0xF4,0x00,0x00,0x6F,0x80,0x00,0x0F,0xD0,0x00,0x00,0x0F,
  0xC0,0x00,0x0F,0xC0,0x00,0x00,0x0F,0xC0,0x00,0x0F,0xD0,0x00,0x00,0x1F,0xC0,0x00,
  0x07,0xF9,0x00,0x01,0xBF,0x40,0x00,0x01,0xFF,0xFE,0xFF,0xFE,0x00,0x00,0x00,0x2F,
  0xFF,0xFF,0xE4,0x00,0x00,0x00,0x00,0x56,0x54,0x00,0x00,0x00,0x00,0x00,0x00,0x00,
  0x15,0x00,0x00,0x00,0x00,0x00,0x00,0x2F,0x40,0x02,0xAA,0xAA,0xA9,0x00,0x2F,0x40,
  0x07,0xFF,0xFF,0xFD,0x00,0x2F,0x40,0x07,0xFF,0xFF,0xFD,0x00,0x2F,0x40,0x00,0x00,
  0x00,0xBC,0x00,0x2F,0x40,0x00,0x00,0x00,0xFC,0x00,0x2F,0x40,0x00,0x00,0x02,0xF8,
  0x55,0x6F,0x40,0x00,0x00,0x03,0xF1,0xFF,0xFF,0x40,0x00,0x00,0x0B,0xE1,0xFF,0xFF,
  0x40,0x00,0x00,0x2F,0x80,0x00,0x2F,0x40,0x00,0x01,0xFF,0x00,0x00,0x2F,0x40,0x00,
  0x0B,0xF8,0x00,0x00,0x2F,0x40,0x01,0xBF,0xE0,0x00,0x00,0x2F,0x40,0x1F,0xFF,0x40,
  0x00,0x00,0x2F,0x40,0x1F,0xE4,0x00,0x00,0x00,0x2F,0x40,0x0A,0x40,0x00,0x00,0x00,
  0x1A,0x40,0x00,0x05,0x55,0x55,0x55,0x55,0x00,0x00,0x0F,0xFF,0xFF,0xFF,0xFF,0x40,
  0x00,0x0F,0xFF,0xFF,0xFF,0xFF,0x40,0x00,0x0F,0xC0,0x00,0x00,0x2F,0x40,0x00,0x0F,
  0xC0,0x00,0x00,0x2F,0x40,0x00,0x0F,0xC0,0x00,0x00,0x2F,0x40,0x00,0x0F,0xC0,0x00,
  0x00,0x2F,0x40,0x00,0x0F,0xC0,0x00,0x00,0x2F,0x40,0x00,0x0F,0xC0,0x00,0x00,0x2F,
  0x40,0x00,0x0F,0xFF,0xFF,0xFF,0xFF,0x40,0x00,0x0F,0xFF,0xFF,0xFF,0xFF,0x40,0x00,
  0x05,0x55,0x55,0x55,0x55,0x00,0x00,0x00,0x00,0x00,0x00,0x05,0x40,0x00,0x00,0x00,
  0x00,0x69,0x0B,0xC0,0x00,0x00,0x00,0x00,0x7D,0x0B,0xC0,0x00,0x00,0x00,0x00,0x7D,
  0x0B,0xC0,0x0B,0xFF,0xFF,0xC0,0x7D,0x0B,0xC0,0x0B,0xFF,0xFF,0xC0,0x7D,0x0B,0xC0,
  0x06,0xAA,0xAF,0xC0,0x7D,0x0B,0xC0,0x00,0x00,0x0F,0xC0,0x7D,0x0B,0xC0,0x00,0x00,
  0x1F,0xEA,0xBD,0x0B,0xC0,0x00,0x00,0x1F,0xFF,0xFD,0x0B,0xC0,0x00,0x00,0x2F,0xAA,
  0xFD,0x0B,0xC0,0x00,0x00,0x3F,0x00,0x7D,0x0B,0xC0,0x00,0x00,0xBE,0x00,0x7D,0x0B,
  0xC0,0x00,0x00,0xFD,0x00,0x7D,0x0B,0xC0,0x00,0x02,0xF8,0x00,0x7D,0x0B,0xC0,0x00,
  0x07,0xF0,0xAA,0xBD,0x0B,0xC0,0x00,0x1F,0xD1,0xFF,0xFD,0x0B,0xC0,0x00,0x3F,0x80,
  0xAA,0xFD,0x0B,0xC0,0x01,0xFE,0x00,0x00,0x7D,0x0B,0xC0,0x0B,0xF8,0x00,0x00,0x7D,
  0x0B,0xC0,0x2F,0xE0,0x00,0x00,0x7D,0x0B,0xC0,0x1F,0x40,0x00,0x00,0x7D,0x0B,0xC0,
  0x04,0x00,0x00,0x00,0x7D,0x0B,0xC0,0x00,0x00,0x00,0x00,0x7D,0x0B,0xC0,0x00,0x00,
  0x00,0x00,0x7D,0x0B,0xC0,0x00,0x00,0x00,0x00,0x7D,0x0B,0xC0,0x00,0x00,0x00,0x00,
  0x7D,0x0B,0xC0,0x00,0x00,0x00,0x00,0x14,0x0B,0xC0,0x00,0x00,0x00,0x00,0x00,0x06,
  0x80,0x01,0xAA,0xAA,0xAA,0xAA,0xA9,0x00,0x01,0xFF,0xFF,0xFF,0xFF,0xFE,0x00,0x01,
  0xAA,0xAA,0xAA,0xAA,0xBE,0x00,0x00,0x00,0x00,0x00,0x00,0x7E,0x00,0x00,0x00,0x00,
  0x00,0x00,0x7E,0x00,0x00,0x00,0x00,0x00,0x00,0x7E,0x00,0x00,0x00,0x00,0x00,0x00,
  0x7E,0x00,0x00,0x00,0x00,0x00,0x00,0x7E,0x00,0x00,0x00,0x00,0x00,0x00,0x7E,0x00,
  0x00,0x00,0x01,0x50,0x00,0x7D,0x00,0x00,0x00,0x07,0xE0,0x00,0xBD,0x00,0x00,0x00,
  0x07,0xE0,0x00,0xBD,0x00,0x00,0x00,0x07,0xE0,0x00,0xBD,0x00,0x00,0x00,0x07,0xE0,
  0x00,0xFC,0x00,0x00,0x00,0x07,0xE0,0x00,0xFC,0x00,0x00,0x00,0x07,0xE0,0x01,0xF8,
  0x00,0x00,0x00,0x07,0xE0,0x00,0x00,0x00,0x00,0x00,0x07,0xE0,0x00,0x00,0x00,0x00,
  0x00,0x07,0xE0,0x00,0x00,0x00,0x2A,0xAA,0xAB,0xFA,0xAA,0xAA,0xA4,0x3F,0xFF,0xFF,
  0xFF,0xFF,0xFF,0xF8,0x3F,0xFF,0xFF,0xFF,0xFF,0xFF,0xF4,0x00,0x00,0x00,0x00,0x00,
  0x00,0x00,0x00,0x00,0x00,0x00,0x00,0x00,0x00,0x00,0xBF,0xFF,0xFF,0xFF,0xFD,0x00,
  0x00,0xBF,0xFF,0xFF,0xFF,0xFD,0x00,0x00,0x55,0x55,0x55,0x55,0xBD,0x00,0x00,0x00,
  0x00,0x00,0x00,0xBD,0x00,0x00,0x00,0x00,0x00,0x00,0xBD,0x00,0x00,0x00,0x00,0x00,
  0x00,0xBD,0x00,0x00,0x00,0x00,0x00,0x00,0xBD,0x00,0x00,0x00,0x00,0x00,0x00,0xBC,
  0x00,0x00,0x00,0x00,0x00,0x00,0xFC,0x00,0x00,0x00,0x00,0x00,0x01,0xFC,0x00,0x3F,
  0xFF,0xFF,0xFF,0xFF,0xFF,0xF8,0x3F,0xFF,0xFF,0xFF,0xFF,0xFF,0xF8,0x15,0x55,0x55,
  0xBD,0x55,0x55,0x50,0x00,0x00,0x00,0xBD,0x00,0x00,0x00,0x00,0x00,0x00,0xBD,0x00,
  0x00,0x00,0x00,0x00,0x00,0xBD,0x00,0x00,0x00,0x00,0x00,0x00,0xBD,0x00,0x00,0x00,
  0x01,0xFF,0xFF,0xFF,0xFF,0xFE,0x00,0x01,0xFF,0xFF,0xFF,0xFF,0xFE,0x00,0x00,0x55,
  0x55,0x55,0x55,0xBE,0x00,0x00,0x00,0x00,0x00,0x00,0x7E,0x00,0x00,0x00,0x00,0x00,
  0x00,0x7E,0x00,0x00,0x00,0x00,0x00,0x00,0x7E,0x00,0x00,0x00,0x00,0x00,0x00,0x7E,
  0x00,0x00,0x00,0x00,0x00,0x00,0x7E,0x00,0x00,0x00,0x00,0x00,0x00,0x7E,0x00,0x00,
  0x00,0x00,0x00,0x00,0x69,0x00,0x00,0x00,0x00,0x00,0x00,0x00,0x00,0x00,0xBF,0xFF,
  0xFF,0xFF,0xFD,0x00,0x00,0xBF,0xFF,0xFF,0xFF,0xFD,0x00,0x00,0x15,0x55,0x55,0x55,
  0xBD,0x00,0x00,0x00,0x00,0x00,0x00,0xBD,0x00,0x00,0x00,0x00,0x00,0x00,0xBD,0x00,
  0x00,0x00,0x00,0x00,0x00,0xBD,0x00,0x00,0x00,0x00,0x00,0x00,0xBC,0x00,0x00,0x00,
  0x00,0x00,0x00,0xFC,0x00,0x00,0x00,0x00,0x00,0x00,0xFC,0x00,0x3F,0xFF,0xFF,0xFF,
  0xFF,0xFF,0xF8,0x3F,0xFF,0xFF,0xFF,0xFF,0xFF,0xF8,0x15,0x55,0x55,0x55,0x55,0x55,
  0x54,0x00,0x00,0x00,0x00,0x00,0x00,0x00,0x00,0x55,0x55,0x55,0x55,0x54,0x00,0x00,
  0xFF,0xFF,0xFF,0xFF,0xFD,0x00,0x00,0xFF,0xFF,0xFF,0xFF,0xFD,0x00,0x00,0x55,0x55,
  0x55,0x55,0xBD,0x00,0x00,0x00,0x00,0x00,0x00,0x7D,0x00,0x00,0x00,0x00,0x00,0x00,
  0xBD,0x00,0x00,0xFF,0xFF,0xFF,0xFF,0xFD,0x00,0x00,0xFF,0xFF,0xFF,0xFF,0xFD,0x00,
  0x00,0xFD,0x00,0x00,0x00,0x00,0x00,0x00,0xFC,0x00,0x00,0x00,0x00,0x00,0x00,0xFC,
  0x00,0x00,0x00,0x00,0x00,0x00,0xFF,0xFF,0xFF,0xFF,0xFF,0x00,0x00,0xFF,0xFF,0xFF,
  0xFF,0xFF,0x00,0x00,0x55,0x55,0x55,0x55,0x55,0x00,0x00,0x00,0x00,0x00,0x00,0x15,
  0x00,0x00,0x00,0x00,0x00,0x00,0x2F,0x40,0x00,0x00,0x00,0x00,0x00,0x2F,0x40,0x01,
  0x55,0x55,0x55,0x00,0x2F,0x40,0x07,0xFF,0xFF,0xFF,0x00,0x2F,0x40,0x07,0xFF,0xFF,
  0xFF,0x00,0x2F,0x40,0x00,0x00,0x00,0x3E,0x00,0x2F,0x40,0x00,0x00,0x00,0x7E,0x00,
  0x2F,0x40,0x00,0x00,0x00,0x7D,0x00,0x2F,0x40,0x00,0x00,0x00,0xBD,0x00,0x2F,0x40,
  0x00,0x00,0x00,0xFC,0x00,0x2F,0x40,0x00,0x00,0x01,0xF8,0x00,0x2F,0x40,0x00,0x00,
  0x03,0xF4,0x00,0x2F,0x40,0x00,0x00,0x07,0xE0,0x00,0x2F,0x40,0x00,0x00,0x1F,0xD0,
  0x00,0x2F,0x40,0x00,0x00,0x3F,0x80,0x00,0x2F,0x40,0x00,0x00,0xBF,0x00,0x00,0x2F,
  0x40,0x00,0x03,0xFD,0x00,0x00,0x2F,0x40,0x00,0x1F,0xF4,0x00,0x00,0x2F,0x40,0x00,
  0xBF,0xD0,0x00,0x00,0x2F,0x40,0x07,0xFE,0x00,0x00,0x00,0x2F,0x40,0x1F,0xF4,0x00,
  0x00,0x00,0x2F,0x40,0x0B,0x80,0x00,0x00,0x00,0x2F,0x40,0x05,0x00,0x00,0x00,0x00,
  0x2F,0x40,0x00,0x00,0x00,0x00,0x00,0x2F,0x40,0x00,0x00,0x00,0x00,0x00,0x2F,0x40,
  0x00,0x00,0x00,0x00,0x00,0x2F,0x40,0x00,0x00,0x00,0x00,0x00,0x2F,0x40,0x00,0x00,
  0x00,0x00,0x00,0x1A,0x40,0x00,0x00,0x00,0x00,0x00,0x54,0x00,0x00,0x00,0x00,0x00,
  0x00,0xFC,0x00,0x00,0x00,0x00,0x00,0x00,0xFC,0x00,0x0A,0xAA,0xAA,0xA9,0x00,0xFC,
  0x00,0x0B,0xFF,0xFF,0xFD,0x00,0xFC,0x00,0x0B,0xEA,0xAA,0xA9,0x00,0xFC,0x00,0x0B,
  0xD0,0x00,0x00,0x00,0xFC,0x00,0x0B,0xD0,0x00,0x00,0x00,0xFC,0x00,0x0B,0xD0,0x00,
  0x00,0x00,0xFC,0x00,0x0B,0xD0,0x00,0x00,0x00,0xFC,0x00,0x0B,0xD0,0x00,0x00,0x00,
  0xFC,0x00,0x0B,0xD0,0x00,0x00,0x00,0xFD,0x55,0x0B,0xD0,0x00,0x00,0x00,0xFF,0xFD,
  0x0B,0xD0,0x00,0x00,0x00,0xFF,0xFD,0x0B,0xD0,0x00,0x00,0x00,0xFC,0x00,0x0B,0xD0,
  0x00,0x00,0x00,0xFC,0x00,0x0B,0xD0,0x00,0x00,0x00,0xFC,0x00,0x0B,0xD0,0x00,0x00,
  0x00,0xFC,0x00,0x0B,0xD0,0x00,0x05,0x90,0xFC,0x00,0x0B,0xEA,0xAF,0xFF,0xE0,0xFC,
  0x00,0x0B,0xFF,0xFF,0xFF,0xE0,0xFC,0x00,0x0A,0xAA,0xAA,0x54,0x00,0xFC,0x00,0x00,
  0x00,0x00,0x00,0x00,0xFC,0x00,0x00,0x00,0x00,0x00,0x00,0xFC,0x00,0x00,0x00,0x00,
  0x00,0x00,0xFC,0x00,0x00,0x00,0x00,0x00,0x00,0xFC,0x00,0x00,0x00,0x00,0x00,0x00,
  0xFC,0x00,0x00,0x00,0x00,0x00,0x00,0xFC,0x00,0x00,0x00,0x00,0x00,0x00,0xA8,0x00,
  0x00,0x00,0x00,0x00,0x00,0x54,0x00,0x00,0x00,0x00,0x00,0x00,0xFC,0x00,0x00,0x00,
  0x00,0x00,0x00,0xFC,0x00,0x0B,0xFF,0xFF,0xF8,0x00,0xFC,0x00,0x0B,0xFF,0xFF,0xF8,
  0x00,0xFC,0x00,0x0B,0xE5,0x55,0x54,0x00,0xFC,0x00,0x0B,0xD0,0x00,0x00,0x00,0xFC,
  0x00,0x0B,0xD0,0x00,0x00,0x00,0xFC,0x00,0x0B,0xD0,0x00,0x00,0x00,0xFD,0x54,0x0B,
  0xD0,0x00,0x00,0x00,0xFF,0xFC,0x0B,0xD0,0x00,0x00,0x00,0xFF,0xFC,0x0B,0xD0,0x00,
  0x00,0x00,0xFD,0x54,0x0B,0xD0,0x00,0x00,0x40,0xFC,0x00,0x0B,0xE5,0x5A,0xAF,0xD0,
  0xFC,0x00,0x0B,0xFF,0xFF,0xFF,0xE0,0xFC,0x00,0x0B,0xFF,0xFF,0xA9,0x40,0xFC,0x00,
  0x00,0x00,0x00,0x00,0x00,0xFC,0x00,0x00,0x00,0x00,0x00,0x00,0xFC,0x00,0x00,0x05,
  0x00,0x00,0x00,0xFC,0x00,0x00,0x2F,0x40,0x00,0x00,0xFC,0x00,0x00,0x2F,0x40,0x00,
  0x00,0xFC,0x00,0x00,0x2F,0x40,0x00,0x00,0x00,0x00,0x00,0x2F,0x40,0x00,0x00,0x00,
  0x00,0x00,0x2F,0x40,0x00,0x00,0x00,0x00,0x00,0x2F,0x40,0x00,0x00,0x00,0x00,0x00,
  0x2F,0x95,0x55,0x55,0x55,0x00,0x00,0x2F,0xFF,0xFF,0xFF,0xFF,0x40,0x00,0x2F,0xFF,
  0xFF,0xFF,0xFF,0x40,0x00,0x00,0x00,0x00,0x00,0x00,0x00,0x00,0x00,0x00,0x00,0x00,
  0x05,0x40,0x00,0x00,0x00,0x00,0xA4,0x0B,0xC0,0x00,0x00,0x00,0x00,0xF8,0x0B,0xC0,
  0x00,0x00,0x00,0x00,0xF8,0x0B,0xC0,0x0F,0xFF,0xFF,0x40,0xF8,0x0B,0xC0,0x0F,0xFF,
  0xFF,0x40,0xF8,0x0B,0xC0,0x0F,0xD5,0x55,0x40,0xF8,0x0B,0xC0,0x0F,0xC0,0x00,0x00,
  0xF8,0x0B,0xC0,0x0F,0xC0,0x00,0x00,0xF8,0x0B,0xC0,0x0F,0xC0,0x00,0x00,0xF8,0x0B,
  0xC0,0x0F,0xC0,0x00,0x00,0xF8,0x0B,0xC0,0x0F,0xC0,0x00,0x00,0xF9,0x5F,0xC0,0x0F,
  0xC0,0x00,0x00,0xFF,0xFF,0xC0,0x0F,0xC0,0x00,0x00,0xFF,0xFF,0xC0,0x0F,0xC0,0x00,
  0x00,0xF9,0x5B,0xC0,0x0F,0xC0,0x00,0x00,0xF8,0x0B,0xC0,0x0F,0xC0,0x00,0x00,0xF8,
  0x0B,0xC0,0x0F,0xC0,0x00,0x00,0xF8,0x0B,0xC0,0x0F,0xC0,0x00,0x10,0xF8,0x0B,0xC0,
  0x0F,0xEA,0xAF,0xF0,0xF8,0x0B,0xC0,0x0F,0xFF,0xFF,0xF0,0xF8,0x0B,0xC0,0x0F,0xFF,
  0xA9,0x50,0xF8,0x0B,0xC0,0x00,0x00,0x00,0x00,0xF8,0x0B,0xC0,0x00,0x00,0x00,0x00,
  0xF8,0x0B,0xC0,0x00,0x00,0x00,0x00,0xF8,0x0B,0xC0,0x00,0x00,0x00,0x00,0xF8,0x0B,
  0xC0,0x00,0x00,0x00,0x00,0xF8,0x0B,0xC0,0x00,0x00,0x00,0x00,0x50,0x0B,0xC0,0x00,
  0x00,0x00,0x00,0x00,0x0A,0x80,0x00,0x00,0x00,0x00,0x00,0x15,0x00,0x00,0x00,0x00,
  0x00,0x00,0x2F,0x40,0x00,0x00,0x00,0x00,0x00,0x2F,0x40,0x06,0xAA,0xAA,0xA9,0x00,
  0x2F,0x40,0x0B,0xFF,0xFF,0xFD,0x00,0x2F,0x40,0x0B,0xFA,0xAA,0xA9,0x00,0x2F,0x40,
  0x0B,0xD0,0x00,0x00,0x00,0x2F,0x40,0x0B,0xD0,0x00,0x00,0x00,0x2F,0x40,0x0B,0xD0,
  0x00,0x00,0x00,0x2F,0x40,0x0B,0xD0,0x00,0x00,0x00,0x2F,0x40,0x0B,0xD0,0x00,0x05,
  0x55,0x6F,0x40,0x0B,0xD0,0x00,0x1F,0xFF,0xFF,0x40,0x0B,0xD0,0x00,0x1F,0xFF,0xFF,
  0x40,0x0B,0xD0,0x00,0x00,0x00,0x2F,0x40,0x0B,0xD0,0x00,0x00,0x00,0x2F,0x40,0x0B,
  0xD0,0x00,0x00,0x00,0x2F,0x40,0x0B,0xD0,0x00,0x00,0x00,0x2F,0x40,0x0B,0xD0,0x00,
  0x00,0x00,0x2F,0x40,0x0B,0xD0,0x00,0x05,0x40,0x2F,0x40,0x0B,0xEA,0xAA,0xFF,0xC0,
  0x2F,0x40,0x0B,0xFF,0xFF,0xFF,0xD0,0x2F,0x40,0x0B,0xFA,0xAA,0x94,0x00,0x2F,0x40,
  0x00,0x00,0x00,0x00,0x00,0x2F,0x40,0x00,0x00,0x00,0x00,0x00,0x2F,0x40,0x00,0x00,
  0x00,0x00,0x00,0x2F,0x40,0x00,0x00,0x00,0x00,0x00,0x2F,0x40,0x00,0x00,0x00,0x00,
  0x00,0x2F,0x40,0x00,0x00,0x00,0x00,0x00,0x2F,0x40,0x00,0x00,0x00,0x00,0x00,0x1A,
  0x40,0x00,0x6A,0xAA,0xAA,0xAA,0xA8,0x00,0x00,0xBF,0xFF,0xFF,0xFF,0xFC,0x00,0x00,
  0xBE,0xAA,0xAA,0xAA,0xA8,0x00,0x00,0xBD,0x00,0x00,0x00,0x00,0x00,0x00,0xBD,0x00,
  0x00,0x00,0x00,0x00,0x00,0xBD,0x00,0x00,0x00,0x00,0x00,0x00,0xBD,0x00,0x00,0x00,
  0x00,0x00,0x00,0xBD,0x00,0x00,0x00,0x00,0x00,0x00,0xBD,0x00,0x00,0x00,0x00,0x00,
  0x00,0xBF,0xFF,0xFF,0xFF,0xFD,0x00,0x00,0xBF,0xFF,0xFF,0xFF,0xFD,0x00,0x00,0x15,
  0x55,0x55,0x55,0x54,0x00,0x00,0x00,0x00,0x00,0x00,0x00,0x00,0x00,0x00,0x00,0x00,
  0x00,0x00,0x00,0x15,0x55,0x55,0x55,0x55,0x55,0x54,0x3F,0xFF,0xFF,0xFF,0xFF,0xFF,
  0xF8,0x3F,0xFF,0xFF,0xFF,0xFF,0xFF,0xF8,0x00,0x00,0x00,0xBD,0x00,0x00,0x00,0x00,
  0x00,0x00,0xBD,0x00,0x00,0x00,0x00,0x00,0x00,0xBD,0x00,0x00,0x00,0x00,0x00,0x00,
  0xBD,0x00,0x00,0x00,0x00,0x00,0x00,0xBD,0x00,0x00,0x00,0x00,0x00,0x00,0xBD,0x00,
  0x00,0x00,0x00,0x00,0x00,0xBD,0x00,0x00,0x00,0x00,0x00,0x00,0xBD,0x00,0x00,0x00,
  0x00,0x00,0x00,0xBD,0x00,0x00,0x00,0x00,0x00,0x00,0x68,0x00,0x00,0x00,0x00,0xBF,
  0xFF,0xFF,0xFF,0xFD,0x00,0x00,0xBF,0xFF,0xFF,0xFF,0xFD,0x00,0x00,0xBE,0xAA,0xAA,
  0xAA,0xA9,0x00,0x00,0xBC,0x00,0x00,0x00,0x00,0x00,0x00,0xBC,0x00,0x00,0x00,0x00,
  0x00,0x00,0xBC,0x00,0x00,0x00,0x00,0x00,0x00,0xBC,0x00,0x00,0x00,0x00,0x00,0x00,
  0xBC,0x00,0x00,0x00,0x00,0x00,0x00,0xBC,0x00,0x00,0x00,0x00,0x00,0x00,0xBC,0x00,
  0x00,0x00,0x00,0x00,0x00,0xBD,0x00,0x00,0x00,0x00,0x00,0x00,0xBF,0xFF,0xFF,0xFF,
  0xFE,0x00,0x00,0xBF,0xFF,0xFF,0xFF,0xFE,0x00,0x00,0x55,0x55,0x55,0x55,0x55,0x00,
  0x00,0x00,0x00,0x00,0x00,0x00,0x00,0x00,0x00,0x00,0x00,0x00,0x00,0x00,0x00,0x00,
  0x00,0x00,0x00,0x00,0x00,0x00,0x00,0x00,0x00,0x00,0x00,0x00,0x00,0x00,0x00,0x00,
  0x00,0x00,0x00,0x15,0x55,0x55,0x55,0x55,0x55,0x54,0x3F,0xFF,0xFF,0xFF,0xFF,0xFF,
  0xF8,0x3F,0xFF,0xFF,0xFF,0xFF,0xFF,0xF8,0x00,0x00,0x00,0x00,0x00,0x00,0x00,0x00,
  0x00,0x00,0x00,0x00,0x15,0x00,0x00,0x00,0x00,0x00,0x00,0x2F,0x40,0x00,0x00,0x00,
  0x00,0x00,0x2F,0x40,0x02,0xAA,0xAA,0xAA,0x00,0x2F,0x40,0x07,0xFF,0xFF,0xFF,0x40,
  0x2F,0x40,0x07,0xFA,0xAA,0xAA,0x00,0x2F,0x40,0x07,0xE0,0x00,0x00,0x00,0x2F,0x40,
  0x07,0xE0,0x00,0x00,0x00,0x2F,0x40,0x07,0xE0,0x00,0x00,0x00,0x2F,0x40,0x07,0xE0,
  0x00,0x00,0x00,0x2F,0x40,0x07,0xE0,0x00,0x00,0x00,0x2F,0x40,0x07,0xE0,0x00,0x00,
  0x00,0x2F,0x40,0x07,0xE0,0x00,0x00,0x00,0x2F,0x40,0x07,0xE0,0x00,0x00,0x00,0x2F,
  0x40,0x07,0xE0,0x00,0x00,0x00,0x2F,0x40,0x07,0xE0,0x00,0x00,0x00,0x2F,0x40,0x07,
  0xE0,0x00,0x00,0x00,0x2F,0x40,0x07,0xE0,0x00,0x00,0x00,0x2F,0x40,0x07,0xE0,0x00,
  0x01,0x54,0x2F,0x40,0x07,0xFA,0xAA,0xFF,0xF8,0x2F,0x40,0x07,0xFF,0xFF,0xFF,0xF8,
  0x2F,0x40,0x03,0xFA,0xAA,0xA5,0x40,0x2F,0x40,0x00,0x00,0x00,0x00,0x00,0x2F,0x40,
  0x00,0x00,0x00,0x00,0x00,0x2F,0x40,0x00,0x00,0x00,0x00,0x00,0x2F,0x40,0x00,0x00,
  0x00,0x00,0x00,0x2F,0x40,0x00,0x00,0x00,0x00,0x00,0x2F,0x40,0x00,0x00,0x00,0x00,
  0x00,0x2F,0x40,0x00,0x00,0x00,0x00,0x00,0x2A,0x00,0x00,0x00,0x00,0x00,0x00,0x54,
  0x00,0x00,0x00,0x00,0x00,0x00,0xFC,0x00,0x0B,0xFF,0xFF,0xF8,0x00,0xFC,0x00,0x0F,
  0xFF,0xFF,0xFC,0x00,0xFC,0x00,0x06,0xAA,0xAA,0xFC,0x00,0xFC,0x00,0x00,0x00,0x00,
  0xFC,0x00,0xFC,0x00,0x00,0x00,0x00,0xFC,0x00,0xFC,0x00,0x01,0x55,0x55,0xFC,0x00,
  0xFD,0x54,0x0B,0xFF,0xFF,0xFC,0x00,0xFF,0xFC,0x0B,0xFF,0xFF,0xFC,0x00,0xFF,0xFC,
  0x0B,0xD0,0x00,0x00,0x00,0xFD,0x00,0x0B,0xC0,0x00,0x00,0x00,0xFC,0x00,0x0B,0xC0,
  0x00,0x00,0x00,0xFC,0x00,0x0B,0xE5,0x6A,0xAF,0xE0,0xFC,0x00,0x0B,0xFF,0xFF,0xFF,
  0xE0,0xFC,0x00,0x0B,0xFF,0xFF,0xA5,0x40,0xFC,0x00,0x00,0x00,0x00,0x00,0x00,0xFC,
  0x00,0x00,0x00,0x00,0x00,0x00,0x54,0x00,0x00,0x15,0x55,0x55,0x55,0x54,0x00,0x00,
  0x3F,0xFF,0xFF,0xFF,0xFC,0x00,0x00,0x3F,0xFF,0xFF,0xFF,0xFC,0x00,0x00,0x3F,0x00,
  0x00,0x00,0xFC,0x00,0x00,0x3F,0x00,0x00,0x00,0xFC,0x00,0x00,0x3F,0x00,0x00,0x00,
  0xFC,0x00,0x00,0x3F,0x00,0x00,0x00,0xFC,0x00,0x00,0x3F,0x00,0x00,0x00,0xFC,0x00,
  0x00,0x3F,0xFF,0xFF,0xFF,0xFC,0x00,0x00,0x3F,0xFF,0xFF,0xFF,0xFC,0x00,0x00,0x15,
  0x55,0x55,0x55,0x54,0x00,0x00,0x00,0x00,0x00,0x00,0x05,0x40,0x00,0x00,0x00,0x00,
  0x69,0x0F,0xC0,0x00,0x00,0x00,0x00,0xBD,0x0F,0xC0,0x0B,0xFF,0xFF,0x40,0xBD,0x0F,
  0xC0,0x0B,0xFF,0xFF,0x40,0xBD,0x0F,0xC0,0x05,0x55,0x6F,0x40,0xBD,0x0F,0xC0,0x00,
  0x00,0x2F,0x40,0xBD,0x0F,0xC0,0x00,0x00,0x2F,0x40,0xBD,0x0F,0xC0,0x00,0x00,0x2F,
  0x6A,0xFD,0x0F,0xC0,0x0B,0xFF,0xFF,0x6F,0xFD,0x0F,0xC0,0x0B,0xFF,0xFF,0x5A,0xFD,
  0x0F,0xC0,0x0B,0xD5,0x55,0x00,0xBD,0x0F,0xC0,0x0B,0xD0,0x00,0x00,0xBD,0x0F,0xC0,
  0x0B,0xD0,0x00,0x00,0xBD,0x0F,0xC0,0x0B,0xD0,0x01,0x64,0xBD,0x0F,0xC0,0x0B,0xFF,
  0xFF,0xF4,0xBD,0x0F,0xC0,0x0B,0xFF,0xFF,0xF4,0xBD,0x0F,0xC0,0x06,0xA5,0x54,0x00,
  0xBD,0x0F,0xC0,0x00,0x00,0x00,0x00,0xBD,0x0F,0xC0,0x00,0x05,0x40,0x00,0xBD,0x0F,
  0xC0,0x00,0x0B,0xD0,0x00,0xBD,0x0F,0xC0,0x00,0x0B,0xD0,0x00,0x00,0x0A,0x80,0x00,
  0x0B,0xD0,0x00,0x00,0x00,0x00,0x00,0x0B,0xD0,0x00,0x00,0x00,0x00,0x00,0x0B,0xD0,
  0x00,0x00,0x00,0x00,0x00,0x0B,0xE5,0x55,0x55,0x55,0x50,0x00,0x0B,0xFF,0xFF,0xFF,
  0xFF,0xE0,0x00,0x0B,0xFF,0xFF,0xFF,0xFF,0xE0,0x00,0x00,0x00,0x00,0x00,0x00,0x00,
  0x00,0x00,0x00,0x00,0x00,0x15,0x00,0x00,0x00,0x00,0x00,0x00,0x2F,0x40,0x00,0x00,
  0x00,0x00,0x00,0x2F,0x40,0x06,0xAA,0xAA,0xAA,0x00,0x2F,0x40,0x07,0xFF,0xFF,0xFE,
  0x00,0x2F,0x40,0x06,0xAA,0xAA,0xBE,0x00,0x2F,0x40,0x00,0x00,0x00,0x7E,0x00,0x2F,
  0x40,0x00,0x00,0x00,0x7E,0x00,0x2F,0x40,0x00,0x00,0x00,0x7E,0x00,0x2F,0x40,0x00,
  0x00,0x00,0x7E,0x00,0x2F,0x40,0x00,0x00,0x00,0x7E,0x00,0x2F,0x40,0x07,0xFF,0xFF,
  0xFE,0x00,0x2F,0x40,0x07,0xFF,0xFF,0xFE,0x00,0x2F,0x40,0x07,0xE5,0x55,0x55,0x00,
  0x2F,0x40,0x07,0xE0,0x00,0x00,0x00,0x2F,0x40,0x07,0xE0,0x00,0x00,0x00,0x2F,0x40,
  0x07,0xE0,0x00,0x00,0x00,0x2F,0x40,0x07,0xE0,0x00,0x00,0x00,0x2F,0x40,0x07,0xE0,
  0x00,0x00,0x54,0x2F,0x40,0x07,0xE6,0xAA,0xAF,0xFC,0x2F,0x40,0x07,0xFF,0xFF,0xFF,
  0xFC,0x2F,0x40,0x07,0xFF,0xFE,0xA9,0x40,0x2F,0x40,0x00,0x00,0x00,0x00,0x00,0x2F,
  0x40,0x00,0x00,0x00,0x00,0x00,0x2F,0x40,0x00,0x00,0x00,0x00,0x00,0x2F,0x40,0x00,
  0x00,0x00,0x00,0x00,0x2F,0x40,0x00,0x00,0x00,0x00,0x00,0x2F,0x40,0x00,0x00,0x00,
  0x00,0x00,0x2F,0x40,0x00,0x00,0x00,0x00,0x00,0x1A,0x40,0x00,0x00,0x00,0x00,0x00,
  0x15,0x00,0x00,0x00,0x00,0x00,0x00,0x2F,0x40,0x06,0xAA,0xAA,0xA9,0x00,0x2F,0x40,
  0x0B,0xFF,0xFF,0xFD,0x00,0x2F,0x40,0x07,0xFF,0xFF,0xFD,0x00,0x2F,0x40,0x00,0x00,
  0x00,0xBD,0x00,0x2F,0x40,0x00,0x00,0x00,0xBD,0x00,0x2F,0x40,0x00,0x00,0x00,0xBD,
  0x00,0x2F,0x40,0x07,0xFF,0xFF,0xFD,0x00,0x2F,0x40,0x07,0xFF,0xFF,0xFD,0x00,0x2F,
  0x40,0x07,0xE5,0x55,0x54,0x00,0x2F,0x40,0x07,0xD0,0x00,0x00,0x00,0x2F,0x40,0x07,
  0xD0,0x00,0x00,0x00,0x2F,0x40,0x07,0xE5,0x55,0x6A,0xB4,0x2F,0x40,0x07,0xFF,0xFF,
  0xFF,0xF4,0x2F,0x40,0x07,0xFF,0xFF,0xFE,0xA4,0x2F,0x40,0x01,0x55,0x54,0x00,0x00,
  0x2F,0x40,0x00,0x00,0x00,0x00,0x00,0x2F,0x40,0x00,0x00,0x05,0x6A,0x54,0x00,0x00,
  0x00,0x00,0xBF,0xFF,0xFF,0xD0,0x00,0x00,0x07,0xFF,0xEA,0xBF,0xFC,0x00,0x00,0x0F,
  0xE4,0x00,0x01,0xFE,0x00,0x00,0x1F,0x80,0x00,0x00,0x3F,0x40,0x00,0x2F,0x40,0x00,
  0x00,0x2F,0x40,0x00,0x1F,0x80,0x00,0x00,0x3F,0x40,0x00,0x0F,0xE4,0x00,0x01,0xFE,
  0x00,0x00,0x07,0xFF,0xFA,0xFF,0xF8,0x00,0x00,0x00,0xBF,0xFF,0xFF,0xD0,0x00,0x00,
  0x00,0x01,0x5A,0x54,0x00,0x00,0x00,0x00,0x00,0x00,0x00,0x15,0x00,0x00,0x00,0x00,
  0x00,0x00,0x2F,0x40,0x00,0x00,0x00,0x00,0x00,0x2F,0x40,0x07,0xFF,0xFF,0xFE,0x00,
  0x2F,0x40,0x07,0xFF,0xFF,0xFE,0x00,0x2F,0x40,0x07,0xE5,0x55,0xBE,0x00,0x2F,0x40,
  0x07,0xD0,0x00,0x3E,0x00,0x2F,0x40,0x07,0xD0,0x00,0x3E,0x00,0x2F,0x40,0x07,0xD0,
  0x00,0x3E,0x00,0x2F,0x40,0x07,0xD0,0x00,0x3E,0x00,0x2F,0x40,0x07,0xD0,0x00,0x3E,
  0x00,0x2F,0x40,0x07,0xD0,0x00,0x3E,0x00,0x2F,0x40,0x07,0xD0,0x00,0x3E,0x00,0x2F,
  0x40,0x07,0xE5,0x55,0x7E,0x00,0x2F,0x40,0x07,0xFF,0xFF,0xFE,0x00,0x2F,0x40,0x07,
  0xFF,0xFF,0xFE,0x00,0x2F,0x40,0x01,0x55,0x55,0x54,0x00,0x2F,0x40,0x00,0x00,0x00,
  0x00,0x00,0x2F,0x40,0x00,0x05,0x40,0x00,0x00,0x2F,0x40,0x00,0x0F,0xC0,0x00,0x00,
  0x2F,0x40,0x00,0x0F,0xC0,0x00,0x00,0x2A,0x40,0x00,0x0F,0xC0,0x00,0x00,0x00,0x00,
  0x00,0x0F,0xC0,0x00,0x00,0x00,0x00,0x00,0x0F,0xC0,0x00,0x00,0x00,0x00,0x00,0x0F,
  0xC0,0x00,0x00,0x00,0x00,0x00,0x0F,0xEA,0xAA,0xAA,0xAA,0x80,0x00,0x0F,0xFF,0xFF,
  0xFF,0xFF,0xC0,0x00,0x0A,0xAA,0xAA,0xAA,0xAA,0x80,0x00,0x00,0x00,0x00,0x00,0x54,
  0x00,0x00,0x00,0x00,0x00,0x00,0xFC,0x00,0x00,0x00,0x00,0x00,0x00,0xFC,0x00,0x0F,
  0xC0,0x00,0xBD,0x00,0xFC,0x00,0x0F,0xC0,0x00,0xBD,0x00,0xFC,0x00,0x0F,0xC0,0x00,
  0xBD,0x00,0xFC,0x00,0x0F,0xC0,0x00,0xBD,0x00,0xFC,0x00,0x0F,0xC0,0x00,0xBD,0x00,
  0xFC,0x00,0x0F,0xC0,0x00,0xBD,0x00,0xFC,0x00,0x0F,0xC0,0x00,0xBD,0x00,0xFC,0x00,
  0x0F,0xEA,0xAA,0xFD,0x00,0xFC,0x00,0x0F,0xFF,0xFF,0xFD,0x00,0xFD,0x55,0x0F,0xEA,
  0xAA,0xBD,0x00,0xFF,0xFD,0x0F,0xC0,0x00,0xBD,0x00,0xFF,0xFD,0x0F,0xC0,0x00,0xBD,
  0x00,0xFC,0x00,0x0F,0xC0,0x00,0xBD,0x00,0xFC,0x00,0x0F,0xC0,0x00,0xBD,0x00,0xFC,
  0x00,0x0F,0xC0,0x00,0xBD,0x00,0xFC,0x00,0x0F,0xC0,0x00,0xBD,0x00,0xFC,0x00,0x0F,
  0xD5,0x55,0xBD,0x00,0xFC,0x00,0x0F,0xFF,0xFF,0xFD,0x00,0xFC,0x00,0x0F,0xFF,0xFF,
  0xFD,0x00,0xFC,0x00,0x00,0x00,0x00,0x00,0x00,0xFC,0x00,0x00,0x00,0x00,0x00,0x00,
  0xFC,0x00,0x00,0x00,0x00,0x00,0x00,0xFC,0x00,0x00,0x00,0x00,0x00,0x00,0xFC,0x00,
  0x00,0x00,0x00,0x00,0x00,0xFC,0x00,0x00,0x00,0x00,0x00,0x00,0xFC,0x00,0x00,0x00,
  0x00,0x00,0x00,0xA8,0x00,0x00,0x00,0x00,0x00,0x00,0x05,0x40,0x00,0x00,0x00,0x00,
  0xA8,0x0F,0xC0,0x06,0x80,0x06,0x80,0xF8,0x0F,0xC0,0x0B,0xC0,0x0B,0xD0,0xF8,0x0F,
  0xC0,0x0B,0xC0,0x0B,0xD0,0xF8,0x0F,0xC0,0x0B,0xC0,0x0B,0xD0,0xF8,0x0F,0xC0,0x0B,
  0xD5,0x5B,0xD0,0xF8,0x0F,0xC0,0x0B,0xFF,0xFF,0xD0,0xFD,0x5F,0xC0,0x0B,0xFF,0xFF,
  0xD0,0xFF,0xFF,0xC0,0x0B,0xC0,0x0B,0xD0,0xFF,0xFF,0xC0,0x0B,0xC0,0x0B,0xD0,0xFD,
  0x5F,0xC0,0x0B,0xC0,0x0B,0xD0,0xF8,0x0F,0xC0,0x0B,0xC0,0x0B,0xD0,0xF8,0x0F,0xC0,
  0x0B,0xEA,0xAF,0xD0,0xF8,0x0F,0xC0,0x0B,0xFF,0xFF,0xD0,0xF8,0x0F,0xC0,0x0A,0xAA,
  0xAA,0x80,0xF8,0x0F,0xC0,0x00,0x00,0x00,0x00,0xF8,0x0F,0xC0,0x00,0x00,0x00,0x00,
  0x54,0x05,0x40,0x00,0x00,0x00,0x00,0x00,0x00,0x00,0x00,0x0F,0xFF,0xFF,0xFF,0xFF,
  0xC0,0x00,0x0F,0xFF,0xFF,0xFF,0xFF,0xC0,0x00,0x05,0x55,0x55,0x55,0x5F,0xC0,0x00,
  0x00,0x00,0x00,0x00,0x0F,0xC0,0x00,0x00,0x00,0x00,0x00,0x0F,0xC0,0x00,0x00,0x00,
  0x00,0x00,0x0F,0xC0,0x00,0x00,0x00,0x00,0x00,0x0F,0xC0,0x00,0x00,0x00,0x00,0x00,
  0x0F,0xC0,0x00,0x00,0x00,0x00,0x00,0x0F,0xC0,0x00,0x00,0x00,0x00,0x00,0x0A,0x80,
  0x00,0x00,0x00,0x00,0x00,0x05,0x40,0x00,0x00,0x00,0x00,0xB8,0x0F,0xC0,0x00,0x06,
  0x90,0x00,0xF8,0x0F,0xC0,0x00,0x07,0xE0,0x00,0xF8,0x0F,0xC0,0x00,0x07,0xE0,0x00,
  0xF8,0x0F,0xC0,0x00,0x07,0xE0,0x00,0xF8,0x0F,0xC0,0x00,0x07,0xE0,0x00,0xF8,0x0F,
  0xC0,0x00,0x0B,0xE0,0x00,0xFD,0x5F,0xC0,0x00,0x0B,0xF0,0x00,0xFF,0xFF,0xC0,0x00,
  0x1F,0xF8,0x00,0xFF,0xFF,0xC0,0x00,0x2F,0xFC,0x00,0xFD,0x5F,0xC0,0x00,0x7E,0x7F,
  0x00,0xF8,0x0F,0xC0,0x01,0xFD,0x2F,0xD0,0xF8,0x0F,0xC0,0x0B,0xF4,0x0F,0xF8,0xF8,
  0x0F,0xC0,0x3F,0xE0,0x02,0xF8,0xF8,0x0F,0xC0,0x1F,0x40,0x00,0x60,0xF8,0x0F,0xC0,
  0x04,0x00,0x00,0x00,0xF8,0x0F,0xC0,0x00,0x00,0x00,0x00,0x54,0x0A,0x80,0x00,0x00,
  0x00,0x00,0x00,0x00,0x00,0x00,0x0F,0xFF,0xFF,0xFF,0xFF,0xC0,0x00,0x0F,0xFF,0xFF,
  0xFF,0xFF,0xC0,0x00,0x05,0x55,0x55,0x55,0x5F,0xC0,0x00,0x00,0x00,0x00,0x00,0x0F,
  0xC0,0x00,0x00,0x00,0x00,0x00,0x0F,0xC0,0x00,0x00,0x00,0x00,0x00,0x0F,0xC0,0x00,
  0x00,0x00,0x00,0x00,0x0F,0xC0,0x00,0x00,0x00,0x00,0x00,0x0F,0xC0,0x00,0x00,0x00,
  0x00,0x00,0x0F,0xC0,0x00,0x00,0x00,0x00,0x00,0x0A,0x80,0x00,0x00,0x00,0x00,0x00,
  0x15,0x00,0x00,0x00,0x00,0x00,0x00,0x2F,0x40,0x00,0x00,0x00,0x00,0x00,0x2F,0x40,
  0x00,0x00,0xFC,0x00,0x00,0x2F,0x40,0x00,0x00,0xFC,0x00,0x00,0x2F,0x40,0x00,0x00,
  0xFC,0x00,0x00,0x2F,0x40,0x00,0x00,0xFC,0x00,0x00,0x2F,0x40,0x00,0x00,0xFC,0x00,
  0x00,0x2F,0x40,0x00,0x00,0xFD,0x00,0x00,0x2F,0x40,0x00,0x00,0xFD,0x00,0x00,0x2F,
  0x40,0x00,0x00,0xFD,0x02,0xFF,0xFF,0x40,0x00,0x01,0xFE,0x02,0xFF,0xFF,0x40,0x00,
  0x02,0xFF,0x01,0x55,0x6F,0x40,0x00,0x03,0xFF,0x40,0x00,0x2F,0x40,0x00,0x0B,0xDF,
  0xC0,0x00,0x2F,0x40,0x00,0x0F,0xCB,0xD0,0x00,0x2F,0x40,0x00,0x2F,0x87,0xF4,0x00,
  0x2F,0x40,0x00,0xBF,0x02,0xFC,0x00,0x2F,0x40,0x01,0xFD,0x00,0xFF,0x40,0x2F,0x40,
  0x0B,0xF8,0x00,0x3F,0xD0,0x2F,0x40,0x2F,0xE0,0x00,0x1F,0xE0,0x2F,0x40,0x1F,0x80,
  0x00,0x02,0xC0,0x2F,0x40,0x05,0x00,0x00,0x00,0x00,0x2F,0x40,0x00,0x00,0x00,0x00,
  0x00,0x2F,0x40,0x00,0x00,0x00,0x00,0x00,0x2F,0x40,0x00,0x00,0x00,0x00,0x00,0x2F,
  0x40,0x00,0x00,0x00,0x00,0x00,0x2F,0x40,0x00,0x00,0x00,0x00,0x00,0x2F,0x40,0x00,
  0x00,0x00,0x00,0x00,0x1A,0x40,0x00,0x00,0x00,0x00,0x00,0x15,0x00,0x00,0x00,0x00,
  0x00,0x00,0x2F,0x40,0x00,0x00,0xFC,0x00,0x00,0x2F,0x40,0x00,0x00,0xFC,0x00,0x00,
  0x2F,0x40,0x00,0x00,0xFC,0x00,0x00,0x2F,0x40,0x00,0x01,0xFC,0x00,0x00,0x2F,0x40,
  0x00,0x01,0xFC,0x01,0xFF,0xFF,0x40,0x00,0x02,0xFD,0x01,0xFF,0xFF,0x40,0x00,0x03,
  0xFE,0x01,0xAA,0xAF,0x40,0x00,0x07,0xFF,0x40,0x00,0x2F,0x40,0x00,0x0F,0xDF,0xD0,
  0x00,0x2F,0x40,0x00,0x3F,0x8B,0xF4,0x00,0x2F,0x40,0x01,0xFE,0x02,0xFE,0x00,0x2F,
  0x40,0x1B,0xFC,0x00,0xBF,0xD0,0x2F,0x40,0x2F,0xE0,0x00,0x2F,0xC0,0x2F,0x40,0x0F,
  0x40,0x00,0x02,0x40,0x2F,0x40,0x04,0x00,0x00,0x00,0x00,0x2F,0x40,0x00,0x00,0x00,
  0x00,0x00,0x00,0x00,0x00,0x6A,0xAA,0xA1,0xAA,0xAA,0x40,0x00,0x7F,0xFF,0xF2,0xFF,
  0xFF,0x40,0x00,0x6A,0xAB,0xF2,0xAA,0xBF,0x40,0x00,0x00,0x03,0xF0,0x00,0x2F,0x40,
  0x00,0x00,0x03,0xF0,0x00,0x2F,0x40,0x00,0x00,0x03,0xF0,0x00,0x2F,0x40,0x00,0x00,
  0x03,0xF0,0x00,0x2F,0x40,0x00,0x00,0x03,0xF0,0x00,0x2F,0x40,0x00,0x00,0x03,0xF0,
  0x00,0x2F,0x40,0x00,0x00,0x03,0xF0,0x00,0x2F,0x40,0x00,0x00,0x02,0xA0,0x00,0x1A,
  0x40,0x00,0x00,0x00,0x14,0x00,0x00,0x00,0x00,0x00,0x00,0xBD,0x00,0x00,0x00,0x00,
  0x00,0x00,0xFD,0x00,0x00,0x00,0x00,0x00,0x01,0xFE,0x00,0x00,0x00,0x00,0x00,0x03,
  0xFF,0x80,0x00,0x00,0x00,0x00,0x1F,0xEF,0xE0,0x00,0x00,0x00,0x01,0xBF,0x83,0xFD,
  0x00,0x00,0x00,0x5B,0xFD,0x00,0xBF,0xE4,0x00,0x07,0xFF,0xE0,0x00,0x1F,0xFF,0xC0,
  0x03,0xFE,0x00,0x00,0x01,0xBF,0x80,0x01,0x40,0x00,0x00,0x00,0x01,0x00,0x00,0x00,
  0x00,0x00,0x00,0x00,0x00,0x3F,0xFF,0xFF,0xFF,0xFF,0xFF,0xF4,0x3F,0xFF,0xFF,0xFF,
  0xFF,0xFF,0xF8,0x15,0x55,0x55,0xFE,0x55,0x55,0x54,0x00,0x00,0x00,0xBD,0x00,0x00,
  0x00,0x00,0x00,0x00,0xBD,0x00,0x00,0x00,0x00,0xFF,0xFF,0xFF,0xFF,0xFD,0x00,0x00,
  0xFF,0xFF,0xFF,0xFF,0xFD,0x00,0x00,0x55,0x55,0x55,0x55,0xBD,0x00,0x00,0x00,0x00,
  0x00,0x00,0xBD,0x00,0x00,0x6A,0xAA,0xAA,0xAA,0xBD,0x00,0x00,0xFF,0xFF,0xFF,0xFF,
  0xFD,0x00,0x00,0xFE,0xAA,0xAA,0xAA,0xA9,0x00,0x00,0xFC,0x00,0x00,0x00,0x00,0x00,
  0x00,0xFC,0x00,0x00,0x00,0x00,0x00,0x00,0xFF,0xFF,0xFF,0xFF,0xFF,0x00,0x00,0xFF,
  0xFF,0xFF,0xFF,0xFF,0x00,0x00,0x55,0x55,0x55,0x55,0x55,0x00,0x00,0x00,0x00,0x54,
  0x00,0x00,0x00,0x00,0x00,0x00,0xFD,0x00,0x00,0x00,0x00,0x00,0x00,0xFD,0x00,0x00,
  0x00,0x00,0x00,0x00,0xFD,0x00,0x00,0x00,0x00,0x00,0x01,0xFE,0x00,0x00,0x00,0x00,
  0x00,0x02,0xFF,0x00,0x00,0x00,0x00,0x00,0x03,0xFF,0x40,0x00,0x00,0x00,0x00,0x0B,
  0xEF,0xC0,0x00,0x00,0x00,0x00,0x2F,0x87,0xF0,0x00,0x00,0x00,0x00,0xBF,0x42,0xFD,
  0x00,0x00,0x00,0x07,0xFD,0x00,0xBF,0x80,0x00,0x00,0x6F,0xF4,0x00,0x2F,0xF4,0x00,
  0x0B,0xFF,0x80,0x00,0x07,0xFF,0x90,0x07,0xF9,0x00,0x00,0x00,0xBF,0xC0,0x02,0x90,
  0x00,0x00,0x00,0x06,0x40,0x00,0x00,0x00,0x00,0x00,0x00,0x00,0x00,0x00,0x00,0x00,
  0x00,0x00,0x00,0x00,0x00,0x00,0x00,0x00,0x00,0x00,0x00,0x00,0x00,0x00,0x00,0x00,
  0x00,0x00,0x00,0x00,0x00,0x00,0x00,0x00,0x15,0x55,0x55,0x55,0x55,0x55,0x54,0x3F,
  0xFF,0xFF,0xFF,0xFF,0xFF,0xF8,0x3F,0xFF,0xFF,0xFF,0xFF,0xFF,0xF8,0x00,0x00,0x00,
  0x00,0x00,0x00,0x00,0x00,0x00,0x00,0x00,0x00,0x15,0x00,0x00,0x00,0x00,0x00,0x00,
  0x2F,0x40,0x00,0x00,0x00,0x00,0x00,0x2F,0x40,0x00,0x00,0xBD,0x00,0x00,0x2F,0x40,
  0x00,0x00,0xBD,0x00,0x00,0x2F,0x40,0x00,0x00,0xBD,0x00,0x00,0x2F,0x40,0x00,0x00,
  0xBD,0x00,0x00,0x2F,0x40,0x00,0x00,0xBD,0x00,0x00,0x2F,0x40,0x00,0x00,0xBD,0x00,
  0x00,0x2F,0x40,0x00,0x00,0xBD,0x00,0x00,0x2F,0x40,0x00,0x00,0xFE,0x00,0x00,0x2F,
  0x40,0x00,0x01,0xFF,0x00,0x00,0x2F,0x40,0x00,0x02,0xFF,0x40,0x00,0x2F,0x40,0x00,
  0x03,0xFF,0x80,0x00,0x2F,0x40,0x00,0x07,0xEB,0xC0,0x00,0x2F,0x40,0x00,0x0F,0xD7,
  0xE0,0x00,0x2F,0x40,0x00,0x2F,0x83,0xF8,0x00,0x2F,0x40,0x00,0x7F,0x41,0xFD,0x00,
  0x2F,0x40,0x01,0xFE,0x00,0xBF,0x40,0x2F,0x40,0x0B,0xF8,0x00,0x2F,0xE0,0x2F,0x40,
  0x3F,0xE0,0x00,0x0B,0xF4,0x2F,0x40,0x1F,0x80,0x00,0x01,0xE0,0x2F,0x40,0x09,0x00,
  0x00,0x00,0x00,0x2F,0x40,0x00,0x00,0x00,0x00,0x00,0x2F,0x40,0x00,0x00,0x00,0x00,
  0x00,0x2F,0x40,0x00,0x00,0x00,0x00,0x00,0x2F,0x40,0x00,0x00,0x00,0x00,0x00,0x2F,
  0x40,0x00,0x00,0x00,0x00,0x00,0x2F,0x40,0x00,0x00,0x00,0x00,0x00,0x2A,0x00,0x00,
  0x00,0x00,0x00,0x00,0x15,0x00,0x00,0x00,0x00,0x00,0x00,0x2F,0x40,0x00,0x00,0xA9,
  0x00,0x00,0x2F,0x40,0x00,0x00,0xBD,0x00,0x00,0x2F,0x40,0x00,0x00,0xBD,0x00,0x00,
  0x2F,0x40,0x00,0x00,0xFD,0x00,0x00,0x2F,0x40,0x00,0x00,0xFD,0x00,0x00,0x2F,0x40,
  0x00,0x01,0xFE,0x00,0x00,0x2F,0x40,0x00,0x01,0xFF,0x00,0x00,0x2F,0x40,0x00,0x03,
  0xFF,0x40,0x00,0x2F,0x40,0x00,0x07,0xEF,0xC0,0x00,0x2F,0x40,0x00,0x1F,0xCB,0xE0,
  0x00,0x2F,0x40,0x00,0x7F,0x43,0xF8,0x00,0x2F,0x40,0x01,0xFE,0x00,0xFF,0x80,0x2F,
  0x40,0x1F,0xF8,0x00,0x7F,0xF0,0x2F,0x40,0x1F,0xE0,0x00,0x0B,0xD0,0x2F,0x40,0x0B,
  0x40,0x00,0x01,0x80,0x2F,0x40,0x00,0x00,0x00,0x00,0x00,0x2F,0x40,0x00,0x00,0x00,
  0x00,0x00,0x2F,0x40,0x00,0x0A,0x80,0x00,0x00,0x2F,0x40,0x00,0x0F,0xC0,0x00,0x00,
  0x2F,0x40,0x00,0x0F,0xC0,0x00,0x00,0x05,0x00,0x00,0x0F,0xC0,0x00,0x00,0x00,0x00,
  0x00,0x0F,0xC0,0x00,0x00,0x00,0x00,0x00,0x0F,0xC0,0x00,0x00,0x00,0x00,0x00,0x0F,
  0xD5,0x55,0x55,0x55,0x40,0x00,0x0F,0xFF,0xFF,0xFF,0xFF,0xC0,0x00,0x0F,0xFF,0xFF,
  0xFF,0xFF,0xC0,0x00,0x00,0x00,0x00,0x00,0x00,0x00,0x00,0x00,0x00,0x00,0x00,0x15,
  0x00,0x00,0x00,0x00,0x00,0x00,0x2F,0x40,0x00,0x00,0xBD,0x00,0x00,0x2F,0x40,0x00,
  0x00,0xBD,0x00,0x00,0x2F,0x40,0x00,0x00,0xBD,0x00,0x00,0x2F,0x40,0x00,0x00,0xFD,
  0x00,0x00,0x2F,0x40,0x00,0x00,0xFE,0x00,0x00,0x2F,0x40,0x00,0x01,0xFE,0x00,0x00,
  0x2F,0x40,0x00,0x02,0xFF,0x40,0x00,0x2F,0x40,0x00,0x07,0xFF,0x80,0x00,0x2F,0x40,
  0x00,0x0B,0xDB,0xE0,0x00,0x2F,0x40,0x00,0x2F,0x83,0xF8,0x00,0x2F,0x40,0x00,0xBF,
  0x01,0xFF,0x40,0x2F,0x40,0x0B,0xFD,0x00,0x7F,0xF0,0x2F,0x40,0x2F,0xF4,0x00,0x0B,
  0xD0,0x2F,0x40,0x0F,0x80,0x00,0x01,0x80,0x2F,0x40,0x04,0x00,0x00,0x00,0x00,0x2F,
  0x40,0x00,0x00,0x00,0x00,0x00,0x15,0x00,0x00,0x00,0x1A,0xFF,0xFA,0x40,0x00,0x00,
  0x01,0xFF,0xFF,0xFF,0xF4,0x00,0x00,0x0B,0xFE,0x55,0x5B,0xFD,0x00,0x00,0x1F,0xD0,
  0x00,0x00,0xBF,0x00,0x00,0x2F,0x80,0x00,0x00,0x2F,0x40,0x00,0x2F,0x40,0x00,0x00,
  0x2F,0x40,0x00,0x1F,0x80,0x00,0x00,0x3F,0x40,0x00,0x0F,0xF4,0x00,0x06,0xFE,0x00,
  0x00,0x03,0xFF,0xFA,0xFF,0xF8,0x00,0x00,0x00,0x6F,0xFF,0xFF,0x90,0x00,0x00,0x00,
  0x01,0x5A,0x54,0x00,0x00,0x00,0x00,0x00,0x00,0x00,0x54,0x00,0x00,0x00,0x00,0x00,
  0x00,0xFC,0x00,0x00,0x00,0x40,0x00,0x00,0xFC,0x00,0x00,0x1F,0xFD,0x00,0x00,0xFC,
  0x00,0x00,0xBF,0xFF,0x80,0x00,0xFC,0x00,0x02,0xFE,0x6F,0xE0,0x00,0xFC,0x00,0x07,
  0xF4,0x07,0xF4,0x00,0xFC,0x00,0x0B,0xD0,0x01,0xF8,0x00,0xFC,0x00,0x0F,0xC0,0x00,
  0xFC,0x00,0xFC,0x00,0x1F,0x80,0x00,0xBD,0x00,0xFC,0x00,0x1F,0x40,0x00,0x7E,0x00,
  0xFC,0x00,0x2F,0x40,0x00,0x7E,0x00,0xFD,0x54,0x2F,0x40,0x00,0x3E,0x00,0xFF,0xFD,
  0x2F,0x40,0x00,0x7E,0x00,0xFF,0xFD,0x2F,0x40,0x00,0x7E,0x00,0xFC,0x00,0x1F,0x80,
  0x00,0x7D,0x00,0xFC,0x00,0x0F,0xC0,0x00,0xBD,0x00,0xFC,0x00,0x0B,0xD0,0x01,0xFC,
  0x00,0xFC,0x00,0x07,0xF0,0x03,0xF4,0x00,0xFC,0x00,0x02,0xFE,0x6F,0xE0,0x00,0xFC,
  0x00,0x00,0xFF,0xFF,0xC0,0x00,0xFC,0x00,0x00,0x2F,0xFE,0x00,0x00,0xFC,0x00,0x00,
  0x01,0x50,0x00,0x00,0xFC,0x00,0x00,0x00,0x00,0x00,0x00,0xFC,0x00,0x00,0x00,0x00,
  0x00,0x00,0xFC,0x00,0x00,0x00,0x00,0x00,0x00,0xFC,0x00,0x00,0x00,0x00,0x00,0x00,
  0xFC,0x00,0x00,0x00,0x00,0x00,0x00,0xFC,0x00,0x00,0x00,0x00,0x00,0x00,0xA8,0x00,
  0x00,0x00,0x00,0x00,0x00,0x54,0x00,0x00,0x00,0x00,0x00,0x00,0xFC,0x00,0x00,0x01,
  0x54,0x00,0x00,0xFC,0x00,0x00,0x2F,0xFF,0x80,0x00,0xFC,0x00,0x01,0xFF,0xFF,0xF4,
  0x00,0xFC,0x00,0x03,0xFD,0x57,0xFC,0x00,0xFC,0x00,0x0B,0xE0,0x00,0xBE,0x00,0xFC,
  0x00,0x1F,0xC0,0x00,0x3F,0x00,0xFC,0x00,0x1F,0x80,0x00,0x2F,0x40,0xFC,0x00,0x2F,
  0x40,0x00,0x2F,0x40,0xFF,0xFC,0x1F,0x80,0x00,0x2F,0x40,0xFF,0xFC,0x1F,0xC0,0x00,
  0x3F,0x00,0xFE,0x54,0x0B,0xE0,0x00,0xBE,0x00,0xFC,0x00,0x07,0xF9,0x17,0xFC,0x00,
  0xFC,0x00,0x01,0xFF,0xFF,0xF4,0x00,0xFC,0x00,0x00,0x2F,0xFF,0x80,0x00,0xFC,0x00,
  0x00,0x01,0x54,0x00,0x00,0xFC,0x00,0x00,0x00,0x00,0x00,0x00,0xFC,0x00,0x00,0x00,
  0x00,0x00,0x00,0xFC,0x00,0x00,0x2F,0x40,0x00,0x00,0xFC,0x00,0x00,0x2F,0x40,0x00,
  0x00,0xFC,0x00,0x00,0x2F,0x40,0x00,0x00,0x54,0x00,0x00,0x2F,0x40,0x00,0x00,0x00,
  0x00,0x00,0x2F,0x40,0x00,0x00,0x00,0x00,0x00,0x2F,0x40,0x00,0x00,0x00,0x00,0x00,
  0x2F,0x95,0x55,0x55,0x55,0x00,0x00,0x2F,0xFF,0xFF,0xFF,0xFF,0x40,0x00,0x2F,0xFF,
  0xFF,0xFF,0xFF,0x40,0x00,0x00,0x00,0x00,0x00,0x00,0x00,0x00,0x00,0x00,0x00,0x00,
  0x54,0x00,0x00,0x00,0x50,0x00,0x00,0xFC,0x00,0x00,0x6F,0xFF,0x40,0x00,0xFC,0x00,
  0x02,0xFF,0xFF,0xF4,0x00,0xFC,0x00,0x07,0xF9,0x16,0xFC,0x00,0xFC,0x00,0x0F,0xD0,
  0x00,0xBE,0x00,0xFC,0x00,0x1F,0x80,0x00,0x3F,0x00,0xFE,0x54,0x1F,0x40,0x00,0x2F,
  0x00,0xFF,0xFC,0x1F,0x40,0x00,0x3F,0x00,0xFF,0xFC,0x1F,0x80,0x00,0x3F,0x00,0xFC,
  0x00,0x0F,0xE0,0x00,0xBD,0x00,0xFC,0x00,0x07,0xF9,0x5B,0xF8,0x00,0xFC,0x00,0x01,
  0xFF,0xFF,0xE0,0x00,0xFC,0x00,0x00,0x1B,0xFE,0x40,0x00,0xFC,0x00,0x00,0x00,0x00,
  0x00,0x00,0xA8,0x00,0x00,0x00,0x00,0x00,0x00,0x00,0x00,0x00,0x3F,0xFF,0xFF,0xFF,
  0xFC,0x00,0x00,0x3F,0xFF,0xFF,0xFF,0xFC,0x00,0x00,0x15,0x55,0x55,0x55,0xFC,0x00,
  0x00,0x00,0x00,0x00,0x00,0xFC,0x00,0x00,0x00,0x00,0x00,0x00,0xFC,0x00,0x00,0x3F,
  0xFF,0xFF,0xFF,0xFC,0x00,0x00,0x3F,0xFF,0xFF,0xFF,0xFC,0x00,0x00,0x3F,0x55,0x55,
  0x55,0x54,0x00,0x00,0x3F,0x00,0x00,0x00,0x00,0x00,0x00,0x3F,0x00,0x00,0x00,0x00,
  0x00,0x00,0x3F,0xFF,0xFF,0xFF,0xFF,0x00,0x00,0x3F,0xFF,0xFF,0xFF,0xFF,0x00,0x00,
  0x15,0x55,0x55,0x55,0x55,0x00,0x00,0x00,0x00,0x00,0x00,0x15,0x00,0x00,0x00,0x00,
  0x00,0x00,0x2F,0x40,0x00,0x00,0x40,0x00,0x00,0x2F,0x40,0x00,0x1F,0xFE,0x00,0x00,
  0x2F,0x40,0x00,0xBF,0xFF,0x80,0x00,0x2F,0x40,0x02,0xFE,0x6F,0xE0,0x00,0x2F,0x40,
  0x07,0xF4,0x03,0xF4,0x00,0x2F,0x40,0x0B,0xD0,0x01,0xF8,0x00,0x2F,0x40,0x0F,0xC0,
  0x00,0xFC,0x00,0x2F,0x40,0x0F,0x80,0x00,0x7D,0x00,0x2F,0x40,0x1F,0x80,0x00,0x7E,
  0x00,0x2F,0x40,0x1F,0x40,0x00,0x7F,0xFF,0xFF,0x40,0x1F,0x40,0x00,0x3F,0xFF,0xFF,
  0x40,0x1F,0x40,0x00,0x7F,0xAA,0xAF,0x40,0x1F,0x80,0x00,0x7E,0x00,0x2F,0x40,0x1F,
  0x80,0x00,0x7D,0x00,0x2F,0x40,0x0F,0xC0,0x00,0xBC,0x00,0x2F,0x40,0x0B,0xD0,0x01,
  0xFC,0x00,0x2F,0x40,0x07,0xF4,0x03,0xF4,0x00,0x2F,0x40,0x02,0xFE,0x5F,0xE0,0x00,
  0x2F,0x40,0x00,0xBF,0xFF,0xC0,0x00,0x2F,0x40,0x00,0x2F,0xFE,0x00,0x00,0x2F,0x40,
  0x00,0x01,0x50,0x00,0x00,0x2F,0x40,0x00,0x00,0x00,0x00,0x00,0x2F,0x40,0x00,0x00,
  0x00,0x00,0x00,0x2F,0x40,0x00,0x00,0x00,0x00,0x00,0x2F,0x40,0x00,0x00,0x00,0x00,
  0x00,0x2F,0x40,0x00,0x00,0x00,0x00,0x00,0x2F,0x40,0x00,0x00,0x00,0x00,0x00,0x1A,
  0x40,0x00,0x00,0x00,0x00,0x00,0x05,0x40,0x00,0x00,0x00,0x00,0x69,0x0B,0xC0,0x00,
  0x00,0x00,0x00,0x7D,0x0B,0xC0,0x00,0x2F,0xE0,0x00,0x7D,0x0B,0xC0,0x01,0xFF,0xFC,
  0x00,0x7D,0x0B,0xC0,0x03,0xFE,0xFE,0x00,0x7D,0x0B,0xC0,0x07,0xE0,0x3F,0x40,0x7D,
  0x0B,0xC0,0x0F,0xC0,0x1F,0x80,0x7D,0x0B,0xC0,0x1F,0x80,0x0F,0xC0,0x7D,0x0B,0xC0,
  0x1F,0x40,0x0B,0xC0,0x7D,0x0B,0xC0,0x1F,0x40,0x07,0xD0,0x7D,0x0B,0xC0,0x2F,0x40,
  0x07,0xEA,0xBD,0x0B,0xC0,0x2F,0x00,0x07,0xFF,0xFD,0x0B,0xC0,0x2F,0x00,0x07,0xFA,
  0xFD,0x0B,0xC0,0x1F,0x40,0x07,0xD0,0x7D,0x0B,0xC0,0x1F,0x40,0x0B,0xD0,0x7D,0x0B,
  0xC0,0x1F,0x80,0x0B,0xC0,0x7D,0x0B,0xC0,0x0F,0xC0,0x0F,0x80,0x7D,0x0B,0xC0,0x0B,
  0xD0,0x2F,0x40,0x7D,0x0B,0xC0,0x07,0xF5,0xBF,0x00,0x7D,0x0B,0xC0,0x02,0xFF,0xFD,
  0x00,0x7D,0x0B,0xC0,0x00,0xBF,0xF4,0x00,0x7D,0x0B,0xC0,0x00,0x1A,0x40,0x00,0x7D,
  0x0B,0xC0,0x00,0x00,0x00,0x00,0x7D,0x0B,0xC0,0x00,0x00,0x00,0x00,0x7D,0x0B,0xC0,
  0x00,0x00,0x00,0x00,0x7D,0x0B,0xC0,0x00,0x00,0x00,0x00,0x7D,0x0B,0xC0,0x00,0x00,
  0x00,0x00,0x14,0x0B,0xC0,0x00,0x00,0x00,0x00,0x00,0x06,0x80,0x00,0x00,0x00,0x00,
  0x00,0x15,0x00,0x00,0x00,0x00,0x00,0x00,0x2F,0x40,0x00,0x05,0xA4,0x00,0x00,0x2F,
  0x40,0x00,0x7F,0xFF,0x80,0x00,0x2F,0x40,0x01,0xFF,0xFF,0xF4,0x00,0x2F,0x40,0x07,
  0xF9,0x07,0xFF,0xFF,0xFF,0x40,0x0F,0xD0,0x00,0xFF,0xFF,0xFF,0x40,0x1F,0x80,0x00,
  0x7F,0x55,0x6F,0x40,0x1F,0x40,0x00,0x3F,0x00,0x2F,0x40,0x2F,0x40,0x00,0x2F,0x00,
  0x2F,0x40,0x1F,0x40,0x00,0x3F,0x00,0x2F,0x40,0x1F,0x80,0x00,0x7F,0x55,0x6F,0x40,
  0x0F,0xD0,0x00,0xFF,0xFF,0xFF,0x40,0x07,0xF9,0x17,0xFF,0xFF,0xFF,0x40,0x01,0xFF,
  0xFF,0xF0,0x00,0x2F,0x40,0x00,0x6F,0xFF,0x80,0x00,0x2F,0x40,0x00,0x05,0x94,0x00,
  0x00,0x2F,0x40,0x00,0x00,0x00,0x00,0x00,0x2F,0x40,0x00,0x00,0x00,0x00,0x00,0x2F,
  0x40,0x00,0x0B,0xC0,0x00,0x00,0x2F,0x40,0x00,0x0B,0xC0,0x00,0x00,0x2F,0x40,0x00,
  0x0B,0xC0,0x00,0x00,0x15,0x00,0x00,0x0B,0xC0,0x00,0x00,0x00,0x00,0x00,0x0B,0xC0,
  0x00,0x00,0x00,0x00,0x00,0x0B,0xC0,0x00,0x00,0x00,0x00,0x00,0x0B,0xD5,0x55,0x55,
  0x55,0x40,0x00,0x0B,0xFF,0xFF,0xFF,0xFF,0xC0,0x00,0x0B,0xFF,0xFF,0xFF,0xFF,0xC0,
  0x00,0x00,0x00,0x00,0x00,0x00,0x00,0x00,0x00,0x00,0x00,0x00,0x00,0x00,0x00,0x01,
  0x6B,0xFF,0xE9,0x00,0x00,0x00,0x1B,0xFF,0xFF,0xFF,0xE0,0x00,0x00,0x7F,0xE5,0x55,
  0x6B,0xF8,0x00,0x00,0xFE,0x00,0x00,0x01,0xFD,0x00,0x01,0xFC,0x00,0x00,0x00,0x7E,
  0x00,0x00,0xFC,0x00,0x00,0x00,0xBE,0x00,0x00,0xBF,0x40,0x00,0x02,0xFD,0x00,0x00,
  0x2F,0xFA,0xAA,0xBF,0xF4,0x00,0x00,0x06,0xFF,0xFF,0xFF,0x90,0x00,0x00,0x00,0x16,
  0xAA,0x54,0x00,0x00,0x00,0x00,0x00,0x00,0x00,0x00,0x00,0x2A,0xAA,0xAA,0xAA,0xAA,
  0xAA,0xA4,0x3F,0xFF,0xFF,0xFF,0xFF,0xFF,0xF8,0x2A,0xAA,0xAA,0xFE,0xAA,0xAA,0xA4,
  0x00,0x00,0x00,0xBD,0x00,0x00,0x00,0x00,0x00,0x00,0xBD,0x00,0x00,0x00,0x00,0xFF,
  0xFF,0xFF,0xFF,0xFD,0x00,0x00,0xFF,0xFF,0xFF,0xFF,0xFD,0x00,0x00,0x55,0x55,0x55,
  0x55,0xBD,0x00,0x00,0x00,0x00,0x00,0x00,0xBD,0x00,0x00,0x6A,0xAA,0xAA,0xAA,0xBD,
  0x00,0x00,0xFF,0xFF,0xFF,0xFF,0xFD,0x00,0x00,0xFE,0xAA,0xAA,0xAA,0xA9,0x00,0x00,
  0xFC,0x00,0x00,0x00,0x00,0x00,0x00,0xFC,0x00,0x00,0x00,0x00,0x00,0x00,0xFF,0xFF,
  0xFF,0xFF,0xFF,0x00,0x00,0xFF,0xFF,0xFF,0xFF,0xFF,0x00,0x00,0x55,0x55,0x55,0x55,
  0x55,0x00,0x00,0x00,0x00,0x00,0x00,0x05,0x40,0x00,0x00,0x00,0x00,0x2A,0x0B,0xC0,
  0x00,0x06,0x94,0x00,0x3E,0x0B,0xC0,0x00,0xBF,0xFE,0x40,0x3E,0x0B,0xC0,0x02,0xFE,
  0xBF,0xC0,0x3E,0x0B,0xC0,0x0B,0xE0,0x07,0xE0,0x3E,0x0B,0xC0,0x0B,0xC0,0x02,0xF0,
  0x3E,0x0B,0xC0,0x0F,0x80,0x01,0xF4,0x3E,0x0B,0xC0,0x0F,0x80,0x02,0xF0,0x3E,0x0B,
  0xC0,0x0B,0xD0,0x07,0xF0,0x3E,0x0B,0xC0,0x03,0xFA,0x6F,0xD0,0x3E,0x0B,0xC0,0x01,
  0xBF,0xFF,0x40,0x3E,0x0B,0xC0,0x00,0x1A,0xA4,0x00,0x3E,0x0B,0xC0,0x00,0x00,0x00,
  0x00,0x3E,0x0B,0xC0,0x15,0x55,0x5A,0xAD,0x3E,0x0B,0xC0,0x7F,0xFF,0xFF,0xFD,0x3E,
  0x0B,0xC0,0x3F,0xFF,0xFE,0x94,0x3E,0x0B,0xC0,0x15,0x47,0xD0,0x00,0x3E,0x0B,0xC0,
  0x00,0x07,0xD0,0x00,0x7E,0x0B,0xC0,0x00,0x07,0xD0,0xFF,0xFE,0x0B,0xC0,0x00,0x07,
  0xD0,0xFF,0xFE,0x0B,0xC0,0x00,0x07,0xD0,0x55,0x7E,0x0B,0xC0,0x00,0x07,0xD0,0x00,
  0x3E,0x0B,0xC0,0x00,0x07,0xD0,0x00,0x3E,0x0B,0xC0,0x00,0x07,0xD0,0x00,0x3E,0x0B,
  0xC0,0x00,0x07,0xD0,0x00,0x3E,0x0B,0xC0,0x00,0x01,0x40,0x00,0x3E,0x0B,0xC0,0x00,
  0x00,0x00,0x00,0x14,0x0B,0xC0,0x00,0x00,0x00,0x00,0x00,0x06,0x80,0x00,0x00,0x6A,
  0xBE,0xA5,0x00,0x00,0x00,0x0B,0xFF,0xFF,0xFF,0xD0,0x00,0x00,0x7F,0xE9,0x55,0x6F,
  0xF8,0x00,0x00,0xFE,0x00,0x00,0x01,0xFD,0x00,0x00,0xFC,0x00,0x00,0x00,0x7E,0x00,
  0x00,0xFC,0x00,0x00,0x00,0xBE,0x00,0x00,0xBE,0x40,0x00,0x01,0xFD,0x00,0x00,0x3F,
  0xFA,0x96,0xAF,0xF8,0x00,0x00,0x0B,0xFF,0xFF,0xFF,0x90,0x00,0x00,0x00,0x5A,0xAA,
  0xA4,0x00,0x00,0x00,0x00,0x00,0x00,0x00,0x00,0x00,0x15,0x55,0x55,0x55,0x55,0x55,
  0x54,0x3F,0xFF,0xFF,0xFF,0xFF,0xFF,0xF8,0x3F,0xFF,0xFF,0xFF,0xFF,0xFF,0xF4,0x00,
  0x00,0x00,0x00,0x00,0x00,0x00,0x00,0x00,0x00,0x00,0x00,0x00,0x00,0x00,0xFF,0xFF,
  0xFF,0xFF,0xFD,0x00,0x00,0xFF,0xFF,0xFF,0xFF,0xFD,0x00,0x00,0x55,0x55,0x55,0x55,
  0xBD,0x00,0x00,0x00,0x00,0x00,0x00,0xBD,0x00,0x00,0x6A,0xAA,0xAA,0xAA,0xBD,0x00,
  0x00,0xFF,0xFF,0xFF,0xFF,0xFD,0x00,0x00,0xFE,0xAA,0xAA,0xAA,0xA9,0x00,0x00,0xFC,
  0x00,0x00,0x00,0x00,0x00,0x00,0xFC,0x00,0x00,0x00,0x00,0x00,0x00,0xFF,0xFF,0xFF,
  0xFF,0xFF,0x00,0x00,0xFF,0xFF,0xFF,0xFF,0xFF,0x00,0x00,0x55,0x55,0x55,0x55,0x55,
  0x00,0x00,0x00,0x00,0x00,0x00,0x15,0x00,0x00,0x00,0x00,0x00,0x00,0x2F,0x40,0x00,
  0x01,0x54,0x00,0x00,0x2F,0x40,0x00,0x2F,0xFF,0x80,0x00,0x2F,0x40,0x01,0xFF,0xFF,
  0xF4,0x00,0x2F,0x40,0x03,0xFD,0x57,0xFC,0x00,0x2F,0x40,0x0B,0xE0,0x00,0xBE,0x00,
  0x2F,0x40,0x0F,0xC0,0x00,0x3F,0x40,0x2F,0x40,0x1F,0x80,0x00,0x2F,0x40,0x2F,0x40,
  0x1F,0x80,0x00,0x1F,0x40,0x2F,0x40,0x1F,0x80,0x00,0x2F,0x40,0x2F,0x40,0x0F,0xC0,
  0x00,0x3F,0x40,0x2F,0x40,0x0B,0xE0,0x00,0xBE,0x00,0x2F,0x40,0x03,0xFD,0x56,0xFC,
  0x00,0x2F,0x40,0x01,0xFF,0xFF,0xF4,0x00,0x2F,0x40,0x00,0x2F,0xFF,0x80,0x00,0x2F,
  0x40,0x00,0x01,0x54,0x00,0x00,0x2F,0x40,0x00,0x00,0x00,0x00,0x00,0x2F,0x40,0x00,
  0x00,0x00,0x00,0x00,0x2F,0x40,0x00,0x0F,0xC0,0x00,0x00,0x2F,0x40,0x00,0x0F,0xC0,
  0x00,0x00,0x2F,0x40,0x00,0x0F,0xC0,0x00,0x00,0x00,0x00,0x00,0x0F,0xC0,0x00,0x00,
  0x00,0x00,0x00,0x0F,0xC0,0x00,0x00,0x00,0x00,0x00,0x0F,0xC0,0x00,0x00,0x00,0x00,
  0x00,0x0F,0xD5,0x55,0x55,0x55,0x40,0x00,0x0F,0xFF,0xFF,0xFF,0xFF,0xC0,0x00,0x0F,
  0xFF,0xFF,0xFF,0xFF,0xC0,0x00,0x00,0x00,0x00,0x00,0x00,0x00,0x00,0x00,0x00,0x00,
  0x00,0x54,0x00,0x00,0x00,0x00,0x00,0x00,0xFC,0x00,0x00,0x00,0x00,0x00,0x00,0xFC,
  0x00,0x1A,0xAA,0xAA,0xAA,0x40,0xFC,0x00,0x1F,0xFF,0xFF,0xFF,0xC0,0xFC,0x00,0x1F,
  0xFF,0xFF,0xFF,0x80,0xFC,0x00,0x00,0x00,0xF8,0x00,0x00,0xFC,0x00,0x00,0x00,0xF8,
  0x00,0x00,0xFC,0x00,0x00,0x00,0xF8,0x00,0x00,0xFC,0x00,0x00,0x01,0xF8,0x00,0x00,
  0xFC,0x00,0x00,0x01,0xFC,0x00,0x00,0xFC,0x00,0x00,0x01,0xFC,0x00,0x00,0xFD,0x54,
  0x00,0x02,0xFD,0x00,0x00,0xFF,0xFD,0x00,0x03,0xFF,0x00,0x00,0xFF,0xFD,0x00,0x0B,
  0xEF,0x40,0x00,0xFD,0x54,0x00,0x0F,0xCF,0x80,0x00,0xFC,0x00,0x00,0x2F,0x4B,0xE0,
  0x00,0xFC,0x00,0x00,0x7F,0x03,0xF4,0x00,0xFC,0x00,0x01,0xFD,0x01,0xFD,0x00,0xFC,
  0x00,0x07,0xF8,0x00,0xBF,0x80,0xFC,0x00,0x2F,0xE0,0x00,0x2F,0xE0,0xFC,0x00,0x3F,
  0x80,0x00,0x07,0xC0,0xFC,0x00,0x1D,0x00,0x00,0x00,0x40,0xFC,0x00,0x00,0x00,0x00,
  0x00,0x00,0xFC,0x00,0x00,0x00,0x00,0x00,0x00,0xFC,0x00,0x00,0x00,0x00,0x00,0x00,
  0xFC,0x00,0x00,0x00,0x00,0x00,0x00,0xFC,0x00,0x00,0x00,0x00,0x00,0x00,0xFC,0x00,
  0x00,0x00,0x00,0x00,0x00,0xA8,0x00,0x00,0x00,0x00,0x00,0x00,0x15,0x00,0x00,0x00,
  0x00,0x00,0x00,0x2F,0x40,0x05,0x55,0x55,0x55,0x40,0x2F,0x40,0x0F,0xFF,0xFF,0xFF,
  0xC0,0x2F,0x40,0x0F,0xFF,0xFF,0xFF,0xC0,0x2F,0x40,0x05,0x55,0xFD,0x55,0x40,0x2F,
  0x40,0x00,0x00,0xFC,0x00,0x00,0x2F,0x40,0x00,0x00,0xFD,0x00,0x00,0x2F,0x40,0x00,
  0x01,0xFD,0x00,0xAA,0xBF,0x40,0x00,0x02,0xFE,0x00,0xFF,0xFF,0x40,0x00,0x07,0xFF,
  0x40,0xAA,0xBF,0x40,0x00,0x0B,0xDF,0xC0,0x00,0x2F,0x40,0x00,0x2F,0x8B,0xF4,0x00,
  0x2F,0x40,0x00,0xBF,0x42,0xFD,0x00,0x2F,0x40,0x07,0xFD,0x00,0xFF,0xD0,0x2F,0x40,
  0x2F,0xF4,0x00,0x2F,0xD0,0x2F,0x40,0x1F,0x90,0x00,0x06,0x80,0x2F,0x40,0x05,0x00,
  0x00,0x00,0x00,0x2F,0x40,0x00,0x00,0x00,0x00,0x00,0x2F,0x40,0x00,0x0A,0x80,0x00,
  0x00,0x2F,0x40,0x00,0x0B,0xC0,0x00,0x00,0x2F,0x40,0x00,0x0B,0xC0,0x00,0x00,0x05,
  0x00,0x00,0x0B,0xC0,0x00,0x00,0x00,0x00,0x00,0x0B,0xC0,0x00,0x00,0x00,0x00,0x00,
  0x0B,0xC0,0x00,0x00,0x00,0x00,0x00,0x0B,0xD5,0x55,0x55,0x55,0x40,0x00,0x0B,0xFF,
  0xFF,0xFF,0xFF,0xC0,0x00,0x0B,0xFF,0xFF,0xFF,0xFF,0xC0,0x00,0x00,0x00,0x00,0x00,
  0x00,0x00,0x00,0x00,0x00,0x00,0x00,0x15,0x00,0x00,0x00,0x00,0x00,0x00,0x2F,0x40,
  0x05,0x55,0x55,0x55,0x40,0x2F,0x40,0x0F,0xFF,0xFF,0xFF,0xC0,0x2F,0x40,0x0F,0xFF,
  0xFF,0xFF,0xC0,0x2F,0x40,0x00,0x00,0xFC,0x00,0x00,0x2F,0x40,0x00,0x00,0xFD,0x00,
  0x00,0x2F,0x40,0x00,0x01,0xFD,0x00,0x55,0x6F,0x40,0x00,0x02,0xFE,0x00,0xBF,0xFF,
  0x40,0x00,0x03,0xFF,0x40,0xBF,0xFF,0x40,0x00,0x0B,0xEF,0x80,0x55,0x6F,0x40,0x00,
  0x1F,0xCB,0xE0,0x00,0x2F,0x40,0x00,0x7F,0x43,0xF8,0x00,0x2F,0x40,0x01,0xFE,0x01,
  0xFF,0x80,0x2F,0x40,0x1F,0xF8,0x00,0x7F,0xE0,0x2F,0x40,0x1F,0xE0,0x00,0x0B,0x80,
  0x2F,0x40,0x0A,0x40,0x00,0x00,0x00,0x2F,0x40,0x00,0x00,0x00,0x00,0x00,0x15,0x00,
  0x00,0x00,0x06,0xAF,0xA9,0x00,0x00,0x00,0x01,0xBF,0xFF,0xFF,0xE0,0x00,0x00,0x07,
  0xFE,0xA5,0xAB,0xFD,0x00,0x00,0x0F,0xE0,0x00,0x00,0xBF,0x00,0x00,0x1F,0x80,0x00,
  0x00,0x2F,0x40,0x00,0x1F,0x80,0x00,0x00,0x2F,0x40,0x00,0x1F,0xC0,0x00,0x00,0x3F,
  0x40,0x00,0x0F,0xF4,0x00,0x01,0xFE,0x00,0x00,0x03,0xFF,0xEA,0xBF,0xFC,0x00,0x00,
  0x00,0x7F,0xFF,0xFF,0xD0,0x00,0x00,0x00,0x01,0x6A,0x94,0x00,0x00,0x00,0x00,0x00,
  0x00,0x00,0x15,0x00,0x00,0x00,0x00,0x00,0x00,0x2F,0x40,0x01,0x55,0x55,0x55,0x50,
  0x2F,0x40,0x07,0xFF,0xFF,0xFF,0xE0,0x2F,0x40,0x07,0xFF,0xFF,0xFF,0xE0,0x2F,0x40,
  0x00,0x00,0x7F,0x00,0x00,0x2F,0x40,0x00,0x00,0xBF,0x00,0x00,0x2F,0x40,0x00,0x00,
  0xFF,0x80,0x00,0x2F,0x40,0x00,0x02,0xFF,0xD0,0x00,0x2F,0x40,0x00,0x0B,0xF7,0xF8,
  0x00,0x2F,0x40,0x00,0x7F,0xD1,0xFF,0x90,0x2F,0x40,0x0B,0xFF,0x40,0x7F,0xF4,0x2F,
  0x40,0x0B,0xF8,0x00,0x07,0xE0,0x2F,0x40,0x02,0x40,0x00,0x00,0x00,0x2F,0x40,0x00,
  0x00,0x00,0x00,0x00,0x2F,0x40,0x15,0x55,0x55,0x6A,0xBD,0x2F,0x40,0x3F,0xFF,0xFF,
  0xFF,0xFE,0x2F,0x40,0x2F,0xFF,0xFF,0xEA,0x54,0x2F,0x40,0x05,0x54,0x7F,0x00,0x00,
  0x2F,0x40,0x00,0x00,0x3F,0x00,0x00,0x2F,0x40,0x00,0x00,0x3F,0x00,0x00,0x2F,0x40,
  0x00,0x00,0x3F,0x00,0x00,0x2F,0x40,0x00,0x00,0x3F,0x00,0x00,0x2F,0x40,0x00,0x00,
  0x3F,0x00,0x00,0x2F,0x40,0x00,0x00,0x3F,0x00,0x00,0x2F,0x40,0x00,0x00,0x3F,0x00,
  0x00,0x2F,0x40,0x00,0x00,0x3F,0x00,0x00,0x2F,0x40,0x00,0x00,0x2A,0x00,0x00,0x2F,
  0x40,0x00,0x00,0x00,0x00,0x00,0x1A,0x40,0x00,0x00,0x00,0x00,0x00,0x15,0x00,0x00,
  0x00,0x00,0x00,0x00,0x2F,0x40,0x00,0x00,0x00,0x00,0x00,0x2F,0x40,0x0F,0xFF,0xFF,
  0xFF,0xE0,0x2F,0x40,0x0F,0xFF,0xFF,0xFF,0xE0,0x2F,0x40,0x05,0x55,0xBE,0x55,0x40,
  0x2F,0x40,0x00,0x00,0xBD,0x00,0x00,0x2F,0x40,0x00,0x00,0xBE,0x00,0x00,0x2F,0x40,
  0x00,0x00,0xFE,0x00,0x00,0x2F,0x40,0x00,0x01,0xFF,0x00,0x00,0x2F,0x40,0x00,0x02,
  0xFF,0x80,0x00,0x2F,0x40,0x00,0x07,0xEB,0xD0,0x00,0x2F,0x40,0x00,0x1F,0xD7,0xF4,
  0x00,0x2F,0x40,0x00,0x7F,0x82,0xFE,0x00,0x2F,0x40,0x02,0xFE,0x00,0xBF,0xE0,0x2F,
  0x40,0x1F,0xF8,0x00,0x1F,0xF0,0x2F,0x40,0x0F,0xD0,0x00,0x02,0xD0,0x2F,0x40,0x05,
  0x00,0x00,0x00,0x00,0x2F,0x40,0x00,0x00,0x00,0x00,0x00,0x2F,0x40,0x00,0x0A,0x80,
  0x00,0x00,0x2F,0x40,0x00,0x0F,0xC0,0x00,0x00,0x2F,0x40,0x00,0x0F,0xC0,0x00,0x00,
  0x00,0x00,0x00,0x0F,0xC0,0x00,0x00,0x00,0x00,0x00,0x0F,0xC0,0x00,0x00,0x00,0x00,
  0x00,0x0F,0xC0,0x00,0x00,0x00,0x00,0x00,0x0F,0xD5,0x55,0x55,0x55,0x40,0x00,0x0F,
  0xFF,0xFF,0xFF,0xFF,0xC0,0x00,0x0F,0xFF,0xFF,0xFF,0xFF,0xC0,0x00,0x00,0x00,0x00,
  0x00,0x00,0x00,0x00,0x00,0x00,0x00,0x00,0x05,0x40,0x00,0x07,0xD0,0x00,0x69,0x0F,
  0xC0,0x00,0x07,0xD0,0x00,0x7D,0x0F,0xC0,0x00,0x07,0xD0,0x00,0x7D,0x0F,0xC0,0x0F,
  0xFF,0xFF,0xF4,0x7D,0x0F,0xC0,0x1F,0xFF,0xFF,0xF4,0x7D,0x0F,0xC0,0x0A,0xAB,0xEA,
  0xA4,0x7D,0x0F,0xC0,0x00,0x07,0xE0,0x00,0x7D,0x0F,0xC0,0x00,0x0B,0xE0,0x15,0xBD,
  0x0F,0xC0,0x00,0x0B,0xF0,0x3F,0xFD,0x0F,0xC0,0x00,0x1F,0xF8,0x3F,0xFD,0x0F,0xC0,
  0x00,0x2F,0xBC,0x00,0x7D,0x0F,0xC0,0x00,0x7E,0x7F,0x00,0x7D,0x0F,0xC0,0x01,0xFC,
  0x2F,0xD0,0x7D,0x0F,0xC0,0x0B,0xF4,0x0B,0xF8,0x7D,0x0F,0xC0,0x2F,0xD0,0x02,0xF4,
  0x7D,0x0F,0xC0,0x0F,0x40,0x00,0x60,0x7D,0x0F,0xC0,0x00,0x00,0x00,0x00,0x14,0x0F,
  0xC0,0x00,0x00,0x00,0x0A,0x80,0x0F,0xC0,0x00,0x00,0x00,0x0F,0xC0,0x0A,0x80,0x00,
  0x00,0x00,0x1F,0xD0,0x00,0x00,0x00,0x00,0x00,0x2F,0xE0,0x00,0x00,0x00,0x00,0x00,
  0xBF,0xF4,0x00,0x00,0x00,0x00,0x02,0xF8,0xFE,0x00,0x00,0x00,0x00,0x1F,0xF0,0x7F,
  0xD0,0x00,0x00,0x06,0xFF,0x80,0x1F,0xFA,0x40,0x00,0x7F,0xFD,0x00,0x02,0xFF,0xF0,
  0x00,0x3F,0x90,0x00,0x00,0x2F,0xE0,0x00,0x14,0x00,0x00,0x00,0x00,0x50,0x00,0x00,
  0x00,0xBD,0x00,0x00,0x00,0x00,0x00,0x00,0xBD,0x00,0x00,0x00,0x00,0x00,0x00,0xBD,
  0x00,0x00,0x00,0x00,0x00,0x00,0xBD,0x00,0x00,0x00,0x02,0xFF,0xFF,0xFF,0xFF,0xFF,
  0x40,0x02,0xFF,0xFF,0xFF,0xFF,0xFF,0x40,0x01,0x55,0x55,0xBE,0x55,0x55,0x00,0x00,
  0x00,0x00,0xFE,0x00,0x00,0x00,0x00,0x00,0x01,0xFF,0x00,0x00,0x00,0x00,0x00,0x02,
  0xFF,0x40,0x00,0x00,0x00,0x00,0x0B,0xEF,0xD0,0x00,0x00,0x00,0x00,0x2F,0xC7,0xF4,
  0x00,0x00,0x00,0x01,0xFF,0x42,0xFE,0x40,0x00,0x00,0x6F,0xFC,0x00,0x7F,0xE4,0x00,
  0x07,0xFF,0xE0,0x00,0x1B,0xFF,0xC0,0x03,0xFD,0x00,0x54,0x01,0xBF,0x80,0x01,0x40,
  0x00,0xBD,0x00,0x05,0x40,0x00,0x00,0x00,0xBD,0x00,0x00,0x00,0x00,0x00,0x00,0xBD,
  0x00,0x00,0x00,0x00,0x00,0x00,0xBD,0x00,0x00,0x00,0x00,0x00,0x00,0xBD,0x00,0x00,
  0x00,0x15,0x55,0x55,0xBD,0x55,0x55,0x50,0x3F,0xFF,0xFF,0xFF,0xFF,0xFF,0xF8,0x3F,
  0xFF,0xFF,0xFF,0xFF,0xFF,0xF8,0x15,0x55,0x55,0x55,0x55,0x55,0x50,0x00,0x00,0x00,
  0x00,0x00,0x05,0x40,0x00,0x00,0x00,0x00,0x00,0x1F,0x80,0x01,0x55,0x55,0x55,0x40,
  0x1F,0x80,0x02,0xFF,0xFF,0xFF,0xC0,0x1F,0x80,0x02,0xFF,0xFF,0xFF,0xC0,0x1F,0x80,
  0x00,0x00,0x00,0x0B,0xC0,0x1F,0x80,0x00,0x00,0x00,0x0B,0xC0,0x1F,0x80,0x00,0x00,
  0x00,0x0B,0xC0,0x1F,0x80,0x01,0x56,0xAA,0xBF,0xC0,0x1F,0x80,0x07,0xFF,0xFF,0xFF,
  0xC0,0x1F,0x80,0x03,0xFF,0xA9,0x5F,0x80,0x1F,0x80,0x00,0x00,0x00,0x1F,0x80,0x1F,
  0x80,0x00,0x00,0x00,0x1F,0x80,0x1F,0x80,0x00,0x00,0x00,0x2F,0x40,0x1F,0x80,0x15,
  0x55,0x55,0xBF,0xAE,0x1F,0x80,0x3F,0xFF,0xFF,0xFF,0xFF,0x1F,0x80,0x3F,0xFF,0xFF,
  0xEA,0x55,0x1F,0x80,0x00,0x00,0xBD,0x00,0x00,0x1F,0x80,0x00,0x00,0x7D,0x00,0x00,
  0x1F,0x80,0x00,0x00,0x7D,0x00,0x00,0x1F,0x80,0x00,0x00,0x7D,0x00,0x00,0x1F,0x80,
  0x00,0x00,0x7D,0x00,0x00,0x1F,0x80,0x00,0x00,0x7D,0x00,0x00,0x1F,0x80,0x00,0x00,
  0x7D,0x00,0x00,0x1F,0x80,0x00,0x00,0x7D,0x00,0x00,0x1F,0x80,0x00,0x00,0x7D,0x00,
  0x00,0x1F,0x80,0x00,0x00,0x7D,0x00,0x00,0x1F,0x80,0x00,0x00,0x00,0x00,0x00,0x1F,
  0x80,0x00,0x00,0x00,0x00,0x00,0x1A,0x40,0x00,0xAA,0xAA,0xAA,0xAA,0xA9,0x00,0x00,
  0xFF,0xFF,0xFF,0xFF,0xFE,0x00,0x00,0xAA,0xAA,0xAA,0xAA,0xFE,0x00,0x00,0x00,0x00,
  0x00,0x00,0x7E,0x00,0x00,0x00,0x00,0x00,0x00,0x7E,0x00,0x00,0x00,0x00,0x00,0x00,
  0x7E,0x00,0x00,0x00,0x00,0x00,0x00,0x7D,0x00,0x00,0x00,0x00,0x00,0x00,0x7D,0x00,
  0x00,0x55,0x55,0xAA,0xAA,0xFD,0x00,0x02,0xFF,0xFF,0xFF,0xFF,0xFD,0x00,0x01,0xFF,
  0xFE,0xAA,0xA5,0xBD,0x00,0x00,0x40,0x00,0x00,0x00,0xBD,0x00,0x00,0x00,0x00,0x00,
  0x00,0xBC,0x00,0x00,0x00,0x00,0x00,0x00,0xFC,0x00,0x00,0x00,0x00,0x00,0x00,0xFC,
  0x00,0x00,0x00,0x00,0x00,0x01,0xF8,0x00,0x00,0x00,0x00,0x00,0x01,0xF8,0x00,0x00,
  0x00,0x00,0x00,0x00,0x54,0x00,0x00,0x00,0x00,0x00,0x00,0x00,0x00,0x2A,0xAA,0xAA,
  0xAA,0xAA,0xAA,0xA4,0x3F,0xFF,0xFF,0xFF,0xFF,0xFF,0xF8,0x3F,0xFF,0xFF,0xFF,0xFF,
  0xFF,0xF8,0x00,0x00,0x00,0x00,0x00,0x00,0x00,0x00,0x00,0x00,0x00,0x00,0x54,0x00,
  0x00,0x00,0x00,0x00,0x00,0xFC,0x00,0x00,0x00,0x00,0x00,0x00,0xFC,0x00,0x0B,0xFF,
  0xFF,0xFD,0x00,0xFC,0x00,0x0B,0xFF,0xFF,0xFD,0x00,0xFC,0x00,0x0B,0xEA,0xAA,0xA9,
  0x00,0xFC,0x00,0x0B,0xD0,0x00,0x00,0x00,0xFC,0x00,0x0B,0xD0,0x00,0x00,0x00,0xFC,
  0x00,0x0B,0xD0,0x00,0x00,0x00,0xFC,0x00,0x0B,0xD0,0x00,0x00,0x00,0xFC,0x00,0x0B,
  0xD0,0x00,0x00,0x00,0xFC,0x00,0x0B,0xFF,0xFF,0xFC,0x00,0xFD,0x54,0x0B,0xFF,0xFF,
  0xFC,0x00,0xFF,0xFD,0x0B,0xD5,0x55,0x54,0x00,0xFF,0xFD,0x0B,0xD0,0x00,0x00,0x00,
  0xFD,0x54,0x0B,0xD0,0x00,0x00,0x00,0xFC,0x00,0x0B,0xD0,0x00,0x00,0x00,0xFC,0x00,
  0x0B,0xD0,0x00,0x00,0x00,0xFC,0x00,0x0B,0xD0,0x00,0x00,0x00,0xFC,0x00,0x0B,0xE5,
  0x5A,0xAF,0xD0,0xFC,0x00,0x0B,0xFF,0xFF,0xFF,0xE0,0xFC,0x00,0x0B,0xFF,0xFF,0xA9,
  0x40,0xFC,0x00,0x00,0x00,0x00,0x00,0x00,0xFC,0x00,0x00,0x00,0x00,0x00,0x00,0xFC,
  0x00,0x00,0x00,0x00,0x00,0x00,0xFC,0x00,0x00,0x00,0x00,0x00,0x00,0xFC,0x00,0x00,
  0x00,0x00,0x00,0x00,0xFC,0x00,0x00,0x00,0x00,0x00,0x00,0xFC,0x00,0x00,0x00,0x00,
  0x00,0x00,0xA8,0x00,0x00,0x00,0x00,0x00,0x00,0x05,0x40,0x00,0x00,0x00,0x00,0x7D,
  0x0F,0xC0,0x06,0xAA,0xAA,0x80,0x7D,0x0F,0xC0,0x0B,0xFF,0xFF,0xC0,0x7D,0x0F,0xC0,
  0x0B,0xFF,0xFF,0x80,0x7D,0x0F,0xC0,0x0B,0xC0,0x00,0x00,0x7D,0x0F,0xC0,0x0B,0xC0,
  0x00,0x00,0x7D,0x0F,0xC0,0x0B,0xD0,0x00,0x15,0xBD,0x0F,0xC0,0x0B,0xFF,0xFF,0x3F,
  0xFD,0x0F,0xC0,0x0B,0xFF,0xFF,0x3F,0xFD,0x0F,0xC0,0x0B,0xD5,0x55,0x00,0x7D,0x0F,
  0xC0,0x0B,0xC0,0x00,0x00,0x7D,0x0F,0xC0,0x0B,0xC0,0x00,0x00,0x7D,0x0F,0xC0,0x0B,
  0xE5,0xAA,0xF4,0x7D,0x0F,0xC0,0x0B,0xFF,0xFF,0xF4,0x7D,0x0F,0xC0,0x0B,0xFF,0xEA,
  0x50,0x7D,0x0F,0xC0,0x00,0x00,0x00,0x00,0x7D,0x0F,0xC0,0x00,0x00,0x00,0x00,0x14,
  0x05,0x40,0x00,0x05,0x55,0x55,0x55,0x55,0x40,0x00,0x0B,0xFF,0xFF,0xFF,0xFF,0xC0,
  0x00,0x0B,0xFF,0xFF,0xFF,0xFF,0xC0,0x00,0x0B,0xD0,0x00,0x00,0x0F,0xC0,0x00,0x0B,
  0xC0,0x00,0x00,0x0F,0xC0,0x00,0x0B,0xC0,0x00,0x00,0x0F,0xC0,0x00,0x0B,0xC0,0x00,
  0x00,0x0F,0xC0,0x00,0x0B,0xD0,0x00,0x00,0x0F,0xC0,0x00,0x0B,0xFF,0xFF,0xFF,0xFF,
  0xC0,0x00,0x0B,0xFF,0xFF,0xFF,0xFF,0xC0,0x00,0x05,0x55,0x55,0x55,0x55,0x40,0x00,
  0x00,0x00,0x00,0x00,0x15,0x00,0x00,0x00,0x00,0x00,0x00,0x2F,0x40,0x00,0x00,0x00,
  0x00,0x00,0x2F,0x40,0x07,0xFF,0xFF,0xFF,0x80,0x2F,0x40,0x07,0xFF,0xFF,0xFF,0x80,
  0x2F,0x40,0x07,0xFA,0xAA,0xAA,0x40,0x2F,0x40,0x07,0xE0,0x00,0x00,0x00,0x2F,0x40,
  0x07,0xE0,0x00,0x00,0x00,0x2F,0x40,0x07,0xE0,0x00,0x00,0x00,0x2F,0x40,0x07,0xE0,
  0x00,0x00,0x00,0x2F,0x40,0x07,0xE0,0x00,0x00,0x00,0x2F,0x40,0x07,0xFF,0xFF,0xFE,
  0x00,0x2F,0x40,0x07,0xFF,0xFF,0xFE,0x00,0x2F,0x40,0x07,0xE5,0x55,0x55,0x00,0x2F,
  0x40,0x07,0xE0,0x00,0x00,0x00,0x2F,0x40,0x07,0xE0,0x00,0x00,0x00,0x2F,0x40,0x07,
  0xE0,0x00,0x00,0x00,0x2F,0x40,0x07,0xE0,0x00,0x00,0x00,0x2F,0x40,0x07,0xE0,0x00,
  0x00,0x00,0x2F,0x40,0x07,0xE5,0x56,0xAB,0xF4,0x2F,0x40,0x07,0xFF,0xFF,0xFF,0xF8,
  0x2F,0x40,0x07,0xFF,0xFF,0xA9,0x50,0x2F,0x40,0x00,0x00,0x00,0x00,0x00,0x2F,0x40,
  0x00,0x00,0x00,0x00,0x00,0x2F,0x40,0x00,0x00,0x00,0x00,0x00,0x2F,0x40,0x00,0x00,
  0x00,0x00,0x00,0x2F,0x40,0x00,0x00,0x00,0x00,0x00,0x2F,0x40,0x00,0x00,0x00,0x00,
  0x00,0x2F,0x40,0x00,0x00,0x00,0x00,0x00,0x1A,0x40,0x00,0x00,0x00,0x00,0x00,0x54,
  0x00,0x00,0x00,0x00,0x00,0x00,0xFC,0x00,0x00,0x00,0x00,0x00,0x00,0xFC,0x00,0x15,
  0x55,0x55,0x55,0x40,0xFC,0x00,0x2F,0xFF,0xFF,0xFF,0xC0,0xFC,0x00,0x2F,0xFF,0xFF,
  0xFF,0xC0,0xFC,0x00,0x00,0xBC,0x02,0xF4,0x00,0xFC,0x00,0x00,0xBC,0x02,0xF4,0x00,
  0xFC,0x00,0x00,0xBC,0x02,0xF4,0x00,0xFC,0x00,0x00,0xBC,0x02,0xF4,0x00,0xFC,0x00,
  0x00,0xBC,0x02,0xF4,0x00,0xFC,0x00,0x00,0xBC,0x02,0xF4,0x00,0xFD,0x54,0x00,0xBC,
  0x02,0xF4,0x00,0xFF,0xFD,0x00,0xBC,0x02,0xF4,0x00,0xFF,0xFD,0x00,0xBC,0x02,0xF4,
  0x00,0xFC,0x00,0x00,0xBC,0x02,0xF4,0x00,0xFC,0x00,0x00,0xBC,0x02,0xF4,0x00,0xFC,
  0x00,0x00,0xBC,0x02,0xF4,0x00,0xFC,0x00,0x00,0xBC,0x02,0xF4,0x50,0xFC,0x00,0x2A,
  0xFE,0xAB,0xFF,0xF4,0xFC,0x00,0x3F,0xFF,0xFF,0xFF,0xF4,0xFC,0x00,0x3F,0xEA,0xAA,
  0x54,0x00,0xFC,0x00,0x00,0x00,0x00,0x00,0x00,0xFC,0x00,0x00,0x00,0x00,0x00,0x00,
  0xFC,0x00,0x00,0x00,0x00,0x00,0x00,0xFC,0x00,0x00,0x00,0x00,0x00,0x00,0xFC,0x00,
  0x00,0x00,0x00,0x00,0x00,0xFC,0x00,0x00,0x00,0x00,0x00,0x00,0xFC,0x00,0x00,0x00,
  0x00,0x00,0x00,0xA8,0x00,0x00,0x00,0x00,0x00,0x00,0x54,0x00,0x00,0x01,0xF8,0x00,
  0x00,0xFC,0x00,0x00,0x01,0xF8,0x00,0x00,0xFC,0x00,0x00,0x01,0xF8,0x00,0x00,0xFC,
  0x00,0x00,0x01,0xF8,0x00,0x00,0xFC,0x00,0x3F,0xFF,0xFF,0xFF,0xD0,0xFC,0x00,0x3F,
  0xFF,0xFF,0xFF,0xD0,0xFC,0x00,0x15,0x55,0x55,0x55,0x50,0xFC,0x00,0x00,0x00,0x00,
  0x00,0x00,0xFC,0x00,0x00,0x00,0x54,0x00,0x00,0xFC,0x00,0x00,0x1F,0xFF,0x80,0x00,
  0xFC,0x00,0x00,0xBF,0xFF,0xF4,0x00,0xFC,0x00,0x02,0xFD,0x06,0xFC,0x00,0xFF,0xFD,
  0x07,0xF0,0x00,0xBE,0x00,0xFF,0xFD,0x07,0xD0,0x00,0x3F,0x00,0xFD,0x54,0x0B,0xD0,
  0x00,0x2F,0x40,0xFC,0x00,0x0B,0xD0,0x00,0x2F,0x40,0xFC,0x00,0x0B,0xD0,0x00,0x3F,
  0x00,0xFC,0x00,0x07,0xF0,0x00,0x7E,0x00,0xFC,0x00,0x02,0xFD,0x02,0xFC,0x00,0xFC,
  0x00,0x00,0xBF,0xFF,0xF4,0x00,0xFC,0x00,0x00,0x1F,0xFF,0x90,0x00,0xFC,0x00,0x00,
  0x01,0x65,0x00,0x00,0xFC,0x00,0x00,0x00,0x00,0x00,0x00,0xFC,0x00,0x00,0x00,0x00,
  0x00,0x00,0xFC,0x00,0x00,0x00,0x00,0x00,0x00,0xFC,0x00,0x00,0x00,0x00,0x00,0x00,
  0xFC,0x00,0x00,0x00,0x00,0x00,0x00,0xFC,0x00,0x00,0x00,0x00,0x00,0x00,0xA8,0x00,
  0x00,0x00,0x54,0x00,0x00,0x54,0x00,0x00,0x00,0xFC,0x00,0x00,0xFC,0x00,0x00,0x00,
  0xFC,0x00,0x00,0xFC,0x00,0x00,0x00,0xFC,0x00,0x00,0xFC,0x00,0x3F,0xFF,0xFF,0xFF,
  0xE0,0xFC,0x00,0x3F,0xFF,0xFF,0xFF,0xE0,0xFC,0x00,0x15,0x55,0x55,0x55,0x50,0xFC,
  0x00,0x00,0x00,0x50,0x00,0x00,0xFC,0x00,0x00,0x1F,0xFF,0x90,0x00,0xFC,0x00,0x00,
  0xBF,0xFF,0xF8,0x00,0xFD,0x54,0x02,0xF9,0x01,0xFD,0x00,0xFF,0xFC,0x03,0xF0,0x00,
  0x3F,0x00,0xFF,0xFC,0x07,0xE0,0x00,0x2F,0x00,0xFD,0x00,0x07,0xE0,0x00,0x2F,0x00,
  0xFC,0x00,0x03,0xF0,0x00,0x7F,0x00,0xFC,0x00,0x02,0xFD,0x46,0xFD,0x00,0xFC,0x00,
  0x00,0xBF,0xFF,0xF8,0x00,0xFC,0x00,0x00,0x1B,0xFF,0x90,0x00,0xFC,0x00,0x00,0x00,
  0x10,0x00,0x00,0xFC,0x00,0x00,0x00,0x00,0x00,0x00,0xFC,0x00,0x00,0x2F,0x40,0x00,
  0x00,0xFC,0x00,0x00,0x2F,0x40,0x00,0x00,0xA8,0x00,0x00,0x2F,0x40,0x00,0x00,0x00,
  0x00,0x00,0x2F,0x40,0x00,0x00,0x00,0x00,0x00,0x2F,0x40,0x00,0x00,0x00,0x00,0x00,
  0x2F,0x95,0x55,0x55,0x55,0x00,0x00,0x2F,0xFF,0xFF,0xFF,0xFF,0x40,0x00,0x2F,0xFF,
  0xFF,0xFF,0xFF,0x40,0x00,0x00,0x00,0x00,0x00,0x00,0x00,0x00,0x00,0x54,0x00,0x00,
  0x15,0x00,0x00,0x01,0xF8,0x00,0x00,0x2F,0x40,0x00,0x01,0xF8,0x00,0x00,0x2F,0x40,
  0x00,0x01,0xF8,0x00,0x00,0x2F,0x40,0x3F,0xFF,0xFF,0xFF,0xD0,0x2F,0x40,0x3F,0xFF,
  0xFF,0xFF,0xD0,0x2F,0x40,0x15,0x55,0x55,0x55,0x40,0x2F,0x40,0x00,0x00,0x50,0x00,
  0x00,0x2F,0x40,0x00,0x1B,0xFF,0x80,0x00,0x2F,0x40,0x00,0xBF,0xFF,0xF4,0x00,0x2F,
  0x40,0x02,0xFD,0x02,0xFC,0x2A,0xBF,0x40,0x03,0xF0,0x00,0xBE,0x3F,0xFF,0x40,0x07,
  0xE0,0x00,0x3E,0x2A,0xBF,0x40,0x07,0xE0,0x00,0x3E,0x00,0x2F,0x40,0x03,0xF0,0x00,
  0xBD,0x00,0x2F,0x40,0x01,0xFD,0x46,0xFC,0x00,0x2F,0x40,0x00,0xBF,0xFF,0xF4,0x00,
  0x2F,0x40,0x00,0x1B,0xFF,0x80,0x00,0x2F,0x40,0x00,0x00,0x10,0x00,0x00,0x2F,0x40,
  0x00,0x00,0x00,0x00,0x00,0x2F,0x40,0x00,0x0F,0xC0,0x00,0x00,0x2F,0x40,0x00,0x0F,
  0xC0,0x00,0x00,0x1A,0x40,0x00,0x0F,0xC0,0x00,0x00,0x00,0x00,0x00,0x0F,0xC0,0x00,
  0x00,0x00,0x00,0x00,0x0F,0xC0,0x00,0x00,0x00,0x00,0x00,0x0F,0xD5,0x55,0x55,0x55,
  0x40,0x00,0x0F,0xFF,0xFF,0xFF,0xFF,0xC0,0x00,0x0F,0xFF,0xFF,0xFF,0xFF,0xC0,0x00,
  0x00,0x00,0x00,0x00,0x00,0x00,0x00,0x00,0xA4,0x00,0x00,0x15,0x00,0x00,0x01,0xF8,
  0x00,0x00,0x2F,0x40,0x00,0x01,0xF8,0x00,0x00,0x2F,0x40,0x2A,0xAA,0xFE,0xAA,0x90,
  0x2F,0x40,0x3F,0xFF,0xFF,0xFF,0xD0,0x2F,0x40,0x2A,0xAA,0xAA,0xAA,0x90,0x2F,0x40,
  0x00,0x00,0x00,0x00,0x00,0x2F,0x40,0x00,0x06,0xBA,0x40,0x00,0x2F,0x40,0x00,0x7F,
  0xFF,0xE0,0x00,0x2F,0x40,0x01,0xFE,0x5B,0xF8,0x3F,0xFF,0x40,0x03,0xF4,0x00,0xBD,
  0x3F,0xFF,0x40,0x07,0xE0,0x00,0x3E,0x2A,0xAF,0x40,0x07,0xE0,0x00,0x3E,0x00,0x2F,
  0x40,0x03,0xF0,0x00,0xBE,0x00,0x2F,0x40,0x02,0xFD,0x46,0xFC,0x00,0x2F,0x40,0x00,
  0xBF,0xFF,0xF4,0x00,0x2F,0x40,0x00,0x1B,0xFE,0x40,0x00,0x2F,0x40,0x00,0x00,0x00,
  0x00,0x00,0x1A,0x40,0x00,0x00,0x00,0x00,0x00,0x00,0x00,0x00,0x0F,0xFF,0xFF,0xFF,
  0xFF,0x40,0x00,0x0F,0xFF,0xFF,0xFF,0xFF,0x40,0x00,0x0F,0xD5,0x55,0x55,0x6F,0x40,
  0x00,0x0F,0xC0,0x00,0x00,0x2F,0x40,0x00,0x0F,0xC0,0x00,0x00,0x2F,0x40,0x00,0x0F,
  0xC0,0x00,0x00,0x2F,0x40,0x00,0x0F,0xC0,0x00,0x00,0x2F,0x40,0x00,0x0F,0xFF,0xFF,
  0xFF,0xFF,0x40,0x00,0x0F,0xFF,0xFF,0xFF,0xFF,0x40,0x00,0x05,0x55,0x55,0x55,0x55,
  0x00,0x00,0x00,0x15,0x00,0x00,0x15,0x00,0x00,0x00,0x3F,0x00,0x00,0x2F,0x40,0x00,
  0x00,0x3F,0x00,0x00,0x2F,0x40,0x00,0x00,0x3F,0x00,0x00,0x2F,0x40,0x1F,0xFF,0xFF,
  0xFF,0xFC,0x2F,0x40,0x1F,0xFF,0xFF,0xFF,0xFC,0x2F,0x40,0x05,0x55,0x55,0x55,0x54,
  0x2F,0x40,0x00,0x00,0x04,0x00,0x00,0x2F,0x40,0x00,0x06,0xFF,0xE0,0x00,0x2F,0x40,
  0x00,0x2F,0xFF,0xFD,0x00,0x2F,0x40,0x00,0xBF,0x51,0xBF,0x40,0x2F,0x40,0x00,0xF8,
  0x00,0x1F,0xC0,0x2F,0x40,0x01,0xF4,0x00,0x0B,0xC0,0x2F,0x40,0x01,0xF4,0x00,0x0B,
  0xC0,0x2F,0x40,0x01,0xF8,0x00,0x1F,0xC0,0x2F,0x40,0x00,0xBE,0x51,0xBF,0x40,0x2F,
  0x40,0x00,0x2F,0xFF,0xFE,0x00,0x2F,0x40,0x00,0x06,0xFF,0xE4,0x00,0x2F,0x40,0x00,
  0x00,0x3E,0x00,0x00,0x2F,0x40,0x00,0x00,0x3E,0x00,0x00,0x2F,0x40,0x00,0x00,0x7F,
  0x55,0xA9,0x2F,0x40,0x2F,0xFF,0xFF,0xFF,0xFE,0x2F,0x40,0x2F,0xFF,0xFF,0xFF,0xA9,
  0x2F,0x40,0x15,0x55,0x55,0x40,0x00,0x2F,0x40,0x00,0x00,0x00,0x00,0x00,0x2F,0x40,
  0x00,0x00,0x00,0x00,0x00,0x2F,0x40,0x00,0x00,0x00,0x00,0x00,0x2F,0x40,0x00,0x00,
  0x00,0x00,0x00,0x2F,0x40,0x00,0x00,0x00,0x00,0x00,0x2A,0x00,0x00,0x00,0x00,0x69,
  0x00,0x00,0x00,0x00,0x00,0x00,0xBD,0x00,0x00,0x00,0x00,0x00,0x00,0xBD,0x00,0x00,
  0x00,0x0B,0xFF,0xFF,0xFF,0xFF,0xFF,0xC0,0x0B,0xFF,0xFF,0xFF,0xFF,0xFF,0xC0,0x05,
  0x55,0x55,0x55,0x55,0x55,0x40,0x00,0x00,0x16,0xAA,0x94,0x00,0x00,0x00,0x06,0xFF,
  0xFF,0xFF,0x80,0x00,0x00,0x2F,0xFA,0x55,0xAF,0xF4,0x00,0x00,0x7F,0x40,0x00,0x02,
  0xF8,0x00,0x00,0x7E,0x00,0x00,0x00,0xFC,0x00,0x00,0x7F,0x40,0x00,0x02,0xF8,0x00,
  0x00,0x2F,0xFA,0xAA,0xBF,0xF4,0x00,0x00,0x06,0xFF,0xFF,0xFF,0x80,0x00,0x00,0x00,
  0x15,0xAA,0x50,0x00,0x00,0x00,0x00,0x00,0x00,0x00,0x00,0x00,0x2A,0xAA,0xAA,0xAA,
  0xAA,0xAA,0xA4,0x3F,0xFF,0xFF,0xFF,0xFF,0xFF,0xF8,0x2A,0xAA,0xAA,0xAA,0xAA,0xAA,
  0xA4,0x00,0x00,0x00,0x00,0x00,0x00,0x00,0x00,0x00,0x00,0x00,0x00,0x00,0x00,0x01,
  0xFF,0xFF,0xFF,0xFF,0xFD,0x00,0x01,0xFF,0xFF,0xFF,0xFF,0xFD,0x00,0x00,0x00,0x00,
  0x00,0x00,0xBD,0x00,0x00,0x00,0x00,0x00,0x00,0xBD,0x00,0x00,0x00,0x00,0x00,0x00,
  0xBD,0x00,0x00,0x00,0x00,0x00,0x00,0xBD,0x00,0x00,0x00,0x00,0x00,0x00,0xBD,0x00,
  0x00,0x00,0x00,0x00,0x00,0x68,0x00,0x00,0x00,0x15,0x00,0x00,0x15,0x00,0x00,0x00,
  0x3E,0x00,0x00,0x2F,0x40,0x00,0x00,0x3E,0x00,0x00,0x2F,0x40,0x0A,0xAA,0xBF,0xAA,
  0xA4,0x2F,0x40,0x0F,0xFF,0xFF,0xFF,0xF8,0x2F,0x40,0x0A,0xAA,0xAA,0xAA,0xA4,0x2F,
  0x40,0x00,0x00,0x15,0x00,0x00,0x2F,0x40,0x00,0x1B,0xFF,0xF4,0x00,0x2F,0x40,0x00,
  0x7F,0xEA,0xFF,0x00,0x2F,0x40,0x00,0xFD,0x00,0x2F,0x80,0x2F,0x40,0x01,0xF4,0x00,
  0x0F,0xC0,0x2F,0x40,0x01,0xF4,0x00,0x0F,0xC0,0x2F,0x40,0x00,0xFD,0x00,0x2F,0x80,
  0x2F,0x40,0x00,0x7F,0xEB,0xFF,0x00,0x2F,0x40,0x00,0x1B,0xFF,0xF4,0x00,0x2F,0x40,
  0x00,0x00,0x15,0x00,0x00,0x2F,0x40,0x00,0x00,0x15,0x5A,0xA8,0x2F,0x40,0x2F,0xFF,
  0xFF,0xFF,0xFD,0x2F,0x40,0x2F,0xFF,0xFF,0xFA,0x94,0x2F,0x40,0x05,0x54,0x00,0x00,
  0x00,0x2F,0x40,0x00,0x00,0x00,0x00,0x00,0x2F,0x40,0x00,0x1F,0x80,0x00,0x00,0x2F,
  0x40,0x00,0x1F,0x80,0x00,0x00,0x15,0x00,0x00,0x1F,0x80,0x00,0x00,0x00,0x00,0x00,
  0x1F,0x80,0x00,0x00,0x00,0x00,0x00,0x1F,0x95,0x55,0x55,0x55,0x40,0x00,0x1F,0xFF,
  0xFF,0xFF,0xFF,0xC0,0x00,0x1F,0xFF,0xFF,0xFF,0xFF,0xC0,0x00,0x00,0x00,0x00,0x00,
  0x00,0x00,
};

static const KGlyph preg_m32_glyphs[] = {
  {0x0020,     0,  0,  0,   0,   0,  8},
  {0x0021,     0,  9, 24,   0, -23,  9},
  {0x0022,    72, 12, 23,   0, -23, 12},
  {0x0023,   141, 20, 23,   0, -23, 19},
  {0x0024,   256, 20, 29,   0, -26, 20},
  {0x0025,   401, 29, 25,   0, -24, 29},
  {0x0026,   601, 20, 24,   0, -23, 20},
  {0x0027,   721,  6, 23,   0, -23,  6},
  {0x0028,   767, 11, 31,   0, -24, 11},
  {0x0029,   860, 11, 31,   0, -24, 11},
  {0x002A,   953, 16, 23,   0, -23, 16},
  {0x002B,  1045, 20, 17,   0, -17, 20},
  {0x002C,  1130,  9, 10,   0,  -3,  9},
  {0x002D,  1160, 14, 11,   0, -11, 14},
  {0x002E,  1204,  8,  6,   0,  -5,  8},
  {0x002F,  1216, 11, 28,   0, -24, 11},
  {0x0030,  1300, 20, 24,   0, -23, 20},
  {0x0031,  1420, 14, 23,   0, -23, 14},
  {0x0032,  1512, 19, 23,   0, -23, 19},
  {0x0033,  1627, 20, 24,   0, -23, 20},
  {0x0034,  1747, 20, 23,   0, -23, 20},
  {0x0035,  1862, 19, 24,   0, -23, 19},
  {0x0036,  1982, 20, 24,   0, -23, 20},
  {0x0037,  2102, 18, 23,   0, -23, 18},
  {0x0038,  2217, 20, 24,   0, -23, 20},
  {0x0039,  2337, 20, 24,   0, -23, 20},
  {0x003A,  2457,  8, 18,   0, -17,  8},
  {0x003B,  2493,  8, 24,   0, -17,  8},
  {0x003C,  2541, 20, 18,   0, -18, 20},
  {0x003D,  2631, 20, 14,   0, -14, 20},
  {0x003E,  2701, 20, 18,   0, -18, 20},
  {0x003F,  2791, 16, 24,   0, -23, 16},
  {0x0040,  2887, 28, 27,   0, -23, 28},
  {0x0041,  3076, 21, 23,   0, -23, 21},
  {0x0042,  3214, 20, 23,   0, -23, 20},
  {0x0043,  3329, 23, 24,   0, -23, 23},
  {0x0044,  3473, 22, 23,   0, -23, 22},
  {0x0045,  3611, 18, 23,   0, -23, 18},
  {0x0046,  3726, 18, 23,   0, -23, 18},
  {0x0047,  3841, 23, 24,   0, -23, 23},
  {0x0048,  3985, 23, 23,   0, -23, 23},
  {0x0049,  4123,  8, 23,   0, -23,  8},
  {0x004A,  4169, 17, 24,   0, -23, 17},
  {0x004B,  4289, 20, 23,   0, -23, 20},
  {0x004C,  4404, 17, 23,   0, -23, 17},
  {0x004D,  4519, 28, 23,   0, -23, 28},
  {0x004E,  4680, 23, 23,   0, -23, 23},
  {0x004F,  4818, 24, 24,   0, -23, 24},
  {0x0050,  4962, 20, 23,   0, -23, 20},
  {0x0051,  5077, 24, 26,   0, -23, 24},
  {0x0052,  5233, 20, 23,   0, -23, 20},
  {0x0053,  5348, 20, 24,   0, -23, 20},
  {0x0054,  5468, 20, 23,   0, -23, 20},
  {0x0055,  5583, 23, 24,   0, -23, 23},
  {0x0056,  5727, 21, 23,   0, -23, 21},
  {0x0057,  5865, 30, 23,   0, -23, 30},
  {0x0058,  6049, 20, 23,   0, -23, 20},
  {0x0059,  6164, 21, 23,   0, -23, 21},
  {0x005A,  6302, 20, 23,   0, -23, 20},
  {0x005B,  6417, 11, 31,   0, -24, 11},
  {0x005C,  6510, 11, 28,   0, -24, 11},
  {0x005D,  6594, 11, 31,   0, -24, 11},
  {0x005E,  6687, 14, 22,   0, -22, 14},
  {0x005F,  6775, 16,  3,  -1,   0, 14},
  {0x0060,  6787, 15, 25,   0, -25, 15},
  {0x0061,  6887, 17, 19,   0, -18, 17},
  {0x0062,  6982, 19, 24,   0, -23, 19},
  {0x0063,  7102, 17, 19,   0, -18, 17},
  {0x0064,  7197, 19, 24,   0, -23, 19},
  {0x0065,  7317, 18, 19,   0, -18, 18},
  {0x0066,  7412, 11, 24,   0, -24, 11},
  {0x0067,  7484, 19, 25,   0, -18, 19},
  {0x0068,  7609, 18, 23,   0, -23, 18},
  {0x0069,  7724,  7, 24,   0, -24,  7},
  {0x006A,  7772,  8, 31,  -1, -24,  7},
  {0x006B,  7834, 17, 23,   0, -23, 17},
  {0x006C,  7949,  7, 23,   0, -23,  7},
  {0x006D,  7995, 27, 18,   0, -18, 27},
  {0x006E,  8121, 18, 18,   0, -18, 18},
  {0x006F,  8211, 18, 19,   0, -18, 18},
  {0x0070,  8306, 19, 25,   0, -18, 19},
  {0x0071,  8431, 19, 25,   0, -18, 19},
  {0x0072,  8556, 12, 18,   0, -18, 12},
  {0x0073,  8610, 16, 19,   0, -18, 16},
  {0x0074,  8686, 11, 23,   0, -22, 11},
  {0x0075,  8755, 18, 18,   0, -17, 18},
  {0x0076,  8845, 17, 17,   0, -17, 17},
  {0x0077,  8930, 25, 17,   0, -17, 25},
  {0x0078,  9049, 17, 17,   0, -17, 17},
  {0x0079,  9134, 17, 24,   0, -17, 17},
  {0x007A,  9254, 17, 17,   0, -17, 17},
  {0x007B,  9339, 11, 31,   0, -24, 11},
  {0x007C,  9432, 10, 30,   0, -26, 10},
  {0x007D,  9522, 11, 31,   0, -24, 11},
  {0x007E,  9615, 20, 12,   0, -12, 20},
  {0x00B7,  9675,  8, 13,   0, -13,  8},
  {0xAC12,  9701, 28, 29,   0, -26, 28},
  {0xAC31,  9904, 28, 29,   0, -26, 28},
  {0xAC80, 10107, 28, 29,   0, -26, 28},
  {0xACC4, 10310, 28, 29,   0, -26, 28},
  {0xACE0, 10513, 28, 23,   0, -23, 28},
  {0xAD6D, 10674, 28, 28,   0, -25, 28},
  {0xAE00, 10870, 28, 28,   0, -25, 28},
  {0xAE30, 11066, 28, 29,   0, -26, 28},
  {0xB2E4, 11269, 28, 29,   0, -26, 28},
  {0xB2E8, 11472, 28, 29,   0, -26, 28},
  {0xB300, 11675, 28, 29,   0, -26, 28},
  {0xB354, 11878, 28, 29,   0, -26, 28},
  {0xB450, 12081, 28, 27,   0, -24, 28},
  {0xB4DC, 12270, 28, 23,   0, -23, 28},
  {0xB514, 12431, 28, 29,   0, -26, 28},
  {0xB78C, 12634, 28, 29,   0, -26, 28},
  {0xB80C, 12837, 28, 29,   0, -26, 28},
  {0xB9AC, 13040, 28, 29,   0, -26, 28},
  {0xB9C1, 13243, 28, 29,   0, -26, 28},
  {0xBBFC, 13446, 28, 28,   0, -26, 28},
  {0xBC14, 13642, 28, 29,   0, -26, 28},
  {0xBC31, 13845, 28, 29,   0, -26, 28},
  {0xC0C9, 14048, 28, 29,   0, -26, 28},
  {0xC11C, 14251, 28, 29,   0, -26, 28},
  {0xC11E, 14454, 28, 29,   0, -26, 28},
  {0xC220, 14657, 28, 29,   0, -26, 28},
  {0xC2A4, 14860, 28, 24,   0, -24, 28},
  {0xC2DC, 15028, 28, 29,   0, -26, 28},
  {0xC2E0, 15231, 28, 29,   0, -26, 28},
  {0xC2F1, 15434, 28, 29,   0, -26, 28},
  {0xC544, 15637, 28, 29,   0, -26, 28},
  {0xC548, 15840, 28, 29,   0, -26, 28},
  {0xC54C, 16043, 28, 29,   0, -26, 28},
  {0xC5B4, 16246, 28, 29,   0, -26, 28},
  {0xC5D0, 16449, 28, 29,   0, -26, 28},
  {0xC5F0, 16652, 28, 29,   0, -26, 28},
  {0xC6B8, 16855, 28, 29,   0, -26, 28},
  {0xC6E8, 17058, 28, 29,   0, -26, 28},
  {0xC744, 17261, 28, 28,   0, -25, 28},
  {0xC778, 17457, 28, 29,   0, -26, 28},
  {0xC790, 17660, 28, 29,   0, -26, 28},
  {0xC804, 17863, 28, 29,   0, -26, 28},
  {0xC815, 18066, 28, 29,   0, -26, 28},
  {0xC950, 18269, 28, 29,   0, -26, 28},
  {0xC9C4, 18472, 28, 29,   0, -26, 28},
  {0xCCC7, 18675, 28, 29,   0, -26, 28},
  {0xCD08, 18878, 28, 25,   0, -25, 28},
  {0xD034, 19053, 28, 29,   0, -26, 28},
  {0xD06C, 19256, 28, 23,   0, -23, 28},
  {0xD0C0, 19417, 28, 29,   0, -26, 28},
  {0xD15C, 19620, 28, 29,   0, -26, 28},
  {0xD2F0, 19823, 28, 29,   0, -26, 28},
  {0xD30C, 20026, 28, 29,   0, -26, 28},
  {0xD558, 20229, 28, 29,   0, -26, 28},
  {0xD55C, 20432, 28, 29,   0, -26, 28},
  {0xD5CC, 20635, 28, 29,   0, -26, 28},
  {0xD5D8, 20838, 28, 29,   0, -26, 28},
  {0xD68C, 21041, 28, 29,   0, -26, 28},
  {0xD751, 21244, 28, 29,   0, -26, 28},
  {0xD770, 21447, 28, 29,   0, -26, 28},
};

static const KFontG preg_m32 = { preg_m32_bits, preg_m32_glyphs, 156, 31, 39 };
