// Pretendard-Medium.otf 48px 회색 4단계. tools/build_fonts.py 로 자동 생성.
// 한 픽셀 2비트. 0 = 안 그림, 1 = 연한 회색, 2 = 진한 회색, 3 = 검정
// 한 줄은 ceil(w/4) 바이트, 위 비트부터.
#pragma once
#include "kfont.h"

static const uint8_t preg_m48_bits[] = {
  0x01,0xFF,0xD0,0x00,0x01,0xFF,0xD0,0x00,0x00,0xFF,0xD0,0x00,0x00,0xFF,0xD0,0x00,
  0x00,0xFF,0xD0,0x00,0x00,0xFF,0xD0,0x00,0x00,0xFF,0xC0,0x00,0x00,0xFF,0xC0,0x00,
  0x00,0xFF,0xC0,0x00,0x00,0xFF,0xC0,0x00,0x00,0xFF,0xC0,0x00,0x00,0xFF,0xC0,0x00,
  0x00,0xFF,0xC0,0x00,0x00,0xFF,0xC0,0x00,0x00,0xFF,0xC0,0x00,0x00,0xFF,0xC0,0x00,
  0x00,0xFF,0xC0,0x00,0x00,0xFF,0xC0,0x00,0x00,0xFF,0xC0,0x00,0x00,0xFF,0xC0,0x00,
  0x00,0xFF,0xC0,0x00,0x00,0xBF,0xC0,0x00,0x00,0xBF,0xC0,0x00,0x00,0xBF,0xC0,0x00,
  0x00,0x15,0x40,0x00,0x00,0x00,0x00,0x00,0x00,0x00,0x00,0x00,0x00,0x04,0x00,0x00,
  0x00,0xBF,0x80,0x00,0x01,0xFF,0xD0,0x00,0x02,0xFF,0xE0,0x00,0x02,0xFF,0xE0,0x00,
  0x01,0xFF,0xD0,0x00,0x00,0xBF,0x80,0x00,0x00,0x04,0x00,0x00,0x07,0xF8,0x02,0xFD,
  0x00,0x07,0xFC,0x02,0xFD,0x00,0x07,0xFC,0x02,0xFD,0x00,0x07,0xFC,0x02,0xFD,0x00,
  0x07,0xFC,0x02,0xFD,0x00,0x07,0xFC,0x02,0xFD,0x00,0x07,0xFC,0x02,0xFD,0x00,0x07,
  0xFC,0x02,0xFD,0x00,0x07,0xFC,0x02,0xFD,0x00,0x07,0xFC,0x02,0xFD,0x00,0x07,0xFC,
  0x02,0xFD,0x00,0x07,0xFC,0x02,0xFD,0x00,0x00,0x00,0x00,0x00,0x00,0x00,0x00,0x00,
  0x00,0x00,0x00,0x00,0x00,0x00,0x00,0x00,0x00,0x00,0x00,0x00,0x00,0x00,0x00,0x00,
  0x00,0x00,0x00,0x00,0x00,0x00,0x00,0x00,0x00,0x00,0x00,0x00,0x00,0x00,0x00,0x00,
  0x00,0x00,0x00,0x00,0x00,0x00,0x00,0x00,0x00,0x00,0x00,0x00,0x00,0x00,0x00,0x00,
  0x00,0x00,0x00,0x00,0x00,0x00,0x00,0x00,0x00,0x00,0x00,0x00,0x00,0x00,0x00,0x00,
  0x00,0x00,0x00,0x00,0x00,0x00,0x00,0x00,0x00,0x00,0x00,0x00,0x00,0x00,0x00,0x00,
  0x00,0x00,0x00,0x00,0x00,0x00,0x00,0x00,0x00,0x00,0x00,0x00,0x00,0x00,0x00,0x00,
  0x00,0x00,0x00,0x00,0x00,0x00,0x00,0x00,0x2F,0xD0,0x00,0x2F,0xD0,0x00,0x00,0x00,
  0x3F,0xD0,0x00,0x3F,0xC0,0x00,0x00,0x00,0x3F,0xC0,0x00,0x3F,0xC0,0x00,0x00,0x00,
  0x7F,0xC0,0x00,0x7F,0x80,0x00,0x00,0x00,0x7F,0x80,0x00,0x7F,0x80,0x00,0x00,0x00,
  0xBF,0x80,0x00,0xBF,0x40,0x00,0x00,0x00,0xBF,0x40,0x00,0xBF,0x40,0x00,0x00,0x00,
  0xBF,0x40,0x00,0xFF,0x00,0x00,0x00,0x00,0xFF,0x00,0x00,0xFF,0x00,0x00,0x03,0xFF,
  0xFF,0xFF,0xFF,0xFF,0xFF,0x80,0x07,0xFF,0xFF,0xFF,0xFF,0xFF,0xFF,0x80,0x07,0xFF,
  0xFF,0xFF,0xFF,0xFF,0xFF,0x40,0x0B,0xFF,0xFF,0xFF,0xFF,0xFF,0xFF,0x40,0x00,0x03,
  0xFD,0x00,0x03,0xFD,0x00,0x00,0x00,0x03,0xFC,0x00,0x03,0xFC,0x00,0x00,0x00,0x03,
  0xFC,0x00,0x07,0xF8,0x00,0x00,0x00,0x07,0xF8,0x00,0x07,0xF8,0x00,0x00,0x00,0x07,
  0xF8,0x00,0x0B,0xF4,0x00,0x00,0x00,0x0B,0xF4,0x00,0x0B,0xF4,0x00,0x00,0x00,0x0B,
  0xF4,0x00,0x0F,0xF0,0x00,0x00,0x00,0x0F,0xF0,0x00,0x0F,0xF0,0x00,0x00,0x3F,0xFF,
  0xFF,0xFF,0xFF,0xFF,0xF8,0x00,0x7F,0xFF,0xFF,0xFF,0xFF,0xFF,0xF8,0x00,0x7F,0xFF,
  0xFF,0xFF,0xFF,0xFF,0xF4,0x00,0x7F,0xFF,0xFF,0xFF,0xFF,0xFF,0xF4,0x00,0x00,0x2F,
  0xD0,0x00,0x3F,0xD0,0x00,0x00,0x00,0x3F,0xC0,0x00,0x3F,0xC0,0x00,0x00,0x00,0x3F,
  0xC0,0x00,0x7F,0xC0,0x00,0x00,0x00,0x7F,0x80,0x00,0x7F,0x80,0x00,0x00,0x00,0x7F,
  0x80,0x00,0xBF,0x80,0x00,0x00,0x00,0xBF,0x40,0x00,0xBF,0x40,0x00,0x00,0x00,0xBF,
  0x40,0x00,0xFF,0x40,0x00,0x00,0x00,0xFF,0x00,0x00,0xFF,0x00,0x00,0x00,0x00,0xFF,
  0x00,0x00,0xFF,0x00,0x00,0x00,0x00,0x00,0x00,0x05,0x00,0x00,0x00,0x00,0x00,0x00,
  0x00,0x2F,0x40,0x00,0x00,0x00,0x00,0x00,0x00,0x2F,0x40,0x00,0x00,0x00,0x00,0x00,
  0x00,0x2F,0x40,0x00,0x00,0x00,0x00,0x00,0x00,0x6F,0x50,0x00,0x00,0x00,0x00,0x00,
  0x1B,0xFF,0xFE,0x40,0x00,0x00,0x00,0x01,0xFF,0xFF,0xFF,0xF4,0x00,0x00,0x00,0x0B,
  0xFF,0xFF,0xFF,0xFE,0x00,0x00,0x00,0x2F,0xFF,0xFF,0xFF,0xFF,0x80,0x00,0x00,0xBF,
  0xFE,0x6F,0x5B,0xFF,0xE0,0x00,0x00,0xFF,0xF4,0x2F,0x41,0xFF,0xF0,0x00,0x02,0xFF,
  0xC0,0x2F,0x40,0x7F,0xF4,0x00,0x02,0xFF,0x40,0x2F,0x40,0x2F,0xF8,0x00,0x03,0xFF,
  0x40,0x2F,0x40,0x1F,0xFC,0x00,0x03,0xFF,0x40,0x2F,0x40,0x00,0x00,0x00,0x03,0xFF,
  0x80,0x2F,0x40,0x00,0x00,0x00,0x02,0xFF,0xD0,0x2F,0x40,0x00,0x00,0x00,0x01,0xFF,
  0xF4,0x2F,0x40,0x00,0x00,0x00,0x00,0xBF,0xFE,0x6F,0x40,0x00,0x00,0x00,0x00,0x3F,
  0xFF,0xFF,0x40,0x00,0x00,0x00,0x00,0x0B,0xFF,0xFF,0xF9,0x00,0x00,0x00,0x00,0x02,
  0xFF,0xFF,0xFF,0xE0,0x00,0x00,0x00,0x00,0x1F,0xFF,0xFF,0xFD,0x00,0x00,0x00,0x00,
  0x01,0xBF,0xFF,0xFF,0x80,0x00,0x00,0x00,0x00,0x2F,0xBF,0xFF,0xE0,0x00,0x00,0x00,
  0x00,0x2F,0x46,0xFF,0xF4,0x00,0x00,0x00,0x00,0x2F,0x40,0x7F,0xF8,0x00,0x00,0x00,
  0x00,0x2F,0x40,0x1F,0xFC,0x00,0x00,0x00,0x00,0x2F,0x40,0x0F,0xFD,0x00,0x05,0x54,
  0x00,0x2F,0x40,0x0B,0xFD,0x00,0x0B,0xFE,0x00,0x2F,0x40,0x0F,0xFD,0x00,0x0B,0xFE,
  0x00,0x2F,0x40,0x1F,0xFD,0x00,0x07,0xFF,0x40,0x2F,0x40,0x2F,0xFC,0x00,0x03,0xFF,
  0xD0,0x2F,0x40,0xBF,0xF8,0x00,0x01,0xFF,0xFD,0x6F,0x5B,0xFF,0xF0,0x00,0x00,0xBF,
  0xFF,0xFF,0xFF,0xFF,0xD0,0x00,0x00,0x2F,0xFF,0xFF,0xFF,0xFF,0x40,0x00,0x00,0x07,
  0xFF,0xFF,0xFF,0xF9,0x00,0x00,0x00,0x00,0x6F,0xFF,0xFF,0x90,0x00,0x00,0x00,0x00,
  0x01,0x6F,0x94,0x00,0x00,0x00,0x00,0x00,0x00,0x2F,0x40,0x00,0x00,0x00,0x00,0x00,
  0x00,0x2F,0x40,0x00,0x00,0x00,0x00,0x00,0x00,0x2F,0x40,0x00,0x00,0x00,0x00,0x00,
  0x00,0x05,0x00,0x00,0x00,0x00,0x00,0x00,0x6A,0x40,0x00,0x00,0x00,0x00,0x00,0x00,
  0x00,0x00,0x07,0xFF,0xF8,0x00,0x00,0x00,0x07,0xF8,0x00,0x00,0x00,0x1F,0xFF,0xFE,
  0x00,0x00,0x00,0x1F,0xF0,0x00,0x00,0x00,0x3F,0xFA,0xFF,0x40,0x00,0x00,0x3F,0xD0,
  0x00,0x00,0x00,0x7F,0x80,0x7F,0xC0,0x00,0x00,0xBF,0x80,0x00,0x00,0x00,0xFF,0x00,
  0x2F,0xD0,0x00,0x01,0xFF,0x00,0x00,0x00,0x00,0xFE,0x00,0x1F,0xE0,0x00,0x03,0xFD,
  0x00,0x00,0x00,0x01,0xFE,0x00,0x0F,0xE0,0x00,0x0B,0xF8,0x00,0x00,0x00,0x01,0xFE,
  0x00,0x0F,0xF0,0x00,0x1F,0xF0,0x00,0x00,0x00,0x01,0xFE,0x00,0x0F,0xE0,0x00,0x3F,
  0xD0,0x00,0x00,0x00,0x00,0xFE,0x00,0x0F,0xE0,0x00,0xBF,0x80,0x00,0x00,0x00,0x00,
  0xFF,0x00,0x1F,0xE0,0x01,0xFF,0x00,0x00,0x00,0x00,0x00,0xBF,0x40,0x2F,0xD0,0x03,
  0xFD,0x00,0x00,0x00,0x00,0x00,0x7F,0xD5,0xBF,0x80,0x0B,0xF8,0x00,0x00,0x00,0x00,
  0x00,0x2F,0xFF,0xFF,0x40,0x1F,0xE0,0x00,0x00,0x00,0x00,0x00,0x0B,0xFF,0xFD,0x00,
  0x3F,0xD0,0x00,0x00,0x00,0x00,0x00,0x01,0xFF,0xE4,0x00,0xBF,0x40,0x00,0x00,0x00,
  0x00,0x00,0x00,0x00,0x00,0x01,0xFE,0x00,0x00,0x00,0x00,0x00,0x00,0x00,0x00,0x00,
  0x07,0xFC,0x00,0x00,0x00,0x00,0x00,0x00,0x00,0x00,0x00,0x0B,0xF4,0x00,0x2F,0xF9,
  0x00,0x00,0x00,0x00,0x00,0x00,0x2F,0xE0,0x01,0xFF,0xFF,0x80,0x00,0x00,0x00,0x00,
  0x00,0x7F,0xC0,0x07,0xFF,0xFF,0xE0,0x00,0x00,0x00,0x00,0x00,0xFF,0x40,0x0B,0xF9,
  0x5F,0xF4,0x00,0x00,0x00,0x00,0x02,0xFE,0x00,0x1F,0xE0,0x07,0xF8,0x00,0x00,0x00,
  0x00,0x07,0xFC,0x00,0x2F,0xD0,0x03,0xFC,0x00,0x00,0x00,0x00,0x0F,0xF4,0x00,0x2F,
  0xC0,0x02,0xFC,0x00,0x00,0x00,0x00,0x2F,0xE0,0x00,0x2F,0xC0,0x02,0xFD,0x00,0x00,
  0x00,0x00,0x7F,0xC0,0x00,0x3F,0xC0,0x02,0xFD,0x00,0x00,0x00,0x00,0xFF,0x40,0x00,
  0x2F,0xC0,0x02,0xFC,0x00,0x00,0x00,0x02,0xFE,0x00,0x00,0x2F,0xD0,0x03,0xFC,0x00,
  0x00,0x00,0x07,0xF8,0x00,0x00,0x1F,0xE0,0x07,0xFC,0x00,0x00,0x00,0x0F,0xF4,0x00,
  0x00,0x0F,0xF4,0x0B,0xF4,0x00,0x00,0x00,0x2F,0xD0,0x00,0x00,0x0B,0xFE,0xBF,0xF0,
  0x00,0x00,0x00,0x7F,0x80,0x00,0x00,0x03,0xFF,0xFF,0xD0,0x00,0x00,0x01,0xFF,0x00,
  0x00,0x00,0x00,0xBF,0xFF,0x40,0x00,0x00,0x00,0x00,0x00,0x00,0x00,0x00,0x1A,0xA4,
  0x00,0x00,0x00,0x00,0x00,0x54,0x00,0x00,0x00,0x00,0x00,0x00,0x2F,0xFF,0x90,0x00,
  0x00,0x00,0x00,0x01,0xFF,0xFF,0xF8,0x00,0x00,0x00,0x00,0x07,0xFF,0xFF,0xFF,0x00,
  0x00,0x00,0x00,0x0F,0xFF,0xFF,0xFF,0x80,0x00,0x00,0x00,0x2F,0xFD,0x02,0xFF,0xD0,
  0x00,0x00,0x00,0x3F,0xF4,0x00,0x7F,0xE0,0x00,0x00,0x00,0x3F,0xE0,0x00,0x3F,0xE0,
  0x00,0x00,0x00,0x7F,0xD0,0x00,0x3F,0xE0,0x00,0x00,0x00,0x7F,0xE0,0x00,0x3F,0xE0,
  0x00,0x00,0x00,0x3F,0xE0,0x00,0x7F,0xD0,0x00,0x00,0x00,0x2F,0xF4,0x01,0xFF,0xC0,
  0x00,0x00,0x00,0x1F,0xFC,0x0B,0xFF,0x40,0x00,0x00,0x00,0x0B,0xFE,0x2F,0xFE,0x00,
  0x00,0x00,0x00,0x07,0xFF,0xFF,0xF8,0x00,0x00,0x00,0x00,0x02,0xFF,0xFF,0xE0,0x00,
  0x00,0x00,0x00,0x00,0xBF,0xFF,0x40,0x00,0x00,0x00,0x00,0x01,0xFF,0xFD,0x00,0x00,
  0x00,0x00,0x00,0x0B,0xFF,0xFE,0x00,0x00,0x00,0x00,0x00,0x3F,0xFF,0xFF,0x80,0x01,
  0x55,0x00,0x00,0xBF,0xF9,0xFF,0xD0,0x03,0xFE,0x00,0x02,0xFF,0xE0,0xBF,0xF4,0x03,
  0xFD,0x00,0x07,0xFF,0x80,0x2F,0xFD,0x07,0xFD,0x00,0x0B,0xFE,0x00,0x0B,0xFF,0x0B,
  0xFD,0x00,0x0B,0xFD,0x00,0x03,0xFF,0x8F,0xFC,0x00,0x0F,0xFC,0x00,0x00,0xFF,0xEF,
  0xF8,0x00,0x0F,0xFC,0x00,0x00,0x7F,0xFF,0xF4,0x00,0x0F,0xFD,0x00,0x00,0x1F,0xFF,
  0xF0,0x00,0x0B,0xFE,0x00,0x00,0x0B,0xFF,0xD0,0x00,0x07,0xFF,0x80,0x00,0x0B,0xFF,
  0xC0,0x00,0x03,0xFF,0xE4,0x00,0xBF,0xFF,0xE0,0x00,0x01,0xFF,0xFF,0xEF,0xFF,0xFF,
  0xF8,0x00,0x00,0x7F,0xFF,0xFF,0xFF,0xEF,0xFE,0x00,0x00,0x1F,0xFF,0xFF,0xFE,0x47,
  0xFF,0x40,0x00,0x01,0xBF,0xFF,0xE4,0x01,0xFF,0xD0,0x00,0x00,0x05,0x55,0x00,0x00,
  0x00,0x00,0x07,0xF8,0x00,0x07,0xFC,0x00,0x07,0xFC,0x00,0x07,0xFC,0x00,0x07,0xFC,
  0x00,0x07,0xFC,0x00,0x07,0xFC,0x00,0x07,0xFC,0x00,0x07,0xFC,0x00,0x07,0xFC,0x00,
  0x07,0xFC,0x00,0x07,0xFC,0x00,0x00,0x00,0x00,0x00,0x00,0x00,0x00,0x00,0x00,0x00,
  0x00,0x00,0x00,0x00,0x00,0x00,0x00,0x00,0x00,0x00,0x00,0x00,0x00,0x00,0x00,0x00,
  0x00,0x00,0x00,0x00,0x00,0x00,0x00,0x00,0x00,0x00,0x00,0x00,0x00,0x00,0x00,0x00,
  0x00,0x00,0x00,0x00,0x00,0x00,0x00,0x00,0x00,0x00,0x00,0x00,0x00,0x00,0x00,0x00,
  0x00,0x00,0x00,0x00,0x00,0x00,0x00,0x00,0x00,0x00,0x01,0x55,0x00,0x00,0x00,0x0B,
  0xFC,0x00,0x00,0x00,0x0F,0xF4,0x00,0x00,0x00,0x2F,0xF0,0x00,0x00,0x00,0x7F,0xD0,
  0x00,0x00,0x00,0xFF,0xC0,0x00,0x00,0x01,0xFF,0x80,0x00,0x00,0x02,0xFF,0x40,0x00,
  0x00,0x03,0xFF,0x00,0x00,0x00,0x0B,0xFE,0x00,0x00,0x00,0x0F,0xFD,0x00,0x00,0x00,
  0x1F,0xFC,0x00,0x00,0x00,0x1F,0xF8,0x00,0x00,0x00,0x2F,0xF8,0x00,0x00,0x00,0x3F,
  0xF4,0x00,0x00,0x00,0x3F,0xF0,0x00,0x00,0x00,0x7F,0xF0,0x00,0x00,0x00,0xBF,0xE0,
  0x00,0x00,0x00,0xBF,0xE0,0x00,0x00,0x00,0xBF,0xD0,0x00,0x00,0x00,0xBF,0xD0,0x00,
  0x00,0x00,0xBF,0xD0,0x00,0x00,0x00,0xFF,0xD0,0x00,0x00,0x00,0xFF,0xD0,0x00,0x00,
  0x00,0xBF,0xD0,0x00,0x00,0x00,0xBF,0xD0,0x00,0x00,0x00,0xBF,0xD0,0x00,0x00,0x00,
  0xBF,0xE0,0x00,0x00,0x00,0xBF,0xE0,0x00,0x00,0x00,0x7F,0xE0,0x00,0x00,0x00,0x7F,
  0xF0,0x00,0x00,0x00,0x3F,0xF4,0x00,0x00,0x00,0x2F,0xF4,0x00,0x00,0x00,0x2F,0xF8,
  0x00,0x00,0x00,0x1F,0xFC,0x00,0x00,0x00,0x0F,0xFD,0x00,0x00,0x00,0x0B,0xFD,0x00,
  0x00,0x00,0x07,0xFE,0x00,0x00,0x00,0x02,0xFF,0x00,0x00,0x00,0x01,0xFF,0x80,0x00,
  0x00,0x00,0xFF,0xC0,0x00,0x00,0x00,0x7F,0xD0,0x00,0x00,0x00,0x2F,0xF0,0x00,0x00,
  0x00,0x1F,0xF4,0x00,0x00,0x00,0x0B,0xFC,0x00,0x00,0x00,0x02,0xA9,0x00,0x05,0x50,
  0x00,0x00,0x00,0x0F,0xF8,0x00,0x00,0x00,0x07,0xFD,0x00,0x00,0x00,0x02,0xFF,0x00,
  0x00,0x00,0x01,0xFF,0x40,0x00,0x00,0x00,0xFF,0xC0,0x00,0x00,0x00,0x7F,0xD0,0x00,
  0x00,0x00,0x3F,0xF0,0x00,0x00,0x00,0x2F,0xF4,0x00,0x00,0x00,0x1F,0xF8,0x00,0x00,
  0x00,0x0F,0xFC,0x00,0x00,0x00,0x0F,0xFD,0x00,0x00,0x00,0x0B,0xFE,0x00,0x00,0x00,
  0x07,0xFF,0x00,0x00,0x00,0x03,0xFF,0x00,0x00,0x00,0x03,0xFF,0x40,0x00,0x00,0x02,
  0xFF,0x80,0x00,0x00,0x02,0xFF,0x80,0x00,0x00,0x01,0xFF,0x80,0x00,0x00,0x01,0xFF,
  0x80,0x00,0x00,0x01,0xFF,0xC0,0x00,0x00,0x01,0xFF,0xC0,0x00,0x00,0x00,0xFF,0xC0,
  0x00,0x00,0x00,0xFF,0xC0,0x00,0x00,0x01,0xFF,0xC0,0x00,0x00,0x01,0xFF,0xC0,0x00,
  0x00,0x01,0xFF,0x80,0x00,0x00,0x01,0xFF,0x80,0x00,0x00,0x02,0xFF,0x80,0x00,0x00,
  0x02,0xFF,0x80,0x00,0x00,0x03,0xFF,0x40,0x00,0x00,0x03,0xFF,0x00,0x00,0x00,0x07,
  0xFF,0x00,0x00,0x00,0x0B,0xFE,0x00,0x00,0x00,0x0B,0xFD,0x00,0x00,0x00,0x0F,0xFC,
  0x00,0x00,0x00,0x1F,0xF8,0x00,0x00,0x00,0x2F,0xF4,0x00,0x00,0x00,0x3F,0xF0,0x00,
  0x00,0x00,0x7F,0xE0,0x00,0x00,0x00,0xBF,0xC0,0x00,0x00,0x01,0xFF,0x80,0x00,0x00,
  0x02,0xFF,0x00,0x00,0x00,0x07,0xFD,0x00,0x00,0x00,0x0B,0xF8,0x00,0x00,0x00,0x0A,
  0xA4,0x00,0x00,0x00,0x00,0x00,0x0F,0xE0,0x00,0x00,0x00,0x00,0x0F,0xE0,0x00,0x00,
  0x00,0x00,0x0B,0xE0,0x00,0x00,0x00,0x40,0x0B,0xD0,0x05,0x00,0x01,0xF4,0x0B,0xD0,
  0x2F,0x00,0x02,0xFE,0x0B,0xD1,0xFF,0x80,0x02,0xFF,0xDB,0xDB,0xFF,0x80,0x00,0x7F,
  0xFF,0xFF,0xF9,0x00,0x00,0x07,0xFF,0xFF,0x90,0x00,0x00,0x00,0xBF,0xFD,0x00,0x00,
  0x00,0x02,0xFF,0xFF,0x80,0x00,0x00,0x2F,0xFF,0xFF,0xF4,0x00,0x02,0xFF,0xEB,0xEF,
  0xFF,0x40,0x03,0xFF,0x4B,0xD2,0xFF,0x80,0x01,0xF8,0x0B,0xD0,0x6F,0x00,0x00,0x90,
  0x0B,0xD0,0x05,0x00,0x00,0x00,0x0B,0xE0,0x00,0x00,0x00,0x00,0x0F,0xE0,0x00,0x00,
  0x00,0x00,0x0F,0xE0,0x00,0x00,0x00,0x00,0x00,0x00,0x00,0x00,0x00,0x00,0x00,0x00,
  0x00,0x00,0x00,0x00,0x00,0x00,0x00,0x00,0x00,0x00,0x00,0x00,0x00,0x00,0x00,0x00,
  0x00,0x00,0x00,0x00,0x00,0x00,0x00,0x00,0x00,0x00,0x00,0x00,0x00,0x00,0x00,0x00,
  0x00,0x00,0x00,0x00,0x00,0x00,0x00,0x00,0x00,0x00,0x00,0x00,0x00,0x00,0x00,0x00,
  0x00,0x00,0x00,0x00,0x00,0x00,0x00,0x00,0x00,0x00,0x00,0x00,0x00,0x00,0x00,0x00,
  0x00,0x00,0x00,0x00,0x00,0x00,0x00,0x00,0x00,0x00,0x00,0x00,0x00,0x00,0x00,0x00,
  0x00,0x00,0x00,0x2A,0x90,0x00,0x00,0x00,0x00,0x00,0x00,0x3F,0xD0,0x00,0x00,0x00,
  0x00,0x00,0x00,0x3F,0xD0,0x00,0x00,0x00,0x00,0x00,0x00,0x3F,0xD0,0x00,0x00,0x00,
  0x00,0x00,0x00,0x3F,0xD0,0x00,0x00,0x00,0x00,0x00,0x00,0x3F,0xD0,0x00,0x00,0x00,
  0x00,0x00,0x00,0x3F,0xD0,0x00,0x00,0x00,0x00,0x00,0x00,0x3F,0xD0,0x00,0x00,0x00,
  0x00,0x00,0x00,0x3F,0xD0,0x00,0x00,0x00,0x00,0xAA,0xAA,0xBF,0xEA,0xAA,0xA4,0x00,
  0x00,0xFF,0xFF,0xFF,0xFF,0xFF,0xF4,0x00,0x00,0xFF,0xFF,0xFF,0xFF,0xFF,0xF4,0x00,
  0x00,0xFF,0xFF,0xFF,0xFF,0xFF,0xF4,0x00,0x00,0xFF,0xFF,0xFF,0xFF,0xFF,0xF4,0x00,
  0x00,0x00,0x00,0x3F,0xD0,0x00,0x00,0x00,0x00,0x00,0x00,0x3F,0xD0,0x00,0x00,0x00,
  0x00,0x00,0x00,0x3F,0xD0,0x00,0x00,0x00,0x00,0x00,0x00,0x3F,0xD0,0x00,0x00,0x00,
  0x00,0x00,0x00,0x3F,0xD0,0x00,0x00,0x00,0x00,0x00,0x00,0x3F,0xD0,0x00,0x00,0x00,
  0x00,0x00,0x00,0x3F,0xD0,0x00,0x00,0x00,0x00,0x00,0x00,0x3F,0xD0,0x00,0x00,0x00,
  0x00,0x00,0x00,0x3F,0xD0,0x00,0x00,0x00,0x00,0x00,0x00,0x00,0x00,0x00,0x00,0x00,
  0x00,0x00,0x00,0x00,0x00,0x00,0x00,0x00,0x00,0x55,0x40,0x00,0x01,0xFF,0xC0,0x00,
  0x01,0xFF,0x80,0x00,0x02,0xFF,0x40,0x00,0x03,0xFF,0x00,0x00,0x03,0xFE,0x00,0x00,
  0x07,0xFD,0x00,0x00,0x07,0xFC,0x00,0x00,0x0B,0xFC,0x00,0x00,0x0F,0xF8,0x00,0x00,
  0x0F,0xF4,0x00,0x00,0x1F,0xF0,0x00,0x00,0x1F,0xE0,0x00,0x00,0x1A,0x90,0x00,0x00,
  0x01,0x55,0x55,0x55,0x50,0x00,0x03,0xFF,0xFF,0xFF,0xF0,0x00,0x03,0xFF,0xFF,0xFF,
  0xF0,0x00,0x03,0xFF,0xFF,0xFF,0xF0,0x00,0x02,0xAA,0xAA,0xAA,0xA0,0x00,0x00,0x00,
  0x00,0x00,0x00,0x00,0x00,0x00,0x00,0x00,0x00,0x00,0x00,0x00,0x00,0x00,0x00,0x00,
  0x00,0x00,0x00,0x00,0x00,0x00,0x00,0x00,0x00,0x00,0x00,0x00,0x00,0x00,0x00,0x00,
  0x00,0x00,0x00,0x00,0x00,0x00,0x00,0x00,0x00,0x00,0x00,0x00,0x00,0x00,0x00,0x00,
  0x00,0x00,0x00,0x00,0x00,0x00,0x00,0x00,0x00,0x00,0x00,0x00,0x00,0x00,0x00,0x00,
  0x00,0x00,0x00,0x00,0x00,0x00,0x00,0x04,0x00,0x00,0x00,0xBF,0x40,0x00,0x02,0xFF,
  0xD0,0x00,0x03,0xFF,0xE0,0x00,0x03,0xFF,0xE0,0x00,0x02,0xFF,0xD0,0x00,0x00,0xBF,
  0x40,0x00,0x00,0x04,0x00,0x00,0x00,0x00,0x01,0xA9,0x00,0x00,0x00,0x02,0xFE,0x00,
  0x00,0x00,0x03,0xFD,0x00,0x00,0x00,0x07,0xFC,0x00,0x00,0x00,0x0B,0xFC,0x00,0x00,
  0x00,0x0B,0xF8,0x00,0x00,0x00,0x0F,0xF4,0x00,0x00,0x00,0x1F,0xF0,0x00,0x00,0x00,
  0x2F,0xE0,0x00,0x00,0x00,0x3F,0xE0,0x00,0x00,0x00,0x3F,0xD0,0x00,0x00,0x00,0x7F,
  0xC0,0x00,0x00,0x00,0xBF,0x80,0x00,0x00,0x00,0xFF,0x40,0x00,0x00,0x01,0xFF,0x40,
  0x00,0x00,0x02,0xFF,0x00,0x00,0x00,0x02,0xFE,0x00,0x00,0x00,0x03,0xFD,0x00,0x00,
  0x00,0x07,0xFC,0x00,0x00,0x00,0x0B,0xFC,0x00,0x00,0x00,0x0F,0xF8,0x00,0x00,0x00,
  0x0F,0xF4,0x00,0x00,0x00,0x1F,0xF0,0x00,0x00,0x00,0x2F,0xE0,0x00,0x00,0x00,0x3F,
  0xE0,0x00,0x00,0x00,0x7F,0xD0,0x00,0x00,0x00,0x7F,0xC0,0x00,0x00,0x00,0xBF,0x80,
  0x00,0x00,0x00,0xFF,0x40,0x00,0x00,0x01,0xFF,0x40,0x00,0x00,0x02,0xFF,0x00,0x00,
  0x00,0x02,0xFE,0x00,0x00,0x00,0x03,0xFD,0x00,0x00,0x00,0x07,0xFC,0x00,0x00,0x00,
  0x0B,0xFC,0x00,0x00,0x00,0x0F,0xF8,0x00,0x00,0x00,0x0F,0xF4,0x00,0x00,0x00,0x1F,
  0xF0,0x00,0x00,0x00,0x2F,0xE0,0x00,0x00,0x00,0x3F,0xD0,0x00,0x00,0x00,0x7F,0xD0,
  0x00,0x00,0x00,0x00,0x00,0x00,0x00,0x00,0x00,0x00,0x00,0x15,0x40,0x00,0x00,0x00,
  0x00,0x00,0x1B,0xFF,0xF9,0x00,0x00,0x00,0x00,0x00,0x7F,0xFF,0xFF,0xD0,0x00,0x00,
  0x00,0x02,0xFF,0xFF,0xFF,0xF4,0x00,0x00,0x00,0x0B,0xFF,0xFF,0xFF,0xFD,0x00,0x00,
  0x00,0x2F,0xFF,0x40,0x6F,0xFF,0x00,0x00,0x00,0x3F,0xF8,0x00,0x07,0xFF,0x80,0x00,
  0x00,0xBF,0xF0,0x00,0x01,0xFF,0xD0,0x00,0x00,0xFF,0xD0,0x00,0x00,0xBF,0xE0,0x00,
  0x01,0xFF,0xC0,0x00,0x00,0x7F,0xF0,0x00,0x02,0xFF,0x80,0x00,0x00,0x3F,0xF4,0x00,
  0x03,0xFF,0x40,0x00,0x00,0x2F,0xF8,0x00,0x03,0xFF,0x00,0x00,0x00,0x1F,0xF8,0x00,
  0x07,0xFF,0x00,0x00,0x00,0x1F,0xFC,0x00,0x07,0xFE,0x00,0x00,0x00,0x0F,0xFC,0x00,
  0x0B,0xFE,0x00,0x00,0x00,0x0F,0xFC,0x00,0x0B,0xFE,0x00,0x00,0x00,0x0F,0xFD,0x00,
  0x0B,0xFE,0x00,0x00,0x00,0x0F,0xFD,0x00,0x0B,0xFE,0x00,0x00,0x00,0x0F,0xFD,0x00,
  0x0B,0xFE,0x00,0x00,0x00,0x0F,0xFD,0x00,0x0B,0xFE,0x00,0x00,0x00,0x0F,0xFC,0x00,
  0x07,0xFE,0x00,0x00,0x00,0x0F,0xFC,0x00,0x07,0xFE,0x00,0x00,0x00,0x1F,0xFC,0x00,
  0x07,0xFF,0x00,0x00,0x00,0x1F,0xF8,0x00,0x03,0xFF,0x40,0x00,0x00,0x2F,0xF8,0x00,
  0x02,0xFF,0x40,0x00,0x00,0x3F,0xF4,0x00,0x01,0xFF,0xC0,0x00,0x00,0x7F,0xF0,0x00,
  0x00,0xFF,0xD0,0x00,0x00,0xBF,0xE0,0x00,0x00,0xBF,0xF0,0x00,0x01,0xFF,0xD0,0x00,
  0x00,0x7F,0xF8,0x00,0x07,0xFF,0x80,0x00,0x00,0x2F,0xFF,0x40,0x6F,0xFF,0x40,0x00,
  0x00,0x0B,0xFF,0xFF,0xFF,0xFD,0x00,0x00,0x00,0x03,0xFF,0xFF,0xFF,0xF8,0x00,0x00,
  0x00,0x00,0xBF,0xFF,0xFF,0xD0,0x00,0x00,0x00,0x00,0x1B,0xFF,0xFE,0x00,0x00,0x00,
  0x00,0x00,0x00,0x55,0x40,0x00,0x00,0x00,0x00,0x00,0x0B,0xFF,0x00,0x00,0x00,0x00,
  0x7F,0xFF,0x00,0x00,0x00,0x02,0xFF,0xFF,0x00,0x00,0x00,0x1F,0xFF,0xFF,0x00,0x00,
  0x00,0xBF,0xFF,0xFF,0x00,0x00,0x07,0xFF,0xFB,0xFF,0x00,0x00,0x0B,0xFF,0x87,0xFF,
  0x00,0x00,0x0B,0xF9,0x07,0xFF,0x00,0x00,0x0B,0xD0,0x07,0xFF,0x00,0x00,0x0A,0x00,
  0x07,0xFF,0x00,0x00,0x04,0x00,0x07,0xFF,0x00,0x00,0x00,0x00,0x07,0xFF,0x00,0x00,
  0x00,0x00,0x07,0xFF,0x00,0x00,0x00,0x00,0x07,0xFF,0x00,0x00,0x00,0x00,0x07,0xFF,
  0x00,0x00,0x00,0x00,0x07,0xFF,0x00,0x00,0x00,0x00,0x07,0xFF,0x00,0x00,0x00,0x00,
  0x07,0xFF,0x00,0x00,0x00,0x00,0x07,0xFF,0x00,0x00,0x00,0x00,0x07,0xFF,0x00,0x00,
  0x00,0x00,0x07,0xFF,0x00,0x00,0x00,0x00,0x07,0xFF,0x00,0x00,0x00,0x00,0x07,0xFF,
  0x00,0x00,0x00,0x00,0x07,0xFF,0x00,0x00,0x00,0x00,0x07,0xFF,0x00,0x00,0x00,0x00,
  0x07,0xFF,0x00,0x00,0x00,0x00,0x07,0xFF,0x00,0x00,0x00,0x00,0x07,0xFF,0x00,0x00,
  0x00,0x00,0x07,0xFF,0x00,0x00,0x00,0x00,0x07,0xFF,0x00,0x00,0x00,0x00,0x07,0xFF,
  0x00,0x00,0x00,0x00,0x07,0xFF,0x00,0x00,0x00,0x00,0x07,0xFF,0x00,0x00,0x00,0x00,
  0x07,0xFF,0x00,0x00,0x00,0x00,0x00,0x55,0x40,0x00,0x00,0x00,0x00,0x00,0x2F,0xFF,
  0xF9,0x00,0x00,0x00,0x00,0x02,0xFF,0xFF,0xFF,0x80,0x00,0x00,0x00,0x0B,0xFF,0xFF,
  0xFF,0xF4,0x00,0x00,0x00,0x2F,0xFF,0xFF,0xFF,0xFD,0x00,0x00,0x00,0xBF,0xFD,0x40,
  0x6F,0xFF,0x00,0x00,0x00,0xFF,0xE0,0x00,0x07,0xFF,0x40,0x00,0x01,0xFF,0xC0,0x00,
  0x02,0xFF,0x80,0x00,0x02,0xFF,0x40,0x00,0x00,0xFF,0xC0,0x00,0x03,0xFF,0x00,0x00,
  0x00,0xFF,0xD0,0x00,0x03,0xFF,0x00,0x00,0x00,0xBF,0xD0,0x00,0x00,0x00,0x00,0x00,
  0x00,0xFF,0xC0,0x00,0x00,0x00,0x00,0x00,0x00,0xFF,0xC0,0x00,0x00,0x00,0x00,0x00,
  0x02,0xFF,0x80,0x00,0x00,0x00,0x00,0x00,0x03,0xFF,0x40,0x00,0x00,0x00,0x00,0x00,
  0x0B,0xFE,0x00,0x00,0x00,0x00,0x00,0x00,0x2F,0xFC,0x00,0x00,0x00,0x00,0x00,0x00,
  0x7F,0xF4,0x00,0x00,0x00,0x00,0x00,0x01,0xFF,0xE0,0x00,0x00,0x00,0x00,0x00,0x07,
  0xFF,0x80,0x00,0x00,0x00,0x00,0x00,0x1F,0xFE,0x00,0x00,0x00,0x00,0x00,0x00,0x7F,
  0xF8,0x00,0x00,0x00,0x00,0x00,0x01,0xFF,0xE0,0x00,0x00,0x00,0x00,0x00,0x07,0xFF,
  0x80,0x00,0x00,0x00,0x00,0x00,0x1F,0xFE,0x00,0x00,0x00,0x00,0x00,0x00,0x7F,0xFC,
  0x00,0x00,0x00,0x00,0x00,0x01,0xFF,0xF0,0x00,0x00,0x00,0x00,0x00,0x07,0xFF,0xC0,
  0x00,0x00,0x00,0x00,0x00,0x1F,0xFF,0x00,0x00,0x00,0x00,0x00,0x00,0x7F,0xFC,0x00,
  0x00,0x00,0x00,0x00,0x01,0xFF,0xF9,0x55,0x55,0x55,0x50,0x00,0x03,0xFF,0xFF,0xFF,
  0xFF,0xFF,0xE0,0x00,0x03,0xFF,0xFF,0xFF,0xFF,0xFF,0xE0,0x00,0x03,0xFF,0xFF,0xFF,
  0xFF,0xFF,0xE0,0x00,0x03,0xFF,0xFF,0xFF,0xFF,0xFF,0xE0,0x00,0x00,0x00,0x00,0x15,
  0x50,0x00,0x00,0x00,0x00,0x00,0x1B,0xFF,0xFE,0x40,0x00,0x00,0x00,0x00,0xBF,0xFF,
  0xFF,0xE0,0x00,0x00,0x00,0x07,0xFF,0xFF,0xFF,0xFD,0x00,0x00,0x00,0x1F,0xFF,0xFF,
  0xFF,0xFF,0x40,0x00,0x00,0x3F,0xFE,0x40,0x1B,0xFF,0x80,0x00,0x00,0xBF,0xF4,0x00,
  0x02,0xFF,0xD0,0x00,0x00,0xFF,0xD0,0x00,0x00,0xBF,0xE0,0x00,0x01,0xFF,0xC0,0x00,
  0x00,0x7F,0xF0,0x00,0x01,0xFF,0x80,0x00,0x00,0x3F,0xF0,0x00,0x00,0x00,0x00,0x00,
  0x00,0x3F,0xF0,0x00,0x00,0x00,0x00,0x00,0x00,0x7F,0xE0,0x00,0x00,0x00,0x00,0x00,
  0x00,0xBF,0xE0,0x00,0x00,0x00,0x00,0x00,0x01,0xFF,0xC0,0x00,0x00,0x00,0x00,0x00,
  0x0B,0xFF,0x40,0x00,0x00,0x00,0x01,0x5A,0xBF,0xFD,0x00,0x00,0x00,0x00,0x01,0xFF,
  0xFF,0xE4,0x00,0x00,0x00,0x00,0x01,0xFF,0xFF,0x40,0x00,0x00,0x00,0x00,0x01,0xFF,
  0xFF,0xF9,0x00,0x00,0x00,0x00,0x01,0xAB,0xFF,0xFF,0x40,0x00,0x00,0x00,0x00,0x00,
  0x0B,0xFF,0xD0,0x00,0x00,0x00,0x00,0x00,0x00,0xBF,0xF0,0x00,0x00,0x00,0x00,0x00,
  0x00,0x3F,0xF8,0x00,0x00,0x00,0x00,0x00,0x00,0x1F,0xFC,0x00,0x00,0x00,0x00,0x00,
  0x00,0x0F,0xFC,0x00,0x00,0x00,0x00,0x00,0x00,0x0F,0xFD,0x00,0x03,0xFF,0x00,0x00,
  0x00,0x0F,0xFD,0x00,0x03,0xFF,0x40,0x00,0x00,0x1F,0xFC,0x00,0x02,0xFF,0xC0,0x00,
  0x00,0x3F,0xF8,0x00,0x01,0xFF,0xF0,0x00,0x01,0xFF,0xF4,0x00,0x00,0xBF,0xFE,0x50,
  0x5B,0xFF,0xE0,0x00,0x00,0x3F,0xFF,0xFF,0xFF,0xFF,0xC0,0x00,0x00,0x0F,0xFF,0xFF,
  0xFF,0xFF,0x00,0x00,0x00,0x02,0xFF,0xFF,0xFF,0xF8,0x00,0x00,0x00,0x00,0x2F,0xFF,
  0xFF,0x40,0x00,0x00,0x00,0x00,0x00,0x55,0x50,0x00,0x00,0x00,0x00,0x00,0x00,0x00,
  0x3F,0xFE,0x00,0x00,0x00,0x00,0x00,0x00,0xBF,0xFE,0x00,0x00,0x00,0x00,0x00,0x01,
  0xFF,0xFE,0x00,0x00,0x00,0x00,0x00,0x03,0xFF,0xFE,0x00,0x00,0x00,0x00,0x00,0x0B,
  0xFF,0xFE,0x00,0x00,0x00,0x00,0x00,0x1F,0xFF,0xFE,0x00,0x00,0x00,0x00,0x00,0x3F,
  0xFB,0xFE,0x00,0x00,0x00,0x00,0x00,0xBF,0xE7,0xFE,0x00,0x00,0x00,0x00,0x01,0xFF,
  0xC7,0xFE,0x00,0x00,0x00,0x00,0x03,0xFF,0x47,0xFE,0x00,0x00,0x00,0x00,0x0B,0xFE,
  0x07,0xFE,0x00,0x00,0x00,0x00,0x1F,0xFC,0x07,0xFE,0x00,0x00,0x00,0x00,0x2F,0xF4,
  0x07,0xFE,0x00,0x00,0x00,0x00,0x7F,0xE0,0x07,0xFE,0x00,0x00,0x00,0x00,0xFF,0xC0,
  0x07,0xFE,0x00,0x00,0x00,0x02,0xFF,0x40,0x07,0xFE,0x00,0x00,0x00,0x07,0xFE,0x00,
  0x07,0xFE,0x00,0x00,0x00,0x0F,0xFC,0x00,0x07,0xFE,0x00,0x00,0x00,0x2F,0xF4,0x00,
  0x07,0xFE,0x00,0x00,0x00,0x7F,0xE0,0x00,0x07,0xFE,0x00,0x00,0x00,0xFF,0xC0,0x00,
  0x07,0xFE,0x00,0x00,0x02,0xFF,0x40,0x00,0x07,0xFE,0x00,0x00,0x07,0xFF,0x00,0x00,
  0x07,0xFE,0x00,0x00,0x0B,0xFF,0xFF,0xFF,0xFF,0xFF,0xFF,0x40,0x0B,0xFF,0xFF,0xFF,
  0xFF,0xFF,0xFF,0x40,0x0B,0xFF,0xFF,0xFF,0xFF,0xFF,0xFF,0x40,0x0B,0xFF,0xFF,0xFF,
  0xFF,0xFF,0xFF,0x40,0x05,0x55,0x55,0x55,0x5B,0xFE,0x55,0x00,0x00,0x00,0x00,0x00,
  0x07,0xFE,0x00,0x00,0x00,0x00,0x00,0x00,0x07,0xFE,0x00,0x00,0x00,0x00,0x00,0x00,
  0x07,0xFE,0x00,0x00,0x00,0x00,0x00,0x00,0x07,0xFE,0x00,0x00,0x00,0x00,0x00,0x00,
  0x07,0xFE,0x00,0x00,0x00,0x00,0x00,0x00,0x07,0xFE,0x00,0x00,0x00,0x1F,0xFF,0xFF,
  0xFF,0xFF,0xC0,0x00,0x00,0x1F,0xFF,0xFF,0xFF,0xFF,0xC0,0x00,0x00,0x2F,0xFF,0xFF,
  0xFF,0xFF,0xC0,0x00,0x00,0x2F,0xFF,0xFF,0xFF,0xFF,0xC0,0x00,0x00,0x3F,0xF5,0x55,
  0x55,0x55,0x40,0x00,0x00,0x3F,0xE0,0x00,0x00,0x00,0x00,0x00,0x00,0x3F,0xE0,0x00,
  0x00,0x00,0x00,0x00,0x00,0x7F,0xE0,0x00,0x00,0x00,0x00,0x00,0x00,0x7F,0xD0,0x00,
  0x00,0x00,0x00,0x00,0x00,0x7F,0xD0,0x00,0x00,0x00,0x00,0x00,0x00,0xBF,0xD0,0x00,
  0x00,0x00,0x00,0x00,0x00,0xBF,0xC0,0x05,0x40,0x00,0x00,0x00,0x00,0xBF,0xC1,0xFF,
  0xFE,0x40,0x00,0x00,0x00,0xFF,0xDF,0xFF,0xFF,0xE0,0x00,0x00,0x00,0xFF,0xFF,0xFF,
  0xFF,0xFC,0x00,0x00,0x00,0xFF,0xFF,0xFF,0xFF,0xFF,0x00,0x00,0x01,0xFF,0xF9,0x00,
  0x6F,0xFF,0x80,0x00,0x01,0xFF,0xE0,0x00,0x07,0xFF,0xD0,0x00,0x01,0xFF,0x80,0x00,
  0x00,0xFF,0xE0,0x00,0x00,0x00,0x00,0x00,0x00,0x7F,0xF0,0x00,0x00,0x00,0x00,0x00,
  0x00,0x3F,0xF4,0x00,0x00,0x00,0x00,0x00,0x00,0x2F,0xF4,0x00,0x00,0x00,0x00,0x00,
  0x00,0x1F,0xF8,0x00,0x00,0x00,0x00,0x00,0x00,0x1F,0xF8,0x00,0x00,0x00,0x00,0x00,
  0x00,0x2F,0xF4,0x00,0x02,0xFF,0x40,0x00,0x00,0x2F,0xF4,0x00,0x02,0xFF,0x40,0x00,
  0x00,0x7F,0xF0,0x00,0x02,0xFF,0xC0,0x00,0x00,0xFF,0xE0,0x00,0x00,0xFF,0xF0,0x00,
  0x02,0xFF,0xD0,0x00,0x00,0xBF,0xFE,0x00,0x1F,0xFF,0x80,0x00,0x00,0x2F,0xFF,0xFF,
  0xFF,0xFE,0x00,0x00,0x00,0x0B,0xFF,0xFF,0xFF,0xF8,0x00,0x00,0x00,0x02,0xFF,0xFF,
  0xFF,0xE0,0x00,0x00,0x00,0x00,0x2F,0xFF,0xFE,0x00,0x00,0x00,0x00,0x00,0x00,0x55,
  0x40,0x00,0x00,0x00,0x00,0x00,0x00,0x05,0x50,0x00,0x00,0x00,0x00,0x00,0x06,0xFF,
  0xFF,0x40,0x00,0x00,0x00,0x00,0x2F,0xFF,0xFF,0xF4,0x00,0x00,0x00,0x01,0xFF,0xFF,
  0xFF,0xFE,0x00,0x00,0x00,0x07,0xFF,0xFF,0xFF,0xFF,0x80,0x00,0x00,0x0F,0xFF,0x94,
  0x5B,0xFF,0xD0,0x00,0x00,0x2F,0xFD,0x00,0x01,0xFF,0xF0,0x00,0x00,0x7F,0xF4,0x00,
  0x00,0x7F,0xF4,0x00,0x00,0xBF,0xE0,0x00,0x00,0x2F,0xF8,0x00,0x00,0xFF,0xC0,0x00,
  0x00,0x1F,0xFC,0x00,0x01,0xFF,0x80,0x00,0x00,0x00,0x00,0x00,0x02,0xFF,0x40,0x00,
  0x00,0x00,0x00,0x00,0x03,0xFF,0x00,0x00,0x40,0x00,0x00,0x00,0x03,0xFE,0x00,0x6F,
  0xFE,0x80,0x00,0x00,0x07,0xFE,0x07,0xFF,0xFF,0xF4,0x00,0x00,0x07,0xFD,0x2F,0xFF,
  0xFF,0xFE,0x00,0x00,0x07,0xFD,0xBF,0xFF,0xFF,0xFF,0x80,0x00,0x07,0xFF,0xFF,0x90,
  0x1B,0xFF,0xE0,0x00,0x0B,0xFF,0xF9,0x00,0x01,0xFF,0xF0,0x00,0x0B,0xFF,0xE0,0x00,
  0x00,0x7F,0xF8,0x00,0x07,0xFF,0xD0,0x00,0x00,0x2F,0xFC,0x00,0x07,0xFF,0x80,0x00,
  0x00,0x0F,0xFC,0x00,0x07,0xFF,0x40,0x00,0x00,0x0B,0xFD,0x00,0x07,0xFF,0x00,0x00,
  0x00,0x0B,0xFD,0x00,0x03,0xFF,0x00,0x00,0x00,0x0B,0xFD,0x00,0x02,0xFF,0x40,0x00,
  0x00,0x0B,0xFD,0x00,0x02,0xFF,0x80,0x00,0x00,0x0F,0xFC,0x00,0x01,0xFF,0xC0,0x00,
  0x00,0x2F,0xFC,0x00,0x00,0xBF,0xE0,0x00,0x00,0x7F,0xF8,0x00,0x00,0x7F,0xF8,0x00,
  0x01,0xFF,0xF0,0x00,0x00,0x2F,0xFF,0x40,0x1B,0xFF,0xD0,0x00,0x00,0x0F,0xFF,0xFF,
  0xFF,0xFF,0x80,0x00,0x00,0x02,0xFF,0xFF,0xFF,0xFE,0x00,0x00,0x00,0x00,0xBF,0xFF,
  0xFF,0xF4,0x00,0x00,0x00,0x00,0x0B,0xFF,0xFE,0x40,0x00,0x00,0x00,0x00,0x00,0x15,
  0x50,0x00,0x00,0x00,0x0F,0xFF,0xFF,0xFF,0xFF,0xFF,0x80,0x1F,0xFF,0xFF,0xFF,0xFF,
  0xFF,0x80,0x1F,0xFF,0xFF,0xFF,0xFF,0xFF,0x80,0x1F,0xFF,0xFF,0xFF,0xFF,0xFF,0x80,
  0x05,0x55,0x55,0x55,0x57,0xFF,0x80,0x00,0x00,0x00,0x00,0x03,0xFF,0x40,0x00,0x00,
  0x00,0x00,0x0B,0xFE,0x00,0x00,0x00,0x00,0x00,0x0F,0xFD,0x00,0x00,0x00,0x00,0x00,
  0x2F,0xF8,0x00,0x00,0x00,0x00,0x00,0x3F,0xF4,0x00,0x00,0x00,0x00,0x00,0xBF,0xE0,
  0x00,0x00,0x00,0x00,0x01,0xFF,0xC0,0x00,0x00,0x00,0x00,0x02,0xFF,0x80,0x00,0x00,
  0x00,0x00,0x07,0xFF,0x00,0x00,0x00,0x00,0x00,0x0B,0xFE,0x00,0x00,0x00,0x00,0x00,
  0x1F,0xFC,0x00,0x00,0x00,0x00,0x00,0x2F,0xF8,0x00,0x00,0x00,0x00,0x00,0x7F,0xF0,
  0x00,0x00,0x00,0x00,0x00,0xBF,0xE0,0x00,0x00,0x00,0x00,0x01,0xFF,0xC0,0x00,0x00,
  0x00,0x00,0x02,0xFF,0x80,0x00,0x00,0x00,0x00,0x07,0xFF,0x00,0x00,0x00,0x00,0x00,
  0x0F,0xFD,0x00,0x00,0x00,0x00,0x00,0x1F,0xFC,0x00,0x00,0x00,0x00,0x00,0x3F,0xF4,
  0x00,0x00,0x00,0x00,0x00,0x7F,0xF0,0x00,0x00,0x00,0x00,0x00,0xFF,0xD0,0x00,0x00,
  0x00,0x00,0x01,0xFF,0xC0,0x00,0x00,0x00,0x00,0x03,0xFF,0x40,0x00,0x00,0x00,0x00,
  0x07,0xFF,0x00,0x00,0x00,0x00,0x00,0x0F,0xFD,0x00,0x00,0x00,0x00,0x00,0x2F,0xFC,
  0x00,0x00,0x00,0x00,0x00,0x3F,0xF4,0x00,0x00,0x00,0x00,0x00,0xBF,0xE0,0x00,0x00,
  0x00,0x00,0x00,0x00,0x00,0x55,0x40,0x00,0x00,0x00,0x00,0x00,0x1B,0xFF,0xFE,0x40,
  0x00,0x00,0x00,0x01,0xFF,0xFF,0xFF,0xE0,0x00,0x00,0x00,0x07,0xFF,0xFF,0xFF,0xFD,
  0x00,0x00,0x00,0x1F,0xFF,0xFF,0xFF,0xFF,0x40,0x00,0x00,0x7F,0xFE,0x40,0x1F,0xFF,
  0x80,0x00,0x00,0xBF,0xF4,0x00,0x02,0xFF,0xD0,0x00,0x00,0xFF,0xD0,0x00,0x00,0xBF,
  0xE0,0x00,0x01,0xFF,0xC0,0x00,0x00,0x7F,0xF0,0x00,0x01,0xFF,0x80,0x00,0x00,0x7F,
  0xF0,0x00,0x01,0xFF,0x80,0x00,0x00,0x3F,0xF0,0x00,0x00,0xFF,0xC0,0x00,0x00,0x7F,
  0xE0,0x00,0x00,0xBF,0xD0,0x00,0x00,0xBF,0xD0,0x00,0x00,0x7F,0xF0,0x00,0x01,0xFF,
  0xC0,0x00,0x00,0x2F,0xFD,0x00,0x0B,0xFF,0x40,0x00,0x00,0x0B,0xFF,0xEA,0xBF,0xFD,
  0x00,0x00,0x00,0x01,0xBF,0xFF,0xFF,0xE4,0x00,0x00,0x00,0x00,0x7F,0xFF,0xFF,0x90,
  0x00,0x00,0x00,0x07,0xFF,0xFF,0xFF,0xF9,0x00,0x00,0x00,0x2F,0xFF,0xEA,0xBF,0xFF,
  0x40,0x00,0x00,0xBF,0xF9,0x00,0x07,0xFF,0xD0,0x00,0x01,0xFF,0xD0,0x00,0x00,0xBF,
  0xF0,0x00,0x03,0xFF,0x80,0x00,0x00,0x3F,0xF8,0x00,0x07,0xFF,0x00,0x00,0x00,0x1F,
  0xFC,0x00,0x07,0xFE,0x00,0x00,0x00,0x0F,0xFD,0x00,0x0B,0xFE,0x00,0x00,0x00,0x0F,
  0xFD,0x00,0x0B,0xFE,0x00,0x00,0x00,0x0F,0xFD,0x00,0x07,0xFF,0x00,0x00,0x00,0x1F,
  0xFC,0x00,0x07,0xFF,0x80,0x00,0x00,0x3F,0xFC,0x00,0x02,0xFF,0xD0,0x00,0x00,0xBF,
  0xF4,0x00,0x01,0xFF,0xFD,0x00,0x0B,0xFF,0xF0,0x00,0x00,0x7F,0xFF,0xFF,0xFF,0xFF,
  0xD0,0x00,0x00,0x1F,0xFF,0xFF,0xFF,0xFF,0x40,0x00,0x00,0x06,0xFF,0xFF,0xFF,0xF8,
  0x00,0x00,0x00,0x00,0x6F,0xFF,0xFF,0x80,0x00,0x00,0x00,0x00,0x00,0x55,0x50,0x00,
  0x00,0x00,0x00,0x00,0x00,0x55,0x40,0x00,0x00,0x00,0x00,0x00,0x1B,0xFF,0xF9,0x00,
  0x00,0x00,0x00,0x01,0xFF,0xFF,0xFF,0xD0,0x00,0x00,0x00,0x0B,0xFF,0xFF,0xFF,0xF8,
  0x00,0x00,0x00,0x2F,0xFF,0xFF,0xFF,0xFE,0x00,0x00,0x00,0xBF,0xFE,0x40,0x2F,0xFF,
  0x40,0x00,0x00,0xFF,0xF4,0x00,0x06,0xFF,0xD0,0x00,0x02,0xFF,0xD0,0x00,0x00,0xFF,
  0xE0,0x00,0x03,0xFF,0x80,0x00,0x00,0x7F,0xF0,0x00,0x07,0xFF,0x00,0x00,0x00,0x2F,
  0xF4,0x00,0x07,0xFE,0x00,0x00,0x00,0x1F,0xF8,0x00,0x07,0xFE,0x00,0x00,0x00,0x1F,
  0xFC,0x00,0x07,0xFE,0x00,0x00,0x00,0x1F,0xFC,0x00,0x07,0xFE,0x00,0x00,0x00,0x1F,
  0xFD,0x00,0x07,0xFF,0x00,0x00,0x00,0x2F,0xFD,0x00,0x03,0xFF,0x80,0x00,0x00,0x7F,
  0xFD,0x00,0x02,0xFF,0xD0,0x00,0x00,0xFF,0xFD,0x00,0x01,0xFF,0xF4,0x00,0x07,0xFF,
  0xFD,0x00,0x00,0xBF,0xFE,0x40,0x6F,0xFB,0xFD,0x00,0x00,0x2F,0xFF,0xFF,0xFF,0xDB,
  0xFD,0x00,0x00,0x0B,0xFF,0xFF,0xFF,0x8B,0xFD,0x00,0x00,0x02,0xFF,0xFF,0xFD,0x0B,
  0xFC,0x00,0x00,0x00,0x2B,0xFF,0x90,0x0B,0xFC,0x00,0x00,0x00,0x00,0x10,0x00,0x0F,
  0xF8,0x00,0x00,0x00,0x00,0x00,0x00,0x1F,0xF8,0x00,0x00,0x00,0x00,0x00,0x00,0x2F,
  0xF4,0x00,0x03,0xFF,0x00,0x00,0x00,0x3F,0xF0,0x00,0x03,0xFF,0x40,0x00,0x00,0xBF,
  0xE0,0x00,0x02,0xFF,0xC0,0x00,0x01,0xFF,0xC0,0x00,0x00,0xFF,0xF0,0x00,0x07,0xFF,
  0x80,0x00,0x00,0xBF,0xFE,0x41,0x6F,0xFF,0x00,0x00,0x00,0x2F,0xFF,0xFF,0xFF,0xFC,
  0x00,0x00,0x00,0x0B,0xFF,0xFF,0xFF,0xF4,0x00,0x00,0x00,0x02,0xFF,0xFF,0xFF,0x80,
  0x00,0x00,0x00,0x00,0x6F,0xFF,0xF9,0x00,0x00,0x00,0x00,0x00,0x01,0x55,0x40,0x00,
  0x00,0x00,0x00,0x6A,0x00,0x00,0x01,0xFF,0xC0,0x00,0x02,0xFF,0xD0,0x00,0x03,0xFF,
  0xE0,0x00,0x02,0xFF,0xD0,0x00,0x01,0xFF,0xC0,0x00,0x00,0x6A,0x00,0x00,0x00,0x00,
  0x00,0x00,0x00,0x00,0x00,0x00,0x00,0x00,0x00,0x00,0x00,0x00,0x00,0x00,0x00,0x00,
  0x00,0x00,0x00,0x00,0x00,0x00,0x00,0x00,0x00,0x00,0x00,0x00,0x00,0x00,0x00,0x00,
  0x00,0x00,0x00,0x00,0x00,0x00,0x00,0x00,0x00,0x00,0x00,0x04,0x00,0x00,0x00,0xBF,
  0x40,0x00,0x02,0xFF,0xD0,0x00,0x03,0xFF,0xE0,0x00,0x03,0xFF,0xE0,0x00,0x02,0xFF,
  0xD0,0x00,0x00,0xBF,0x40,0x00,0x00,0x04,0x00,0x00,0x00,0x6A,0x00,0x00,0x01,0xFF,
  0xC0,0x00,0x02,0xFF,0xD0,0x00,0x03,0xFF,0xE0,0x00,0x02,0xFF,0xD0,0x00,0x01,0xFF,
  0x80,0x00,0x00,0x69,0x00,0x00,0x00,0x00,0x00,0x00,0x00,0x00,0x00,0x00,0x00,0x00,
  0x00,0x00,0x00,0x00,0x00,0x00,0x00,0x00,0x00,0x00,0x00,0x00,0x00,0x00,0x00,0x00,
  0x00,0x00,0x00,0x00,0x00,0x00,0x00,0x00,0x00,0x00,0x00,0x00,0x00,0x00,0x00,0x00,
  0x00,0x00,0x00,0x00,0x00,0x00,0x00,0x00,0x00,0x00,0x00,0x00,0x00,0x00,0x00,0x55,
  0x40,0x00,0x01,0xFF,0xC0,0x00,0x01,0xFF,0x80,0x00,0x02,0xFF,0x40,0x00,0x03,0xFF,
  0x00,0x00,0x03,0xFE,0x00,0x00,0x07,0xFD,0x00,0x00,0x07,0xFC,0x00,0x00,0x0B,0xFC,
  0x00,0x00,0x0F,0xF8,0x00,0x00,0x0F,0xF4,0x00,0x00,0x1F,0xF0,0x00,0x00,0x1F,0xE0,
  0x00,0x00,0x1A,0x90,0x00,0x00,0x00,0x00,0x00,0x00,0x00,0x00,0x24,0x00,0x00,0x00,
  0x00,0x00,0x00,0x02,0xF4,0x00,0x00,0x00,0x00,0x00,0x00,0x2F,0xF4,0x00,0x00,0x00,
  0x00,0x00,0x02,0xFF,0xF4,0x00,0x00,0x00,0x00,0x00,0x6F,0xFF,0xF4,0x00,0x00,0x00,
  0x00,0x06,0xFF,0xFF,0xE0,0x00,0x00,0x00,0x00,0x6F,0xFF,0xFD,0x00,0x00,0x00,0x00,
  0x06,0xFF,0xFF,0x90,0x00,0x00,0x00,0x00,0x6F,0xFF,0xF9,0x00,0x00,0x00,0x00,0x06,
  0xFF,0xFF,0x90,0x00,0x00,0x00,0x00,0x6F,0xFF,0xF8,0x00,0x00,0x00,0x00,0x00,0xBF,
  0xFF,0x40,0x00,0x00,0x00,0x00,0x00,0xBF,0xF8,0x00,0x00,0x00,0x00,0x00,0x00,0xBF,
  0xFE,0x40,0x00,0x00,0x00,0x00,0x00,0xBF,0xFF,0xE4,0x00,0x00,0x00,0x00,0x00,0x0B,
  0xFF,0xFE,0x40,0x00,0x00,0x00,0x00,0x00,0xBF,0xFF,0xF4,0x00,0x00,0x00,0x00,0x00,
  0x0B,0xFF,0xFF,0x80,0x00,0x00,0x00,0x00,0x00,0x7F,0xFF,0xF9,0x00,0x00,0x00,0x00,
  0x00,0x07,0xFF,0xFF,0x90,0x00,0x00,0x00,0x00,0x00,0x7F,0xFF,0xF4,0x00,0x00,0x00,
  0x00,0x00,0x07,0xFF,0xF4,0x00,0x00,0x00,0x00,0x00,0x00,0x7F,0xF4,0x00,0x00,0x00,
  0x00,0x00,0x00,0x06,0xF4,0x00,0x00,0x00,0x00,0x00,0x00,0x00,0x64,0x00,0x00,0x00,
  0x00,0x00,0x00,0x00,0x00,0x00,0x00,0x6A,0xAA,0xAA,0xAA,0xAA,0xA0,0x00,0x00,0x7F,
  0xFF,0xFF,0xFF,0xFF,0xF0,0x00,0x00,0x7F,0xFF,0xFF,0xFF,0xFF,0xF0,0x00,0x00,0x7F,
  0xFF,0xFF,0xFF,0xFF,0xF0,0x00,0x00,0x6A,0xAA,0xAA,0xAA,0xAA,0xA0,0x00,0x00,0x00,
  0x00,0x00,0x00,0x00,0x00,0x00,0x00,0x00,0x00,0x00,0x00,0x00,0x00,0x00,0x00,0x00,
  0x00,0x00,0x00,0x00,0x00,0x00,0x00,0x00,0x00,0x00,0x00,0x00,0x00,0x00,0x00,0x00,
  0x00,0x00,0x00,0x00,0x00,0x00,0x00,0x15,0x55,0x55,0x55,0x55,0x50,0x00,0x00,0x7F,
  0xFF,0xFF,0xFF,0xFF,0xF0,0x00,0x00,0x7F,0xFF,0xFF,0xFF,0xFF,0xF0,0x00,0x00,0x7F,
  0xFF,0xFF,0xFF,0xFF,0xF0,0x00,0x00,0x7F,0xFF,0xFF,0xFF,0xFF,0xF0,0x00,0x00,0x00,
  0x00,0x00,0x00,0x00,0x00,0x00,0x00,0x00,0x00,0x00,0x00,0x00,0x00,0x00,0x00,0x00,
  0x00,0x00,0x00,0x00,0x00,0x00,0x00,0x00,0x00,0x00,0x00,0x00,0x00,0x00,0x00,0x00,
  0x00,0x00,0x00,0x00,0x00,0x00,0x00,0x00,0x00,0x00,0x00,0x00,0x00,0x00,0x00,0x90,
  0x00,0x00,0x00,0x00,0x00,0x00,0x00,0xB9,0x00,0x00,0x00,0x00,0x00,0x00,0x00,0xBF,
  0xD0,0x00,0x00,0x00,0x00,0x00,0x00,0xBF,0xFD,0x00,0x00,0x00,0x00,0x00,0x00,0xBF,
  0xFF,0xD0,0x00,0x00,0x00,0x00,0x00,0x6F,0xFF,0xFD,0x00,0x00,0x00,0x00,0x00,0x06,
  0xFF,0xFF,0xD0,0x00,0x00,0x00,0x00,0x00,0x2F,0xFF,0xFE,0x00,0x00,0x00,0x00,0x00,
  0x01,0xFF,0xFF,0xE0,0x00,0x00,0x00,0x00,0x00,0x1F,0xFF,0xFE,0x00,0x00,0x00,0x00,
  0x00,0x01,0xBF,0xFF,0xE0,0x00,0x00,0x00,0x00,0x00,0x1B,0xFF,0xF4,0x00,0x00,0x00,
  0x00,0x00,0x00,0xFF,0xF4,0x00,0x00,0x00,0x00,0x00,0x07,0xFF,0xF4,0x00,0x00,0x00,
  0x00,0x00,0xBF,0xFF,0xF4,0x00,0x00,0x00,0x00,0x0B,0xFF,0xFF,0x40,0x00,0x00,0x00,
  0x01,0xBF,0xFF,0xE4,0x00,0x00,0x00,0x00,0x1B,0xFF,0xFE,0x40,0x00,0x00,0x00,0x01,
  0xFF,0xFF,0xE4,0x00,0x00,0x00,0x00,0x1F,0xFF,0xFE,0x40,0x00,0x00,0x00,0x00,0xBF,
  0xFF,0xE4,0x00,0x00,0x00,0x00,0x00,0xBF,0xFE,0x40,0x00,0x00,0x00,0x00,0x00,0xBF,
  0xE0,0x00,0x00,0x00,0x00,0x00,0x00,0xBE,0x00,0x00,0x00,0x00,0x00,0x00,0x00,0xA0,
  0x00,0x00,0x00,0x00,0x00,0x00,0x00,0x00,0x00,0x00,0x00,0x00,0x00,0x00,0x00,0x00,
  0x15,0x50,0x00,0x00,0x00,0x06,0xFF,0xFF,0x80,0x00,0x00,0x2F,0xFF,0xFF,0xF4,0x00,
  0x00,0xBF,0xFF,0xFF,0xFE,0x00,0x02,0xFF,0xFF,0xFF,0xFF,0x40,0x07,0xFF,0xD0,0x0B,
  0xFF,0xC0,0x0B,0xFF,0x00,0x01,0xFF,0xD0,0x0F,0xFD,0x00,0x00,0xBF,0xE0,0x1F,0xFC,
  0x00,0x00,0x7F,0xF0,0x1A,0xA8,0x00,0x00,0x7F,0xF0,0x00,0x00,0x00,0x00,0x7F,0xF0,
  0x00,0x00,0x00,0x00,0xBF,0xE0,0x00,0x00,0x00,0x00,0xFF,0xE0,0x00,0x00,0x00,0x02,
  0xFF,0xC0,0x00,0x00,0x00,0x0B,0xFF,0x80,0x00,0x00,0x00,0x7F,0xFE,0x00,0x00,0x00,
  0x02,0xFF,0xF8,0x00,0x00,0x00,0x0B,0xFF,0xD0,0x00,0x00,0x00,0x1F,0xFF,0x40,0x00,
  0x00,0x00,0x2F,0xFC,0x00,0x00,0x00,0x00,0x3F,0xF4,0x00,0x00,0x00,0x00,0x7F,0xE0,
  0x00,0x00,0x00,0x00,0x7F,0xE0,0x00,0x00,0x00,0x00,0x7F,0xD0,0x00,0x00,0x00,0x00,
  0xBF,0xD0,0x00,0x00,0x00,0x00,0x15,0x40,0x00,0x00,0x00,0x00,0x00,0x00,0x00,0x00,
  0x00,0x00,0x00,0x00,0x00,0x00,0x00,0x00,0x05,0x00,0x00,0x00,0x00,0x00,0x7F,0xD0,
  0x00,0x00,0x00,0x00,0xFF,0xF0,0x00,0x00,0x00,0x01,0xFF,0xF4,0x00,0x00,0x00,0x01,
  0xFF,0xF4,0x00,0x00,0x00,0x00,0xFF,0xF0,0x00,0x00,0x00,0x00,0x7F,0xD0,0x00,0x00,
  0x00,0x00,0x05,0x00,0x00,0x00,0x00,0x00,0x00,0x00,0x15,0x55,0x40,0x00,0x00,0x00,
  0x00,0x00,0x00,0x00,0x06,0xFF,0xFF,0xF9,0x40,0x00,0x00,0x00,0x00,0x00,0x00,0xBF,
  0xFF,0xFF,0xFF,0xE4,0x00,0x00,0x00,0x00,0x00,0x07,0xFF,0xFF,0xFF,0xFF,0xFE,0x00,
  0x00,0x00,0x00,0x00,0x2F,0xFF,0xE9,0x56,0xBF,0xFF,0xD0,0x00,0x00,0x00,0x00,0xBF,
  0xF9,0x00,0x00,0x06,0xFF,0xF4,0x00,0x00,0x00,0x02,0xFF,0xD0,0x00,0x00,0x00,0x2F,
  0xFD,0x00,0x00,0x00,0x0B,0xFE,0x00,0x00,0x00,0x00,0x07,0xFF,0x40,0x00,0x00,0x1F,
  0xF8,0x00,0x00,0x00,0x00,0x00,0xFF,0xC0,0x00,0x00,0x3F,0xE0,0x00,0x00,0x00,0x00,
  0x00,0x7F,0xE0,0x00,0x00,0xBF,0xC0,0x00,0x6F,0xE4,0x2A,0x90,0x1F,0xF0,0x00,0x00,
  0xFF,0x40,0x02,0xFF,0xFE,0x2F,0xD0,0x0B,0xF8,0x00,0x01,0xFF,0x00,0x0B,0xFF,0xFF,
  0xAF,0xD0,0x07,0xF8,0x00,0x02,0xFD,0x00,0x2F,0xFF,0xFF,0xFF,0xD0,0x03,0xFC,0x00,
  0x03,0xFC,0x00,0x3F,0xF8,0x06,0xFF,0xD0,0x02,0xFD,0x00,0x07,0xF8,0x00,0xBF,0xD0,
  0x00,0xBF,0xD0,0x01,0xFE,0x00,0x07,0xF8,0x00,0xBF,0xC0,0x00,0x7F,0xD0,0x01,0xFE,
  0x00,0x07,0xF4,0x00,0xFF,0x80,0x00,0x3F,0xD0,0x01,0xFE,0x00,0x0B,0xF4,0x00,0xFF,
  0x40,0x00,0x3F,0xD0,0x00,0xFE,0x00,0x0B,0xF4,0x01,0xFF,0x40,0x00,0x2F,0xD0,0x01,
  0xFE,0x00,0x0B,0xF4,0x00,0xFF,0x40,0x00,0x2F,0xD0,0x01,0xFE,0x00,0x0B,0xF4,0x00,
  0xFF,0x40,0x00,0x3F,0xD0,0x01,0xFD,0x00,0x07,0xF4,0x00,0xFF,0x80,0x00,0x7F,0xD0,
  0x03,0xFD,0x00,0x07,0xF8,0x00,0xBF,0xD0,0x00,0xBF,0xD0,0x07,0xFC,0x00,0x07,0xFC,
  0x00,0x7F,0xF4,0x02,0xFF,0xD0,0x0F,0xF8,0x00,0x03,0xFC,0x00,0x2F,0xFE,0xAF,0xFF,
  0xF4,0x6F,0xF0,0x00,0x02,0xFD,0x00,0x1F,0xFF,0xFF,0x9F,0xFF,0xFF,0xD0,0x00,0x01,
  0xFF,0x00,0x07,0xFF,0xFF,0x0B,0xFF,0xFF,0x40,0x00,0x00,0xFF,0x40,0x00,0xBF,0xF8,
  0x02,0xFF,0xFD,0x00,0x00,0x00,0xBF,0xC0,0x00,0x05,0x40,0x00,0x1A,0x50,0x00,0x00,
  0x00,0x3F,0xE0,0x00,0x00,0x00,0x00,0x00,0x00,0x00,0x00,0x00,0x1F,0xF8,0x00,0x00,
  0x00,0x00,0x00,0x00,0x00,0x00,0x00,0x0B,0xFE,0x00,0x00,0x00,0x00,0x00,0x00,0x00,
  0x00,0x00,0x02,0xFF,0xE0,0x00,0x00,0x00,0x00,0x00,0x00,0x00,0x00,0x00,0xBF,0xFE,
  0x50,0x00,0x16,0xD0,0x00,0x00,0x00,0x00,0x00,0x2F,0xFF,0xFF,0xFF,0xFF,0xD0,0x00,
  0x00,0x00,0x00,0x00,0x06,0xFF,0xFF,0xFF,0xFF,0xD0,0x00,0x00,0x00,0x00,0x00,0x00,
  0x6F,0xFF,0xFF,0xFF,0xD0,0x00,0x00,0x00,0x00,0x00,0x00,0x01,0x6A,0xFA,0xA4,0x00,
  0x00,0x00,0x00,0x00,0x00,0x00,0x3F,0xFD,0x00,0x00,0x00,0x00,0x00,0x00,0x7F,0xFE,
  0x00,0x00,0x00,0x00,0x00,0x00,0xBF,0xFF,0x00,0x00,0x00,0x00,0x00,0x00,0xFF,0xFF,
  0x40,0x00,0x00,0x00,0x00,0x02,0xFF,0xFF,0x80,0x00,0x00,0x00,0x00,0x03,0xFF,0xFF,
  0xC0,0x00,0x00,0x00,0x00,0x07,0xFF,0xBF,0xD0,0x00,0x00,0x00,0x00,0x0B,0xFE,0x7F,
  0xE0,0x00,0x00,0x00,0x00,0x0F,0xFC,0x3F,0xF0,0x00,0x00,0x00,0x00,0x1F,0xF8,0x2F,
  0xF4,0x00,0x00,0x00,0x00,0x2F,0xF4,0x1F,0xF8,0x00,0x00,0x00,0x00,0x3F,0xF0,0x0F,
  0xFC,0x00,0x00,0x00,0x00,0x7F,0xE0,0x0B,0xFE,0x00,0x00,0x00,0x00,0xBF,0xD0,0x07,
  0xFF,0x00,0x00,0x00,0x00,0xFF,0xC0,0x03,0xFF,0x40,0x00,0x00,0x01,0xFF,0x80,0x02,
  0xFF,0x80,0x00,0x00,0x02,0xFF,0x40,0x01,0xFF,0xC0,0x00,0x00,0x07,0xFF,0x00,0x00,
  0xFF,0xD0,0x00,0x00,0x0B,0xFE,0x00,0x00,0xBF,0xE0,0x00,0x00,0x0F,0xFD,0x00,0x00,
  0x7F,0xF0,0x00,0x00,0x1F,0xFD,0x55,0x55,0x7F,0xF4,0x00,0x00,0x2F,0xFF,0xFF,0xFF,
  0xFF,0xF8,0x00,0x00,0x3F,0xFF,0xFF,0xFF,0xFF,0xFC,0x00,0x00,0x7F,0xFF,0xFF,0xFF,
  0xFF,0xFD,0x00,0x00,0xBF,0xFF,0xFF,0xFF,0xFF,0xFF,0x00,0x00,0xFF,0xD0,0x00,0x00,
  0x07,0xFF,0x40,0x01,0xFF,0xC0,0x00,0x00,0x02,0xFF,0x80,0x02,0xFF,0x80,0x00,0x00,
  0x01,0xFF,0xC0,0x03,0xFF,0x40,0x00,0x00,0x00,0xFF,0xD0,0x07,0xFF,0x00,0x00,0x00,
  0x00,0xBF,0xE0,0x0F,0xFE,0x00,0x00,0x00,0x00,0x7F,0xF0,0x1F,0xFD,0x00,0x00,0x00,
  0x00,0x3F,0xF4,0x2F,0xFC,0x00,0x00,0x00,0x00,0x2F,0xF8,0x3F,0xF8,0x00,0x00,0x00,
  0x00,0x1F,0xFC,0x01,0xFF,0xFF,0xFF,0xEA,0x40,0x00,0x00,0x02,0xFF,0xFF,0xFF,0xFF,
  0xF4,0x00,0x00,0x02,0xFF,0xFF,0xFF,0xFF,0xFE,0x00,0x00,0x02,0xFF,0xFF,0xFF,0xFF,
  0xFF,0x80,0x00,0x02,0xFF,0x95,0x55,0xAF,0xFF,0xD0,0x00,0x02,0xFF,0x80,0x00,0x02,
  0xFF,0xF0,0x00,0x02,0xFF,0x80,0x00,0x00,0x7F,0xF4,0x00,0x02,0xFF,0x80,0x00,0x00,
  0x3F,0xF4,0x00,0x02,0xFF,0x80,0x00,0x00,0x2F,0xF8,0x00,0x02,0xFF,0x80,0x00,0x00,
  0x1F,0xF8,0x00,0x02,0xFF,0x80,0x00,0x00,0x2F,0xF4,0x00,0x02,0xFF,0x80,0x00,0x00,
  0x3F,0xF4,0x00,0x02,0xFF,0x80,0x00,0x00,0xBF,0xE0,0x00,0x02,0xFF,0x80,0x00,0x02,
  0xFF,0xC0,0x00,0x02,0xFF,0x95,0x55,0x6F,0xFF,0x40,0x00,0x02,0xFF,0xFF,0xFF,0xFF,
  0xF8,0x00,0x00,0x02,0xFF,0xFF,0xFF,0xFF,0xD4,0x00,0x00,0x02,0xFF,0xFF,0xFF,0xFF,
  0xFE,0x00,0x00,0x02,0xFF,0xEA,0xAA,0xBF,0xFF,0xD0,0x00,0x02,0xFF,0x80,0x00,0x02,
  0xFF,0xF0,0x00,0x02,0xFF,0x80,0x00,0x00,0x7F,0xF8,0x00,0x02,0xFF,0x80,0x00,0x00,
  0x1F,0xFD,0x00,0x02,0xFF,0x80,0x00,0x00,0x0B,0xFE,0x00,0x02,0xFF,0x80,0x00,0x00,
  0x07,0xFE,0x00,0x02,0xFF,0x80,0x00,0x00,0x07,0xFF,0x00,0x02,0xFF,0x80,0x00,0x00,
  0x07,0xFF,0x00,0x02,0xFF,0x80,0x00,0x00,0x0B,0xFE,0x00,0x02,0xFF,0x80,0x00,0x00,
  0x1F,0xFE,0x00,0x02,0xFF,0x80,0x00,0x00,0x7F,0xFD,0x00,0x02,0xFF,0x95,0x55,0x5B,
  0xFF,0xF8,0x00,0x02,0xFF,0xFF,0xFF,0xFF,0xFF,0xF0,0x00,0x02,0xFF,0xFF,0xFF,0xFF,
  0xFF,0x80,0x00,0x02,0xFF,0xFF,0xFF,0xFF,0xFD,0x00,0x00,0x02,0xFF,0xFF,0xFF,0xFE,
  0x90,0x00,0x00,0x00,0x00,0x00,0x01,0x55,0x00,0x00,0x00,0x00,0x00,0x00,0x01,0xAF,
  0xFF,0xF9,0x00,0x00,0x00,0x00,0x00,0x0B,0xFF,0xFF,0xFF,0xD0,0x00,0x00,0x00,0x00,
  0x7F,0xFF,0xFF,0xFF,0xF8,0x00,0x00,0x00,0x01,0xFF,0xFF,0xFF,0xFF,0xFE,0x00,0x00,
  0x00,0x0B,0xFF,0xFE,0x56,0xBF,0xFF,0x80,0x00,0x00,0x1F,0xFF,0x90,0x00,0x1B,0xFF,
  0xD0,0x00,0x00,0x3F,0xFE,0x00,0x00,0x01,0xFF,0xF0,0x00,0x00,0x7F,0xF8,0x00,0x00,
  0x00,0x7F,0xF8,0x00,0x00,0xFF,0xE0,0x00,0x00,0x00,0x2F,0xFC,0x00,0x01,0xFF,0xC0,
  0x00,0x00,0x00,0x1F,0xFD,0x00,0x02,0xFF,0x80,0x00,0x00,0x00,0x0B,0xFD,0x00,0x03,
  0xFF,0x40,0x00,0x00,0x00,0x00,0x00,0x00,0x07,0xFF,0x00,0x00,0x00,0x00,0x00,0x00,
  0x00,0x07,0xFE,0x00,0x00,0x00,0x00,0x00,0x00,0x00,0x07,0xFE,0x00,0x00,0x00,0x00,
  0x00,0x00,0x00,0x0B,0xFE,0x00,0x00,0x00,0x00,0x00,0x00,0x00,0x0B,0xFD,0x00,0x00,
  0x00,0x00,0x00,0x00,0x00,0x0B,0xFD,0x00,0x00,0x00,0x00,0x00,0x00,0x00,0x0B,0xFE,
  0x00,0x00,0x00,0x00,0x00,0x00,0x00,0x07,0xFE,0x00,0x00,0x00,0x00,0x00,0x00,0x00,
  0x07,0xFE,0x00,0x00,0x00,0x00,0x00,0x00,0x00,0x07,0xFF,0x00,0x00,0x00,0x00,0x00,
  0x00,0x00,0x03,0xFF,0x40,0x00,0x00,0x00,0x00,0x00,0x00,0x02,0xFF,0x80,0x00,0x00,
  0x00,0x0B,0xFD,0x00,0x01,0xFF,0xC0,0x00,0x00,0x00,0x0F,0xFD,0x00,0x00,0xFF,0xE0,
  0x00,0x00,0x00,0x2F,0xFC,0x00,0x00,0xBF,0xF4,0x00,0x00,0x00,0x7F,0xF8,0x00,0x00,
  0x3F,0xFD,0x00,0x00,0x01,0xFF,0xF0,0x00,0x00,0x1F,0xFF,0x90,0x00,0x0B,0xFF,0xD0,
  0x00,0x00,0x0B,0xFF,0xFA,0x56,0xBF,0xFF,0x80,0x00,0x00,0x02,0xFF,0xFF,0xFF,0xFF,
  0xFE,0x00,0x00,0x00,0x00,0x7F,0xFF,0xFF,0xFF,0xF8,0x00,0x00,0x00,0x00,0x1B,0xFF,
  0xFF,0xFF,0xD0,0x00,0x00,0x00,0x00,0x01,0xBF,0xFF,0xF9,0x00,0x00,0x00,0x00,0x00,
  0x00,0x01,0x55,0x40,0x00,0x00,0x00,0x01,0xFF,0xFF,0xFF,0xA9,0x00,0x00,0x00,0x00,
  0x02,0xFF,0xFF,0xFF,0xFF,0xE4,0x00,0x00,0x00,0x02,0xFF,0xFF,0xFF,0xFF,0xFE,0x40,
  0x00,0x00,0x02,0xFF,0xFF,0xFF,0xFF,0xFF,0xD0,0x00,0x00,0x02,0xFF,0xEA,0xAA,0xBF,
  0xFF,0xF4,0x00,0x00,0x02,0xFF,0x80,0x00,0x01,0xFF,0xFD,0x00,0x00,0x02,0xFF,0x80,
  0x00,0x00,0x2F,0xFF,0x00,0x00,0x02,0xFF,0x80,0x00,0x00,0x07,0xFF,0x80,0x00,0x02,
  0xFF,0x80,0x00,0x00,0x02,0xFF,0xC0,0x00,0x02,0xFF,0x80,0x00,0x00,0x00,0xFF,0xE0,
  0x00,0x02,0xFF,0x80,0x00,0x00,0x00,0xBF,0xF0,0x00,0x02,0xFF,0x80,0x00,0x00,0x00,
  0x3F,0xF0,0x00,0x02,0xFF,0x80,0x00,0x00,0x00,0x3F,0xF4,0x00,0x02,0xFF,0x80,0x00,
  0x00,0x00,0x2F,0xF8,0x00,0x02,0xFF,0x80,0x00,0x00,0x00,0x1F,0xF8,0x00,0x02,0xFF,
  0x80,0x00,0x00,0x00,0x1F,0xF8,0x00,0x02,0xFF,0x80,0x00,0x00,0x00,0x1F,0xF8,0x00,
  0x02,0xFF,0x80,0x00,0x00,0x00,0x1F,0xF8,0x00,0x02,0xFF,0x80,0x00,0x00,0x00,0x1F,
  0xF8,0x00,0x02,0xFF,0x80,0x00,0x00,0x00,0x1F,0xF8,0x00,0x02,0xFF,0x80,0x00,0x00,
  0x00,0x2F,0xF8,0x00,0x02,0xFF,0x80,0x00,0x00,0x00,0x3F,0xF4,0x00,0x02,0xFF,0x80,
  0x00,0x00,0x00,0x3F,0xF0,0x00,0x02,0xFF,0x80,0x00,0x00,0x00,0xBF,0xF0,0x00,0x02,
  0xFF,0x80,0x00,0x00,0x00,0xFF,0xE0,0x00,0x02,0xFF,0x80,0x00,0x00,0x02,0xFF,0xC0,
  0x00,0x02,0xFF,0x80,0x00,0x00,0x07,0xFF,0x80,0x00,0x02,0xFF,0x80,0x00,0x00,0x2F,
  0xFF,0x00,0x00,0x02,0xFF,0x80,0x00,0x01,0xFF,0xFD,0x00,0x00,0x02,0xFF,0x95,0x5A,
  0xBF,0xFF,0xF4,0x00,0x00,0x02,0xFF,0xFF,0xFF,0xFF,0xFF,0xD0,0x00,0x00,0x02,0xFF,
  0xFF,0xFF,0xFF,0xFE,0x40,0x00,0x00,0x02,0xFF,0xFF,0xFF,0xFF,0xE4,0x00,0x00,0x00,
  0x02,0xFF,0xFF,0xFF,0xE9,0x00,0x00,0x00,0x00,0x01,0xFF,0xFF,0xFF,0xFF,0xFF,0x80,
  0x02,0xFF,0xFF,0xFF,0xFF,0xFF,0x80,0x02,0xFF,0xFF,0xFF,0xFF,0xFF,0x80,0x02,0xFF,
  0xFF,0xFF,0xFF,0xFF,0x80,0x02,0xFF,0xAA,0xAA,0xAA,0xAA,0x40,0x02,0xFF,0x80,0x00,
  0x00,0x00,0x00,0x02,0xFF,0x80,0x00,0x00,0x00,0x00,0x02,0xFF,0x80,0x00,0x00,0x00,
  0x00,0x02,0xFF,0x80,0x00,0x00,0x00,0x00,0x02,0xFF,0x80,0x00,0x00,0x00,0x00,0x02,
  0xFF,0x80,0x00,0x00,0x00,0x00,0x02,0xFF,0x80,0x00,0x00,0x00,0x00,0x02,0xFF,0x80,
  0x00,0x00,0x00,0x00,0x02,0xFF,0x80,0x00,0x00,0x00,0x00,0x02,0xFF,0x95,0x55,0x55,
  0x54,0x00,0x02,0xFF,0xFF,0xFF,0xFF,0xFE,0x00,0x02,0xFF,0xFF,0xFF,0xFF,0xFE,0x00,
  0x02,0xFF,0xFF,0xFF,0xFF,0xFE,0x00,0x02,0xFF,0xFF,0xFF,0xFF,0xFE,0x00,0x02,0xFF,
  0x95,0x55,0x55,0x54,0x00,0x02,0xFF,0x80,0x00,0x00,0x00,0x00,0x02,0xFF,0x80,0x00,
  0x00,0x00,0x00,0x02,0xFF,0x80,0x00,0x00,0x00,0x00,0x02,0xFF,0x80,0x00,0x00,0x00,
  0x00,0x02,0xFF,0x80,0x00,0x00,0x00,0x00,0x02,0xFF,0x80,0x00,0x00,0x00,0x00,0x02,
  0xFF,0x80,0x00,0x00,0x00,0x00,0x02,0xFF,0x80,0x00,0x00,0x00,0x00,0x02,0xFF,0x80,
  0x00,0x00,0x00,0x00,0x02,0xFF,0x95,0x55,0x55,0x55,0x40,0x02,0xFF,0xFF,0xFF,0xFF,
  0xFF,0xC0,0x02,0xFF,0xFF,0xFF,0xFF,0xFF,0xC0,0x02,0xFF,0xFF,0xFF,0xFF,0xFF,0xC0,
  0x02,0xFF,0xFF,0xFF,0xFF,0xFF,0xC0,0x01,0xFF,0xFF,0xFF,0xFF,0xFF,0x40,0x02,0xFF,
  0xFF,0xFF,0xFF,0xFF,0x80,0x02,0xFF,0xFF,0xFF,0xFF,0xFF,0x80,0x02,0xFF,0xFF,0xFF,
  0xFF,0xFF,0x80,0x02,0xFF,0xAA,0xAA,0xAA,0xAA,0x40,0x02,0xFF,0x80,0x00,0x00,0x00,
  0x00,0x02,0xFF,0x80,0x00,0x00,0x00,0x00,0x02,0xFF,0x80,0x00,0x00,0x00,0x00,0x02,
  0xFF,0x80,0x00,0x00,0x00,0x00,0x02,0xFF,0x80,0x00,0x00,0x00,0x00,0x02,0xFF,0x80,
  0x00,0x00,0x00,0x00,0x02,0xFF,0x80,0x00,0x00,0x00,0x00,0x02,0xFF,0x80,0x00,0x00,
  0x00,0x00,0x02,0xFF,0x80,0x00,0x00,0x00,0x00,0x02,0xFF,0x95,0x55,0x55,0x54,0x00,
  0x02,0xFF,0xFF,0xFF,0xFF,0xFC,0x00,0x02,0xFF,0xFF,0xFF,0xFF,0xFC,0x00,0x02,0xFF,
  0xFF,0xFF,0xFF,0xFC,0x00,0x02,0xFF,0xFF,0xFF,0xFF,0xFC,0x00,0x02,0xFF,0x95,0x55,
  0x55,0x54,0x00,0x02,0xFF,0x80,0x00,0x00,0x00,0x00,0x02,0xFF,0x80,0x00,0x00,0x00,
  0x00,0x02,0xFF,0x80,0x00,0x00,0x00,0x00,0x02,0xFF,0x80,0x00,0x00,0x00,0x00,0x02,
  0xFF,0x80,0x00,0x00,0x00,0x00,0x02,0xFF,0x80,0x00,0x00,0x00,0x00,0x02,0xFF,0x80,
  0x00,0x00,0x00,0x00,0x02,0xFF,0x80,0x00,0x00,0x00,0x00,0x02,0xFF,0x80,0x00,0x00,
  0x00,0x00,0x02,0xFF,0x80,0x00,0x00,0x00,0x00,0x02,0xFF,0x80,0x00,0x00,0x00,0x00,
  0x02,0xFF,0x80,0x00,0x00,0x00,0x00,0x02,0xFF,0x80,0x00,0x00,0x00,0x00,0x02,0xFF,
  0x80,0x00,0x00,0x00,0x00,0x00,0x00,0x00,0x01,0x55,0x00,0x00,0x00,0x00,0x00,0x00,
  0x01,0xAF,0xFF,0xF9,0x00,0x00,0x00,0x00,0x00,0x0B,0xFF,0xFF,0xFF,0x90,0x00,0x00,
  0x00,0x00,0x7F,0xFF,0xFF,0xFF,0xF8,0x00,0x00,0x00,0x02,0xFF,0xFF,0xFF,0xFF,0xFE,
  0x00,0x00,0x00,0x0B,0xFF,0xFE,0x56,0xBF,0xFF,0x80,0x00,0x00,0x1F,0xFF,0x90,0x00,
  0x1B,0xFF,0xD0,0x00,0x00,0x3F,0xFE,0x00,0x00,0x01,0xFF,0xF0,0x00,0x00,0xBF,0xF8,
  0x00,0x00,0x00,0x7F,0xF8,0x00,0x00,0xFF,0xE0,0x00,0x00,0x00,0x2F,0xFC,0x00,0x01,
  0xFF,0xC0,0x00,0x00,0x00,0x1F,0xFD,0x00,0x02,0xFF,0x80,0x00,0x00,0x00,0x0A,0xA9,
  0x00,0x03,0xFF,0x40,0x00,0x00,0x00,0x00,0x00,0x00,0x07,0xFF,0x00,0x00,0x00,0x00,
  0x00,0x00,0x00,0x07,0xFE,0x00,0x00,0x00,0x00,0x00,0x00,0x00,0x07,0xFE,0x00,0x00,
  0x00,0x00,0x00,0x00,0x00,0x0B,0xFE,0x00,0x00,0x00,0x00,0x00,0x00,0x00,0x0B,0xFD,
  0x00,0x00,0x05,0x55,0x55,0x55,0x00,0x0B,0xFD,0x00,0x00,0x07,0xFF,0xFF,0xFF,0x00,
  0x0B,0xFE,0x00,0x00,0x07,0xFF,0xFF,0xFF,0x00,0x07,0xFE,0x00,0x00,0x07,0xFF,0xFF,
  0xFF,0x00,0x07,0xFE,0x00,0x00,0x07,0xFF,0xFF,0xFF,0x00,0x07,0xFF,0x00,0x00,0x00,
  0x00,0x03,0xFE,0x00,0x03,0xFF,0x40,0x00,0x00,0x00,0x07,0xFE,0x00,0x02,0xFF,0x80,
  0x00,0x00,0x00,0x07,0xFE,0x00,0x01,0xFF,0xC0,0x00,0x00,0x00,0x0B,0xFD,0x00,0x00,
  0xFF,0xE0,0x00,0x00,0x00,0x1F,0xFC,0x00,0x00,0xBF,0xF4,0x00,0x00,0x00,0x3F,0xF8,
  0x00,0x00,0x3F,0xFD,0x00,0x00,0x00,0xBF,0xF4,0x00,0x00,0x1F,0xFF,0x90,0x00,0x07,
  0xFF,0xE0,0x00,0x00,0x0B,0xFF,0xFA,0x55,0xBF,0xFF,0xC0,0x00,0x00,0x02,0xFF,0xFF,
  0xFF,0xFF,0xFF,0x00,0x00,0x00,0x00,0x7F,0xFF,0xFF,0xFF,0xF8,0x00,0x00,0x00,0x00,
  0x0B,0xFF,0xFF,0xFF,0xD0,0x00,0x00,0x00,0x00,0x01,0xBF,0xFF,0xF9,0x00,0x00,0x00,
  0x00,0x00,0x00,0x01,0x55,0x40,0x00,0x00,0x00,0x01,0xFF,0x80,0x00,0x00,0x00,0x1F,
  0xF8,0x00,0x02,0xFF,0x80,0x00,0x00,0x00,0x1F,0xF8,0x00,0x02,0xFF,0x80,0x00,0x00,
  0x00,0x1F,0xF8,0x00,0x02,0xFF,0x80,0x00,0x00,0x00,0x1F,0xF8,0x00,0x02,0xFF,0x80,
  0x00,0x00,0x00,0x1F,0xF8,0x00,0x02,0xFF,0x80,0x00,0x00,0x00,0x1F,0xF8,0x00,0x02,
  0xFF,0x80,0x00,0x00,0x00,0x1F,0xF8,0x00,0x02,0xFF,0x80,0x00,0x00,0x00,0x1F,0xF8,
  0x00,0x02,0xFF,0x80,0x00,0x00,0x00,0x1F,0xF8,0x00,0x02,0xFF,0x80,0x00,0x00,0x00,
  0x1F,0xF8,0x00,0x02,0xFF,0x80,0x00,0x00,0x00,0x1F,0xF8,0x00,0x02,0xFF,0x80,0x00,
  0x00,0x00,0x1F,0xF8,0x00,0x02,0xFF,0x80,0x00,0x00,0x00,0x1F,0xF8,0x00,0x02,0xFF,
  0x80,0x00,0x00,0x00,0x1F,0xF8,0x00,0x02,0xFF,0x95,0x55,0x55,0x55,0x6F,0xF8,0x00,
  0x02,0xFF,0xFF,0xFF,0xFF,0xFF,0xFF,0xF8,0x00,0x02,0xFF,0xFF,0xFF,0xFF,0xFF,0xFF,
  0xF8,0x00,0x02,0xFF,0xFF,0xFF,0xFF,0xFF,0xFF,0xF8,0x00,0x02,0xFF,0xFF,0xFF,0xFF,
  0xFF,0xFF,0xF8,0x00,0x02,0xFF,0x95,0x55,0x55,0x55,0x6F,0xF8,0x00,0x02,0xFF,0x80,
  0x00,0x00,0x00,0x1F,0xF8,0x00,0x02,0xFF,0x80,0x00,0x00,0x00,0x1F,0xF8,0x00,0x02,
  0xFF,0x80,0x00,0x00,0x00,0x1F,0xF8,0x00,0x02,0xFF,0x80,0x00,0x00,0x00,0x1F,0xF8,
  0x00,0x02,0xFF,0x80,0x00,0x00,0x00,0x1F,0xF8,0x00,0x02,0xFF,0x80,0x00,0x00,0x00,
  0x1F,0xF8,0x00,0x02,0xFF,0x80,0x00,0x00,0x00,0x1F,0xF8,0x00,0x02,0xFF,0x80,0x00,
  0x00,0x00,0x1F,0xF8,0x00,0x02,0xFF,0x80,0x00,0x00,0x00,0x1F,0xF8,0x00,0x02,0xFF,
  0x80,0x00,0x00,0x00,0x1F,0xF8,0x00,0x02,0xFF,0x80,0x00,0x00,0x00,0x1F,0xF8,0x00,
  0x02,0xFF,0x80,0x00,0x00,0x00,0x1F,0xF8,0x00,0x02,0xFF,0x80,0x00,0x00,0x00,0x1F,
  0xF8,0x00,0x02,0xFF,0x80,0x00,0x00,0x00,0x1F,0xF8,0x00,0x01,0xFF,0x80,0x02,0xFF,
  0x80,0x02,0xFF,0x80,0x02,0xFF,0x80,0x02,0xFF,0x80,0x02,0xFF,0x80,0x02,0xFF,0x80,
  0x02,0xFF,0x80,0x02,0xFF,0x80,0x02,0xFF,0x80,0x02,0xFF,0x80,0x02,0xFF,0x80,0x02,
  0xFF,0x80,0x02,0xFF,0x80,0x02,0xFF,0x80,0x02,0xFF,0x80,0x02,0xFF,0x80,0x02,0xFF,
  0x80,0x02,0xFF,0x80,0x02,0xFF,0x80,0x02,0xFF,0x80,0x02,0xFF,0x80,0x02,0xFF,0x80,
  0x02,0xFF,0x80,0x02,0xFF,0x80,0x02,0xFF,0x80,0x02,0xFF,0x80,0x02,0xFF,0x80,0x02,
  0xFF,0x80,0x02,0xFF,0x80,0x02,0xFF,0x80,0x02,0xFF,0x80,0x02,0xFF,0x80,0x02,0xFF,
  0x80,0x00,0x00,0x00,0x00,0x7F,0xE0,0x00,0x00,0x00,0x00,0x00,0x7F,0xE0,0x00,0x00,
  0x00,0x00,0x00,0x7F,0xE0,0x00,0x00,0x00,0x00,0x00,0x7F,0xE0,0x00,0x00,0x00,0x00,
  0x00,0x7F,0xE0,0x00,0x00,0x00,0x00,0x00,0x7F,0xE0,0x00,0x00,0x00,0x00,0x00,0x7F,
  0xE0,0x00,0x00,0x00,0x00,0x00,0x7F,0xE0,0x00,0x00,0x00,0x00,0x00,0x7F,0xE0,0x00,
  0x00,0x00,0x00,0x00,0x7F,0xE0,0x00,0x00,0x00,0x00,0x00,0x7F,0xE0,0x00,0x00,0x00,
  0x00,0x00,0x7F,0xE0,0x00,0x00,0x00,0x00,0x00,0x7F,0xE0,0x00,0x00,0x00,0x00,0x00,
  0x7F,0xE0,0x00,0x00,0x00,0x00,0x00,0x7F,0xE0,0x00,0x00,0x00,0x00,0x00,0x7F,0xE0,
  0x00,0x00,0x00,0x00,0x00,0x7F,0xE0,0x00,0x00,0x00,0x00,0x00,0x7F,0xE0,0x00,0x00,
  0x00,0x00,0x00,0x7F,0xE0,0x00,0x00,0x00,0x00,0x00,0x7F,0xE0,0x00,0x00,0x00,0x00,
  0x00,0x7F,0xE0,0x00,0x00,0x00,0x00,0x00,0x7F,0xE0,0x00,0x00,0x00,0x00,0x00,0x7F,
  0xE0,0x00,0x00,0x00,0x00,0x00,0x7F,0xE0,0x00,0x00,0x00,0x00,0x00,0x7F,0xE0,0x00,
  0x1A,0xA4,0x00,0x00,0xBF,0xE0,0x00,0x2F,0xF8,0x00,0x00,0xBF,0xE0,0x00,0x1F,0xFC,
  0x00,0x00,0xFF,0xD0,0x00,0x0F,0xFE,0x00,0x02,0xFF,0xC0,0x00,0x0B,0xFF,0x90,0x1F,
  0xFF,0x80,0x00,0x07,0xFF,0xFF,0xFF,0xFF,0x00,0x00,0x01,0xFF,0xFF,0xFF,0xFD,0x00,
  0x00,0x00,0x7F,0xFF,0xFF,0xF0,0x00,0x00,0x00,0x07,0xFF,0xFE,0x40,0x00,0x00,0x00,
  0x00,0x15,0x50,0x00,0x00,0x00,0x01,0xFF,0x80,0x00,0x00,0x07,0xFF,0xD0,0x02,0xFF,
  0x80,0x00,0x00,0x0F,0xFF,0x40,0x02,0xFF,0x80,0x00,0x00,0x2F,0xFE,0x00,0x02,0xFF,
  0x80,0x00,0x00,0xBF,0xF8,0x00,0x02,0xFF,0x80,0x00,0x02,0xFF,0xE0,0x00,0x02,0xFF,
  0x80,0x00,0x0B,0xFF,0x80,0x00,0x02,0xFF,0x80,0x00,0x1F,0xFF,0x00,0x00,0x02,0xFF,
  0x80,0x00,0x7F,0xFC,0x00,0x00,0x02,0xFF,0x80,0x01,0xFF,0xF4,0x00,0x00,0x02,0xFF,
  0x80,0x03,0xFF,0xD0,0x00,0x00,0x02,0xFF,0x80,0x0F,0xFF,0x40,0x00,0x00,0x02,0xFF,
  0x80,0x2F,0xFD,0x00,0x00,0x00,0x02,0xFF,0x80,0xBF,0xF8,0x00,0x00,0x00,0x02,0xFF,
  0x82,0xFF,0xE0,0x00,0x00,0x00,0x02,0xFF,0x87,0xFF,0x80,0x00,0x00,0x00,0x02,0xFF,
  0x9F,0xFF,0x40,0x00,0x00,0x00,0x02,0xFF,0xFF,0xFF,0xC0,0x00,0x00,0x00,0x02,0xFF,
  0xFF,0xFF,0xE0,0x00,0x00,0x00,0x02,0xFF,0xFF,0xFF,0xF4,0x00,0x00,0x00,0x02,0xFF,
  0xFF,0x7F,0xFC,0x00,0x00,0x00,0x02,0xFF,0xFD,0x1F,0xFE,0x00,0x00,0x00,0x02,0xFF,
  0xF4,0x07,0xFF,0x80,0x00,0x00,0x02,0xFF,0xD0,0x02,0xFF,0xD0,0x00,0x00,0x02,0xFF,
  0x80,0x00,0xFF,0xF0,0x00,0x00,0x02,0xFF,0x80,0x00,0x7F,0xF8,0x00,0x00,0x02,0xFF,
  0x80,0x00,0x2F,0xFE,0x00,0x00,0x02,0xFF,0x80,0x00,0x0F,0xFF,0x40,0x00,0x02,0xFF,
  0x80,0x00,0x07,0xFF,0xC0,0x00,0x02,0xFF,0x80,0x00,0x01,0xFF,0xE0,0x00,0x02,0xFF,
  0x80,0x00,0x00,0xBF,0xF4,0x00,0x02,0xFF,0x80,0x00,0x00,0x3F,0xFD,0x00,0x02,0xFF,
  0x80,0x00,0x00,0x1F,0xFF,0x00,0x02,0xFF,0x80,0x00,0x00,0x0B,0xFF,0x80,0x02,0xFF,
  0x80,0x00,0x00,0x02,0xFF,0xD0,0x01,0xFF,0x80,0x00,0x00,0x00,0x00,0x02,0xFF,0x80,
  0x00,0x00,0x00,0x00,0x02,0xFF,0x80,0x00,0x00,0x00,0x00,0x02,0xFF,0x80,0x00,0x00,
  0x00,0x00,0x02,0xFF,0x80,0x00,0x00,0x00,0x00,0x02,0xFF,0x80,0x00,0x00,0x00,0x00,
  0x02,0xFF,0x80,0x00,0x00,0x00,0x00,0x02,0xFF,0x80,0x00,0x00,0x00,0x00,0x02,0xFF,
  0x80,0x00,0x00,0x00,0x00,0x02,0xFF,0x80,0x00,0x00,0x00,0x00,0x02,0xFF,0x80,0x00,
  0x00,0x00,0x00,0x02,0xFF,0x80,0x00,0x00,0x00,0x00,0x02,0xFF,0x80,0x00,0x00,0x00,
  0x00,0x02,0xFF,0x80,0x00,0x00,0x00,0x00,0x02,0xFF,0x80,0x00,0x00,0x00,0x00,0x02,
  0xFF,0x80,0x00,0x00,0x00,0x00,0x02,0xFF,0x80,0x00,0x00,0x00,0x00,0x02,0xFF,0x80,
  0x00,0x00,0x00,0x00,0x02,0xFF,0x80,0x00,0x00,0x00,0x00,0x02,0xFF,0x80,0x00,0x00,
  0x00,0x00,0x02,0xFF,0x80,0x00,0x00,0x00,0x00,0x02,0xFF,0x80,0x00,0x00,0x00,0x00,
  0x02,0xFF,0x80,0x00,0x00,0x00,0x00,0x02,0xFF,0x80,0x00,0x00,0x00,0x00,0x02,0xFF,
  0x80,0x00,0x00,0x00,0x00,0x02,0xFF,0x80,0x00,0x00,0x00,0x00,0x02,0xFF,0x80,0x00,
  0x00,0x00,0x00,0x02,0xFF,0x80,0x00,0x00,0x00,0x00,0x02,0xFF,0x80,0x00,0x00,0x00,
  0x00,0x02,0xFF,0x95,0x55,0x55,0x55,0x00,0x02,0xFF,0xFF,0xFF,0xFF,0xFF,0x00,0x02,
  0xFF,0xFF,0xFF,0xFF,0xFF,0x00,0x02,0xFF,0xFF,0xFF,0xFF,0xFF,0x00,0x02,0xFF,0xFF,
  0xFF,0xFF,0xFF,0x00,0x01,0xFF,0xF0,0x00,0x00,0x00,0x00,0x02,0xFF,0xF0,0x00,0x02,
  0xFF,0xF4,0x00,0x00,0x00,0x00,0x03,0xFF,0xF0,0x00,0x02,0xFF,0xF8,0x00,0x00,0x00,
  0x00,0x07,0xFF,0xF0,0x00,0x02,0xFF,0xFC,0x00,0x00,0x00,0x00,0x0B,0xFF,0xF0,0x00,
  0x02,0xFF,0xFE,0x00,0x00,0x00,0x00,0x1F,0xFF,0xF0,0x00,0x02,0xFF,0xFF,0x00,0x00,
  0x00,0x00,0x2F,0xFF,0xF0,0x00,0x02,0xFF,0xFF,0x40,0x00,0x00,0x00,0x3F,0xFF,0xF0,
  0x00,0x02,0xFF,0xFF,0x80,0x00,0x00,0x00,0x7F,0xFF,0xF0,0x00,0x02,0xFF,0xFF,0xD0,
  0x00,0x00,0x00,0xBF,0xFF,0xF0,0x00,0x02,0xFF,0xBF,0xE0,0x00,0x00,0x01,0xFF,0xBF,
  0xF0,0x00,0x02,0xFF,0x7F,0xF0,0x00,0x00,0x02,0xFF,0x7F,0xF0,0x00,0x02,0xFF,0x5F,
  0xF4,0x00,0x00,0x03,0xFF,0x3F,0xF0,0x00,0x02,0xFF,0x4F,0xF8,0x00,0x00,0x07,0xFD,
  0x3F,0xF0,0x00,0x02,0xFF,0x4B,0xFD,0x00,0x00,0x0F,0xFC,0x3F,0xF0,0x00,0x02,0xFF,
  0x47,0xFE,0x00,0x00,0x1F,0xF8,0x3F,0xF0,0x00,0x02,0xFF,0x43,0xFF,0x00,0x00,0x2F,
  0xF4,0x3F,0xF0,0x00,0x02,0xFF,0x41,0xFF,0x40,0x00,0x3F,0xE0,0x3F,0xF0,0x00,0x02,
  0xFF,0x40,0xFF,0xC0,0x00,0x7F,0xD0,0x3F,0xF0,0x00,0x02,0xFF,0x40,0xBF,0xD0,0x00,
  0xFF,0xC0,0x3F,0xF0,0x00,0x02,0xFF,0x40,0x7F,0xE0,0x01,0xFF,0x80,0x3F,0xF0,0x00,
  0x02,0xFF,0x40,0x2F,0xF0,0x02,0xFF,0x40,0x3F,0xF0,0x00,0x02,0xFF,0x40,0x1F,0xF4,
  0x03,0xFE,0x00,0x3F,0xF0,0x00,0x02,0xFF,0x40,0x0F,0xFC,0x0B,0xFD,0x00,0x3F,0xF0,
  0x00,0x02,0xFF,0x40,0x0B,0xFD,0x0F,0xFC,0x00,0x3F,0xF0,0x00,0x02,0xFF,0x40,0x07,
  0xFE,0x1F,0xF8,0x00,0x3F,0xF0,0x00,0x02,0xFF,0x40,0x02,0xFF,0x2F,0xF0,0x00,0x3F,
  0xF0,0x00,0x02,0xFF,0x40,0x01,0xFF,0xBF,0xE0,0x00,0x3F,0xF0,0x00,0x02,0xFF,0x40,
  0x00,0xFF,0xFF,0xD0,0x00,0x3F,0xF0,0x00,0x02,0xFF,0x40,0x00,0xBF,0xFF,0xC0,0x00,
  0x3F,0xF0,0x00,0x02,0xFF,0x40,0x00,0x3F,0xFF,0x80,0x00,0x3F,0xF0,0x00,0x02,0xFF,
  0x40,0x00,0x2F,0xFF,0x00,0x00,0x3F,0xF0,0x00,0x02,0xFF,0x40,0x00,0x1F,0xFE,0x00,
  0x00,0x3F,0xF0,0x00,0x02,0xFF,0x40,0x00,0x0F,0xFD,0x00,0x00,0x3F,0xF0,0x00,0x02,
  0xFF,0x40,0x00,0x0B,0xFC,0x00,0x00,0x3F,0xF0,0x00,0x01,0xFF,0x80,0x00,0x00,0x00,
  0x1F,0xF8,0x00,0x02,0xFF,0xD0,0x00,0x00,0x00,0x1F,0xFC,0x00,0x02,0xFF,0xF0,0x00,
  0x00,0x00,0x1F,0xFC,0x00,0x02,0xFF,0xF8,0x00,0x00,0x00,0x1F,0xFC,0x00,0x02,0xFF,
  0xFD,0x00,0x00,0x00,0x1F,0xFC,0x00,0x02,0xFF,0xFF,0x00,0x00,0x00,0x1F,0xFC,0x00,
  0x02,0xFF,0xFF,0x80,0x00,0x00,0x1F,0xFC,0x00,0x02,0xFF,0xFF,0xD0,0x00,0x00,0x1F,
  0xFC,0x00,0x02,0xFF,0xFF,0xF0,0x00,0x00,0x1F,0xFC,0x00,0x02,0xFF,0xBF,0xF8,0x00,
  0x00,0x1F,0xFC,0x00,0x02,0xFF,0x9F,0xFD,0x00,0x00,0x1F,0xFC,0x00,0x02,0xFF,0x8B,
  0xFF,0x40,0x00,0x1F,0xFC,0x00,0x02,0xFF,0x82,0xFF,0x80,0x00,0x1F,0xFC,0x00,0x02,
  0xFF,0x80,0xFF,0xE0,0x00,0x1F,0xFC,0x00,0x02,0xFF,0x80,0x7F,0xF4,0x00,0x1F,0xFC,
  0x00,0x02,0xFF,0x80,0x2F,0xFC,0x00,0x1F,0xFC,0x00,0x02,0xFF,0x80,0x0F,0xFE,0x00,
  0x1F,0xFC,0x00,0x02,0xFF,0x80,0x07,0xFF,0x40,0x1F,0xFC,0x00,0x02,0xFF,0x80,0x02,
  0xFF,0xC0,0x1F,0xFC,0x00,0x02,0xFF,0x80,0x00,0xFF,0xE0,0x1F,0xFC,0x00,0x02,0xFF,
  0x80,0x00,0x7F,0xF4,0x1F,0xFC,0x00,0x02,0xFF,0x80,0x00,0x2F,0xFC,0x1F,0xFC,0x00,
  0x02,0xFF,0x80,0x00,0x0F,0xFE,0x1F,0xFC,0x00,0x02,0xFF,0x80,0x00,0x07,0xFF,0x5F,
  0xFC,0x00,0x02,0xFF,0x80,0x00,0x01,0xFF,0xDF,0xFC,0x00,0x02,0xFF,0x80,0x00,0x00,
  0xBF,0xFF,0xFC,0x00,0x02,0xFF,0x80,0x00,0x00,0x3F,0xFF,0xFC,0x00,0x02,0xFF,0x80,
  0x00,0x00,0x1F,0xFF,0xFC,0x00,0x02,0xFF,0x80,0x00,0x00,0x0B,0xFF,0xFC,0x00,0x02,
  0xFF,0x80,0x00,0x00,0x03,0xFF,0xFC,0x00,0x02,0xFF,0x80,0x00,0x00,0x01,0xFF,0xFC,
  0x00,0x02,0xFF,0x80,0x00,0x00,0x00,0xBF,0xFC,0x00,0x02,0xFF,0x80,0x00,0x00,0x00,
  0x3F,0xFC,0x00,0x02,0xFF,0x80,0x00,0x00,0x00,0x1F,0xFC,0x00,0x00,0x00,0x00,0x01,
  0x55,0x00,0x00,0x00,0x00,0x00,0x00,0x01,0x6F,0xFF,0xF9,0x00,0x00,0x00,0x00,0x00,
  0x0B,0xFF,0xFF,0xFF,0x90,0x00,0x00,0x00,0x00,0x7F,0xFF,0xFF,0xFF,0xF8,0x00,0x00,
  0x00,0x01,0xFF,0xFF,0xFF,0xFF,0xFE,0x00,0x00,0x00,0x0B,0xFF,0xFE,0x56,0xBF,0xFF,
  0x80,0x00,0x00,0x1F,0xFF,0x90,0x00,0x0B,0xFF,0xE0,0x00,0x00,0x3F,0xFE,0x00,0x00,
  0x01,0xFF,0xF4,0x00,0x00,0x7F,0xF4,0x00,0x00,0x00,0x7F,0xF8,0x00,0x00,0xFF,0xE0,
  0x00,0x00,0x00,0x1F,0xFD,0x00,0x01,0xFF,0xC0,0x00,0x00,0x00,0x0B,0xFE,0x00,0x02,
  0xFF,0x80,0x00,0x00,0x00,0x07,0xFF,0x00,0x03,0xFF,0x40,0x00,0x00,0x00,0x03,0xFF,
  0x40,0x07,0xFF,0x00,0x00,0x00,0x00,0x02,0xFF,0x40,0x07,0xFE,0x00,0x00,0x00,0x00,
  0x01,0xFF,0x80,0x07,0xFE,0x00,0x00,0x00,0x00,0x01,0xFF,0x80,0x0B,0xFE,0x00,0x00,
  0x00,0x00,0x01,0xFF,0x80,0x0B,0xFD,0x00,0x00,0x00,0x00,0x01,0xFF,0xC0,0x0B,0xFD,
  0x00,0x00,0x00,0x00,0x01,0xFF,0xC0,0x0B,0xFE,0x00,0x00,0x00,0x00,0x01,0xFF,0xC0,
  0x07,0xFE,0x00,0x00,0x00,0x00,0x01,0xFF,0x80,0x07,0xFE,0x00,0x00,0x00,0x00,0x01,
  0xFF,0x80,0x07,0xFF,0x00,0x00,0x00,0x00,0x02,0xFF,0x40,0x03,0xFF,0x40,0x00,0x00,
  0x00,0x03,0xFF,0x40,0x02,0xFF,0x80,0x00,0x00,0x00,0x07,0xFF,0x00,0x01,0xFF,0xC0,
  0x00,0x00,0x00,0x0B,0xFE,0x00,0x00,0xFF,0xE0,0x00,0x00,0x00,0x1F,0xFD,0x00,0x00,
  0xBF,0xF4,0x00,0x00,0x00,0x7F,0xF8,0x00,0x00,0x3F,0xFD,0x00,0x00,0x01,0xFF,0xF4,
  0x00,0x00,0x1F,0xFF,0x90,0x00,0x0B,0xFF,0xE0,0x00,0x00,0x0B,0xFF,0xFA,0x55,0xBF,
  0xFF,0x80,0x00,0x00,0x02,0xFF,0xFF,0xFF,0xFF,0xFE,0x00,0x00,0x00,0x00,0x7F,0xFF,
  0xFF,0xFF,0xF8,0x00,0x00,0x00,0x00,0x0B,0xFF,0xFF,0xFF,0xD0,0x00,0x00,0x00,0x00,
  0x01,0xBF,0xFF,0xF9,0x00,0x00,0x00,0x00,0x00,0x00,0x01,0x55,0x40,0x00,0x00,0x00,
  0x01,0xFF,0xFF,0xFF,0xE9,0x00,0x00,0x00,0x02,0xFF,0xFF,0xFF,0xFF,0xE4,0x00,0x00,
  0x02,0xFF,0xFF,0xFF,0xFF,0xFD,0x00,0x00,0x02,0xFF,0xFF,0xFF,0xFF,0xFF,0x80,0x00,
  0x02,0xFF,0x95,0x56,0xAF,0xFF,0xD0,0x00,0x02,0xFF,0x80,0x00,0x02,0xFF,0xF0,0x00,
  0x02,0xFF,0x80,0x00,0x00,0x7F,0xF4,0x00,0x02,0xFF,0x80,0x00,0x00,0x2F,0xF8,0x00,
  0x02,0xFF,0x80,0x00,0x00,0x1F,0xFC,0x00,0x02,0xFF,0x80,0x00,0x00,0x0F,0xFD,0x00,
  0x02,0xFF,0x80,0x00,0x00,0x0F,0xFD,0x00,0x02,0xFF,0x80,0x00,0x00,0x0F,0xFD,0x00,
  0x02,0xFF,0x80,0x00,0x00,0x0F,0xFD,0x00,0x02,0xFF,0x80,0x00,0x00,0x1F,0xFC,0x00,
  0x02,0xFF,0x80,0x00,0x00,0x2F,0xFC,0x00,0x02,0xFF,0x80,0x00,0x00,0x7F,0xF8,0x00,
  0x02,0xFF,0x80,0x00,0x02,0xFF,0xF0,0x00,0x02,0xFF,0x95,0x55,0x6F,0xFF,0xE0,0x00,
  0x02,0xFF,0xFF,0xFF,0xFF,0xFF,0x80,0x00,0x02,0xFF,0xFF,0xFF,0xFF,0xFE,0x00,0x00,
  0x02,0xFF,0xFF,0xFF,0xFF,0xF4,0x00,0x00,0x02,0xFF,0xFF,0xFF,0xFA,0x40,0x00,0x00,
  0x02,0xFF,0x80,0x00,0x00,0x00,0x00,0x00,0x02,0xFF,0x80,0x00,0x00,0x00,0x00,0x00,
  0x02,0xFF,0x80,0x00,0x00,0x00,0x00,0x00,0x02,0xFF,0x80,0x00,0x00,0x00,0x00,0x00,
  0x02,0xFF,0x80,0x00,0x00,0x00,0x00,0x00,0x02,0xFF,0x80,0x00,0x00,0x00,0x00,0x00,
  0x02,0xFF,0x80,0x00,0x00,0x00,0x00,0x00,0x02,0xFF,0x80,0x00,0x00,0x00,0x00,0x00,
  0x02,0xFF,0x80,0x00,0x00,0x00,0x00,0x00,0x02,0xFF,0x80,0x00,0x00,0x00,0x00,0x00,
  0x02,0xFF,0x80,0x00,0x00,0x00,0x00,0x00,0x02,0xFF,0x80,0x00,0x00,0x00,0x00,0x00,
  0x00,0x00,0x00,0x01,0x55,0x00,0x00,0x00,0x00,0x00,0x00,0x01,0x6F,0xFF,0xF9,0x00,
  0x00,0x00,0x00,0x00,0x0B,0xFF,0xFF,0xFF,0x90,0x00,0x00,0x00,0x00,0x7F,0xFF,0xFF,
  0xFF,0xF8,0x00,0x00,0x00,0x01,0xFF,0xFF,0xFF,0xFF,0xFE,0x00,0x00,0x00,0x0B,0xFF,
  0xFE,0x56,0xBF,0xFF,0x80,0x00,0x00,0x1F,0xFF,0x90,0x00,0x0B,0xFF,0xE0,0x00,0x00,
  0x3F,0xFE,0x00,0x00,0x01,0xFF,0xF4,0x00,0x00,0x7F,0xF4,0x00,0x00,0x00,0x7F,0xF8,
  0x00,0x00,0xFF,0xE0,0x00,0x00,0x00,0x1F,0xFD,0x00,0x01,0xFF,0xC0,0x00,0x00,0x00,
  0x0B,0xFE,0x00,0x02,0xFF,0x80,0x00,0x00,0x00,0x07,0xFF,0x00,0x03,0xFF,0x40,0x00,
  0x00,0x00,0x03,0xFF,0x40,0x07,0xFF,0x00,0x00,0x00,0x00,0x02,0xFF,0x40,0x07,0xFE,
  0x00,0x00,0x00,0x00,0x01,0xFF,0x80,0x07,0xFE,0x00,0x00,0x00,0x00,0x01,0xFF,0x80,
  0x0B,0xFE,0x00,0x00,0x00,0x00,0x01,0xFF,0x80,0x0B,0xFD,0x00,0x00,0x00,0x00,0x01,
  0xFF,0xC0,0x0B,0xFD,0x00,0x00,0x00,0x00,0x01,0xFF,0xC0,0x0B,0xFE,0x00,0x00,0x00,
  0x00,0x01,0xFF,0x80,0x07,0xFE,0x00,0x00,0x00,0x00,0x01,0xFF,0x80,0x07,0xFE,0x00,
  0x00,0x00,0x00,0x01,0xFF,0x80,0x07,0xFF,0x00,0x00,0x00,0x00,0x02,0xFF,0x80,0x03,
  0xFF,0x40,0x00,0x00,0x00,0x03,0xFF,0x40,0x02,0xFF,0x80,0x00,0xBF,0xD0,0x07,0xFF,
  0x00,0x01,0xFF,0xC0,0x00,0x3F,0xF4,0x0B,0xFE,0x00,0x00,0xFF,0xE0,0x00,0x1F,0xFC,
  0x1F,0xFD,0x00,0x00,0xBF,0xF4,0x00,0x07,0xFE,0x7F,0xF8,0x00,0x00,0x3F,0xFD,0x00,
  0x02,0xFF,0xFF,0xF4,0x00,0x00,0x1F,0xFF,0x90,0x00,0xBF,0xFF,0xE0,0x00,0x00,0x0B,
  0xFF,0xFA,0x55,0xBF,0xFF,0x80,0x00,0x00,0x02,0xFF,0xFF,0xFF,0xFF,0xFE,0x00,0x00,
  0x00,0x00,0x7F,0xFF,0xFF,0xFF,0xFE,0x00,0x00,0x00,0x00,0x0B,0xFF,0xFF,0xFF,0xFF,
  0x40,0x00,0x00,0x00,0x01,0xBF,0xFF,0xF9,0xFF,0xD0,0x00,0x00,0x00,0x00,0x01,0x55,
  0x40,0x7F,0xF0,0x00,0x00,0x00,0x00,0x00,0x00,0x00,0x2F,0xF8,0x00,0x00,0x00,0x00,
  0x00,0x00,0x00,0x0B,0xFD,0x00,0x00,0x00,0x00,0x00,0x00,0x00,0x00,0x00,0x00,0x01,
  0xFF,0xFF,0xFF,0xE9,0x40,0x00,0x00,0x02,0xFF,0xFF,0xFF,0xFF,0xE4,0x00,0x00,0x02,
  0xFF,0xFF,0xFF,0xFF,0xFE,0x00,0x00,0x02,0xFF,0xFF,0xFF,0xFF,0xFF,0x80,0x00,0x02,
  0xFF,0x95,0x55,0xAF,0xFF,0xE0,0x00,0x02,0xFF,0x80,0x00,0x02,0xFF,0xF0,0x00,0x02,
  0xFF,0x80,0x00,0x00,0x7F,0xF8,0x00,0x02,0xFF,0x80,0x00,0x00,0x2F,0xFC,0x00,0x02,
  0xFF,0x80,0x00,0x00,0x1F,0xFC,0x00,0x02,0xFF,0x80,0x00,0x00,0x0F,0xFD,0x00,0x02,
  0xFF,0x80,0x00,0x00,0x0F,0xFD,0x00,0x02,0xFF,0x80,0x00,0x00,0x0F,0xFD,0x00,0x02,
  0xFF,0x80,0x00,0x00,0x0F,0xFC,0x00,0x02,0xFF,0x80,0x00,0x00,0x1F,0xFC,0x00,0x02,
  0xFF,0x80,0x00,0x00,0x3F,0xF8,0x00,0x02,0xFF,0x80,0x00,0x01,0xFF,0xF4,0x00,0x02,
  0xFF,0x95,0x55,0x5B,0xFF,0xE0,0x00,0x02,0xFF,0xFF,0xFF,0xFF,0xFF,0xC0,0x00,0x02,
  0xFF,0xFF,0xFF,0xFF,0xFF,0x00,0x00,0x02,0xFF,0xFF,0xFF,0xFF,0xF8,0x00,0x00,0x02,
  0xFF,0xFF,0xFF,0xFF,0xD0,0x00,0x00,0x02,0xFF,0x95,0x55,0xFF,0xE0,0x00,0x00,0x02,
  0xFF,0x80,0x00,0x7F,0xF4,0x00,0x00,0x02,0xFF,0x80,0x00,0x3F,0xFC,0x00,0x00,0x02,
  0xFF,0x80,0x00,0x1F,0xFD,0x00,0x00,0x02,0xFF,0x80,0x00,0x0B,0xFF,0x00,0x00,0x02,
  0xFF,0x80,0x00,0x07,0xFF,0x80,0x00,0x02,0xFF,0x80,0x00,0x02,0xFF,0xC0,0x00,0x02,
  0xFF,0x80,0x00,0x01,0xFF,0xE0,0x00,0x02,0xFF,0x80,0x00,0x00,0xBF,0xF4,0x00,0x02,
  0xFF,0x80,0x00,0x00,0x3F,0xF8,0x00,0x02,0xFF,0x80,0x00,0x00,0x2F,0xFD,0x00,0x02,
  0xFF,0x80,0x00,0x00,0x0F,0xFE,0x00,0x02,0xFF,0x80,0x00,0x00,0x07,0xFF,0x40,0x00,
  0x00,0x00,0x55,0x50,0x00,0x00,0x00,0x00,0x00,0x1B,0xFF,0xFE,0x40,0x00,0x00,0x00,
  0x01,0xFF,0xFF,0xFF,0xF4,0x00,0x00,0x00,0x0B,0xFF,0xFF,0xFF,0xFE,0x00,0x00,0x00,
  0x2F,0xFF,0xFF,0xFF,0xFF,0x80,0x00,0x00,0xBF,0xFE,0x50,0x5B,0xFF,0xE0,0x00,0x00,
  0xFF,0xF4,0x00,0x01,0xFF,0xF0,0x00,0x01,0xFF,0xC0,0x00,0x00,0x7F,0xF4,0x00,0x02,
  0xFF,0x80,0x00,0x00,0x2F,0xF8,0x00,0x03,0xFF,0x40,0x00,0x00,0x1F,0xFC,0x00,0x03,
  0xFF,0x40,0x00,0x00,0x00,0x00,0x00,0x03,0xFF,0x40,0x00,0x00,0x00,0x00,0x00,0x02,
  0xFF,0xD0,0x00,0x00,0x00,0x00,0x00,0x01,0xFF,0xF4,0x00,0x00,0x00,0x00,0x00,0x00,
  0xBF,0xFE,0x40,0x00,0x00,0x00,0x00,0x00,0x3F,0xFF,0xFA,0x40,0x00,0x00,0x00,0x00,
  0x0B,0xFF,0xFF,0xF9,0x00,0x00,0x00,0x00,0x02,0xFF,0xFF,0xFF,0xE0,0x00,0x00,0x00,
  0x00,0x1F,0xFF,0xFF,0xFD,0x00,0x00,0x00,0x00,0x01,0xAF,0xFF,0xFF,0x80,0x00,0x00,
  0x00,0x00,0x01,0xBF,0xFF,0xE0,0x00,0x00,0x00,0x00,0x00,0x06,0xFF,0xF4,0x00,0x00,
  0x00,0x00,0x00,0x00,0x7F,0xF8,0x00,0x00,0x00,0x00,0x00,0x00,0x1F,0xFC,0x00,0x00,
  0x00,0x00,0x00,0x00,0x0F,0xFD,0x00,0x05,0x54,0x00,0x00,0x00,0x0B,0xFD,0x00,0x0B,
  0xFD,0x00,0x00,0x00,0x0B,0xFD,0x00,0x0B,0xFE,0x00,0x00,0x00,0x0F,0xFD,0x00,0x07,
  0xFF,0x40,0x00,0x00,0x3F,0xFC,0x00,0x03,0xFF,0xD0,0x00,0x00,0xBF,0xF8,0x00,0x01,
  0xFF,0xFD,0x40,0x1B,0xFF,0xF0,0x00,0x00,0xBF,0xFF,0xFF,0xFF,0xFF,0xD0,0x00,0x00,
  0x2F,0xFF,0xFF,0xFF,0xFF,0x40,0x00,0x00,0x07,0xFF,0xFF,0xFF,0xF8,0x00,0x00,0x00,
  0x00,0x6F,0xFF,0xFF,0x90,0x00,0x00,0x00,0x00,0x01,0x5A,0x54,0x00,0x00,0x00,0x1F,
  0xFF,0xFF,0xFF,0xFF,0xFF,0xFF,0x00,0x1F,0xFF,0xFF,0xFF,0xFF,0xFF,0xFF,0x00,0x1F,
  0xFF,0xFF,0xFF,0xFF,0xFF,0xFF,0x00,0x1F,0xFF,0xFF,0xFF,0xFF,0xFF,0xFF,0x00,0x0A,
  0xAA,0xAA,0xBF,0xEA,0xAA,0xAA,0x00,0x00,0x00,0x00,0xBF,0xE0,0x00,0x00,0x00,0x00,
  0x00,0x00,0xBF,0xE0,0x00,0x00,0x00,0x00,0x00,0x00,0xBF,0xE0,0x00,0x00,0x00,0x00,
  0x00,0x00,0xBF,0xE0,0x00,0x00,0x00,0x00,0x00,0x00,0xBF,0xE0,0x00,0x00,0x00,0x00,
  0x00,0x00,0xBF,0xE0,0x00,0x00,0x00,0x00,0x00,0x00,0xBF,0xE0,0x00,0x00,0x00,0x00,
  0x00,0x00,0xBF,0xE0,0x00,0x00,0x00,0x00,0x00,0x00,0xBF,0xE0,0x00,0x00,0x00,0x00,
  0x00,0x00,0xBF,0xE0,0x00,0x00,0x00,0x00,0x00,0x00,0xBF,0xE0,0x00,0x00,0x00,0x00,
  0x00,0x00,0xBF,0xE0,0x00,0x00,0x00,0x00,0x00,0x00,0xBF,0xE0,0x00,0x00,0x00,0x00,
  0x00,0x00,0xBF,0xE0,0x00,0x00,0x00,0x00,0x00,0x00,0xBF,0xE0,0x00,0x00,0x00,0x00,
  0x00,0x00,0xBF,0xE0,0x00,0x00,0x00,0x00,0x00,0x00,0xBF,0xE0,0x00,0x00,0x00,0x00,
  0x00,0x00,0xBF,0xE0,0x00,0x00,0x00,0x00,0x00,0x00,0xBF,0xE0,0x00,0x00,0x00,0x00,
  0x00,0x00,0xBF,0xE0,0x00,0x00,0x00,0x00,0x00,0x00,0xBF,0xE0,0x00,0x00,0x00,0x00,
  0x00,0x00,0xBF,0xE0,0x00,0x00,0x00,0x00,0x00,0x00,0xBF,0xE0,0x00,0x00,0x00,0x00,
  0x00,0x00,0xBF,0xE0,0x00,0x00,0x00,0x00,0x00,0x00,0xBF,0xE0,0x00,0x00,0x00,0x00,
  0x00,0x00,0xBF,0xE0,0x00,0x00,0x00,0x00,0x00,0x00,0xBF,0xE0,0x00,0x00,0x00,0x00,
  0x00,0x00,0xBF,0xE0,0x00,0x00,0x00,0x00,0x00,0x00,0xBF,0xE0,0x00,0x00,0x00,0x01,
  0xFF,0x80,0x00,0x00,0x00,0x2F,0xF4,0x00,0x02,0xFF,0x80,0x00,0x00,0x00,0x2F,0xF4,
  0x00,0x02,0xFF,0x80,0x00,0x00,0x00,0x2F,0xF4,0x00,0x02,0xFF,0x80,0x00,0x00,0x00,
  0x2F,0xF4,0x00,0x02,0xFF,0x80,0x00,0x00,0x00,0x2F,0xF4,0x00,0x02,0xFF,0x80,0x00,
  0x00,0x00,0x2F,0xF4,0x00,0x02,0xFF,0x80,0x00,0x00,0x00,0x2F,0xF4,0x00,0x02,0xFF,
  0x80,0x00,0x00,0x00,0x2F,0xF4,0x00,0x02,0xFF,0x80,0x00,0x00,0x00,0x2F,0xF4,0x00,
  0x02,0xFF,0x80,0x00,0x00,0x00,0x2F,0xF4,0x00,0x02,0xFF,0x80,0x00,0x00,0x00,0x2F,
  0xF4,0x00,0x02,0xFF,0x80,0x00,0x00,0x00,0x2F,0xF4,0x00,0x02,0xFF,0x80,0x00,0x00,
  0x00,0x2F,0xF4,0x00,0x02,0xFF,0x80,0x00,0x00,0x00,0x2F,0xF4,0x00,0x02,0xFF,0x80,
  0x00,0x00,0x00,0x2F,0xF4,0x00,0x02,0xFF,0x80,0x00,0x00,0x00,0x2F,0xF4,0x00,0x02,
  0xFF,0x80,0x00,0x00,0x00,0x2F,0xF4,0x00,0x02,0xFF,0x80,0x00,0x00,0x00,0x2F,0xF4,
  0x00,0x02,0xFF,0x80,0x00,0x00,0x00,0x2F,0xF4,0x00,0x02,0xFF,0x80,0x00,0x00,0x00,
  0x2F,0xF4,0x00,0x02,0xFF,0x80,0x00,0x00,0x00,0x2F,0xF4,0x00,0x02,0xFF,0x80,0x00,
  0x00,0x00,0x2F,0xF4,0x00,0x02,0xFF,0x80,0x00,0x00,0x00,0x2F,0xF4,0x00,0x01,0xFF,
  0x80,0x00,0x00,0x00,0x3F,0xF4,0x00,0x01,0xFF,0xC0,0x00,0x00,0x00,0x3F,0xF4,0x00,
  0x00,0xFF,0xD0,0x00,0x00,0x00,0xBF,0xF0,0x00,0x00,0xBF,0xF0,0x00,0x00,0x00,0xFF,
  0xE0,0x00,0x00,0x7F,0xF8,0x00,0x00,0x02,0xFF,0xD0,0x00,0x00,0x3F,0xFF,0x40,0x00,
  0x1F,0xFF,0x80,0x00,0x00,0x1F,0xFF,0xE5,0x05,0xBF,0xFF,0x40,0x00,0x00,0x07,0xFF,
  0xFF,0xFF,0xFF,0xFD,0x00,0x00,0x00,0x01,0xFF,0xFF,0xFF,0xFF,0xF4,0x00,0x00,0x00,
  0x00,0x6F,0xFF,0xFF,0xFF,0x80,0x00,0x00,0x00,0x00,0x06,0xFF,0xFF,0xF9,0x00,0x00,
  0x00,0x00,0x00,0x00,0x15,0xA5,0x40,0x00,0x00,0x00,0x3F,0xF8,0x00,0x00,0x00,0x00,
  0x1F,0xFC,0x2F,0xFC,0x00,0x00,0x00,0x00,0x2F,0xF8,0x1F,0xFD,0x00,0x00,0x00,0x00,
  0x3F,0xF4,0x0F,0xFE,0x00,0x00,0x00,0x00,0x7F,0xF0,0x0B,0xFF,0x00,0x00,0x00,0x00,
  0xBF,0xE0,0x03,0xFF,0x40,0x00,0x00,0x01,0xFF,0xD0,0x02,0xFF,0x80,0x00,0x00,0x02,
  0xFF,0xC0,0x01,0xFF,0xC0,0x00,0x00,0x03,0xFF,0x80,0x00,0xFF,0xD0,0x00,0x00,0x07,
  0xFF,0x40,0x00,0xBF,0xE0,0x00,0x00,0x0B,0xFF,0x00,0x00,0x7F,0xF0,0x00,0x00,0x0F,
  0xFD,0x00,0x00,0x3F,0xF4,0x00,0x00,0x1F,0xFC,0x00,0x00,0x2F,0xF8,0x00,0x00,0x2F,
  0xF8,0x00,0x00,0x1F,0xFC,0x00,0x00,0x3F,0xF4,0x00,0x00,0x0F,0xFD,0x00,0x00,0x7F,
  0xF0,0x00,0x00,0x0B,0xFE,0x00,0x00,0xBF,0xE0,0x00,0x00,0x07,0xFF,0x00,0x00,0xFF,
  0xD0,0x00,0x00,0x03,0xFF,0x40,0x01,0xFF,0xC0,0x00,0x00,0x01,0xFF,0x80,0x02,0xFF,
  0x80,0x00,0x00,0x00,0xFF,0xC0,0x03,0xFF,0x40,0x00,0x00,0x00,0xBF,0xD0,0x07,0xFF,
  0x00,0x00,0x00,0x00,0x7F,0xE0,0x0B,0xFE,0x00,0x00,0x00,0x00,0x3F,0xF0,0x0F,0xFD,
  0x00,0x00,0x00,0x00,0x2F,0xF4,0x1F,0xF8,0x00,0x00,0x00,0x00,0x1F,0xF8,0x2F,0xF4,
  0x00,0x00,0x00,0x00,0x0F,0xFC,0x3F,0xF0,0x00,0x00,0x00,0x00,0x0B,0xFD,0x7F,0xE0,
  0x00,0x00,0x00,0x00,0x07,0xFF,0xBF,0xD0,0x00,0x00,0x00,0x00,0x03,0xFF,0xFF,0xC0,
  0x00,0x00,0x00,0x00,0x02,0xFF,0xFF,0x80,0x00,0x00,0x00,0x00,0x01,0xFF,0xFF,0x40,
  0x00,0x00,0x00,0x00,0x00,0xBF,0xFF,0x00,0x00,0x00,0x00,0x00,0x00,0x7F,0xFE,0x00,
  0x00,0x00,0x00,0x00,0x00,0x3F,0xFD,0x00,0x00,0x00,0x3F,0xF4,0x00,0x00,0x00,0xFF,
  0xD0,0x00,0x00,0x03,0xFF,0x40,0x3F,0xF8,0x00,0x00,0x01,0xFF,0xE0,0x00,0x00,0x07,
  0xFF,0x00,0x2F,0xF8,0x00,0x00,0x02,0xFF,0xF0,0x00,0x00,0x0B,0xFF,0x00,0x1F,0xFC,
  0x00,0x00,0x03,0xFF,0xF4,0x00,0x00,0x0B,0xFE,0x00,0x0F,0xFD,0x00,0x00,0x07,0xFF,
  0xF4,0x00,0x00,0x0F,0xFD,0x00,0x0B,0xFE,0x00,0x00,0x07,0xFF,0xF8,0x00,0x00,0x1F,
  0xFC,0x00,0x07,0xFE,0x00,0x00,0x0B,0xFF,0xFC,0x00,0x00,0x2F,0xF8,0x00,0x07,0xFF,
  0x00,0x00,0x0F,0xFF,0xFD,0x00,0x00,0x2F,0xF4,0x00,0x03,0xFF,0x40,0x00,0x1F,0xFF,
  0xFE,0x00,0x00,0x3F,0xF4,0x00,0x02,0xFF,0x80,0x00,0x2F,0xF7,0xFE,0x00,0x00,0x7F,
  0xF0,0x00,0x01,0xFF,0x80,0x00,0x2F,0xF2,0xFF,0x00,0x00,0xBF,0xE0,0x00,0x00,0xFF,
  0xC0,0x00,0x3F,0xE1,0xFF,0x40,0x00,0xBF,0xD0,0x00,0x00,0xBF,0xD0,0x00,0x7F,0xD0,
  0xFF,0x80,0x00,0xFF,0xC0,0x00,0x00,0xBF,0xE0,0x00,0xBF,0xC0,0xFF,0xC0,0x01,0xFF,
  0x80,0x00,0x00,0x7F,0xE0,0x00,0xBF,0xC0,0xBF,0xC0,0x02,0xFF,0x80,0x00,0x00,0x3F,
  0xF0,0x00,0xFF,0x80,0x7F,0xD0,0x02,0xFF,0x40,0x00,0x00,0x2F,0xF4,0x01,0xFF,0x40,
  0x3F,0xE0,0x03,0xFF,0x00,0x00,0x00,0x1F,0xF8,0x02,0xFF,0x00,0x2F,0xF0,0x07,0xFE,
  0x00,0x00,0x00,0x0F,0xF8,0x03,0xFE,0x00,0x1F,0xF0,0x0B,0xFD,0x00,0x00,0x00,0x0F,
  0xFC,0x03,0xFD,0x00,0x0F,0xF4,0x0B,0xFC,0x00,0x00,0x00,0x0B,0xFD,0x07,0xFC,0x00,
  0x0F,0xF8,0x0F,0xFC,0x00,0x00,0x00,0x07,0xFE,0x0B,0xFC,0x00,0x0B,0xFC,0x1F,0xF8,
  0x00,0x00,0x00,0x03,0xFF,0x0F,0xF8,0x00,0x07,0xFD,0x2F,0xF4,0x00,0x00,0x00,0x02,
  0xFF,0x1F,0xF4,0x00,0x03,0xFD,0x2F,0xF0,0x00,0x00,0x00,0x01,0xFF,0x5F,0xF0,0x00,
  0x02,0xFE,0x3F,0xE0,0x00,0x00,0x00,0x01,0xFF,0xAF,0xE0,0x00,0x01,0xFF,0x7F,0xD0,
  0x00,0x00,0x00,0x00,0xFF,0xFF,0xD0,0x00,0x01,0xFF,0xFF,0xD0,0x00,0x00,0x00,0x00,
  0xBF,0xFF,0xD0,0x00,0x00,0xFF,0xFF,0xC0,0x00,0x00,0x00,0x00,0x7F,0xFF,0xC0,0x00,
  0x00,0xBF,0xFF,0x80,0x00,0x00,0x00,0x00,0x3F,0xFF,0x80,0x00,0x00,0x7F,0xFF,0x40,
  0x00,0x00,0x00,0x00,0x2F,0xFF,0x40,0x00,0x00,0x3F,0xFF,0x00,0x00,0x00,0x00,0x00,
  0x2F,0xFF,0x00,0x00,0x00,0x2F,0xFE,0x00,0x00,0x00,0x00,0x00,0x1F,0xFE,0x00,0x00,
  0x00,0x2F,0xFE,0x00,0x00,0x00,0x00,0x00,0x0F,0xFE,0x00,0x00,0x00,0x1F,0xFD,0x00,
  0x00,0x00,0x2F,0xFD,0x00,0x00,0x00,0x02,0xFF,0xD0,0x0F,0xFF,0x00,0x00,0x00,0x07,
  0xFF,0x80,0x07,0xFF,0x80,0x00,0x00,0x0F,0xFF,0x00,0x02,0xFF,0xD0,0x00,0x00,0x2F,
  0xFD,0x00,0x01,0xFF,0xE0,0x00,0x00,0x7F,0xF8,0x00,0x00,0xBF,0xF4,0x00,0x00,0xBF,
  0xF0,0x00,0x00,0x3F,0xFC,0x00,0x01,0xFF,0xD0,0x00,0x00,0x1F,0xFE,0x00,0x03,0xFF,
  0x80,0x00,0x00,0x0B,0xFF,0x40,0x0B,0xFF,0x40,0x00,0x00,0x03,0xFF,0x80,0x1F,0xFE,
  0x00,0x00,0x00,0x01,0xFF,0xD0,0x3F,0xFC,0x00,0x00,0x00,0x00,0xBF,0xF0,0x7F,0xF4,
  0x00,0x00,0x00,0x00,0x3F,0xF8,0xFF,0xE0,0x00,0x00,0x00,0x00,0x1F,0xFF,0xFF,0xC0,
  0x00,0x00,0x00,0x00,0x0B,0xFF,0xFF,0x40,0x00,0x00,0x00,0x00,0x07,0xFF,0xFE,0x00,
  0x00,0x00,0x00,0x00,0x02,0xFF,0xFD,0x00,0x00,0x00,0x00,0x00,0x01,0xFF,0xFD,0x00,
  0x00,0x00,0x00,0x00,0x03,0xFF,0xFE,0x00,0x00,0x00,0x00,0x00,0x0B,0xFF,0xFF,0x40,
  0x00,0x00,0x00,0x00,0x1F,0xFF,0xFF,0xC0,0x00,0x00,0x00,0x00,0x3F,0xF9,0xFF,0xE0,
  0x00,0x00,0x00,0x00,0xBF,0xF4,0xBF,0xF4,0x00,0x00,0x00,0x01,0xFF,0xE0,0x3F,0xFC,
  0x00,0x00,0x00,0x03,0xFF,0xC0,0x1F,0xFE,0x00,0x00,0x00,0x0B,0xFF,0x40,0x0B,0xFF,
  0x40,0x00,0x00,0x1F,0xFE,0x00,0x03,0xFF,0x80,0x00,0x00,0x3F,0xFC,0x00,0x02,0xFF,
  0xD0,0x00,0x00,0xBF,0xF4,0x00,0x00,0xFF,0xF0,0x00,0x00,0xFF,0xE0,0x00,0x00,0x7F,
  0xF8,0x00,0x02,0xFF,0xD0,0x00,0x00,0x2F,0xFD,0x00,0x07,0xFF,0x80,0x00,0x00,0x0F,
  0xFF,0x00,0x0F,0xFF,0x00,0x00,0x00,0x07,0xFF,0x80,0x2F,0xFD,0x00,0x00,0x00,0x02,
  0xFF,0xD0,0x2F,0xFC,0x00,0x00,0x00,0x00,0x7F,0xF4,0x1F,0xFE,0x00,0x00,0x00,0x00,
  0xFF,0xE0,0x0B,0xFF,0x00,0x00,0x00,0x02,0xFF,0xD0,0x03,0xFF,0x80,0x00,0x00,0x07,
  0xFF,0x80,0x02,0xFF,0xD0,0x00,0x00,0x0B,0xFF,0x00,0x00,0xFF,0xE0,0x00,0x00,0x1F,
  0xFD,0x00,0x00,0x7F,0xF4,0x00,0x00,0x3F,0xF8,0x00,0x00,0x2F,0xFC,0x00,0x00,0xBF,
  0xF4,0x00,0x00,0x0F,0xFE,0x00,0x00,0xFF,0xE0,0x00,0x00,0x0B,0xFF,0x00,0x02,0xFF,
  0xC0,0x00,0x00,0x03,0xFF,0x80,0x07,0xFF,0x40,0x00,0x00,0x01,0xFF,0xD0,0x0B,0xFE,
  0x00,0x00,0x00,0x00,0xBF,0xE0,0x1F,0xFD,0x00,0x00,0x00,0x00,0x7F,0xF4,0x3F,0xF8,
  0x00,0x00,0x00,0x00,0x2F,0xFC,0xBF,0xF0,0x00,0x00,0x00,0x00,0x0F,0xFE,0xFF,0xD0,
  0x00,0x00,0x00,0x00,0x07,0xFF,0xFF,0x80,0x00,0x00,0x00,0x00,0x02,0xFF,0xFF,0x40,
  0x00,0x00,0x00,0x00,0x01,0xFF,0xFE,0x00,0x00,0x00,0x00,0x00,0x00,0xBF,0xFC,0x00,
  0x00,0x00,0x00,0x00,0x00,0x3F,0xF4,0x00,0x00,0x00,0x00,0x00,0x00,0x3F,0xF4,0x00,
  0x00,0x00,0x00,0x00,0x00,0x3F,0xF4,0x00,0x00,0x00,0x00,0x00,0x00,0x3F,0xF4,0x00,
  0x00,0x00,0x00,0x00,0x00,0x3F,0xF4,0x00,0x00,0x00,0x00,0x00,0x00,0x3F,0xF4,0x00,
  0x00,0x00,0x00,0x00,0x00,0x3F,0xF4,0x00,0x00,0x00,0x00,0x00,0x00,0x3F,0xF4,0x00,
  0x00,0x00,0x00,0x00,0x00,0x3F,0xF4,0x00,0x00,0x00,0x00,0x00,0x00,0x3F,0xF4,0x00,
  0x00,0x00,0x00,0x00,0x00,0x3F,0xF4,0x00,0x00,0x00,0x00,0x00,0x00,0x3F,0xF4,0x00,
  0x00,0x00,0x00,0x00,0x00,0x3F,0xF4,0x00,0x00,0x00,0x00,0x00,0x00,0x3F,0xF4,0x00,
  0x00,0x00,0x0B,0xFF,0xFF,0xFF,0xFF,0xFF,0xF8,0x00,0x0B,0xFF,0xFF,0xFF,0xFF,0xFF,
  0xF8,0x00,0x0B,0xFF,0xFF,0xFF,0xFF,0xFF,0xF8,0x00,0x0B,0xFF,0xFF,0xFF,0xFF,0xFF,
  0xF8,0x00,0x06,0xAA,0xAA,0xAA,0xAA,0xFF,0xF0,0x00,0x00,0x00,0x00,0x00,0x01,0xFF,
  0xD0,0x00,0x00,0x00,0x00,0x00,0x03,0xFF,0x80,0x00,0x00,0x00,0x00,0x00,0x0B,0xFF,
  0x00,0x00,0x00,0x00,0x00,0x00,0x1F,0xFD,0x00,0x00,0x00,0x00,0x00,0x00,0x3F,0xF8,
  0x00,0x00,0x00,0x00,0x00,0x00,0xBF,0xF0,0x00,0x00,0x00,0x00,0x00,0x01,0xFF,0xD0,
  0x00,0x00,0x00,0x00,0x00,0x03,0xFF,0x80,0x00,0x00,0x00,0x00,0x00,0x0B,0xFF,0x00,
  0x00,0x00,0x00,0x00,0x00,0x1F,0xFD,0x00,0x00,0x00,0x00,0x00,0x00,0x3F,0xF8,0x00,
  0x00,0x00,0x00,0x00,0x00,0xBF,0xE0,0x00,0x00,0x00,0x00,0x00,0x01,0xFF,0xD0,0x00,
  0x00,0x00,0x00,0x00,0x07,0xFF,0x40,0x00,0x00,0x00,0x00,0x00,0x0B,0xFE,0x00,0x00,
  0x00,0x00,0x00,0x00,0x2F,0xFC,0x00,0x00,0x00,0x00,0x00,0x00,0x7F,0xF4,0x00,0x00,
  0x00,0x00,0x00,0x00,0xFF,0xE0,0x00,0x00,0x00,0x00,0x00,0x02,0xFF,0xC0,0x00,0x00,
  0x00,0x00,0x00,0x07,0xFF,0x40,0x00,0x00,0x00,0x00,0x00,0x0F,0xFE,0x00,0x00,0x00,
  0x00,0x00,0x00,0x2F,0xFC,0x00,0x00,0x00,0x00,0x00,0x00,0x7F,0xF4,0x00,0x00,0x00,
  0x00,0x00,0x00,0xFF,0xE0,0x00,0x00,0x00,0x00,0x00,0x02,0xFF,0xE5,0x55,0x55,0x55,
  0x54,0x00,0x07,0xFF,0xFF,0xFF,0xFF,0xFF,0xFC,0x00,0x07,0xFF,0xFF,0xFF,0xFF,0xFF,
  0xFC,0x00,0x07,0xFF,0xFF,0xFF,0xFF,0xFF,0xFC,0x00,0x07,0xFF,0xFF,0xFF,0xFF,0xFF,
  0xFC,0x00,0x00,0x15,0x55,0x55,0x00,0x00,0x3F,0xFF,0xFF,0x00,0x00,0x3F,0xFF,0xFF,
  0x00,0x00,0x3F,0xFF,0xFF,0x00,0x00,0x3F,0xFA,0xAA,0x00,0x00,0x3F,0xE0,0x00,0x00,
  0x00,0x3F,0xE0,0x00,0x00,0x00,0x3F,0xE0,0x00,0x00,0x00,0x3F,0xE0,0x00,0x00,0x00,
  0x3F,0xE0,0x00,0x00,0x00,0x3F,0xE0,0x00,0x00,0x00,0x3F,0xE0,0x00,0x00,0x00,0x3F,
  0xE0,0x00,0x00,0x00,0x3F,0xE0,0x00,0x00,0x00,0x3F,0xE0,0x00,0x00,0x00,0x3F,0xE0,
  0x00,0x00,0x00,0x3F,0xE0,0x00,0x00,0x00,0x3F,0xE0,0x00,0x00,0x00,0x3F,0xE0,0x00,
  0x00,0x00,0x3F,0xE0,0x00,0x00,0x00,0x3F,0xE0,0x00,0x00,0x00,0x3F,0xE0,0x00,0x00,
  0x00,0x3F,0xE0,0x00,0x00,0x00,0x3F,0xE0,0x00,0x00,0x00,0x3F,0xE0,0x00,0x00,0x00,
  0x3F,0xE0,0x00,0x00,0x00,0x3F,0xE0,0x00,0x00,0x00,0x3F,0xE0,0x00,0x00,0x00,0x3F,
  0xE0,0x00,0x00,0x00,0x3F,0xE0,0x00,0x00,0x00,0x3F,0xE0,0x00,0x00,0x00,0x3F,0xE0,
  0x00,0x00,0x00,0x3F,0xE0,0x00,0x00,0x00,0x3F,0xE0,0x00,0x00,0x00,0x3F,0xE0,0x00,
  0x00,0x00,0x3F,0xE0,0x00,0x00,0x00,0x3F,0xE0,0x00,0x00,0x00,0x3F,0xE0,0x00,0x00,
  0x00,0x3F,0xE0,0x00,0x00,0x00,0x3F,0xE0,0x00,0x00,0x00,0x3F,0xE0,0x00,0x00,0x00,
  0x3F,0xF5,0x55,0x00,0x00,0x3F,0xFF,0xFF,0x00,0x00,0x3F,0xFF,0xFF,0x00,0x00,0x3F,
  0xFF,0xFF,0x00,0x00,0x2A,0xAA,0xAA,0x00,0x6A,0x80,0x00,0x00,0x00,0x3F,0xD0,0x00,
  0x00,0x00,0x3F,0xE0,0x00,0x00,0x00,0x2F,0xF0,0x00,0x00,0x00,0x1F,0xF0,0x00,0x00,
  0x00,0x0F,0xF4,0x00,0x00,0x00,0x0B,0xF8,0x00,0x00,0x00,0x0B,0xFC,0x00,0x00,0x00,
  0x07,0xFD,0x00,0x00,0x00,0x03,0xFD,0x00,0x00,0x00,0x02,0xFE,0x00,0x00,0x00,0x01,
  0xFF,0x00,0x00,0x00,0x00,0xFF,0x40,0x00,0x00,0x00,0xFF,0x80,0x00,0x00,0x00,0xBF,
  0x80,0x00,0x00,0x00,0x7F,0xC0,0x00,0x00,0x00,0x3F,0xD0,0x00,0x00,0x00,0x2F,0xE0,
  0x00,0x00,0x00,0x2F,0xF0,0x00,0x00,0x00,0x1F,0xF4,0x00,0x00,0x00,0x0F,0xF4,0x00,
  0x00,0x00,0x0B,0xF8,0x00,0x00,0x00,0x07,0xFC,0x00,0x00,0x00,0x07,0xFD,0x00,0x00,
  0x00,0x03,0xFE,0x00,0x00,0x00,0x02,0xFE,0x00,0x00,0x00,0x01,0xFF,0x00,0x00,0x00,
  0x00,0xFF,0x40,0x00,0x00,0x00,0xFF,0x80,0x00,0x00,0x00,0xBF,0xC0,0x00,0x00,0x00,
  0x7F,0xC0,0x00,0x00,0x00,0x3F,0xD0,0x00,0x00,0x00,0x2F,0xE0,0x00,0x00,0x00,0x2F,
  0xF0,0x00,0x00,0x00,0x1F,0xF4,0x00,0x00,0x00,0x0F,0xF4,0x00,0x00,0x00,0x0B,0xF8,
  0x00,0x00,0x00,0x07,0xFC,0x00,0x00,0x00,0x07,0xFD,0x00,0x00,0x00,0x03,0xFE,0x00,
  0x00,0x00,0x02,0xFE,0x00,0x00,0x00,0x00,0x00,0x00,0x15,0x55,0x55,0x00,0x00,0x2F,
  0xFF,0xFF,0x00,0x00,0x2F,0xFF,0xFF,0x00,0x00,0x2F,0xFF,0xFF,0x00,0x00,0x1A,0xAB,
  0xFF,0x00,0x00,0x00,0x02,0xFF,0x00,0x00,0x00,0x02,0xFF,0x00,0x00,0x00,0x02,0xFF,
  0x00,0x00,0x00,0x02,0xFF,0x00,0x00,0x00,0x02,0xFF,0x00,0x00,0x00,0x02,0xFF,0x00,
  0x00,0x00,0x02,0xFF,0x00,0x00,0x00,0x02,0xFF,0x00,0x00,0x00,0x02,0xFF,0x00,0x00,
  0x00,0x02,0xFF,0x00,0x00,0x00,0x02,0xFF,0x00,0x00,0x00,0x02,0xFF,0x00,0x00,0x00,
  0x02,0xFF,0x00,0x00,0x00,0x02,0xFF,0x00,0x00,0x00,0x02,0xFF,0x00,0x00,0x00,0x02,
  0xFF,0x00,0x00,0x00,0x02,0xFF,0x00,0x00,0x00,0x02,0xFF,0x00,0x00,0x00,0x02,0xFF,
  0x00,0x00,0x00,0x02,0xFF,0x00,0x00,0x00,0x02,0xFF,0x00,0x00,0x00,0x02,0xFF,0x00,
  0x00,0x00,0x02,0xFF,0x00,0x00,0x00,0x02,0xFF,0x00,0x00,0x00,0x02,0xFF,0x00,0x00,
  0x00,0x02,0xFF,0x00,0x00,0x00,0x02,0xFF,0x00,0x00,0x00,0x02,0xFF,0x00,0x00,0x00,
  0x02,0xFF,0x00,0x00,0x00,0x02,0xFF,0x00,0x00,0x00,0x02,0xFF,0x00,0x00,0x00,0x02,
  0xFF,0x00,0x00,0x00,0x02,0xFF,0x00,0x00,0x00,0x02,0xFF,0x00,0x00,0x00,0x02,0xFF,
  0x00,0x00,0x00,0x02,0xFF,0x00,0x00,0x15,0x56,0xFF,0x00,0x00,0x2F,0xFF,0xFF,0x00,
  0x00,0x2F,0xFF,0xFF,0x00,0x00,0x2F,0xFF,0xFF,0x00,0x00,0x1A,0xAA,0xAA,0x00,0x00,
  0x00,0x00,0xFF,0xE0,0x00,0x00,0x00,0x01,0xFF,0xF0,0x00,0x00,0x00,0x03,0xFF,0xF4,
  0x00,0x00,0x00,0x07,0xFF,0xFC,0x00,0x00,0x00,0x0B,0xFB,0xFD,0x00,0x00,0x00,0x1F,
  0xF6,0xFF,0x00,0x00,0x00,0x2F,0xE0,0xFF,0x40,0x00,0x00,0x7F,0xD0,0xBF,0xC0,0x00,
  0x00,0xBF,0xC0,0x7F,0xD0,0x00,0x01,0xFF,0x40,0x2F,0xE0,0x00,0x02,0xFF,0x00,0x1F,
  0xF4,0x00,0x03,0xFD,0x00,0x0F,0xF8,0x00,0x0B,0xFC,0x00,0x07,0xFD,0x00,0x0F,0xF8,
  0x00,0x03,0xFE,0x00,0x15,0x50,0x00,0x01,0x55,0x00,0x00,0x00,0x00,0x00,0x00,0x00,
  0x00,0x00,0x00,0x00,0x00,0x00,0x00,0x00,0x00,0x00,0x00,0x00,0x00,0x00,0x00,0x00,
  0x00,0x00,0x00,0x00,0x00,0x00,0x00,0x00,0x00,0x00,0x00,0x00,0x00,0x00,0x00,0x00,
  0x00,0x00,0x00,0x00,0x00,0x00,0x00,0x00,0x00,0x00,0x00,0x00,0x00,0x00,0x00,0x00,
  0x00,0x00,0x00,0x00,0x00,0x00,0x00,0x00,0x00,0x00,0x00,0x00,0x00,0x00,0x00,0x00,
  0x00,0x00,0x00,0x00,0x00,0x00,0x00,0x00,0x00,0x00,0x00,0x00,0x00,0x00,0x00,0x00,
  0x00,0x00,0x00,0x00,0x00,0x00,0x00,0x00,0x00,0x00,0x00,0x00,0x00,0x00,0x00,0x00,
  0x00,0x00,0x00,0x00,0x00,0x00,0x7F,0xFF,0xFF,0xFF,0xFF,0xF4,0x7F,0xFF,0xFF,0xFF,
  0xFF,0xF4,0x7F,0xFF,0xFF,0xFF,0xFF,0xF4,0x7F,0xFF,0xFF,0xFF,0xFF,0xF4,0x15,0x55,
  0x55,0x55,0x55,0x50,0x00,0x02,0xAA,0x00,0x00,0x00,0x00,0x02,0xFF,0x80,0x00,0x00,
  0x00,0x00,0xFF,0xC0,0x00,0x00,0x00,0x00,0x7F,0xE0,0x00,0x00,0x00,0x00,0x2F,0xF0,
  0x00,0x00,0x00,0x00,0x0F,0xF8,0x00,0x00,0x00,0x00,0x07,0xFC,0x00,0x00,0x00,0x00,
  0x02,0xFE,0x00,0x00,0x00,0x00,0x00,0x00,0x00,0x00,0x00,0x00,0x00,0x00,0x00,0x00,
  0x00,0x00,0x00,0x00,0x00,0x00,0x00,0x00,0x00,0x00,0x00,0x00,0x00,0x00,0x00,0x00,
  0x00,0x00,0x00,0x00,0x00,0x00,0x00,0x00,0x00,0x00,0x00,0x00,0x00,0x00,0x00,0x00,
  0x00,0x00,0x00,0x00,0x00,0x00,0x00,0x00,0x00,0x00,0x00,0x00,0x00,0x00,0x00,0x00,
  0x00,0x00,0x00,0x00,0x00,0x00,0x00,0x00,0x00,0x00,0x00,0x00,0x00,0x00,0x00,0x00,
  0x00,0x00,0x00,0x00,0x00,0x00,0x00,0x00,0x00,0x00,0x00,0x00,0x00,0x00,0x00,0x00,
  0x00,0x00,0x00,0x00,0x00,0x00,0x00,0x00,0x00,0x00,0x00,0x00,0x00,0x00,0x00,0x00,
  0x00,0x00,0x00,0x00,0x00,0x00,0x00,0x00,0x00,0x00,0x00,0x00,0x00,0x00,0x00,0x00,
  0x00,0x00,0x00,0x00,0x00,0x00,0x00,0x00,0x00,0x00,0x00,0x00,0x00,0x00,0x00,0x00,
  0x00,0x00,0x00,0x00,0x00,0x00,0x00,0x00,0x00,0x00,0x00,0x00,0x00,0x00,0x00,0x00,
  0x00,0x00,0x00,0x00,0x00,0x00,0x00,0x00,0x00,0x00,0x00,0x00,0x00,0x00,0x00,0x00,
  0x00,0x00,0x00,0x00,0x1A,0xAA,0x40,0x00,0x00,0x00,0x02,0xFF,0xFF,0xF8,0x00,0x00,
  0x00,0x1F,0xFF,0xFF,0xFF,0x40,0x00,0x00,0xBF,0xFF,0xFF,0xFF,0xD0,0x00,0x01,0xFF,
  0xF9,0x56,0xFF,0xF0,0x00,0x02,0xFF,0xC0,0x00,0x7F,0xF4,0x00,0x03,0xFF,0x00,0x00,
  0x2F,0xF8,0x00,0x01,0x55,0x00,0x00,0x1F,0xFC,0x00,0x00,0x00,0x00,0x00,0x0F,0xFC,
  0x00,0x00,0x00,0x00,0x00,0x0F,0xFC,0x00,0x00,0x00,0x00,0x00,0x0F,0xFC,0x00,0x00,
  0x00,0x6A,0xFF,0xFF,0xFC,0x00,0x00,0x1B,0xFF,0xFF,0xFF,0xFC,0x00,0x00,0xBF,0xFF,
  0xFF,0xFF,0xFC,0x00,0x02,0xFF,0xFF,0xEA,0xAF,0xFC,0x00,0x07,0xFF,0xD0,0x00,0x0F,
  0xFC,0x00,0x0B,0xFE,0x00,0x00,0x0F,0xFC,0x00,0x0F,0xFC,0x00,0x00,0x0F,0xFC,0x00,
  0x0F,0xFC,0x00,0x00,0x1F,0xFC,0x00,0x0F,0xFC,0x00,0x00,0x2F,0xFC,0x00,0x0F,0xFD,
  0x00,0x00,0x7F,0xFC,0x00,0x0B,0xFF,0x40,0x02,0xFF,0xFC,0x00,0x07,0xFF,0xE9,0xAF,
  0xFF,0xFC,0x00,0x02,0xFF,0xFF,0xFF,0xDB,0xFC,0x00,0x00,0xBF,0xFF,0xFF,0x4B,0xFC,
  0x00,0x00,0x1B,0xFF,0xF9,0x0B,0xFC,0x00,0x00,0x00,0x59,0x40,0x00,0x00,0x00,0x01,
  0xFF,0x40,0x00,0x00,0x00,0x00,0x00,0x02,0xFF,0x40,0x00,0x00,0x00,0x00,0x00,0x02,
  0xFF,0x40,0x00,0x00,0x00,0x00,0x00,0x02,0xFF,0x40,0x00,0x00,0x00,0x00,0x00,0x02,
  0xFF,0x40,0x00,0x00,0x00,0x00,0x00,0x02,0xFF,0x40,0x00,0x00,0x00,0x00,0x00,0x02,
  0xFF,0x40,0x00,0x00,0x00,0x00,0x00,0x02,0xFF,0x40,0x00,0x00,0x00,0x00,0x00,0x02,
  0xFF,0x40,0x1A,0xA4,0x00,0x00,0x00,0x02,0xFF,0x41,0xFF,0xFF,0x90,0x00,0x00,0x02,
  0xFF,0x4B,0xFF,0xFF,0xF4,0x00,0x00,0x02,0xFF,0x6F,0xFF,0xFF,0xFD,0x00,0x00,0x02,
  0xFF,0xBF,0xEA,0xBF,0xFF,0x40,0x00,0x02,0xFF,0xFE,0x00,0x0B,0xFF,0xC0,0x00,0x02,
  0xFF,0xF4,0x00,0x01,0xFF,0xD0,0x00,0x02,0xFF,0xE0,0x00,0x00,0xBF,0xE0,0x00,0x02,
  0xFF,0xD0,0x00,0x00,0x7F,0xF0,0x00,0x02,0xFF,0xC0,0x00,0x00,0x3F,0xF4,0x00,0x02,
  0xFF,0x80,0x00,0x00,0x2F,0xF8,0x00,0x02,0xFF,0x80,0x00,0x00,0x2F,0xF8,0x00,0x02,
  0xFF,0x40,0x00,0x00,0x1F,0xF8,0x00,0x02,0xFF,0x40,0x00,0x00,0x1F,0xF8,0x00,0x02,
  0xFF,0x40,0x00,0x00,0x1F,0xF8,0x00,0x02,0xFF,0x80,0x00,0x00,0x2F,0xF8,0x00,0x02,
  0xFF,0x80,0x00,0x00,0x2F,0xF4,0x00,0x02,0xFF,0xC0,0x00,0x00,0x3F,0xF4,0x00,0x02,
  0xFF,0xD0,0x00,0x00,0xBF,0xF0,0x00,0x02,0xFF,0xF0,0x00,0x00,0xFF,0xE0,0x00,0x02,
  0xFF,0xF8,0x00,0x02,0xFF,0xD0,0x00,0x02,0xFF,0xFE,0x40,0x1F,0xFF,0x80,0x00,0x02,
  0xFF,0x7F,0xFA,0xFF,0xFF,0x00,0x00,0x02,0xFF,0x5F,0xFF,0xFF,0xFD,0x00,0x00,0x02,
  0xFF,0x47,0xFF,0xFF,0xF4,0x00,0x00,0x02,0xFF,0x41,0xBF,0xFF,0x80,0x00,0x00,0x00,
  0x00,0x00,0x05,0x54,0x00,0x00,0x00,0x00,0x00,0x06,0xAA,0x50,0x00,0x00,0x00,0x00,
  0xBF,0xFF,0xFD,0x00,0x00,0x00,0x07,0xFF,0xFF,0xFF,0x80,0x00,0x00,0x1F,0xFF,0xFF,
  0xFF,0xE0,0x00,0x00,0x7F,0xFF,0x9A,0xFF,0xF8,0x00,0x00,0xFF,0xF4,0x00,0x2F,0xFD,
  0x00,0x02,0xFF,0xD0,0x00,0x0B,0xFE,0x00,0x03,0xFF,0x40,0x00,0x03,0xFF,0x00,0x07,
  0xFF,0x00,0x00,0x02,0xAA,0x00,0x0B,0xFE,0x00,0x00,0x00,0x00,0x00,0x0B,0xFD,0x00,
  0x00,0x00,0x00,0x00,0x0F,0xFD,0x00,0x00,0x00,0x00,0x00,0x0F,0xFC,0x00,0x00,0x00,
  0x00,0x00,0x0F,0xFC,0x00,0x00,0x00,0x00,0x00,0x0F,0xFC,0x00,0x00,0x00,0x00,0x00,
  0x0F,0xFD,0x00,0x00,0x00,0x00,0x00,0x0B,0xFD,0x00,0x00,0x00,0x00,0x00,0x0B,0xFE,
  0x00,0x00,0x00,0x00,0x00,0x07,0xFF,0x00,0x00,0x02,0xFF,0x00,0x03,0xFF,0x80,0x00,
  0x07,0xFF,0x00,0x01,0xFF,0xD0,0x00,0x0F,0xFE,0x00,0x00,0xBF,0xF9,0x00,0x7F,0xFC,
  0x00,0x00,0x3F,0xFF,0xEF,0xFF,0xF8,0x00,0x00,0x1F,0xFF,0xFF,0xFF,0xE0,0x00,0x00,
  0x02,0xFF,0xFF,0xFF,0x40,0x00,0x00,0x00,0x6F,0xFF,0xF8,0x00,0x00,0x00,0x00,0x01,
  0x55,0x40,0x00,0x00,0x00,0x00,0x00,0x00,0x00,0xBF,0xD0,0x00,0x00,0x00,0x00,0x00,
  0x00,0xBF,0xD0,0x00,0x00,0x00,0x00,0x00,0x00,0xBF,0xD0,0x00,0x00,0x00,0x00,0x00,
  0x00,0xBF,0xD0,0x00,0x00,0x00,0x00,0x00,0x00,0xBF,0xD0,0x00,0x00,0x00,0x00,0x00,
  0x00,0xBF,0xD0,0x00,0x00,0x00,0x00,0x00,0x00,0xBF,0xD0,0x00,0x00,0x00,0x00,0x00,
  0x00,0xBF,0xD0,0x00,0x00,0x00,0x1A,0xA9,0x00,0xBF,0xD0,0x00,0x00,0x01,0xFF,0xFF,
  0x90,0xBF,0xD0,0x00,0x00,0x0B,0xFF,0xFF,0xF4,0xBF,0xD0,0x00,0x00,0x2F,0xFF,0xFF,
  0xFD,0xBF,0xD0,0x00,0x00,0xBF,0xFF,0xAA,0xFF,0xFF,0xD0,0x00,0x01,0xFF,0xF4,0x00,
  0x2F,0xFF,0xD0,0x00,0x02,0xFF,0xD0,0x00,0x0B,0xFF,0xD0,0x00,0x03,0xFF,0x40,0x00,
  0x03,0xFF,0xD0,0x00,0x07,0xFF,0x00,0x00,0x02,0xFF,0xD0,0x00,0x0B,0xFE,0x00,0x00,
  0x01,0xFF,0xD0,0x00,0x0F,0xFD,0x00,0x00,0x00,0xFF,0xD0,0x00,0x0F,0xFD,0x00,0x00,
  0x00,0xFF,0xD0,0x00,0x0F,0xFC,0x00,0x00,0x00,0xBF,0xD0,0x00,0x0F,0xFC,0x00,0x00,
  0x00,0xBF,0xD0,0x00,0x0F,0xFD,0x00,0x00,0x00,0xBF,0xD0,0x00,0x0F,0xFD,0x00,0x00,
  0x00,0xFF,0xD0,0x00,0x0B,0xFD,0x00,0x00,0x00,0xFF,0xD0,0x00,0x0B,0xFE,0x00,0x00,
  0x01,0xFF,0xD0,0x00,0x07,0xFF,0x40,0x00,0x02,0xFF,0xD0,0x00,0x03,0xFF,0x80,0x00,
  0x07,0xFF,0xD0,0x00,0x02,0xFF,0xD0,0x00,0x0F,0xFF,0xD0,0x00,0x00,0xFF,0xF9,0x00,
  0x7F,0xFF,0xD0,0x00,0x00,0x7F,0xFF,0xEF,0xFE,0xBF,0xD0,0x00,0x00,0x2F,0xFF,0xFF,
  0xFC,0xBF,0xD0,0x00,0x00,0x07,0xFF,0xFF,0xF0,0xBF,0xD0,0x00,0x00,0x00,0xBF,0xFF,
  0x80,0xBF,0xD0,0x00,0x00,0x00,0x05,0x54,0x00,0x00,0x00,0x00,0x00,0x00,0x06,0xAA,
  0x50,0x00,0x00,0x00,0x00,0xBF,0xFF,0xF9,0x00,0x00,0x00,0x07,0xFF,0xFF,0xFF,0x80,
  0x00,0x00,0x1F,0xFF,0xFF,0xFF,0xE0,0x00,0x00,0x7F,0xFE,0x56,0xFF,0xF8,0x00,0x00,
  0xFF,0xF4,0x00,0x2F,0xFD,0x00,0x02,0xFF,0x80,0x00,0x0B,0xFE,0x00,0x03,0xFF,0x40,
  0x00,0x03,0xFF,0x00,0x07,0xFE,0x00,0x00,0x01,0xFF,0x40,0x0B,0xFD,0x00,0x00,0x01,
  0xFF,0x80,0x0B,0xFC,0x00,0x00,0x00,0xFF,0x80,0x0F,0xFF,0xFF,0xFF,0xFF,0xFF,0xC0,
  0x0F,0xFF,0xFF,0xFF,0xFF,0xFF,0xC0,0x0F,0xFF,0xFF,0xFF,0xFF,0xFF,0xC0,0x0F,0xFE,
  0xAA,0xAA,0xAA,0xAA,0x80,0x0F,0xFC,0x00,0x00,0x00,0x00,0x00,0x0B,0xFD,0x00,0x00,
  0x00,0x00,0x00,0x0B,0xFD,0x00,0x00,0x00,0x00,0x00,0x07,0xFE,0x00,0x00,0x00,0x00,
  0x00,0x03,0xFF,0x40,0x00,0x01,0x55,0x40,0x01,0xFF,0xD0,0x00,0x03,0xFF,0x40,0x00,
  0xFF,0xF8,0x00,0x1F,0xFF,0x00,0x00,0x7F,0xFF,0xAA,0xFF,0xFD,0x00,0x00,0x1F,0xFF,
  0xFF,0xFF,0xF4,0x00,0x00,0x06,0xFF,0xFF,0xFF,0xD0,0x00,0x00,0x00,0x6F,0xFF,0xF9,
  0x00,0x00,0x00,0x00,0x01,0x55,0x40,0x00,0x00,0x00,0x00,0x05,0x54,0x00,0x00,0x00,
  0xBF,0xFE,0x00,0x00,0x07,0xFF,0xFE,0x00,0x00,0x0F,0xFF,0xFE,0x00,0x00,0x2F,0xFF,
  0xEE,0x00,0x00,0x3F,0xF9,0x00,0x00,0x00,0x7F,0xF0,0x00,0x00,0x00,0x7F,0xE0,0x00,
  0x00,0x00,0x7F,0xE0,0x00,0x00,0x00,0x7F,0xE0,0x00,0x00,0x15,0xBF,0xF5,0x54,0x00,
  0x7F,0xFF,0xFF,0xFD,0x00,0x7F,0xFF,0xFF,0xFD,0x00,0x7F,0xFF,0xFF,0xFD,0x00,0x2A,
  0xBF,0xFA,0xA8,0x00,0x00,0x7F,0xE0,0x00,0x00,0x00,0x7F,0xE0,0x00,0x00,0x00,0x7F,
  0xE0,0x00,0x00,0x00,0x7F,0xE0,0x00,0x00,0x00,0x7F,0xE0,0x00,0x00,0x00,0x7F,0xE0,
  0x00,0x00,0x00,0x7F,0xE0,0x00,0x00,0x00,0x7F,0xE0,0x00,0x00,0x00,0x7F,0xE0,0x00,
  0x00,0x00,0x7F,0xE0,0x00,0x00,0x00,0x7F,0xE0,0x00,0x00,0x00,0x7F,0xE0,0x00,0x00,
  0x00,0x7F,0xE0,0x00,0x00,0x00,0x7F,0xE0,0x00,0x00,0x00,0x7F,0xE0,0x00,0x00,0x00,
  0x7F,0xE0,0x00,0x00,0x00,0x7F,0xE0,0x00,0x00,0x00,0x7F,0xE0,0x00,0x00,0x00,0x7F,
  0xE0,0x00,0x00,0x00,0x7F,0xE0,0x00,0x00,0x00,0x7F,0xE0,0x00,0x00,0x00,0x00,0x1A,
  0xA9,0x00,0x55,0x40,0x00,0x01,0xFF,0xFF,0x90,0xBF,0xD0,0x00,0x0B,0xFF,0xFF,0xF4,
  0xBF,0xD0,0x00,0x3F,0xFF,0xFF,0xFD,0xBF,0xD0,0x00,0xBF,0xFF,0xAA,0xFF,0xBF,0xD0,
  0x01,0xFF,0xF4,0x00,0x2F,0xFF,0xD0,0x02,0xFF,0xD0,0x00,0x0B,0xFF,0xD0,0x07,0xFF,
  0x40,0x00,0x03,0xFF,0xD0,0x07,0xFF,0x00,0x00,0x02,0xFF,0xD0,0x0B,0xFE,0x00,0x00,
  0x00,0xFF,0xD0,0x0F,0xFD,0x00,0x00,0x00,0xFF,0xD0,0x0F,0xFD,0x00,0x00,0x00,0xFF,
  0xD0,0x0F,0xFC,0x00,0x00,0x00,0xBF,0xD0,0x0F,0xFC,0x00,0x00,0x00,0xBF,0xD0,0x0F,
  0xFD,0x00,0x00,0x00,0xBF,0xD0,0x0F,0xFD,0x00,0x00,0x00,0xFF,0xD0,0x0B,0xFD,0x00,
  0x00,0x00,0xFF,0xD0,0x07,0xFF,0x00,0x00,0x02,0xFF,0xD0,0x07,0xFF,0x40,0x00,0x03,
  0xFF,0xD0,0x02,0xFF,0xC0,0x00,0x0B,0xFF,0xD0,0x01,0xFF,0xF4,0x00,0x2F,0xFF,0xD0,
  0x00,0xBF,0xFF,0xAA,0xFF,0xBF,0xD0,0x00,0x2F,0xFF,0xFF,0xFD,0xBF,0xD0,0x00,0x0B,
  0xFF,0xFF,0xF4,0xBF,0xD0,0x00,0x01,0xBF,0xFF,0x90,0xBF,0xD0,0x00,0x00,0x06,0xA5,
  0x00,0xBF,0xD0,0x00,0x00,0x00,0x00,0x00,0xBF,0xD0,0x00,0x00,0x00,0x00,0x00,0xFF,
  0xC0,0x02,0xA9,0x00,0x00,0x00,0xFF,0xC0,0x03,0xFF,0x40,0x00,0x02,0xFF,0x80,0x03,
  0xFF,0x80,0x00,0x07,0xFF,0x40,0x01,0xFF,0xF9,0x00,0x6F,0xFF,0x00,0x00,0xBF,0xFF,
  0xFF,0xFF,0xFD,0x00,0x00,0x2F,0xFF,0xFF,0xFF,0xF4,0x00,0x00,0x07,0xFF,0xFF,0xFF,
  0x80,0x00,0x00,0x00,0x6B,0xFF,0xE4,0x00,0x00,0x00,0x00,0x00,0x00,0x00,0x00,0x00,
  0x03,0xFF,0x00,0x00,0x00,0x00,0x00,0x03,0xFF,0x00,0x00,0x00,0x00,0x00,0x03,0xFF,
  0x00,0x00,0x00,0x00,0x00,0x03,0xFF,0x00,0x00,0x00,0x00,0x00,0x03,0xFF,0x00,0x00,
  0x00,0x00,0x00,0x03,0xFF,0x00,0x00,0x00,0x00,0x00,0x03,0xFF,0x00,0x00,0x00,0x00,
  0x00,0x03,0xFF,0x00,0x00,0x00,0x00,0x00,0x03,0xFF,0x00,0x6A,0xA4,0x00,0x00,0x03,
  0xFF,0x02,0xFF,0xFF,0x80,0x00,0x03,0xFF,0x1F,0xFF,0xFF,0xF0,0x00,0x03,0xFF,0x3F,
  0xFF,0xFF,0xF8,0x00,0x03,0xFF,0xBF,0xAA,0xFF,0xFD,0x00,0x03,0xFF,0xF8,0x00,0x2F,
  0xFF,0x00,0x03,0xFF,0xE0,0x00,0x0B,0xFF,0x00,0x03,0xFF,0xC0,0x00,0x03,0xFF,0x40,
  0x03,0xFF,0x40,0x00,0x02,0xFF,0x40,0x03,0xFF,0x40,0x00,0x02,0xFF,0x80,0x03,0xFF,
  0x00,0x00,0x01,0xFF,0x80,0x03,0xFF,0x00,0x00,0x01,0xFF,0x80,0x03,0xFF,0x00,0x00,
  0x01,0xFF,0x80,0x03,0xFF,0x00,0x00,0x01,0xFF,0x80,0x03,0xFF,0x00,0x00,0x01,0xFF,
  0x80,0x03,0xFF,0x00,0x00,0x01,0xFF,0x80,0x03,0xFF,0x00,0x00,0x01,0xFF,0x80,0x03,
  0xFF,0x00,0x00,0x01,0xFF,0x80,0x03,0xFF,0x00,0x00,0x01,0xFF,0x80,0x03,0xFF,0x00,
  0x00,0x01,0xFF,0x80,0x03,0xFF,0x00,0x00,0x01,0xFF,0x80,0x03,0xFF,0x00,0x00,0x01,
  0xFF,0x80,0x03,0xFF,0x00,0x00,0x01,0xFF,0x80,0x03,0xFF,0x00,0x00,0x01,0xFF,0x80,
  0x03,0xFF,0x00,0x00,0x01,0xFF,0x80,0x03,0xFF,0x00,0x00,0x01,0xFF,0x80,0x00,0x10,
  0x00,0x01,0xFE,0x00,0x07,0xFF,0x40,0x0B,0xFF,0x80,0x07,0xFF,0x80,0x02,0xFF,0x00,
  0x00,0x64,0x00,0x00,0x00,0x00,0x00,0x00,0x00,0x00,0x00,0x00,0x01,0x55,0x00,0x03,
  0xFF,0x00,0x03,0xFF,0x00,0x03,0xFF,0x00,0x03,0xFF,0x00,0x03,0xFF,0x00,0x03,0xFF,
  0x00,0x03,0xFF,0x00,0x03,0xFF,0x00,0x03,0xFF,0x00,0x03,0xFF,0x00,0x03,0xFF,0x00,
  0x03,0xFF,0x00,0x03,0xFF,0x00,0x03,0xFF,0x00,0x03,0xFF,0x00,0x03,0xFF,0x00,0x03,
  0xFF,0x00,0x03,0xFF,0x00,0x03,0xFF,0x00,0x03,0xFF,0x00,0x03,0xFF,0x00,0x03,0xFF,
  0x00,0x03,0xFF,0x00,0x03,0xFF,0x00,0x03,0xFF,0x00,0x00,0x01,0x00,0x00,0x00,0x2F,
  0xE0,0x00,0x00,0x7F,0xF4,0x00,0x00,0xBF,0xF8,0x00,0x00,0x7F,0xF4,0x00,0x00,0x2F,
  0xF0,0x00,0x00,0x06,0x40,0x00,0x00,0x00,0x00,0x00,0x00,0x00,0x00,0x00,0x00,0x00,
  0x00,0x00,0x00,0x15,0x50,0x00,0x00,0x3F,0xF0,0x00,0x00,0x3F,0xF0,0x00,0x00,0x3F,
  0xF0,0x00,0x00,0x3F,0xF0,0x00,0x00,0x3F,0xF0,0x00,0x00,0x3F,0xF0,0x00,0x00,0x3F,
  0xF0,0x00,0x00,0x3F,0xF0,0x00,0x00,0x3F,0xF0,0x00,0x00,0x3F,0xF0,0x00,0x00,0x3F,
  0xF0,0x00,0x00,0x3F,0xF0,0x00,0x00,0x3F,0xF0,0x00,0x00,0x3F,0xF0,0x00,0x00,0x3F,
  0xF0,0x00,0x00,0x3F,0xF0,0x00,0x00,0x3F,0xF0,0x00,0x00,0x3F,0xF0,0x00,0x00,0x3F,
  0xF0,0x00,0x00,0x3F,0xF0,0x00,0x00,0x3F,0xF0,0x00,0x00,0x3F,0xF0,0x00,0x00,0x3F,
  0xF0,0x00,0x00,0x3F,0xF0,0x00,0x00,0x3F,0xF0,0x00,0x00,0x3F,0xF0,0x00,0x00,0x3F,
  0xF0,0x00,0x00,0x3F,0xF0,0x00,0x00,0x7F,0xF0,0x00,0x01,0xFF,0xE0,0x00,0x2F,0xFF,
  0xD0,0x00,0x3F,0xFF,0x80,0x00,0x3F,0xFE,0x00,0x00,0x3F,0xF4,0x00,0x00,0x29,0x40,
  0x00,0x00,0x03,0xFF,0x00,0x00,0x00,0x00,0x00,0x03,0xFF,0x00,0x00,0x00,0x00,0x00,
  0x03,0xFF,0x00,0x00,0x00,0x00,0x00,0x03,0xFF,0x00,0x00,0x00,0x00,0x00,0x03,0xFF,
  0x00,0x00,0x00,0x00,0x00,0x03,0xFF,0x00,0x00,0x00,0x00,0x00,0x03,0xFF,0x00,0x00,
  0x00,0x00,0x00,0x03,0xFF,0x00,0x00,0x00,0x00,0x00,0x03,0xFF,0x00,0x00,0x05,0x55,
  0x00,0x03,0xFF,0x00,0x00,0x1F,0xFE,0x00,0x03,0xFF,0x00,0x00,0x7F,0xF8,0x00,0x03,
  0xFF,0x00,0x01,0xFF,0xE0,0x00,0x03,0xFF,0x00,0x07,0xFF,0x80,0x00,0x03,0xFF,0x00,
  0x0F,0xFE,0x00,0x00,0x03,0xFF,0x00,0x3F,0xFC,0x00,0x00,0x03,0xFF,0x00,0xFF,0xF0,
  0x00,0x00,0x03,0xFF,0x02,0xFF,0xC0,0x00,0x00,0x03,0xFF,0x0B,0xFF,0x40,0x00,0x00,
  0x03,0xFF,0x2F,0xFD,0x00,0x00,0x00,0x03,0xFF,0xFF,0xF8,0x00,0x00,0x00,0x03,0xFF,
  0xFF,0xFC,0x00,0x00,0x00,0x03,0xFF,0xFF,0xFE,0x00,0x00,0x00,0x03,0xFF,0xFB,0xFF,
  0x80,0x00,0x00,0x03,0xFF,0xE2,0xFF,0xD0,0x00,0x00,0x03,0xFF,0x80,0xFF,0xF0,0x00,
  0x00,0x03,0xFF,0x00,0x7F,0xF8,0x00,0x00,0x03,0xFF,0x00,0x2F,0xFE,0x00,0x00,0x03,
  0xFF,0x00,0x0B,0xFF,0x40,0x00,0x03,0xFF,0x00,0x03,0xFF,0xC0,0x00,0x03,0xFF,0x00,
  0x01,0xFF,0xE0,0x00,0x03,0xFF,0x00,0x00,0xBF,0xF8,0x00,0x03,0xFF,0x00,0x00,0x2F,
  0xFD,0x00,0x03,0xFF,0x00,0x00,0x0F,0xFF,0x40,0x03,0xFF,0x00,0x00,0x07,0xFF,0xC0,
  0x03,0xFF,0x00,0x03,0xFF,0x00,0x03,0xFF,0x00,0x03,0xFF,0x00,0x03,0xFF,0x00,0x03,
  0xFF,0x00,0x03,0xFF,0x00,0x03,0xFF,0x00,0x03,0xFF,0x00,0x03,0xFF,0x00,0x03,0xFF,
  0x00,0x03,0xFF,0x00,0x03,0xFF,0x00,0x03,0xFF,0x00,0x03,0xFF,0x00,0x03,0xFF,0x00,
  0x03,0xFF,0x00,0x03,0xFF,0x00,0x03,0xFF,0x00,0x03,0xFF,0x00,0x03,0xFF,0x00,0x03,
  0xFF,0x00,0x03,0xFF,0x00,0x03,0xFF,0x00,0x03,0xFF,0x00,0x03,0xFF,0x00,0x03,0xFF,
  0x00,0x03,0xFF,0x00,0x03,0xFF,0x00,0x03,0xFF,0x00,0x03,0xFF,0x00,0x03,0xFF,0x00,
  0x03,0xFF,0x00,0x03,0xFF,0x00,0x01,0x55,0x00,0x6A,0x90,0x00,0x01,0xAA,0x40,0x00,
  0x00,0x03,0xFF,0x07,0xFF,0xFD,0x00,0x2F,0xFF,0xF4,0x00,0x00,0x03,0xFF,0x1F,0xFF,
  0xFF,0x81,0xFF,0xFF,0xFE,0x00,0x00,0x03,0xFF,0x7F,0xFF,0xFF,0xD3,0xFF,0xFF,0xFF,
  0x40,0x00,0x03,0xFF,0xBF,0xAB,0xFF,0xEB,0xFA,0xAF,0xFF,0xC0,0x00,0x03,0xFF,0xF4,
  0x00,0xBF,0xFF,0x80,0x07,0xFF,0xD0,0x00,0x03,0xFF,0xD0,0x00,0x3F,0xFF,0x00,0x00,
  0xFF,0xD0,0x00,0x03,0xFF,0x80,0x00,0x1F,0xFD,0x00,0x00,0xBF,0xE0,0x00,0x03,0xFF,
  0x40,0x00,0x1F,0xFC,0x00,0x00,0x7F,0xE0,0x00,0x03,0xFF,0x40,0x00,0x0F,0xFC,0x00,
  0x00,0x7F,0xE0,0x00,0x03,0xFF,0x00,0x00,0x0F,0xFC,0x00,0x00,0x7F,0xE0,0x00,0x03,
  0xFF,0x00,0x00,0x0F,0xFC,0x00,0x00,0x7F,0xE0,0x00,0x03,0xFF,0x00,0x00,0x0F,0xFC,
  0x00,0x00,0x7F,0xE0,0x00,0x03,0xFF,0x00,0x00,0x0F,0xFC,0x00,0x00,0x7F,0xE0,0x00,
  0x03,0xFF,0x00,0x00,0x0F,0xFC,0x00,0x00,0x7F,0xE0,0x00,0x03,0xFF,0x00,0x00,0x0F,
  0xFC,0x00,0x00,0x7F,0xE0,0x00,0x03,0xFF,0x00,0x00,0x0F,0xFC,0x00,0x00,0x7F,0xE0,
  0x00,0x03,0xFF,0x00,0x00,0x0F,0xFC,0x00,0x00,0x7F,0xE0,0x00,0x03,0xFF,0x00,0x00,
  0x0F,0xFC,0x00,0x00,0x7F,0xE0,0x00,0x03,0xFF,0x00,0x00,0x0F,0xFC,0x00,0x00,0x7F,
  0xE0,0x00,0x03,0xFF,0x00,0x00,0x0F,0xFC,0x00,0x00,0x7F,0xE0,0x00,0x03,0xFF,0x00,
  0x00,0x0F,0xFC,0x00,0x00,0x7F,0xE0,0x00,0x03,0xFF,0x00,0x00,0x0F,0xFC,0x00,0x00,
  0x7F,0xE0,0x00,0x03,0xFF,0x00,0x00,0x0F,0xFC,0x00,0x00,0x7F,0xE0,0x00,0x03,0xFF,
  0x00,0x00,0x0F,0xFC,0x00,0x00,0x7F,0xE0,0x00,0x03,0xFF,0x00,0x00,0x0F,0xFC,0x00,
  0x00,0x7F,0xE0,0x00,0x01,0x55,0x00,0x6A,0xA4,0x00,0x00,0x03,0xFF,0x06,0xFF,0xFF,
  0x40,0x00,0x03,0xFF,0x1F,0xFF,0xFF,0xE0,0x00,0x03,0xFF,0x3F,0xFF,0xFF,0xF8,0x00,
  0x03,0xFF,0xBF,0xAA,0xFF,0xFD,0x00,0x03,0xFF,0xF8,0x00,0x2F,0xFE,0x00,0x03,0xFF,
  0xE0,0x00,0x0B,0xFF,0x00,0x03,0xFF,0xC0,0x00,0x07,0xFF,0x00,0x03,0xFF,0x40,0x00,
  0x03,0xFF,0x40,0x03,0xFF,0x40,0x00,0x02,0xFF,0x40,0x03,0xFF,0x00,0x00,0x02,0xFF,
  0x40,0x03,0xFF,0x00,0x00,0x02,0xFF,0x40,0x03,0xFF,0x00,0x00,0x02,0xFF,0x40,0x03,
  0xFF,0x00,0x00,0x02,0xFF,0x40,0x03,0xFF,0x00,0x00,0x02,0xFF,0x40,0x03,0xFF,0x00,
  0x00,0x02,0xFF,0x40,0x03,0xFF,0x00,0x00,0x02,0xFF,0x40,0x03,0xFF,0x00,0x00,0x02,
  0xFF,0x40,0x03,0xFF,0x00,0x00,0x02,0xFF,0x40,0x03,0xFF,0x00,0x00,0x02,0xFF,0x40,
  0x03,0xFF,0x00,0x00,0x02,0xFF,0x40,0x03,0xFF,0x00,0x00,0x02,0xFF,0x40,0x03,0xFF,
  0x00,0x00,0x02,0xFF,0x40,0x03,0xFF,0x00,0x00,0x02,0xFF,0x40,0x03,0xFF,0x00,0x00,
  0x02,0xFF,0x40,0x03,0xFF,0x00,0x00,0x02,0xFF,0x40,0x00,0x00,0x06,0xAA,0x50,0x00,
  0x00,0x00,0x00,0xBF,0xFF,0xFD,0x00,0x00,0x00,0x07,0xFF,0xFF,0xFF,0x80,0x00,0x00,
  0x1F,0xFF,0xFF,0xFF,0xF4,0x00,0x00,0x7F,0xFE,0x96,0xFF,0xFC,0x00,0x00,0xFF,0xF4,
  0x00,0x2F,0xFE,0x00,0x02,0xFF,0xC0,0x00,0x0B,0xFF,0x40,0x03,0xFF,0x40,0x00,0x03,
  0xFF,0x80,0x07,0xFF,0x00,0x00,0x01,0xFF,0xC0,0x0B,0xFE,0x00,0x00,0x00,0xFF,0xD0,
  0x0F,0xFD,0x00,0x00,0x00,0xBF,0xD0,0x0F,0xFC,0x00,0x00,0x00,0xBF,0xE0,0x0F,0xFC,
  0x00,0x00,0x00,0x7F,0xE0,0x0F,0xFC,0x00,0x00,0x00,0x7F,0xE0,0x0F,0xFC,0x00,0x00,
  0x00,0xBF,0xE0,0x0F,0xFD,0x00,0x00,0x00,0xBF,0xE0,0x0B,0xFD,0x00,0x00,0x00,0xBF,
  0xD0,0x0B,0xFE,0x00,0x00,0x00,0xFF,0xC0,0x07,0xFF,0x00,0x00,0x02,0xFF,0xC0,0x03,
  0xFF,0x80,0x00,0x03,0xFF,0x80,0x01,0xFF,0xD0,0x00,0x0B,0xFF,0x00,0x00,0xBF,0xF8,
  0x00,0x6F,0xFD,0x00,0x00,0x7F,0xFF,0xAB,0xFF,0xF8,0x00,0x00,0x1F,0xFF,0xFF,0xFF,
  0xE0,0x00,0x00,0x02,0xFF,0xFF,0xFF,0x80,0x00,0x00,0x00,0x6F,0xFF,0xF8,0x00,0x00,
  0x00,0x00,0x01,0x55,0x40,0x00,0x00,0x01,0x55,0x00,0x6A,0xA4,0x00,0x00,0x03,0xFF,
  0x02,0xFF,0xFF,0x80,0x00,0x03,0xFF,0x0F,0xFF,0xFF,0xF0,0x00,0x03,0xFF,0x3F,0xFF,
  0xFF,0xFD,0x00,0x03,0xFF,0xBF,0xEA,0xBF,0xFF,0x00,0x03,0xFF,0xFD,0x00,0x1B,0xFF,
  0x80,0x03,0xFF,0xF0,0x00,0x02,0xFF,0xC0,0x03,0xFF,0xD0,0x00,0x01,0xFF,0xD0,0x03,
  0xFF,0xC0,0x00,0x00,0xBF,0xE0,0x03,0xFF,0x40,0x00,0x00,0x7F,0xF0,0x03,0xFF,0x40,
  0x00,0x00,0x3F,0xF0,0x03,0xFF,0x40,0x00,0x00,0x3F,0xF4,0x03,0xFF,0x00,0x00,0x00,
  0x2F,0xF4,0x03,0xFF,0x00,0x00,0x00,0x2F,0xF4,0x03,0xFF,0x00,0x00,0x00,0x3F,0xF4,
  0x03,0xFF,0x40,0x00,0x00,0x3F,0xF4,0x03,0xFF,0x40,0x00,0x00,0x3F,0xF0,0x03,0xFF,
  0x80,0x00,0x00,0x7F,0xF0,0x03,0xFF,0xC0,0x00,0x00,0xFF,0xE0,0x03,0xFF,0xE0,0x00,
  0x01,0xFF,0xD0,0x03,0xFF,0xF4,0x00,0x07,0xFF,0xC0,0x03,0xFF,0xFE,0x00,0x1F,0xFF,
  0x40,0x03,0xFF,0x7F,0xFB,0xFF,0xFE,0x00,0x03,0xFF,0x2F,0xFF,0xFF,0xF8,0x00,0x03,
  0xFF,0x0B,0xFF,0xFF,0xE0,0x00,0x03,0xFF,0x01,0xFF,0xFE,0x40,0x00,0x03,0xFF,0x00,
  0x15,0x50,0x00,0x00,0x03,0xFF,0x00,0x00,0x00,0x00,0x00,0x03,0xFF,0x00,0x00,0x00,
  0x00,0x00,0x03,0xFF,0x00,0x00,0x00,0x00,0x00,0x03,0xFF,0x00,0x00,0x00,0x00,0x00,
  0x03,0xFF,0x00,0x00,0x00,0x00,0x00,0x03,0xFF,0x00,0x00,0x00,0x00,0x00,0x03,0xFF,
  0x00,0x00,0x00,0x00,0x00,0x03,0xFF,0x00,0x00,0x00,0x00,0x00,0x02,0xAA,0x00,0x00,
  0x00,0x00,0x00,0x00,0x00,0x1A,0xA9,0x00,0x55,0x40,0x00,0x01,0xFF,0xFF,0x90,0xBF,
  0xD0,0x00,0x0B,0xFF,0xFF,0xF4,0xBF,0xD0,0x00,0x2F,0xFF,0xFF,0xFD,0xBF,0xD0,0x00,
  0xBF,0xFF,0xAA,0xFF,0xBF,0xD0,0x01,0xFF,0xF4,0x00,0x2F,0xFF,0xD0,0x02,0xFF,0xD0,
  0x00,0x0B,0xFF,0xD0,0x03,0xFF,0x40,0x00,0x03,0xFF,0xD0,0x07,0xFF,0x00,0x00,0x02,
  0xFF,0xD0,0x0B,0xFE,0x00,0x00,0x01,0xFF,0xD0,0x0F,0xFD,0x00,0x00,0x00,0xFF,0xD0,
  0x0F,0xFD,0x00,0x00,0x00,0xFF,0xD0,0x0F,0xFC,0x00,0x00,0x00,0xBF,0xD0,0x0F,0xFC,
  0x00,0x00,0x00,0xBF,0xD0,0x0F,0xFD,0x00,0x00,0x00,0xBF,0xD0,0x0F,0xFD,0x00,0x00,
  0x00,0xFF,0xD0,0x0B,0xFD,0x00,0x00,0x00,0xFF,0xD0,0x0B,0xFE,0x00,0x00,0x01,0xFF,
  0xD0,0x07,0xFF,0x40,0x00,0x02,0xFF,0xD0,0x03,0xFF,0x80,0x00,0x07,0xFF,0xD0,0x02,
  0xFF,0xD0,0x00,0x0F,0xFF,0xD0,0x00,0xFF,0xF9,0x00,0x7F,0xFF,0xD0,0x00,0x7F,0xFF,
  0xEF,0xFE,0xBF,0xD0,0x00,0x2F,0xFF,0xFF,0xFC,0xBF,0xD0,0x00,0x07,0xFF,0xFF,0xF0,
  0xBF,0xD0,0x00,0x00,0xBF,0xFF,0x80,0xBF,0xD0,0x00,0x00,0x05,0x54,0x00,0xBF,0xD0,
  0x00,0x00,0x00,0x00,0x00,0xBF,0xD0,0x00,0x00,0x00,0x00,0x00,0xBF,0xD0,0x00,0x00,
  0x00,0x00,0x00,0xBF,0xD0,0x00,0x00,0x00,0x00,0x00,0xBF,0xD0,0x00,0x00,0x00,0x00,
  0x00,0xBF,0xD0,0x00,0x00,0x00,0x00,0x00,0xBF,0xD0,0x00,0x00,0x00,0x00,0x00,0xBF,
  0xD0,0x00,0x00,0x00,0x00,0x00,0xBF,0xD0,0x00,0x00,0x00,0x00,0x00,0x6A,0x80,0x01,
  0x55,0x00,0x6A,0x80,0x03,0xFF,0x07,0xFF,0x80,0x03,0xFF,0x2F,0xFF,0x80,0x03,0xFF,
  0x7F,0xFF,0x80,0x03,0xFF,0xBF,0xFB,0x80,0x03,0xFF,0xFD,0x00,0x00,0x03,0xFF,0xE0,
  0x00,0x00,0x03,0xFF,0xC0,0x00,0x00,0x03,0xFF,0x40,0x00,0x00,0x03,0xFF,0x40,0x00,
  0x00,0x03,0xFF,0x00,0x00,0x00,0x03,0xFF,0x00,0x00,0x00,0x03,0xFF,0x00,0x00,0x00,
  0x03,0xFF,0x00,0x00,0x00,0x03,0xFF,0x00,0x00,0x00,0x03,0xFF,0x00,0x00,0x00,0x03,
  0xFF,0x00,0x00,0x00,0x03,0xFF,0x00,0x00,0x00,0x03,0xFF,0x00,0x00,0x00,0x03,0xFF,
  0x00,0x00,0x00,0x03,0xFF,0x00,0x00,0x00,0x03,0xFF,0x00,0x00,0x00,0x03,0xFF,0x00,
  0x00,0x00,0x03,0xFF,0x00,0x00,0x00,0x03,0xFF,0x00,0x00,0x00,0x03,0xFF,0x00,0x00,
  0x00,0x00,0x00,0x5A,0xA9,0x00,0x00,0x00,0x07,0xFF,0xFF,0xE0,0x00,0x00,0x2F,0xFF,
  0xFF,0xFE,0x00,0x00,0xBF,0xFF,0xFF,0xFF,0x80,0x01,0xFF,0xF5,0x57,0xFF,0xD0,0x03,
  0xFF,0x80,0x00,0xBF,0xE0,0x07,0xFF,0x00,0x00,0x3F,0xF0,0x07,0xFE,0x00,0x00,0x15,
  0x50,0x07,0xFF,0x00,0x00,0x00,0x00,0x03,0xFF,0x80,0x00,0x00,0x00,0x02,0xFF,0xF9,
  0x00,0x00,0x00,0x00,0xFF,0xFF,0xE9,0x00,0x00,0x00,0x7F,0xFF,0xFF,0xE4,0x00,0x00,
  0x0B,0xFF,0xFF,0xFE,0x00,0x00,0x00,0x6F,0xFF,0xFF,0xC0,0x00,0x00,0x01,0x6F,0xFF,
  0xE0,0x00,0x00,0x00,0x01,0xFF,0xF4,0x00,0x00,0x00,0x00,0x3F,0xF4,0x00,0x00,0x00,
  0x00,0x2F,0xF8,0x0F,0xFC,0x00,0x00,0x2F,0xF8,0x0B,0xFE,0x00,0x00,0x3F,0xF4,0x07,
  0xFF,0x80,0x01,0xBF,0xF0,0x03,0xFF,0xFA,0xAB,0xFF,0xD0,0x01,0xFF,0xFF,0xFF,0xFF,
  0x80,0x00,0x7F,0xFF,0xFF,0xFE,0x00,0x00,0x06,0xFF,0xFF,0xE0,0x00,0x00,0x00,0x15,
  0x54,0x00,0x00,0x00,0x2A,0x90,0x00,0x00,0x00,0x7F,0xE0,0x00,0x00,0x00,0x7F,0xE0,
  0x00,0x00,0x00,0x7F,0xE0,0x00,0x00,0x00,0x7F,0xE0,0x00,0x00,0x00,0x7F,0xE0,0x00,
  0x00,0x15,0xBF,0xF5,0x54,0x00,0x3F,0xFF,0xFF,0xFC,0x00,0x3F,0xFF,0xFF,0xFC,0x00,
  0x3F,0xFF,0xFF,0xFC,0x00,0x2A,0xBF,0xFA,0xA8,0x00,0x00,0x7F,0xE0,0x00,0x00,0x00,
  0x7F,0xE0,0x00,0x00,0x00,0x7F,0xE0,0x00,0x00,0x00,0x7F,0xE0,0x00,0x00,0x00,0x7F,
  0xE0,0x00,0x00,0x00,0x7F,0xE0,0x00,0x00,0x00,0x7F,0xE0,0x00,0x00,0x00,0x7F,0xE0,
  0x00,0x00,0x00,0x7F,0xE0,0x00,0x00,0x00,0x7F,0xE0,0x00,0x00,0x00,0x7F,0xE0,0x00,
  0x00,0x00,0x7F,0xE0,0x00,0x00,0x00,0x7F,0xE0,0x00,0x00,0x00,0x7F,0xE0,0x00,0x00,
  0x00,0x7F,0xF0,0x00,0x00,0x00,0x3F,0xF4,0x00,0x00,0x00,0x3F,0xFD,0x04,0x00,0x00,
  0x2F,0xFF,0xFD,0x00,0x00,0x0F,0xFF,0xFD,0x00,0x00,0x07,0xFF,0xFD,0x00,0x00,0x00,
  0x7F,0xFD,0x00,0x00,0x00,0x01,0x54,0x00,0x01,0x55,0x00,0x00,0x01,0x55,0x00,0x03,
  0xFF,0x00,0x00,0x02,0xFF,0x40,0x03,0xFF,0x00,0x00,0x02,0xFF,0x40,0x03,0xFF,0x00,
  0x00,0x02,0xFF,0x40,0x03,0xFF,0x00,0x00,0x02,0xFF,0x40,0x03,0xFF,0x00,0x00,0x02,
  0xFF,0x40,0x03,0xFF,0x00,0x00,0x02,0xFF,0x40,0x03,0xFF,0x00,0x00,0x02,0xFF,0x40,
  0x03,0xFF,0x00,0x00,0x02,0xFF,0x40,0x03,0xFF,0x00,0x00,0x02,0xFF,0x40,0x03,0xFF,
  0x00,0x00,0x02,0xFF,0x40,0x03,0xFF,0x00,0x00,0x02,0xFF,0x40,0x03,0xFF,0x00,0x00,
  0x02,0xFF,0x40,0x03,0xFF,0x00,0x00,0x02,0xFF,0x40,0x03,0xFF,0x00,0x00,0x02,0xFF,
  0x40,0x03,0xFF,0x00,0x00,0x02,0xFF,0x40,0x03,0xFF,0x00,0x00,0x03,0xFF,0x40,0x03,
  0xFF,0x40,0x00,0x03,0xFF,0x40,0x02,0xFF,0x80,0x00,0x0B,0xFF,0x40,0x02,0xFF,0xC0,
  0x00,0x1F,0xFF,0x40,0x01,0xFF,0xE0,0x00,0x7F,0xFF,0x40,0x00,0xFF,0xFE,0x56,0xFF,
  0xFF,0x40,0x00,0xBF,0xFF,0xFF,0xF6,0xFF,0x40,0x00,0x3F,0xFF,0xFF,0xE2,0xFF,0x40,
  0x00,0x0B,0xFF,0xFF,0x82,0xFF,0x40,0x00,0x01,0xFF,0xF9,0x02,0xFF,0x40,0x00,0x00,
  0x05,0x40,0x00,0x00,0x00,0x15,0x54,0x00,0x00,0x01,0x55,0x40,0x2F,0xF8,0x00,0x00,
  0x02,0xFF,0x80,0x1F,0xFC,0x00,0x00,0x03,0xFF,0x40,0x0F,0xFD,0x00,0x00,0x07,0xFE,
  0x00,0x0B,0xFE,0x00,0x00,0x0B,0xFD,0x00,0x07,0xFF,0x00,0x00,0x0F,0xFC,0x00,0x02,
  0xFF,0x40,0x00,0x1F,0xF8,0x00,0x01,0xFF,0x80,0x00,0x2F,0xF4,0x00,0x00,0xFF,0xC0,
  0x00,0x3F,0xF0,0x00,0x00,0xBF,0xD0,0x00,0x7F,0xE0,0x00,0x00,0x7F,0xE0,0x00,0xBF,
  0xD0,0x00,0x00,0x3F,0xF0,0x00,0xFF,0xC0,0x00,0x00,0x2F,0xF4,0x01,0xFF,0x80,0x00,
  0x00,0x1F,0xF8,0x02,0xFF,0x40,0x00,0x00,0x0F,0xFC,0x03,0xFE,0x00,0x00,0x00,0x0B,
  0xFD,0x07,0xFD,0x00,0x00,0x00,0x07,0xFE,0x0B,0xFC,0x00,0x00,0x00,0x02,0xFF,0x0F,
  0xF8,0x00,0x00,0x00,0x01,0xFF,0x5F,0xF4,0x00,0x00,0x00,0x00,0xFF,0xAF,0xF0,0x00,
  0x00,0x00,0x00,0xBF,0xFF,0xE0,0x00,0x00,0x00,0x00,0x7F,0xFF,0xD0,0x00,0x00,0x00,
  0x00,0x3F,0xFF,0xC0,0x00,0x00,0x00,0x00,0x2F,0xFF,0x80,0x00,0x00,0x00,0x00,0x1F,
  0xFF,0x40,0x00,0x00,0x00,0x00,0x0F,0xFF,0x00,0x00,0x00,0x15,0x50,0x00,0x00,0x55,
  0x50,0x00,0x00,0x55,0x40,0x2F,0xF4,0x00,0x00,0xBF,0xF0,0x00,0x02,0xFF,0x80,0x1F,
  0xF8,0x00,0x00,0xFF,0xF0,0x00,0x02,0xFF,0x40,0x0F,0xFC,0x00,0x01,0xFF,0xF4,0x00,
  0x03,0xFF,0x00,0x0B,0xFD,0x00,0x02,0xFF,0xF8,0x00,0x07,0xFE,0x00,0x07,0xFE,0x00,
  0x03,0xFF,0xFC,0x00,0x0B,0xFD,0x00,0x07,0xFE,0x00,0x03,0xFF,0xFD,0x00,0x0F,0xFC,
  0x00,0x03,0xFF,0x00,0x07,0xFF,0xFD,0x00,0x0F,0xFC,0x00,0x02,0xFF,0x40,0x0B,0xFA,
  0xFE,0x00,0x1F,0xF8,0x00,0x01,0xFF,0x80,0x0F,0xF5,0xFF,0x00,0x2F,0xF4,0x00,0x00,
  0xFF,0xC0,0x1F,0xF0,0xFF,0x40,0x3F,0xF0,0x00,0x00,0xBF,0xC0,0x1F,0xE0,0xBF,0x80,
  0x7F,0xE0,0x00,0x00,0x7F,0xD0,0x2F,0xD0,0x7F,0x80,0x7F,0xD0,0x00,0x00,0x3F,0xE0,
  0x3F,0xD0,0x7F,0xC0,0xBF,0xC0,0x00,0x00,0x3F,0xF0,0x7F,0xC0,0x3F,0xD0,0xFF,0x80,
  0x00,0x00,0x2F,0xF4,0xBF,0x80,0x2F,0xE1,0xFF,0x80,0x00,0x00,0x1F,0xF4,0xBF,0x40,
  0x1F,0xF1,0xFF,0x40,0x00,0x00,0x0F,0xF8,0xFF,0x00,0x0F,0xF2,0xFF,0x00,0x00,0x00,
  0x0B,0xFD,0xFE,0x00,0x0B,0xF7,0xFE,0x00,0x00,0x00,0x07,0xFF,0xFD,0x00,0x0B,0xFF,
  0xFD,0x00,0x00,0x00,0x03,0xFF,0xFD,0x00,0x07,0xFF,0xFC,0x00,0x00,0x00,0x02,0xFF,
  0xFC,0x00,0x03,0xFF,0xF8,0x00,0x00,0x00,0x01,0xFF,0xF8,0x00,0x02,0xFF,0xF4,0x00,
  0x00,0x00,0x01,0xFF,0xF4,0x00,0x01,0xFF,0xF0,0x00,0x00,0x00,0x00,0xFF,0xF0,0x00,
  0x00,0xFF,0xF0,0x00,0x00,0x00,0x00,0xBF,0xE0,0x00,0x00,0xBF,0xE0,0x00,0x00,0x05,
  0x54,0x00,0x00,0x05,0x55,0x00,0x0F,0xFE,0x00,0x00,0x1F,0xFC,0x00,0x07,0xFF,0x00,
  0x00,0x3F,0xF4,0x00,0x02,0xFF,0x80,0x00,0x7F,0xF0,0x00,0x00,0xFF,0xD0,0x00,0xFF,
  0xD0,0x00,0x00,0x7F,0xE0,0x02,0xFF,0x80,0x00,0x00,0x2F,0xF4,0x03,0xFF,0x00,0x00,
  0x00,0x1F,0xFC,0x0B,0xFD,0x00,0x00,0x00,0x0B,0xFE,0x1F,0xF8,0x00,0x00,0x00,0x03,
  0xFF,0x3F,0xF0,0x00,0x00,0x00,0x01,0xFF,0xFF,0xE0,0x00,0x00,0x00,0x00,0xBF,0xFF,
  0xC0,0x00,0x00,0x00,0x00,0x3F,0xFF,0x40,0x00,0x00,0x00,0x00,0x3F,0xFF,0x00,0x00,
  0x00,0x00,0x00,0x7F,0xFF,0x80,0x00,0x00,0x00,0x00,0xFF,0xFF,0xD0,0x00,0x00,0x00,
  0x02,0xFF,0xFF,0xE0,0x00,0x00,0x00,0x07,0xFF,0x2F,0xF4,0x00,0x00,0x00,0x0F,0xFD,
  0x1F,0xFC,0x00,0x00,0x00,0x2F,0xF8,0x0B,0xFE,0x00,0x00,0x00,0x7F,0xF4,0x03,0xFF,
  0x40,0x00,0x00,0xBF,0xE0,0x01,0xFF,0xC0,0x00,0x01,0xFF,0xC0,0x00,0xBF,0xE0,0x00,
  0x03,0xFF,0x40,0x00,0x7F,0xF4,0x00,0x0B,0xFE,0x00,0x00,0x2F,0xF8,0x00,0x1F,0xFD,
  0x00,0x00,0x0F,0xFD,0x00,0x15,0x54,0x00,0x00,0x01,0x55,0x40,0x2F,0xF8,0x00,0x00,
  0x02,0xFF,0x80,0x1F,0xFC,0x00,0x00,0x03,0xFF,0x40,0x0F,0xFD,0x00,0x00,0x07,0xFE,
  0x00,0x0B,0xFE,0x00,0x00,0x0B,0xFD,0x00,0x07,0xFF,0x00,0x00,0x0F,0xFC,0x00,0x02,
  0xFF,0x40,0x00,0x1F,0xF8,0x00,0x01,0xFF,0x80,0x00,0x2F,0xF4,0x00,0x00,0xFF,0xC0,
  0x00,0x3F,0xF0,0x00,0x00,0xBF,0xD0,0x00,0x7F,0xE0,0x00,0x00,0x7F,0xE0,0x00,0xBF,
  0xD0,0x00,0x00,0x3F,0xF0,0x00,0xFF,0xC0,0x00,0x00,0x2F,0xF4,0x01,0xFF,0x80,0x00,
  0x00,0x1F,0xF8,0x02,0xFF,0x40,0x00,0x00,0x0F,0xFC,0x03,0xFE,0x00,0x00,0x00,0x0B,
  0xFD,0x07,0xFD,0x00,0x00,0x00,0x07,0xFE,0x0B,0xFC,0x00,0x00,0x00,0x03,0xFF,0x0F,
  0xF8,0x00,0x00,0x00,0x01,0xFF,0x5F,0xF4,0x00,0x00,0x00,0x00,0xFF,0xAF,0xF0,0x00,
  0x00,0x00,0x00,0xBF,0xFF,0xE0,0x00,0x00,0x00,0x00,0x7F,0xFF,0xD0,0x00,0x00,0x00,
  0x00,0x3F,0xFF,0xC0,0x00,0x00,0x00,0x00,0x2F,0xFF,0x80,0x00,0x00,0x00,0x00,0x1F,
  0xFF,0x00,0x00,0x00,0x00,0x00,0x0F,0xFE,0x00,0x00,0x00,0x00,0x00,0x0B,0xFD,0x00,
  0x00,0x00,0x00,0x00,0x0F,0xFC,0x00,0x00,0x00,0x00,0x00,0x1F,0xF8,0x00,0x00,0x00,
  0x00,0x00,0x3F,0xF4,0x00,0x00,0x00,0x00,0x00,0xBF,0xE0,0x00,0x00,0x00,0x01,0xAB,
  0xFF,0xD0,0x00,0x00,0x00,0x02,0xFF,0xFF,0x80,0x00,0x00,0x00,0x02,0xFF,0xFE,0x00,
  0x00,0x00,0x00,0x02,0xFF,0xF4,0x00,0x00,0x00,0x00,0x01,0xA9,0x40,0x00,0x00,0x00,
  0x00,0x01,0x55,0x55,0x55,0x55,0x54,0x00,0x03,0xFF,0xFF,0xFF,0xFF,0xF4,0x00,0x03,
  0xFF,0xFF,0xFF,0xFF,0xF4,0x00,0x03,0xFF,0xFF,0xFF,0xFF,0xF4,0x00,0x03,0xFF,0xFF,
  0xFF,0xFF,0xF4,0x00,0x00,0x00,0x00,0x00,0xFF,0xD0,0x00,0x00,0x00,0x00,0x02,0xFF,
  0x80,0x00,0x00,0x00,0x00,0x0B,0xFF,0x00,0x00,0x00,0x00,0x00,0x1F,0xFD,0x00,0x00,
  0x00,0x00,0x00,0x7F,0xF4,0x00,0x00,0x00,0x00,0x00,0xFF,0xE0,0x00,0x00,0x00,0x00,
  0x02,0xFF,0xC0,0x00,0x00,0x00,0x00,0x0B,0xFF,0x00,0x00,0x00,0x00,0x00,0x1F,0xFD,
  0x00,0x00,0x00,0x00,0x00,0x7F,0xF8,0x00,0x00,0x00,0x00,0x00,0xFF,0xE0,0x00,0x00,
  0x00,0x00,0x02,0xFF,0xC0,0x00,0x00,0x00,0x00,0x0B,0xFF,0x40,0x00,0x00,0x00,0x00,
  0x1F,0xFE,0x00,0x00,0x00,0x00,0x00,0x3F,0xF8,0x00,0x00,0x00,0x00,0x00,0xBF,0xF0,
  0x00,0x00,0x00,0x00,0x02,0xFF,0xE5,0x55,0x55,0x54,0x00,0x07,0xFF,0xFF,0xFF,0xFF,
  0xFC,0x00,0x0B,0xFF,0xFF,0xFF,0xFF,0xFC,0x00,0x0B,0xFF,0xFF,0xFF,0xFF,0xFC,0x00,
  0x0B,0xFF,0xFF,0xFF,0xFF,0xFC,0x00,0x00,0x00,0x00,0x15,0x00,0x00,0x00,0x0B,0xFF,
  0x00,0x00,0x00,0x7F,0xFF,0x00,0x00,0x01,0xFF,0xFF,0x00,0x00,0x02,0xFF,0xFA,0x00,
  0x00,0x03,0xFF,0x80,0x00,0x00,0x07,0xFE,0x00,0x00,0x00,0x0B,0xFD,0x00,0x00,0x00,
  0x0B,0xFC,0x00,0x00,0x00,0x0B,0xFC,0x00,0x00,0x00,0x0B,0xFC,0x00,0x00,0x00,0x0B,
  0xFC,0x00,0x00,0x00,0x0B,0xFC,0x00,0x00,0x00,0x0B,0xFC,0x00,0x00,0x00,0x0B,0xFC,
  0x00,0x00,0x00,0x0B,0xFC,0x00,0x00,0x00,0x0B,0xFC,0x00,0x00,0x00,0x0F,0xFC,0x00,
  0x00,0x00,0x1F,0xFC,0x00,0x00,0x00,0x2F,0xF8,0x00,0x00,0x16,0xFF,0xF0,0x00,0x00,
  0x2F,0xFF,0xD0,0x00,0x00,0x2F,0xF9,0x00,0x00,0x00,0x2F,0xF9,0x00,0x00,0x00,0x2F,
  0xFF,0x80,0x00,0x00,0x1A,0xFF,0xF0,0x00,0x00,0x00,0x7F,0xF8,0x00,0x00,0x00,0x1F,
  0xFC,0x00,0x00,0x00,0x0F,0xFC,0x00,0x00,0x00,0x0B,0xFC,0x00,0x00,0x00,0x0B,0xFC,
  0x00,0x00,0x00,0x0B,0xFC,0x00,0x00,0x00,0x0B,0xFC,0x00,0x00,0x00,0x0B,0xFC,0x00,
  0x00,0x00,0x0B,0xFC,0x00,0x00,0x00,0x0B,0xFC,0x00,0x00,0x00,0x0B,0xFC,0x00,0x00,
  0x00,0x0B,0xFC,0x00,0x00,0x00,0x0B,0xFD,0x00,0x00,0x00,0x07,0xFE,0x00,0x00,0x00,
  0x03,0xFF,0x40,0x00,0x00,0x02,0xFF,0xE9,0x00,0x00,0x01,0xFF,0xFF,0x00,0x00,0x00,
  0x7F,0xFF,0x00,0x00,0x00,0x1B,0xFF,0x00,0x00,0x00,0x00,0x56,0x00,0x00,0x1A,0xA0,
  0x00,0x00,0x2F,0xF0,0x00,0x00,0x2F,0xF0,0x00,0x00,0x2F,0xF0,0x00,0x00,0x2F,0xF0,
  0x00,0x00,0x2F,0xF0,0x00,0x00,0x2F,0xF0,0x00,0x00,0x2F,0xF0,0x00,0x00,0x2F,0xF0,
  0x00,0x00,0x2F,0xF0,0x00,0x00,0x2F,0xF0,0x00,0x00,0x2F,0xF0,0x00,0x00,0x2F,0xF0,
  0x00,0x00,0x2F,0xF0,0x00,0x00,0x2F,0xF0,0x00,0x00,0x2F,0xF0,0x00,0x00,0x2F,0xF0,
  0x00,0x00,0x2F,0xF0,0x00,0x00,0x2F,0xF0,0x00,0x00,0x2F,0xF0,0x00,0x00,0x2F,0xF0,
  0x00,0x00,0x2F,0xF0,0x00,0x00,0x2F,0xF0,0x00,0x00,0x2F,0xF0,0x00,0x00,0x2F,0xF0,
  0x00,0x00,0x2F,0xF0,0x00,0x00,0x2F,0xF0,0x00,0x00,0x2F,0xF0,0x00,0x00,0x2F,0xF0,
  0x00,0x00,0x2F,0xF0,0x00,0x00,0x2F,0xF0,0x00,0x00,0x2F,0xF0,0x00,0x00,0x2F,0xF0,
  0x00,0x00,0x2F,0xF0,0x00,0x00,0x2F,0xF0,0x00,0x00,0x2F,0xF0,0x00,0x00,0x2F,0xF0,
  0x00,0x00,0x2F,0xF0,0x00,0x00,0x2F,0xF0,0x00,0x00,0x2F,0xF0,0x00,0x00,0x2F,0xF0,
  0x00,0x00,0x2F,0xF0,0x00,0x00,0x2F,0xF0,0x00,0x00,0x1A,0xA0,0x00,0x15,0x00,0x00,
  0x00,0x00,0x2F,0xF8,0x00,0x00,0x00,0x2F,0xFF,0x40,0x00,0x00,0x2F,0xFF,0xD0,0x00,
  0x00,0x1B,0xFF,0xF0,0x00,0x00,0x00,0x7F,0xF4,0x00,0x00,0x00,0x2F,0xF8,0x00,0x00,
  0x00,0x0F,0xF8,0x00,0x00,0x00,0x0F,0xF8,0x00,0x00,0x00,0x0F,0xF8,0x00,0x00,0x00,
  0x0F,0xF8,0x00,0x00,0x00,0x0F,0xF8,0x00,0x00,0x00,0x0F,0xF8,0x00,0x00,0x00,0x0F,
  0xF8,0x00,0x00,0x00,0x0F,0xF8,0x00,0x00,0x00,0x0F,0xF8,0x00,0x00,0x00,0x0F,0xFC,
  0x00,0x00,0x00,0x0B,0xFC,0x00,0x00,0x00,0x0B,0xFD,0x00,0x00,0x00,0x07,0xFF,0x00,
  0x00,0x00,0x03,0xFF,0xE5,0x00,0x00,0x00,0xBF,0xFE,0x00,0x00,0x00,0x1B,0xFE,0x00,
  0x00,0x00,0x07,0xFE,0x00,0x00,0x00,0xBF,0xFE,0x00,0x00,0x02,0xFF,0xE9,0x00,0x00,
  0x07,0xFF,0x40,0x00,0x00,0x0B,0xFD,0x00,0x00,0x00,0x0B,0xFC,0x00,0x00,0x00,0x0F,
  0xFC,0x00,0x00,0x00,0x0F,0xFC,0x00,0x00,0x00,0x0F,0xF8,0x00,0x00,0x00,0x0F,0xF8,
  0x00,0x00,0x00,0x0F,0xF8,0x00,0x00,0x00,0x0F,0xF8,0x00,0x00,0x00,0x0F,0xF8,0x00,
  0x00,0x00,0x0F,0xF8,0x00,0x00,0x00,0x0F,0xF8,0x00,0x00,0x00,0x0F,0xF8,0x00,0x00,
  0x00,0x2F,0xF8,0x00,0x00,0x00,0x7F,0xF4,0x00,0x00,0x1A,0xFF,0xF0,0x00,0x00,0x2F,
  0xFF,0xD0,0x00,0x00,0x2F,0xFF,0x80,0x00,0x00,0x2F,0xF9,0x00,0x00,0x00,0x19,0x40,
  0x00,0x00,0x00,0x00,0x00,0x00,0x00,0x00,0x00,0x00,0x00,0x00,0x01,0xBE,0x90,0x00,
  0x00,0x20,0x00,0x00,0x1F,0xFF,0xFE,0x40,0x00,0xB0,0x00,0x00,0x7F,0xFF,0xFF,0xE9,
  0x5B,0xF0,0x00,0x00,0x7F,0xFF,0xFF,0xFF,0xFF,0xF0,0x00,0x00,0x7F,0x96,0xBF,0xFF,
  0xFF,0xF0,0x00,0x00,0x74,0x00,0x07,0xFF,0xFF,0x80,0x00,0x00,0x50,0x00,0x00,0x6B,
  0xF9,0x00,0x00,0x00,0x00,0x00,0x00,0x00,0x00,0x00,0x00,0x00,0x00,0x00,0x00,0x00,
  0x00,0x00,0x00,0x00,0x00,0x00,0x00,0x00,0x00,0x00,0x00,0x00,0x00,0x00,0x00,0x00,
  0x00,0x00,0x00,0x00,0x00,0x00,0x00,0x00,0x00,0x00,0x00,0x00,0x00,0x00,0x00,0x00,
  0x00,0x00,0x00,0x00,0x00,0x00,0x00,0x00,0x00,0x00,0x00,0x00,0x00,0x00,0x00,0x00,
  0x00,0x00,0x00,0x00,0x00,0x00,0x00,0x00,0x00,0x00,0x00,0x00,0x00,0x00,0x00,0x00,
  0x00,0x00,0x00,0x00,0x00,0x00,0x00,0x00,0xBF,0x40,0x00,0x02,0xFF,0xD0,0x00,0x03,
  0xFF,0xE0,0x00,0x03,0xFF,0xE0,0x00,0x02,0xFF,0xD0,0x00,0x00,0xBF,0x80,0x00,0x00,
  0x15,0x00,0x00,0x00,0x00,0x00,0x00,0x00,0x00,0x00,0x00,0x00,0x00,0x00,0x00,0x00,
  0x00,0x00,0x00,0x00,0x00,0x00,0x00,0x00,0x00,0x00,0x00,0x00,0x00,0x00,0x00,0x00,
  0x00,0x00,0x00,0x00,0x00,0x00,0x00,0x00,0x00,0x00,0x00,0x00,0x00,0x00,0x00,0x00,
  0x00,0x00,0x00,0x00,0x00,0x00,0x00,0x00,0x00,0x00,0x00,0x00,0x00,0x00,0x00,0x00,
  0x00,0x0F,0xF8,0x00,0x00,0x00,0x00,0x00,0x00,0x00,0x00,0x00,0x0F,0xF8,0x00,0x00,
  0x01,0xAA,0xAA,0xAA,0xAA,0xA8,0x00,0x0F,0xF8,0x00,0x00,0x02,0xFF,0xFF,0xFF,0xFF,
  0xFC,0x00,0x0F,0xF8,0x00,0x00,0x02,0xFF,0xFF,0xFF,0xFF,0xF8,0x00,0x0F,0xF8,0x00,
  0x00,0x02,0xFF,0xFF,0xFF,0xFF,0xF8,0x00,0x0F,0xF8,0x00,0x00,0x00,0x00,0x00,0x00,
  0x0F,0xF8,0x00,0x0F,0xF8,0x00,0x00,0x00,0x00,0x00,0x00,0x1F,0xF4,0x00,0x0F,0xF8,
  0x00,0x00,0x00,0x00,0x00,0x00,0x1F,0xF0,0x00,0x0F,0xF8,0x00,0x00,0x00,0x00,0x00,
  0x00,0x3F,0xE0,0x00,0x0F,0xFE,0xAA,0x40,0x00,0x00,0x00,0x00,0x7F,0xD0,0x00,0x0F,
  0xFF,0xFF,0x80,0x00,0x00,0x00,0x00,0xFF,0x80,0x00,0x0F,0xFF,0xFF,0x80,0x00,0x00,
  0x00,0x02,0xFF,0x40,0x00,0x0F,0xFF,0xFF,0x80,0x00,0x00,0x00,0x0B,0xFE,0x00,0x00,
  0x0F,0xF8,0x00,0x00,0x00,0x00,0x00,0x2F,0xF8,0x00,0x00,0x0F,0xF8,0x00,0x00,0x00,
  0x00,0x01,0xFF,0xF0,0x00,0x00,0x0F,0xF8,0x00,0x00,0x00,0x00,0x1B,0xFF,0x80,0x00,
  0x00,0x0F,0xF8,0x00,0x00,0x00,0x01,0xBF,0xFE,0x00,0x00,0x00,0x0F,0xF8,0x00,0x00,
  0x00,0x5F,0xFF,0xF4,0x00,0x00,0x00,0x0F,0xF8,0x00,0x00,0x0B,0xFF,0xFF,0x80,0x00,
  0x00,0x00,0x0F,0xF8,0x00,0x00,0x0F,0xFF,0xF9,0x00,0x00,0x00,0x00,0x0F,0xF8,0x00,
  0x00,0x0B,0xFF,0x80,0x00,0x00,0x00,0x00,0x0F,0xF8,0x00,0x00,0x03,0xE4,0x00,0x00,
  0x00,0x00,0x00,0x0A,0xA4,0x00,0x00,0x00,0x00,0x00,0x00,0x00,0x00,0x00,0x00,0x00,
  0x00,0x00,0x00,0x00,0x00,0x00,0x00,0x00,0x00,0xAA,0x00,0x00,0x00,0x00,0x0F,0xF4,
  0x00,0x7F,0x80,0x00,0xFF,0x40,0x00,0x00,0x00,0x0F,0xF4,0x00,0x7F,0x80,0x00,0xFF,
  0x40,0x00,0x00,0x00,0x0F,0xF4,0x00,0x7F,0x80,0x00,0xFF,0x40,0x00,0x00,0x00,0x0F,
  0xF4,0x00,0x7F,0x80,0x00,0xFF,0x40,0x00,0x00,0x00,0x0F,0xF5,0x55,0xBF,0x80,0x01,
  0xFF,0x40,0x00,0x00,0x00,0x0F,0xFF,0xFF,0xFF,0x80,0x01,0xFF,0x80,0x00,0x00,0x00,
  0x0F,0xFF,0xFF,0xFF,0x80,0x02,0xFF,0xC0,0x00,0x00,0x00,0x0F,0xFF,0xFF,0xFF,0x80,
  0x07,0xFF,0xD0,0x00,0x00,0x00,0x0F,0xF4,0x00,0x7F,0x80,0x0B,0xFF,0xE0,0x00,0x00,
  0x00,0x0F,0xF4,0x00,0x7F,0x80,0x1F,0xFF,0xF4,0x00,0x00,0x00,0x0F,0xF4,0x00,0x7F,
  0x80,0x7F,0xE7,0xFD,0x00,0x00,0x00,0x0F,0xF4,0x00,0x7F,0x81,0xFF,0xC3,0xFF,0x40,
  0x00,0x00,0x0F,0xF4,0x00,0x7F,0x8B,0xFF,0x41,0xFF,0xE0,0x00,0x00,0x0F,0xFF,0xFF,
  0xFF,0xFF,0xFE,0x00,0x7F,0xFC,0x00,0x00,0x0F,0xFF,0xFF,0xFF,0xAF,0xF8,0x00,0x1F,
  0xF8,0x00,0x00,0x0F,0xFF,0xFF,0xFF,0x8B,0xD0,0x00,0x07,0xF0,0x00,0x00,0x05,0x55,
  0x55,0x55,0x42,0x00,0x00,0x00,0x50,0x00,0x00,0x00,0x00,0x00,0x00,0x00,0x55,0x00,
  0x3F,0xD0,0x00,0x00,0x00,0x00,0x00,0x00,0x00,0xFF,0x00,0x3F,0xD0,0x00,0x00,0x00,
  0x00,0x00,0x00,0x00,0xFF,0x00,0x3F,0xD0,0x00,0x01,0xAA,0xAA,0xAA,0xAA,0x00,0xFF,
  0x00,0x3F,0xD0,0x00,0x01,0xFF,0xFF,0xFF,0xFF,0x00,0xFF,0x00,0x3F,0xD0,0x00,0x01,
  0xFF,0xFF,0xFF,0xFF,0x00,0xFF,0x00,0x3F,0xD0,0x00,0x01,0xFF,0xFF,0xFF,0xFE,0x00,
  0xFF,0x00,0x3F,0xD0,0x00,0x00,0x00,0x00,0x02,0xFE,0x00,0xFF,0x00,0x3F,0xD0,0x00,
  0x00,0x00,0x00,0x03,0xFD,0x00,0xFF,0x00,0x3F,0xD0,0x00,0x00,0x00,0x00,0x03,0xFD,
  0x00,0xFF,0x00,0x3F,0xD0,0x00,0x00,0x00,0x00,0x07,0xFC,0x00,0xFF,0x55,0x7F,0xD0,
  0x00,0x00,0x00,0x00,0x0F,0xF8,0x00,0xFF,0xFF,0xFF,0xD0,0x00,0x00,0x00,0x00,0x1F,
  0xF4,0x00,0xFF,0xFF,0xFF,0xD0,0x00,0x00,0x00,0x00,0x3F,0xE0,0x00,0xFF,0xFF,0xFF,
  0xD0,0x00,0x00,0x00,0x00,0xBF,0xD0,0x00,0xFF,0x55,0x7F,0xD0,0x00,0x00,0x00,0x01,
  0xFF,0x80,0x00,0xFF,0x00,0x3F,0xD0,0x00,0x00,0x00,0x07,0xFF,0x00,0x00,0xFF,0x00,
  0x3F,0xD0,0x00,0x00,0x00,0x1F,0xFD,0x00,0x00,0xFF,0x00,0x3F,0xD0,0x00,0x00,0x00,
  0xBF,0xF4,0x00,0x00,0xFF,0x00,0x3F,0xD0,0x00,0x00,0x06,0xFF,0xD0,0x00,0x00,0xFF,
  0x00,0x3F,0xD0,0x00,0x00,0x2F,0xFF,0x40,0x00,0x00,0xFF,0x00,0x3F,0xD0,0x00,0x02,
  0xFF,0xFD,0x00,0x00,0x00,0xFF,0x00,0x3F,0xD0,0x00,0x0F,0xFF,0xE0,0x00,0x00,0x00,
  0xFF,0x00,0x3F,0xD0,0x00,0x0B,0xFF,0x40,0x00,0x00,0x00,0xFF,0x00,0x3F,0xD0,0x00,
  0x03,0xE4,0x00,0x00,0x00,0x00,0x55,0x00,0x3F,0xD0,0x00,0x01,0x40,0x00,0x00,0x00,
  0x00,0x00,0x00,0x1A,0x90,0x00,0x00,0x00,0x00,0x00,0x6A,0xFF,0xFE,0x90,0x00,0x00,
  0x00,0x00,0x00,0x00,0x1B,0xFF,0xFF,0xFF,0xFF,0x80,0x00,0x00,0x00,0x00,0x00,0xBF,
  0xFF,0xFF,0xFF,0xFF,0xF4,0x00,0x00,0x00,0x00,0x07,0xFF,0xFE,0xA5,0xAA,0xFF,0xFE,
  0x00,0x00,0x00,0x00,0x0F,0xFF,0x40,0x00,0x00,0x1B,0xFF,0x80,0x00,0x00,0x00,0x2F,
  0xF8,0x00,0x00,0x00,0x00,0xFF,0xD0,0x00,0x00,0x00,0x3F,0xE0,0x00,0x00,0x00,0x00,
  0x3F,0xE0,0x00,0x00,0x00,0x3F,0xD0,0x00,0x00,0x00,0x00,0x2F,0xE0,0x00,0x00,0x00,
  0x3F,0xD0,0x00,0x00,0x00,0x00,0x2F,0xE0,0x00,0x00,0x00,0x3F,0xF0,0x00,0x00,0x00,
  0x00,0x7F,0xE0,0x00,0x00,0x00,0x1F,0xF8,0x00,0x00,0x00,0x01,0xFF,0xC0,0x00,0x00,
  0x00,0x0B,0xFF,0x90,0x00,0x00,0x5B,0xFF,0x80,0x00,0x00,0x00,0x02,0xFF,0xFF,0xEA,
  0xAF,0xFF,0xFE,0x00,0x00,0x00,0x00,0x00,0xBF,0xFF,0xFF,0xFF,0xFF,0xF4,0x00,0x00,
  0x00,0x00,0x00,0x06,0xFF,0xFF,0xFF,0xFE,0x40,0x00,0x00,0x00,0x00,0x00,0x00,0x16,
  0xAA,0xAA,0x50,0x00,0x00,0x00,0x00,0x00,0x00,0x00,0x00,0x00,0x00,0x00,0xFF,0x80,
  0x00,0x00,0x00,0x00,0x00,0x00,0x00,0x00,0x00,0xFF,0x80,0x00,0x00,0x55,0x55,0x55,
  0x55,0x54,0x00,0x00,0xFF,0x80,0x00,0x00,0xFF,0xFF,0xFF,0xFF,0xFD,0x00,0x00,0xFF,
  0x80,0x00,0x00,0xFF,0xFF,0xFF,0xFF,0xFC,0x00,0x00,0xFF,0x80,0x00,0x00,0xFF,0xFF,
  0xFF,0xFF,0xFC,0x00,0x00,0xFF,0x80,0x00,0x00,0x55,0x55,0x55,0x5B,0xFC,0x00,0x00,
  0xFF,0x80,0x00,0x00,0x00,0x00,0x00,0x0B,0xF8,0x00,0x00,0xFF,0x80,0x00,0x00,0x00,
  0x00,0x00,0x0F,0xF4,0x00,0x00,0xFF,0x80,0x00,0x00,0x00,0x00,0x00,0x1F,0xF0,0x00,
  0x00,0xFF,0x80,0x00,0x00,0x00,0x00,0x00,0x3F,0xE1,0x55,0x55,0xFF,0x80,0x00,0x00,
  0x00,0x00,0x00,0x7F,0xD2,0xFF,0xFF,0xFF,0x80,0x00,0x00,0x00,0x00,0x01,0xFF,0x82,
  0xFF,0xFF,0xFF,0x80,0x00,0x00,0x00,0x00,0x03,0xFF,0x02,0xFF,0xFF,0xFF,0x80,0x00,
  0x00,0x00,0x00,0x0F,0xFD,0x00,0x55,0x55,0xFF,0x80,0x00,0x00,0x00,0x00,0x7F,0xF8,
  0x00,0x00,0x00,0xFF,0x80,0x00,0x00,0x00,0x01,0xFF,0xE0,0x00,0x00,0x00,0xFF,0x80,
  0x00,0x00,0x00,0x1B,0xFF,0x80,0x00,0x00,0x00,0xFF,0x80,0x00,0x00,0x01,0xBF,0xFE,
  0x00,0x00,0x00,0x00,0xFF,0x80,0x00,0x00,0x1B,0xFF,0xF4,0x00,0x00,0x00,0x00,0xFF,
  0x80,0x00,0x06,0xFF,0xFF,0x80,0x00,0x00,0x00,0x00,0xFF,0x80,0x00,0x0B,0xFF,0xF9,
  0x00,0x00,0x00,0x00,0x00,0xFF,0x80,0x00,0x07,0xFF,0x80,0x00,0x00,0x00,0x00,0x00,
  0xFF,0x80,0x00,0x02,0xE4,0x00,0x00,0x00,0x00,0x00,0x00,0xAA,0x40,0x00,0x00,0x00,
  0x00,0x00,0x00,0x00,0x00,0x00,0x00,0x00,0x00,0x00,0x00,0x15,0x55,0x55,0x55,0x55,
  0x55,0x55,0x40,0x00,0x00,0x00,0x3F,0xFF,0xFF,0xFF,0xFF,0xFF,0xFF,0x80,0x00,0x00,
  0x00,0x3F,0xFF,0xFF,0xFF,0xFF,0xFF,0xFF,0x80,0x00,0x00,0x00,0x3F,0xFF,0xFF,0xFF,
  0xFF,0xFF,0xFF,0x80,0x00,0x00,0x00,0x3F,0xE0,0x00,0x00,0x00,0x00,0xFF,0x80,0x00,
  0x00,0x00,0x3F,0xD0,0x00,0x00,0x00,0x00,0xFF,0x80,0x00,0x00,0x00,0x3F,0xD0,0x00,
  0x00,0x00,0x00,0xFF,0x80,0x00,0x00,0x00,0x3F,0xD0,0x00,0x00,0x00,0x00,0xFF,0x80,
  0x00,0x00,0x00,0x3F,0xD0,0x00,0x00,0x00,0x00,0xFF,0x80,0x00,0x00,0x00,0x3F,0xD0,
  0x00,0x00,0x00,0x00,0xFF,0x80,0x00,0x00,0x00,0x3F,0xD0,0x00,0x00,0x00,0x00,0xFF,
  0x80,0x00,0x00,0x00,0x3F,0xD0,0x00,0x00,0x00,0x00,0xFF,0x80,0x00,0x00,0x00,0x3F,
  0xE0,0x00,0x00,0x00,0x00,0xFF,0x80,0x00,0x00,0x00,0x3F,0xFF,0xFF,0xFF,0xFF,0xFF,
  0xFF,0x80,0x00,0x00,0x00,0x3F,0xFF,0xFF,0xFF,0xFF,0xFF,0xFF,0x80,0x00,0x00,0x00,
  0x3F,0xFF,0xFF,0xFF,0xFF,0xFF,0xFF,0x80,0x00,0x00,0x00,0x15,0x55,0x55,0x55,0x55,
  0x55,0x55,0x40,0x00,0x00,0x00,0x00,0x00,0x00,0x00,0x00,0x00,0x00,0x00,0x00,0x00,
  0x00,0x00,0x00,0x00,0x00,0x00,0x00,0x2F,0xE0,0x00,0x00,0x00,0x00,0x00,0x00,0x00,
  0x3F,0xC0,0x2F,0xE0,0x00,0x00,0x00,0x00,0x00,0x00,0x00,0x3F,0xC0,0x2F,0xE0,0x00,
  0x00,0x00,0x00,0x00,0x00,0x00,0x3F,0xC0,0x2F,0xE0,0x00,0x00,0x00,0x00,0x00,0x00,
  0x00,0x3F,0xC0,0x2F,0xE0,0x00,0x02,0xAA,0xAA,0xAA,0xAA,0x00,0x3F,0xC0,0x2F,0xE0,
  0x00,0x02,0xFF,0xFF,0xFF,0xFE,0x00,0x3F,0xC0,0x2F,0xE0,0x00,0x02,0xFF,0xFF,0xFF,
  0xFE,0x00,0x3F,0xC0,0x2F,0xE0,0x00,0x02,0xFF,0xFF,0xFF,0xFE,0x00,0x3F,0xC0,0x2F,
  0xE0,0x00,0x00,0x00,0x00,0x02,0xFD,0x00,0x3F,0xC0,0x2F,0xE0,0x00,0x00,0x00,0x00,
  0x03,0xFD,0x00,0x3F,0xC0,0x2F,0xE0,0x00,0x00,0x00,0x00,0x03,0xFE,0xAA,0xBF,0xC0,
  0x2F,0xE0,0x00,0x00,0x00,0x00,0x07,0xFF,0xFF,0xFF,0xC0,0x2F,0xE0,0x00,0x00,0x00,
  0x00,0x0B,0xFF,0xFF,0xFF,0xC0,0x2F,0xE0,0x00,0x00,0x00,0x00,0x0F,0xFF,0xFF,0xFF,
  0xC0,0x2F,0xE0,0x00,0x00,0x00,0x00,0x1F,0xF4,0x00,0x7F,0xC0,0x2F,0xE0,0x00,0x00,
  0x00,0x00,0x2F,0xF0,0x00,0x3F,0xC0,0x2F,0xE0,0x00,0x00,0x00,0x00,0x3F,0xD0,0x00,
  0x3F,0xC0,0x2F,0xE0,0x00,0x00,0x00,0x00,0x7F,0xC0,0x00,0x3F,0xC0,0x2F,0xE0,0x00,
  0x00,0x00,0x00,0xFF,0x80,0x00,0x3F,0xC0,0x2F,0xE0,0x00,0x00,0x00,0x02,0xFF,0x40,
  0x00,0x3F,0xC0,0x2F,0xE0,0x00,0x00,0x00,0x07,0xFE,0x00,0x00,0x7F,0xC0,0x2F,0xE0,
  0x00,0x00,0x00,0x0F,0xFC,0x1F,0xFF,0xFF,0xC0,0x2F,0xE0,0x00,0x00,0x00,0x2F,0xF4,
  0x1F,0xFF,0xFF,0xC0,0x2F,0xE0,0x00,0x00,0x00,0xBF,0xE0,0x1F,0xFF,0xFF,0xC0,0x2F,
  0xE0,0x00,0x00,0x02,0xFF,0x80,0x1A,0xAA,0xBF,0xC0,0x2F,0xE0,0x00,0x00,0x0F,0xFF,
  0x00,0x00,0x00,0x3F,0xC0,0x2F,0xE0,0x00,0x00,0x7F,0xFD,0x00,0x00,0x00,0x3F,0xC0,
  0x2F,0xE0,0x00,0x02,0xFF,0xF0,0x00,0x00,0x00,0x3F,0xC0,0x2F,0xE0,0x00,0x1F,0xFF,
  0x80,0x00,0x00,0x00,0x3F,0xC0,0x2F,0xE0,0x00,0x1F,0xFE,0x00,0x00,0x00,0x00,0x3F,
  0xC0,0x2F,0xE0,0x00,0x07,0xF4,0x00,0x00,0x00,0x00,0x3F,0xC0,0x2F,0xE0,0x00,0x02,
  0x80,0x00,0x00,0x00,0x00,0x3F,0xC0,0x2F,0xE0,0x00,0x00,0x00,0x00,0x00,0x00,0x00,
  0x3F,0xC0,0x2F,0xE0,0x00,0x00,0x00,0x00,0x00,0x00,0x00,0x3F,0xC0,0x2F,0xE0,0x00,
  0x00,0x00,0x00,0x00,0x00,0x00,0x3F,0xC0,0x2F,0xE0,0x00,0x00,0x00,0x00,0x00,0x00,
  0x00,0x3F,0xC0,0x2F,0xE0,0x00,0x00,0x00,0x00,0x00,0x00,0x00,0x3F,0xC0,0x2F,0xE0,
  0x00,0x00,0x00,0x00,0x00,0x00,0x00,0x3F,0xC0,0x2F,0xE0,0x00,0x00,0x00,0x00,0x00,
  0x00,0x00,0x3F,0xC0,0x2F,0xE0,0x00,0x00,0x00,0x00,0x00,0x00,0x00,0x00,0x00,0x2F,
  0xE0,0x00,0x00,0x00,0x00,0x00,0x00,0x00,0x00,0x00,0x2F,0xE0,0x00,0x00,0x1F,0xFF,
  0xFF,0xFF,0xFF,0xFF,0xFF,0xFE,0x00,0x00,0x00,0x1F,0xFF,0xFF,0xFF,0xFF,0xFF,0xFF,
  0xFE,0x00,0x00,0x00,0x1F,0xFF,0xFF,0xFF,0xFF,0xFF,0xFF,0xFE,0x00,0x00,0x00,0x1A,
  0xAA,0xAA,0xAA,0xAA,0xAA,0xAB,0xFE,0x00,0x00,0x00,0x00,0x00,0x00,0x00,0x00,0x00,
  0x03,0xFE,0x00,0x00,0x00,0x00,0x00,0x00,0x00,0x00,0x00,0x03,0xFE,0x00,0x00,0x00,
  0x00,0x00,0x00,0x00,0x00,0x00,0x03,0xFE,0x00,0x00,0x00,0x00,0x00,0x00,0x00,0x00,
  0x00,0x03,0xFE,0x00,0x00,0x00,0x00,0x00,0x00,0x00,0x00,0x00,0x03,0xFD,0x00,0x00,
  0x00,0x00,0x00,0x00,0x00,0x00,0x00,0x03,0xFD,0x00,0x00,0x00,0x00,0x00,0x00,0x00,
  0x00,0x00,0x03,0xFD,0x00,0x00,0x00,0x00,0x00,0x00,0x00,0x00,0x00,0x03,0xFD,0x00,
  0x00,0x00,0x00,0x00,0x00,0x00,0x00,0x00,0x03,0xFD,0x00,0x00,0x00,0x00,0x00,0x00,
  0x55,0x00,0x00,0x07,0xFD,0x00,0x00,0x00,0x00,0x00,0x00,0xFF,0x80,0x00,0x07,0xFC,
  0x00,0x00,0x00,0x00,0x00,0x00,0xFF,0x80,0x00,0x07,0xFC,0x00,0x00,0x00,0x00,0x00,
  0x00,0xFF,0x80,0x00,0x0B,0xFC,0x00,0x00,0x00,0x00,0x00,0x00,0xFF,0x80,0x00,0x0B,
  0xFC,0x00,0x00,0x00,0x00,0x00,0x00,0xFF,0x80,0x00,0x0B,0xF8,0x00,0x00,0x00,0x00,
  0x00,0x00,0xFF,0x80,0x00,0x0F,0xF8,0x00,0x00,0x00,0x00,0x00,0x00,0xFF,0x80,0x00,
  0x0F,0xF4,0x00,0x00,0x00,0x00,0x00,0x00,0xFF,0x80,0x00,0x1F,0xF4,0x00,0x00,0x00,
  0x00,0x00,0x00,0xFF,0x80,0x00,0x1F,0xF0,0x00,0x00,0x00,0x00,0x00,0x00,0xFF,0x80,
  0x00,0x05,0xA0,0x00,0x00,0x00,0x00,0x00,0x00,0xFF,0x80,0x00,0x00,0x00,0x00,0x00,
  0x00,0x00,0x00,0x00,0xFF,0x80,0x00,0x00,0x00,0x00,0x00,0x00,0x00,0x00,0x00,0xFF,
  0x80,0x00,0x00,0x00,0x00,0x00,0x00,0x00,0x00,0x00,0xFF,0x80,0x00,0x00,0x00,0x00,
  0x00,0x15,0x55,0x55,0x55,0xFF,0x95,0x55,0x55,0x55,0x55,0x00,0x1F,0xFF,0xFF,0xFF,
  0xFF,0xFF,0xFF,0xFF,0xFF,0xFF,0x00,0x1F,0xFF,0xFF,0xFF,0xFF,0xFF,0xFF,0xFF,0xFF,
  0xFF,0x00,0x1F,0xFF,0xFF,0xFF,0xFF,0xFF,0xFF,0xFF,0xFF,0xFF,0x00,0x05,0x55,0x55,
  0x55,0x55,0x55,0x55,0x55,0x55,0x55,0x00,0x00,0x00,0x00,0x00,0x00,0x00,0x00,0x00,
  0x00,0x00,0x00,0x00,0x00,0x00,0x00,0x00,0x00,0x00,0x00,0x00,0x00,0x00,0x00,0x0B,
  0xFF,0xFF,0xFF,0xFF,0xFF,0xFF,0xFC,0x00,0x00,0x00,0x0B,0xFF,0xFF,0xFF,0xFF,0xFF,
  0xFF,0xFC,0x00,0x00,0x00,0x0B,0xFF,0xFF,0xFF,0xFF,0xFF,0xFF,0xFC,0x00,0x00,0x00,
  0x06,0xAA,0xAA,0xAA,0xAA,0xAA,0xAB,0xFC,0x00,0x00,0x00,0x00,0x00,0x00,0x00,0x00,
  0x00,0x07,0xFC,0x00,0x00,0x00,0x00,0x00,0x00,0x00,0x00,0x00,0x07,0xFC,0x00,0x00,
  0x00,0x00,0x00,0x00,0x00,0x00,0x00,0x07,0xFC,0x00,0x00,0x00,0x00,0x00,0x00,0x00,
  0x00,0x00,0x07,0xFC,0x00,0x00,0x00,0x00,0x00,0x00,0x00,0x00,0x00,0x07,0xFC,0x00,
  0x00,0x00,0x00,0x00,0x00,0x00,0x00,0x00,0x0B,0xFC,0x00,0x00,0x00,0x00,0x00,0x00,
  0x00,0x00,0x00,0x0B,0xF8,0x00,0x00,0x00,0x00,0x00,0x00,0x00,0x00,0x00,0x0B,0xF8,
  0x00,0x00,0x00,0x00,0x00,0x00,0x00,0x00,0x00,0x0F,0xF8,0x00,0x00,0x00,0x00,0x00,
  0x00,0x00,0x00,0x00,0x0F,0xF4,0x00,0x00,0x05,0x55,0x55,0x55,0x55,0x55,0x55,0x5F,
  0xF5,0x55,0x00,0x1F,0xFF,0xFF,0xFF,0xFF,0xFF,0xFF,0xFF,0xFF,0xFF,0x00,0x1F,0xFF,
  0xFF,0xFF,0xFF,0xFF,0xFF,0xFF,0xFF,0xFF,0x00,0x1F,0xFF,0xFF,0xFF,0xFF,0xFF,0xFF,
  0xFF,0xFF,0xFF,0x00,0x15,0x55,0x55,0x55,0x5B,0xFD,0x55,0x55,0x55,0x55,0x00,0x00,
  0x00,0x00,0x00,0x0B,0xFC,0x00,0x00,0x00,0x00,0x00,0x00,0x00,0x00,0x00,0x0B,0xFC,
  0x00,0x00,0x00,0x00,0x00,0x00,0x00,0x00,0x00,0x0B,0xFC,0x00,0x00,0x00,0x00,0x00,
  0x00,0x00,0x00,0x00,0x0B,0xFC,0x00,0x00,0x00,0x00,0x00,0x00,0x00,0x00,0x00,0x0B,
  0xFC,0x00,0x00,0x00,0x00,0x00,0x00,0x00,0x00,0x00,0x0B,0xFC,0x00,0x00,0x00,0x00,
  0x00,0x00,0x15,0x55,0x55,0x5B,0xFD,0x55,0x55,0x54,0x00,0x00,0x00,0x2F,0xFF,0xFF,
  0xFF,0xFF,0xFF,0xFF,0xFD,0x00,0x00,0x00,0x2F,0xFF,0xFF,0xFF,0xFF,0xFF,0xFF,0xFD,
  0x00,0x00,0x00,0x2F,0xFF,0xFF,0xFF,0xFF,0xFF,0xFF,0xFD,0x00,0x00,0x00,0x00,0x00,
  0x00,0x00,0x00,0x00,0x07,0xFD,0x00,0x00,0x00,0x00,0x00,0x00,0x00,0x00,0x00,0x03,
  0xFD,0x00,0x00,0x00,0x00,0x00,0x00,0x00,0x00,0x00,0x03,0xFD,0x00,0x00,0x00,0x00,
  0x00,0x00,0x00,0x00,0x00,0x03,0xFD,0x00,0x00,0x00,0x00,0x00,0x00,0x00,0x00,0x00,
  0x03,0xFD,0x00,0x00,0x00,0x00,0x00,0x00,0x00,0x00,0x00,0x03,0xFD,0x00,0x00,0x00,
  0x00,0x00,0x00,0x00,0x00,0x00,0x03,0xFD,0x00,0x00,0x00,0x00,0x00,0x00,0x00,0x00,
  0x00,0x03,0xFD,0x00,0x00,0x00,0x00,0x00,0x00,0x00,0x00,0x00,0x03,0xFD,0x00,0x00,
  0x00,0x00,0x00,0x00,0x00,0x00,0x00,0x03,0xFD,0x00,0x00,0x00,0x00,0x00,0x00,0x00,
  0x00,0x00,0x03,0xFD,0x00,0x00,0x00,0x01,0x55,0x55,0x55,0x55,0x55,0x55,0x54,0x00,
  0x00,0x00,0x0B,0xFF,0xFF,0xFF,0xFF,0xFF,0xFF,0xFC,0x00,0x00,0x00,0x0B,0xFF,0xFF,
  0xFF,0xFF,0xFF,0xFF,0xFC,0x00,0x00,0x00,0x0B,0xFF,0xFF,0xFF,0xFF,0xFF,0xFF,0xFC,
  0x00,0x00,0x00,0x05,0x55,0x55,0x55,0x55,0x55,0x5B,0xFC,0x00,0x00,0x00,0x00,0x00,
  0x00,0x00,0x00,0x00,0x07,0xFC,0x00,0x00,0x00,0x00,0x00,0x00,0x00,0x00,0x00,0x07,
  0xFC,0x00,0x00,0x00,0x00,0x00,0x00,0x00,0x00,0x00,0x07,0xFC,0x00,0x00,0x00,0x00,
  0x00,0x00,0x00,0x00,0x00,0x07,0xFC,0x00,0x00,0x00,0x00,0x00,0x00,0x00,0x00,0x00,
  0x0B,0xFC,0x00,0x00,0x00,0x00,0x00,0x00,0x00,0x00,0x00,0x0B,0xF8,0x00,0x00,0x00,
  0x00,0x00,0x00,0x00,0x00,0x00,0x0B,0xF8,0x00,0x00,0x00,0x00,0x00,0x00,0x00,0x00,
  0x00,0x0F,0xF8,0x00,0x00,0x00,0x00,0x00,0x00,0x00,0x00,0x00,0x0F,0xF4,0x00,0x00,
  0x1A,0xAA,0xAA,0xAA,0xAA,0xAA,0xAA,0xAF,0xFA,0xAA,0x00,0x1F,0xFF,0xFF,0xFF,0xFF,
  0xFF,0xFF,0xFF,0xFF,0xFF,0x00,0x1F,0xFF,0xFF,0xFF,0xFF,0xFF,0xFF,0xFF,0xFF,0xFF,
  0x00,0x1F,0xFF,0xFF,0xFF,0xFF,0xFF,0xFF,0xFF,0xFF,0xFF,0x00,0x00,0x00,0x00,0x00,
  0x00,0x00,0x00,0x00,0x00,0x00,0x00,0x00,0x00,0x00,0x00,0x00,0x00,0x00,0x00,0x00,
  0x00,0x00,0x00,0x00,0x00,0x00,0x00,0x00,0x00,0x00,0x00,0x00,0x00,0x00,0x05,0x55,
  0x55,0x55,0x55,0x55,0x55,0x54,0x00,0x00,0x00,0x0F,0xFF,0xFF,0xFF,0xFF,0xFF,0xFF,
  0xFC,0x00,0x00,0x00,0x0F,0xFF,0xFF,0xFF,0xFF,0xFF,0xFF,0xFC,0x00,0x00,0x00,0x0F,
  0xFF,0xFF,0xFF,0xFF,0xFF,0xFF,0xFC,0x00,0x00,0x00,0x05,0x55,0x55,0x55,0x55,0x55,
  0x57,0xFC,0x00,0x00,0x00,0x00,0x00,0x00,0x00,0x00,0x00,0x07,0xFC,0x00,0x00,0x00,
  0x00,0x00,0x00,0x00,0x00,0x00,0x07,0xFC,0x00,0x00,0x00,0x00,0x00,0x00,0x00,0x00,
  0x00,0x07,0xFC,0x00,0x00,0x00,0x0A,0xAA,0xAA,0xAA,0xAA,0xAA,0xAB,0xFC,0x00,0x00,
  0x00,0x0F,0xFF,0xFF,0xFF,0xFF,0xFF,0xFF,0xFC,0x00,0x00,0x00,0x0F,0xFF,0xFF,0xFF,
  0xFF,0xFF,0xFF,0xFC,0x00,0x00,0x00,0x0F,0xFE,0xAA,0xAA,0xAA,0xAA,0xAA,0xA8,0x00,
  0x00,0x00,0x0F,0xF8,0x00,0x00,0x00,0x00,0x00,0x00,0x00,0x00,0x00,0x0F,0xF8,0x00,
  0x00,0x00,0x00,0x00,0x00,0x00,0x00,0x00,0x0F,0xF8,0x00,0x00,0x00,0x00,0x00,0x00,
  0x00,0x00,0x00,0x0F,0xF8,0x00,0x00,0x00,0x00,0x00,0x00,0x00,0x00,0x00,0x0F,0xFF,
  0xFF,0xFF,0xFF,0xFF,0xFF,0xFF,0x40,0x00,0x00,0x0F,0xFF,0xFF,0xFF,0xFF,0xFF,0xFF,
  0xFF,0x40,0x00,0x00,0x0F,0xFF,0xFF,0xFF,0xFF,0xFF,0xFF,0xFF,0x40,0x00,0x00,0x0A,
  0xAA,0xAA,0xAA,0xAA,0xAA,0xAA,0xAA,0x00,0x00,0x00,0x00,0x00,0x00,0x00,0x00,0x00,
  0x00,0x00,0x00,0x00,0x00,0x00,0x00,0x00,0x00,0x00,0x00,0x00,0xFF,0x40,0x00,0x00,
  0x00,0x00,0x00,0x00,0x00,0x00,0x00,0xFF,0x40,0x00,0x00,0x00,0x00,0x00,0x00,0x00,
  0x00,0x00,0xFF,0x40,0x00,0x00,0x00,0x00,0x00,0x00,0x00,0x00,0x00,0xFF,0x40,0x00,
  0x00,0xAA,0xAA,0xAA,0xAA,0xA9,0x00,0x00,0xFF,0x40,0x00,0x00,0xFF,0xFF,0xFF,0xFF,
  0xFF,0x00,0x00,0xFF,0x40,0x00,0x00,0xFF,0xFF,0xFF,0xFF,0xFF,0x00,0x00,0xFF,0x40,
  0x00,0x00,0xFF,0xFF,0xFF,0xFF,0xFE,0x00,0x00,0xFF,0x40,0x00,0x00,0x00,0x00,0x00,
  0x02,0xFE,0x00,0x00,0xFF,0x40,0x00,0x00,0x00,0x00,0x00,0x02,0xFE,0x00,0x00,0xFF,
  0x40,0x00,0x00,0x00,0x00,0x00,0x03,0xFD,0x00,0x00,0xFF,0x40,0x00,0x00,0x00,0x00,
  0x00,0x03,0xFD,0x00,0x00,0xFF,0x40,0x00,0x00,0x00,0x00,0x00,0x07,0xFC,0x00,0x00,
  0xFF,0x40,0x00,0x00,0x00,0x00,0x00,0x0B,0xFC,0x00,0x00,0xFF,0x40,0x00,0x00,0x00,
  0x00,0x00,0x0F,0xF8,0x00,0x00,0xFF,0x40,0x00,0x00,0x00,0x00,0x00,0x1F,0xF4,0x00,
  0x00,0xFF,0x40,0x00,0x00,0x00,0x00,0x00,0x2F,0xF0,0x00,0x00,0xFF,0x40,0x00,0x00,
  0x00,0x00,0x00,0x7F,0xE0,0x00,0x00,0xFF,0x40,0x00,0x00,0x00,0x00,0x00,0xBF,0xC0,
  0x00,0x00,0xFF,0x40,0x00,0x00,0x00,0x00,0x01,0xFF,0x80,0x00,0x00,0xFF,0x40,0x00,
  0x00,0x00,0x00,0x03,0xFF,0x00,0x00,0x00,0xFF,0x40,0x00,0x00,0x00,0x00,0x0B,0xFD,
  0x00,0x00,0x00,0xFF,0x40,0x00,0x00,0x00,0x00,0x2F,0xF8,0x00,0x00,0x00,0xFF,0x40,
  0x00,0x00,0x00,0x00,0xBF,0xF0,0x00,0x00,0x00,0xFF,0x40,0x00,0x00,0x00,0x02,0xFF,
  0xD0,0x00,0x00,0x00,0xFF,0x40,0x00,0x00,0x00,0x0B,0xFF,0x40,0x00,0x00,0x00,0xFF,
  0x40,0x00,0x00,0x00,0x2F,0xFD,0x00,0x00,0x00,0x00,0xFF,0x40,0x00,0x00,0x01,0xFF,
  0xF4,0x00,0x00,0x00,0x00,0xFF,0x40,0x00,0x00,0x0B,0xFF,0xD0,0x00,0x00,0x00,0x00,
  0xFF,0x40,0x00,0x00,0xBF,0xFF,0x40,0x00,0x00,0x00,0x00,0xFF,0x40,0x00,0x0B,0xFF,
  0xF8,0x00,0x00,0x00,0x00,0x00,0xFF,0x40,0x00,0x0B,0xFF,0xD0,0x00,0x00,0x00,0x00,
  0x00,0xFF,0x40,0x00,0x03,0xFE,0x00,0x00,0x00,0x00,0x00,0x00,0xFF,0x40,0x00,0x01,
  0xE0,0x00,0x00,0x00,0x00,0x00,0x00,0xFF,0x40,0x00,0x00,0x00,0x00,0x00,0x00,0x00,
  0x00,0x00,0xFF,0x40,0x00,0x00,0x00,0x00,0x00,0x00,0x00,0x00,0x00,0xFF,0x40,0x00,
  0x00,0x00,0x00,0x00,0x00,0x00,0x00,0x00,0xFF,0x40,0x00,0x00,0x00,0x00,0x00,0x00,
  0x00,0x00,0x00,0xFF,0x40,0x00,0x00,0x00,0x00,0x00,0x00,0x00,0x00,0x00,0xFF,0x40,
  0x00,0x00,0x00,0x00,0x00,0x00,0x00,0x00,0x00,0xFF,0x40,0x00,0x00,0x00,0x00,0x00,
  0x00,0x00,0x00,0x00,0xFF,0x40,0x00,0x00,0x00,0x00,0x00,0x00,0x00,0x00,0x00,0xFF,
  0x40,0x00,0x00,0x00,0x00,0x00,0x00,0x00,0x00,0x00,0x00,0x00,0x00,0x00,0x00,0x00,
  0x00,0x00,0x00,0x00,0x1F,0xF4,0x00,0x00,0x00,0x00,0x00,0x00,0x00,0x00,0x00,0x1F,
  0xF4,0x00,0x00,0x00,0x00,0x00,0x00,0x00,0x00,0x00,0x1F,0xF4,0x00,0x00,0x00,0x00,
  0x00,0x00,0x00,0x00,0x00,0x1F,0xF4,0x00,0x00,0x02,0xFF,0xFF,0xFF,0xFF,0xFC,0x00,
  0x1F,0xF4,0x00,0x00,0x02,0xFF,0xFF,0xFF,0xFF,0xFC,0x00,0x1F,0xF4,0x00,0x00,0x02,
  0xFF,0xFF,0xFF,0xFF,0xFC,0x00,0x1F,0xF4,0x00,0x00,0x02,0xFF,0xAA,0xAA,0xAA,0xA8,
  0x00,0x1F,0xF4,0x00,0x00,0x02,0xFE,0x00,0x00,0x00,0x00,0x00,0x1F,0xF4,0x00,0x00,
  0x02,0xFE,0x00,0x00,0x00,0x00,0x00,0x1F,0xF4,0x00,0x00,0x02,0xFE,0x00,0x00,0x00,
  0x00,0x00,0x1F,0xF4,0x00,0x00,0x02,0xFE,0x00,0x00,0x00,0x00,0x00,0x1F,0xF4,0x00,
  0x00,0x02,0xFE,0x00,0x00,0x00,0x00,0x00,0x1F,0xF4,0x00,0x00,0x02,0xFE,0x00,0x00,
  0x00,0x00,0x00,0x1F,0xF4,0x00,0x00,0x02,0xFE,0x00,0x00,0x00,0x00,0x00,0x1F,0xF4,
  0x00,0x00,0x02,0xFE,0x00,0x00,0x00,0x00,0x00,0x1F,0xF4,0x00,0x00,0x02,0xFE,0x00,
  0x00,0x00,0x00,0x00,0x1F,0xFA,0xAA,0x80,0x02,0xFE,0x00,0x00,0x00,0x00,0x00,0x1F,
  0xFF,0xFF,0xC0,0x02,0xFE,0x00,0x00,0x00,0x00,0x00,0x1F,0xFF,0xFF,0xC0,0x02,0xFE,
  0x00,0x00,0x00,0x00,0x00,0x1F,0xFF,0xFF,0xC0,0x02,0xFE,0x00,0x00,0x00,0x00,0x00,
  0x1F,0xF4,0x00,0x00,0x02,0xFE,0x00,0x00,0x00,0x00,0x00,0x1F,0xF4,0x00,0x00,0x02,
  0xFE,0x00,0x00,0x00,0x00,0x00,0x1F,0xF4,0x00,0x00,0x02,0xFE,0x00,0x00,0x00,0x00,
  0x00,0x1F,0xF4,0x00,0x00,0x02,0xFE,0x00,0x00,0x00,0x00,0x00,0x1F,0xF4,0x00,0x00,
  0x02,0xFE,0x00,0x00,0x00,0x00,0x00,0x1F,0xF4,0x00,0x00,0x02,0xFE,0x00,0x00,0x00,
  0x00,0x50,0x1F,0xF4,0x00,0x00,0x02,0xFE,0x00,0x15,0x56,0xAF,0xF4,0x1F,0xF4,0x00,
  0x00,0x02,0xFF,0xFF,0xFF,0xFF,0xFF,0xF4,0x1F,0xF4,0x00,0x00,0x02,0xFF,0xFF,0xFF,
  0xFF,0xFF,0xF8,0x1F,0xF4,0x00,0x00,0x02,0xFF,0xFF,0xFF,0xFF,0xFE,0x94,0x1F,0xF4,
  0x00,0x00,0x01,0xAA,0xAA,0xA9,0x55,0x00,0x00,0x1F,0xF4,0x00,0x00,0x00,0x00,0x00,
  0x00,0x00,0x00,0x00,0x1F,0xF4,0x00,0x00,0x00,0x00,0x00,0x00,0x00,0x00,0x00,0x1F,
  0xF4,0x00,0x00,0x00,0x00,0x00,0x00,0x00,0x00,0x00,0x1F,0xF4,0x00,0x00,0x00,0x00,
  0x00,0x00,0x00,0x00,0x00,0x1F,0xF4,0x00,0x00,0x00,0x00,0x00,0x00,0x00,0x00,0x00,
  0x1F,0xF4,0x00,0x00,0x00,0x00,0x00,0x00,0x00,0x00,0x00,0x1F,0xF4,0x00,0x00,0x00,
  0x00,0x00,0x00,0x00,0x00,0x00,0x1F,0xF4,0x00,0x00,0x00,0x00,0x00,0x00,0x00,0x00,
  0x00,0x1F,0xF4,0x00,0x00,0x00,0x00,0x00,0x00,0x00,0x00,0x00,0x1F,0xF4,0x00,0x00,
  0x00,0x00,0x00,0x00,0x00,0x00,0x00,0x1F,0xF4,0x00,0x00,0x00,0x00,0x00,0x00,0x00,
  0x00,0x00,0x00,0x00,0x00,0x00,0x00,0x00,0x00,0x00,0x00,0x00,0x00,0x00,0x00,0x00,
  0x00,0x00,0x00,0x00,0x00,0x00,0x00,0x00,0x0F,0xF8,0x00,0x00,0x00,0x00,0x00,0x00,
  0x00,0x00,0x00,0x0F,0xF8,0x00,0x00,0x00,0x00,0x00,0x00,0x00,0x00,0x00,0x0F,0xF8,
  0x00,0x00,0x01,0x55,0x55,0x55,0x55,0x50,0x00,0x0F,0xF8,0x00,0x00,0x02,0xFF,0xFF,
  0xFF,0xFF,0xF4,0x00,0x0F,0xF8,0x00,0x00,0x02,0xFF,0xFF,0xFF,0xFF,0xF4,0x00,0x0F,
  0xF8,0x00,0x00,0x02,0xFF,0xFF,0xFF,0xFF,0xF4,0x00,0x0F,0xF8,0x00,0x00,0x02,0xFF,
  0x00,0x00,0x00,0x00,0x00,0x0F,0xF8,0x00,0x00,0x02,0xFE,0x00,0x00,0x00,0x00,0x00,
  0x0F,0xF8,0x00,0x00,0x02,0xFE,0x00,0x00,0x00,0x00,0x00,0x0F,0xF8,0x00,0x00,0x02,
  0xFE,0x00,0x00,0x00,0x00,0x00,0x0F,0xF8,0x00,0x00,0x02,0xFE,0x00,0x00,0x00,0x00,
  0x00,0x0F,0xF8,0x00,0x00,0x02,0xFE,0x00,0x00,0x00,0x00,0x00,0x0F,0xFF,0xFF,0x80,
  0x02,0xFE,0x00,0x00,0x00,0x00,0x00,0x0F,0xFF,0xFF,0x80,0x02,0xFE,0x00,0x00,0x00,
  0x00,0x00,0x0F,0xFF,0xFF,0x80,0x02,0xFE,0x00,0x00,0x00,0x00,0x00,0x0F,0xFE,0xAA,
  0x80,0x02,0xFE,0x00,0x00,0x00,0x00,0x00,0x0F,0xF8,0x00,0x00,0x02,0xFE,0x00,0x00,
  0x00,0x00,0x00,0x0F,0xF8,0x00,0x00,0x02,0xFE,0x00,0x00,0x00,0x16,0xA0,0x0F,0xF8,
  0x00,0x00,0x02,0xFF,0xAA,0xAA,0xAF,0xFF,0xF0,0x0F,0xF8,0x00,0x00,0x02,0xFF,0xFF,
  0xFF,0xFF,0xFF,0xF4,0x0F,0xF8,0x00,0x00,0x02,0xFF,0xFF,0xFF,0xFF,0xFF,0xF4,0x0F,
  0xF8,0x00,0x00,0x02,0xFF,0xFF,0xFF,0xEA,0x94,0x00,0x0F,0xF8,0x00,0x00,0x00,0x00,
  0x00,0x00,0x00,0x00,0x00,0x0F,0xF8,0x00,0x00,0x00,0x00,0x00,0x00,0x00,0x00,0x00,
  0x0F,0xF8,0x00,0x00,0x00,0x00,0x00,0x00,0x00,0x00,0x00,0x0F,0xF8,0x00,0x00,0x00,
  0x00,0x00,0x00,0x00,0x00,0x00,0x0F,0xF8,0x00,0x00,0x00,0x00,0xAA,0x40,0x00,0x00,
  0x00,0x0F,0xF8,0x00,0x00,0x00,0x00,0xFF,0x40,0x00,0x00,0x00,0x0F,0xF8,0x00,0x00,
  0x00,0x00,0xFF,0x40,0x00,0x00,0x00,0x0F,0xF8,0x00,0x00,0x00,0x00,0xFF,0x40,0x00,
  0x00,0x00,0x05,0x54,0x00,0x00,0x00,0x00,0xFF,0x40,0x00,0x00,0x00,0x00,0x00,0x00,
  0x00,0x00,0x00,0xFF,0x40,0x00,0x00,0x00,0x00,0x00,0x00,0x00,0x00,0x00,0xFF,0x40,
  0x00,0x00,0x00,0x00,0x00,0x00,0x00,0x00,0x00,0xFF,0x40,0x00,0x00,0x00,0x00,0x00,
  0x00,0x00,0x00,0x00,0xFF,0x40,0x00,0x00,0x00,0x00,0x00,0x00,0x00,0x00,0x00,0xFF,
  0x40,0x00,0x00,0x00,0x00,0x00,0x00,0x00,0x00,0x00,0xFF,0xAA,0xAA,0xAA,0xAA,0xAA,
  0xAA,0x40,0x00,0x00,0x00,0xFF,0xFF,0xFF,0xFF,0xFF,0xFF,0xFF,0x40,0x00,0x00,0x00,
  0xFF,0xFF,0xFF,0xFF,0xFF,0xFF,0xFF,0x40,0x00,0x00,0x00,0xFF,0xFF,0xFF,0xFF,0xFF,
  0xFF,0xFF,0x40,0x00,0x00,0x00,0x00,0x00,0x00,0x00,0x00,0x00,0x00,0x00,0x00,0x00,
  0x00,0x00,0x00,0x00,0x00,0x00,0x00,0x00,0x00,0x00,0x00,0x00,0x00,0x00,0x00,0x00,
  0x54,0x00,0x2F,0xE0,0x00,0x00,0x00,0x00,0x00,0x00,0x01,0xFF,0x00,0x2F,0xE0,0x00,
  0x00,0x00,0x00,0x00,0x00,0x01,0xFF,0x00,0x2F,0xE0,0x00,0x00,0x00,0x00,0x00,0x00,
  0x01,0xFF,0x00,0x2F,0xE0,0x00,0x00,0x00,0x00,0x00,0x00,0x01,0xFF,0x00,0x2F,0xE0,
  0x00,0x03,0xFF,0xFF,0xFF,0xF8,0x01,0xFF,0x00,0x2F,0xE0,0x00,0x03,0xFF,0xFF,0xFF,
  0xF8,0x01,0xFF,0x00,0x2F,0xE0,0x00,0x03,0xFF,0xFF,0xFF,0xF8,0x01,0xFF,0x00,0x2F,
  0xE0,0x00,0x03,0xFE,0xAA,0xAA,0xA4,0x01,0xFF,0x00,0x2F,0xE0,0x00,0x03,0xFD,0x00,
  0x00,0x00,0x01,0xFF,0x00,0x2F,0xE0,0x00,0x03,0xFD,0x00,0x00,0x00,0x01,0xFF,0x00,
  0x2F,0xE0,0x00,0x03,0xFD,0x00,0x00,0x00,0x01,0xFF,0x00,0x2F,0xE0,0x00,0x03,0xFD,
  0x00,0x00,0x00,0x01,0xFF,0x00,0x2F,0xE0,0x00,0x03,0xFD,0x00,0x00,0x00,0x01,0xFF,
  0x00,0x2F,0xE0,0x00,0x03,0xFD,0x00,0x00,0x00,0x01,0xFF,0x00,0x2F,0xE0,0x00,0x03,
  0xFD,0x00,0x00,0x00,0x01,0xFF,0x00,0x2F,0xE0,0x00,0x03,0xFD,0x00,0x00,0x00,0x01,
  0xFF,0x55,0x6F,0xE0,0x00,0x03,0xFD,0x00,0x00,0x00,0x01,0xFF,0xFF,0xFF,0xE0,0x00,
  0x03,0xFD,0x00,0x00,0x00,0x01,0xFF,0xFF,0xFF,0xE0,0x00,0x03,0xFD,0x00,0x00,0x00,
  0x01,0xFF,0xFF,0xFF,0xE0,0x00,0x03,0xFD,0x00,0x00,0x00,0x01,0xFF,0x55,0x6F,0xE0,
  0x00,0x03,0xFD,0x00,0x00,0x00,0x01,0xFF,0x00,0x2F,0xE0,0x00,0x03,0xFD,0x00,0x00,
  0x00,0x01,0xFF,0x00,0x2F,0xE0,0x00,0x03,0xFD,0x00,0x00,0x00,0x01,0xFF,0x00,0x2F,
  0xE0,0x00,0x03,0xFD,0x00,0x00,0x00,0x01,0xFF,0x00,0x2F,0xE0,0x00,0x03,0xFD,0x00,
  0x00,0x00,0x01,0xFF,0x00,0x2F,0xE0,0x00,0x03,0xFD,0x00,0x00,0x00,0x01,0xFF,0x00,
  0x2F,0xE0,0x00,0x03,0xFD,0x00,0x01,0x6A,0xC1,0xFF,0x00,0x2F,0xE0,0x00,0x03,0xFF,
  0xFF,0xFF,0xFF,0xC1,0xFF,0x00,0x2F,0xE0,0x00,0x03,0xFF,0xFF,0xFF,0xFF,0xD1,0xFF,
  0x00,0x2F,0xE0,0x00,0x03,0xFF,0xFF,0xFF,0xFF,0x91,0xFF,0x00,0x2F,0xE0,0x00,0x03,
  0xFF,0xFA,0xA9,0x50,0x01,0xFF,0x00,0x2F,0xE0,0x00,0x00,0x00,0x00,0x00,0x00,0x01,
  0xFF,0x00,0x2F,0xE0,0x00,0x00,0x00,0x00,0x00,0x00,0x01,0xFF,0x00,0x2F,0xE0,0x00,
  0x00,0x00,0x00,0x00,0x00,0x01,0xFF,0x00,0x2F,0xE0,0x00,0x00,0x00,0x00,0x00,0x00,
  0x01,0xFF,0x00,0x2F,0xE0,0x00,0x00,0x00,0x00,0x00,0x00,0x01,0xFF,0x00,0x2F,0xE0,
  0x00,0x00,0x00,0x00,0x00,0x00,0x01,0xFF,0x00,0x2F,0xE0,0x00,0x00,0x00,0x00,0x00,
  0x00,0x01,0xFF,0x00,0x2F,0xE0,0x00,0x00,0x00,0x00,0x00,0x00,0x00,0xAA,0x00,0x2F,
  0xE0,0x00,0x00,0x00,0x00,0x00,0x00,0x00,0x00,0x00,0x2F,0xE0,0x00,0x00,0x00,0x00,
  0x00,0x00,0x00,0x00,0x00,0x2F,0xE0,0x00,0x00,0x00,0x00,0x00,0x00,0x00,0x00,0x00,
  0x00,0x00,0x00,0x00,0x00,0x00,0x00,0x00,0x00,0x00,0x00,0xFF,0x80,0x00,0x00,0x00,
  0x00,0x00,0x00,0x00,0x00,0x00,0xFF,0x80,0x00,0x00,0x00,0x00,0x00,0x00,0x00,0x00,
  0x00,0xFF,0x80,0x00,0x00,0x00,0x00,0x00,0x00,0x00,0x00,0x00,0xFF,0x80,0x00,0x01,
  0xFF,0xFF,0xFF,0xFF,0xFC,0x00,0x00,0xFF,0x80,0x00,0x01,0xFF,0xFF,0xFF,0xFF,0xFC,
  0x00,0x00,0xFF,0x80,0x00,0x01,0xFF,0xFF,0xFF,0xFF,0xFC,0x00,0x00,0xFF,0x80,0x00,
  0x01,0xFF,0xAA,0xAA,0xAA,0xA8,0x00,0x00,0xFF,0x80,0x00,0x01,0xFF,0x00,0x00,0x00,
  0x00,0x00,0x00,0xFF,0x80,0x00,0x01,0xFF,0x00,0x00,0x00,0x00,0x00,0x00,0xFF,0x80,
  0x00,0x01,0xFF,0x00,0x00,0x00,0x00,0x00,0x00,0xFF,0x80,0x00,0x01,0xFF,0x00,0x00,
  0x00,0x00,0x00,0x00,0xFF,0x80,0x00,0x01,0xFF,0x00,0x00,0x00,0x00,0x00,0x00,0xFF,
  0x80,0x00,0x01,0xFF,0x00,0x00,0x00,0x00,0x00,0x00,0xFF,0x80,0x00,0x01,0xFF,0x00,
  0x00,0x00,0x00,0x00,0x00,0xFF,0x80,0x00,0x01,0xFF,0x00,0x00,0x00,0xBF,0xFF,0xFF,
  0xFF,0x80,0x00,0x01,0xFF,0x00,0x00,0x00,0xBF,0xFF,0xFF,0xFF,0x80,0x00,0x01,0xFF,
  0x00,0x00,0x00,0xBF,0xFF,0xFF,0xFF,0x80,0x00,0x01,0xFF,0x00,0x00,0x00,0x6A,0xAA,
  0xAA,0xFF,0x80,0x00,0x01,0xFF,0x00,0x00,0x00,0x00,0x00,0x00,0xFF,0x80,0x00,0x01,
  0xFF,0x00,0x00,0x00,0x00,0x00,0x00,0xFF,0x80,0x00,0x01,0xFF,0x00,0x00,0x00,0x00,
  0x00,0x00,0xFF,0x80,0x00,0x01,0xFF,0x00,0x00,0x00,0x00,0x00,0x00,0xFF,0x80,0x00,
  0x01,0xFF,0x00,0x00,0x00,0x00,0x00,0x00,0xFF,0x80,0x00,0x01,0xFF,0x00,0x00,0x00,
  0x00,0x00,0x00,0xFF,0x80,0x00,0x01,0xFF,0x00,0x00,0x00,0x00,0x00,0x00,0xFF,0x80,
  0x00,0x01,0xFF,0x00,0x00,0x00,0x00,0x00,0x00,0xFF,0x80,0x00,0x01,0xFF,0x00,0x00,
  0x55,0xAB,0xE0,0x00,0xFF,0x80,0x00,0x01,0xFF,0xFF,0xFF,0xFF,0xFF,0xE0,0x00,0xFF,
  0x80,0x00,0x01,0xFF,0xFF,0xFF,0xFF,0xFF,0xF0,0x00,0xFF,0x80,0x00,0x01,0xFF,0xFF,
  0xFF,0xFF,0xFE,0x90,0x00,0xFF,0x80,0x00,0x01,0xAA,0xAA,0xAA,0x95,0x00,0x00,0x00,
  0xFF,0x80,0x00,0x00,0x00,0x00,0x00,0x00,0x00,0x00,0x00,0xFF,0x80,0x00,0x00,0x00,
  0x00,0x00,0x00,0x00,0x00,0x00,0xFF,0x80,0x00,0x00,0x00,0x00,0x00,0x00,0x00,0x00,
  0x00,0xFF,0x80,0x00,0x00,0x00,0x00,0x00,0x00,0x00,0x00,0x00,0xFF,0x80,0x00,0x00,
  0x00,0x00,0x00,0x00,0x00,0x00,0x00,0xFF,0x80,0x00,0x00,0x00,0x00,0x00,0x00,0x00,
  0x00,0x00,0xFF,0x80,0x00,0x00,0x00,0x00,0x00,0x00,0x00,0x00,0x00,0xFF,0x80,0x00,
  0x00,0x00,0x00,0x00,0x00,0x00,0x00,0x00,0xFF,0x80,0x00,0x00,0x00,0x00,0x00,0x00,
  0x00,0x00,0x00,0xFF,0x80,0x00,0x00,0x00,0x00,0x00,0x00,0x00,0x00,0x00,0xFF,0x80,
  0x00,0x00,0x00,0x00,0x00,0x00,0x00,0x00,0x00,0x00,0x00,0x00,0x00,0x06,0xAA,0xAA,
  0xAA,0xAA,0xAA,0xAA,0xA4,0x00,0x00,0x00,0x07,0xFF,0xFF,0xFF,0xFF,0xFF,0xFF,0xF8,
  0x00,0x00,0x00,0x07,0xFF,0xFF,0xFF,0xFF,0xFF,0xFF,0xF8,0x00,0x00,0x00,0x07,0xFF,
  0xFF,0xFF,0xFF,0xFF,0xFF,0xF8,0x00,0x00,0x00,0x07,0xFD,0x00,0x00,0x00,0x00,0x00,
  0x00,0x00,0x00,0x00,0x07,0xFD,0x00,0x00,0x00,0x00,0x00,0x00,0x00,0x00,0x00,0x07,
  0xFD,0x00,0x00,0x00,0x00,0x00,0x00,0x00,0x00,0x00,0x07,0xFD,0x00,0x00,0x00,0x00,
  0x00,0x00,0x00,0x00,0x00,0x07,0xFD,0x00,0x00,0x00,0x00,0x00,0x00,0x00,0x00,0x00,
  0x07,0xFD,0x00,0x00,0x00,0x00,0x00,0x00,0x00,0x00,0x00,0x07,0xFD,0x00,0x00,0x00,
  0x00,0x00,0x00,0x00,0x00,0x00,0x07,0xFD,0x00,0x00,0x00,0x00,0x00,0x00,0x00,0x00,
  0x00,0x07,0xFD,0x00,0x00,0x00,0x00,0x00,0x00,0x00,0x00,0x00,0x07,0xFE,0xAA,0xAA,
  0xAA,0xAA,0xAA,0xA8,0x00,0x00,0x00,0x07,0xFF,0xFF,0xFF,0xFF,0xFF,0xFF,0xFD,0x00,
  0x00,0x00,0x07,0xFF,0xFF,0xFF,0xFF,0xFF,0xFF,0xFD,0x00,0x00,0x00,0x07,0xFF,0xFF,
  0xFF,0xFF,0xFF,0xFF,0xFD,0x00,0x00,0x00,0x00,0x00,0x00,0x00,0x00,0x00,0x00,0x00,
  0x00,0x00,0x00,0x00,0x00,0x00,0x00,0x00,0x00,0x00,0x00,0x00,0x00,0x00,0x00,0x00,
  0x00,0x00,0x00,0x00,0x00,0x00,0x00,0x00,0x00,0x00,0x00,0x00,0x00,0x00,0x00,0x00,
  0x00,0x00,0x00,0x00,0x00,0x00,0x00,0x00,0x00,0x00,0x00,0x00,0x00,0x00,0x1F,0xFF,
  0xFF,0xFF,0xFF,0xFF,0xFF,0xFF,0xFF,0xFF,0x00,0x1F,0xFF,0xFF,0xFF,0xFF,0xFF,0xFF,
  0xFF,0xFF,0xFF,0x00,0x1F,0xFF,0xFF,0xFF,0xFF,0xFF,0xFF,0xFF,0xFF,0xFF,0x00,0x1A,
  0xAA,0xAA,0xAA,0xAF,0xFE,0xAA,0xAA,0xAA,0xAA,0x00,0x00,0x00,0x00,0x00,0x0B,0xF8,
  0x00,0x00,0x00,0x00,0x00,0x00,0x00,0x00,0x00,0x0B,0xF8,0x00,0x00,0x00,0x00,0x00,
  0x00,0x00,0x00,0x00,0x0B,0xF8,0x00,0x00,0x00,0x00,0x00,0x00,0x00,0x00,0x00,0x0B,
  0xF8,0x00,0x00,0x00,0x00,0x00,0x00,0x00,0x00,0x00,0x0B,0xF8,0x00,0x00,0x00,0x00,
  0x00,0x00,0x00,0x00,0x00,0x0B,0xF8,0x00,0x00,0x00,0x00,0x00,0x00,0x00,0x00,0x00,
  0x0B,0xF8,0x00,0x00,0x00,0x00,0x00,0x00,0x00,0x00,0x00,0x0B,0xF8,0x00,0x00,0x00,
  0x00,0x00,0x00,0x00,0x00,0x00,0x0B,0xF8,0x00,0x00,0x00,0x00,0x00,0x00,0x00,0x00,
  0x00,0x0B,0xF8,0x00,0x00,0x00,0x00,0x00,0x00,0x00,0x00,0x00,0x0B,0xF8,0x00,0x00,
  0x00,0x00,0x00,0x00,0x00,0x00,0x00,0x0B,0xF8,0x00,0x00,0x00,0x00,0x00,0x00,0x00,
  0x00,0x00,0x0B,0xF8,0x00,0x00,0x00,0x00,0x00,0x00,0x00,0x00,0x00,0x0B,0xF8,0x00,
  0x00,0x00,0x00,0x00,0x00,0x05,0x55,0x55,0x55,0x55,0x55,0x55,0x54,0x00,0x00,0x00,
  0x0B,0xFF,0xFF,0xFF,0xFF,0xFF,0xFF,0xFD,0x00,0x00,0x00,0x0B,0xFF,0xFF,0xFF,0xFF,
  0xFF,0xFF,0xFD,0x00,0x00,0x00,0x0B,0xFF,0xFF,0xFF,0xFF,0xFF,0xFF,0xFD,0x00,0x00,
  0x00,0x0B,0xFD,0x55,0x55,0x55,0x55,0x55,0x54,0x00,0x00,0x00,0x0B,0xF8,0x00,0x00,
  0x00,0x00,0x00,0x00,0x00,0x00,0x00,0x0B,0xF8,0x00,0x00,0x00,0x00,0x00,0x00,0x00,
  0x00,0x00,0x0B,0xF8,0x00,0x00,0x00,0x00,0x00,0x00,0x00,0x00,0x00,0x0B,0xF8,0x00,
  0x00,0x00,0x00,0x00,0x00,0x00,0x00,0x00,0x0B,0xF8,0x00,0x00,0x00,0x00,0x00,0x00,
  0x00,0x00,0x00,0x0B,0xF8,0x00,0x00,0x00,0x00,0x00,0x00,0x00,0x00,0x00,0x0B,0xF8,
  0x00,0x00,0x00,0x00,0x00,0x00,0x00,0x00,0x00,0x0B,0xF8,0x00,0x00,0x00,0x00,0x00,
  0x00,0x00,0x00,0x00,0x0B,0xF8,0x00,0x00,0x00,0x00,0x00,0x00,0x00,0x00,0x00,0x0B,
  0xF8,0x00,0x00,0x00,0x00,0x00,0x00,0x00,0x00,0x00,0x0B,0xF8,0x00,0x00,0x00,0x00,
  0x00,0x00,0x00,0x00,0x00,0x0B,0xF8,0x00,0x00,0x00,0x00,0x00,0x00,0x00,0x00,0x00,
  0x0B,0xFF,0xFF,0xFF,0xFF,0xFF,0xFF,0xFE,0x00,0x00,0x00,0x0B,0xFF,0xFF,0xFF,0xFF,
  0xFF,0xFF,0xFE,0x00,0x00,0x00,0x0B,0xFF,0xFF,0xFF,0xFF,0xFF,0xFF,0xFE,0x00,0x00,
  0x00,0x06,0xAA,0xAA,0xAA,0xAA,0xAA,0xAA,0xA9,0x00,0x00,0x00,0x00,0x00,0x00,0x00,
  0x00,0x00,0x00,0x00,0x00,0x00,0x00,0x00,0x00,0x00,0x00,0x00,0x00,0x00,0x00,0x00,
  0x00,0x00,0x00,0x00,0x00,0x00,0x00,0x00,0x00,0x00,0x00,0x00,0x00,0x00,0x00,0x00,
  0x00,0x00,0x00,0x00,0x00,0x00,0x00,0x00,0x00,0x00,0x00,0x00,0x00,0x00,0x00,0x00,
  0x00,0x00,0x00,0x00,0x00,0x00,0x00,0x00,0x00,0x00,0x00,0x00,0x00,0x00,0x00,0x00,
  0x00,0x00,0x00,0x00,0x00,0x00,0x00,0x00,0x00,0x00,0x00,0x00,0x00,0x00,0x00,0x00,
  0x00,0x00,0x00,0x05,0x55,0x55,0x55,0x55,0x55,0x55,0x55,0x55,0x55,0x00,0x1F,0xFF,
  0xFF,0xFF,0xFF,0xFF,0xFF,0xFF,0xFF,0xFF,0x00,0x1F,0xFF,0xFF,0xFF,0xFF,0xFF,0xFF,
  0xFF,0xFF,0xFF,0x00,0x1F,0xFF,0xFF,0xFF,0xFF,0xFF,0xFF,0xFF,0xFF,0xFF,0x00,0x15,
  0x55,0x55,0x55,0x55,0x55,0x55,0x55,0x55,0x55,0x00,0x00,0x00,0x00,0x00,0x00,0x00,
  0x00,0x00,0x00,0x00,0x00,0x00,0x00,0x00,0x00,0x00,0x00,0x00,0x00,0x00,0x00,0x00,
  0x00,0x00,0x00,0x00,0x00,0x00,0x00,0x00,0xFF,0x40,0x00,0x00,0x00,0x00,0x00,0x00,
  0x00,0x00,0x00,0xFF,0x40,0x00,0x00,0x00,0x00,0x00,0x00,0x00,0x00,0x00,0xFF,0x40,
  0x00,0x00,0x00,0x00,0x00,0x00,0x00,0x00,0x00,0xFF,0x40,0x00,0x00,0xBF,0xFF,0xFF,
  0xFF,0xFF,0x40,0x00,0xFF,0x40,0x00,0x00,0xBF,0xFF,0xFF,0xFF,0xFF,0x40,0x00,0xFF,
  0x40,0x00,0x00,0xBF,0xFF,0xFF,0xFF,0xFF,0x40,0x00,0xFF,0x40,0x00,0x00,0xBF,0xEA,
  0xAA,0xAA,0xAA,0x40,0x00,0xFF,0x40,0x00,0x00,0xBF,0x80,0x00,0x00,0x00,0x00,0x00,
  0xFF,0x40,0x00,0x00,0xBF,0x80,0x00,0x00,0x00,0x00,0x00,0xFF,0x40,0x00,0x00,0xBF,
  0x80,0x00,0x00,0x00,0x00,0x00,0xFF,0x40,0x00,0x00,0xBF,0x80,0x00,0x00,0x00,0x00,
  0x00,0xFF,0x40,0x00,0x00,0xBF,0x80,0x00,0x00,0x00,0x00,0x00,0xFF,0x40,0x00,0x00,
  0xBF,0x80,0x00,0x00,0x00,0x00,0x00,0xFF,0x40,0x00,0x00,0xBF,0x80,0x00,0x00,0x00,
  0x00,0x00,0xFF,0x40,0x00,0x00,0xBF,0x80,0x00,0x00,0x00,0x00,0x00,0xFF,0x40,0x00,
  0x00,0xBF,0x80,0x00,0x00,0x00,0x00,0x00,0xFF,0x40,0x00,0x00,0xBF,0x80,0x00,0x00,
  0x00,0x00,0x00,0xFF,0x40,0x00,0x00,0xBF,0x80,0x00,0x00,0x00,0x00,0x00,0xFF,0x40,
  0x00,0x00,0xBF,0x80,0x00,0x00,0x00,0x00,0x00,0xFF,0x40,0x00,0x00,0xBF,0x80,0x00,
  0x00,0x00,0x00,0x00,0xFF,0x40,0x00,0x00,0xBF,0x80,0x00,0x00,0x00,0x00,0x00,0xFF,
  0x40,0x00,0x00,0xBF,0x80,0x00,0x00,0x00,0x00,0x00,0xFF,0x40,0x00,0x00,0xBF,0x80,
  0x00,0x00,0x00,0x00,0x00,0xFF,0x40,0x00,0x00,0xBF,0x80,0x00,0x00,0x00,0x00,0x00,
  0xFF,0x40,0x00,0x00,0xBF,0x80,0x00,0x00,0x00,0x00,0x00,0xFF,0x40,0x00,0x00,0xBF,
  0x80,0x00,0x00,0x00,0x01,0x00,0xFF,0x40,0x00,0x00,0xBF,0x80,0x00,0x55,0x6A,0xFE,
  0x00,0xFF,0x40,0x00,0x00,0xBF,0xFF,0xFF,0xFF,0xFF,0xFF,0x00,0xFF,0x40,0x00,0x00,
  0xBF,0xFF,0xFF,0xFF,0xFF,0xFF,0x00,0xFF,0x40,0x00,0x00,0xBF,0xFF,0xFF,0xFF,0xFF,
  0xE9,0x00,0xFF,0x40,0x00,0x00,0xAA,0xAA,0xAA,0xA5,0x50,0x00,0x00,0xFF,0x40,0x00,
  0x00,0x00,0x00,0x00,0x00,0x00,0x00,0x00,0xFF,0x40,0x00,0x00,0x00,0x00,0x00,0x00,
  0x00,0x00,0x00,0xFF,0x40,0x00,0x00,0x00,0x00,0x00,0x00,0x00,0x00,0x00,0xFF,0x40,
  0x00,0x00,0x00,0x00,0x00,0x00,0x00,0x00,0x00,0xFF,0x40,0x00,0x00,0x00,0x00,0x00,
  0x00,0x00,0x00,0x00,0xFF,0x40,0x00,0x00,0x00,0x00,0x00,0x00,0x00,0x00,0x00,0xFF,
  0x40,0x00,0x00,0x00,0x00,0x00,0x00,0x00,0x00,0x00,0xFF,0x40,0x00,0x00,0x00,0x00,
  0x00,0x00,0x00,0x00,0x00,0xFF,0x40,0x00,0x00,0x00,0x00,0x00,0x00,0x00,0x00,0x00,
  0xFF,0x40,0x00,0x00,0x00,0x00,0x00,0x00,0x00,0x00,0x00,0xFF,0x40,0x00,0x00,0x00,
  0x00,0x00,0x00,0x00,0x00,0x00,0x00,0x00,0x00,0x00,0x00,0x00,0x00,0x00,0x00,0x00,
  0x0F,0xF8,0x00,0x00,0x00,0x00,0x00,0x00,0x00,0x00,0x00,0x0F,0xF8,0x00,0x00,0x02,
  0xAA,0xAA,0xAA,0xAA,0xA4,0x00,0x0F,0xF8,0x00,0x00,0x02,0xFF,0xFF,0xFF,0xFF,0xF4,
  0x00,0x0F,0xF8,0x00,0x00,0x02,0xFF,0xFF,0xFF,0xFF,0xF4,0x00,0x0F,0xF8,0x00,0x00,
  0x02,0xAA,0xAA,0xAA,0xAF,0xF4,0x00,0x0F,0xF8,0x00,0x00,0x00,0x00,0x00,0x00,0x0F,
  0xF4,0x00,0x0F,0xF8,0x00,0x00,0x00,0x00,0x00,0x00,0x0F,0xF4,0x00,0x0F,0xF8,0x00,
  0x00,0x00,0x00,0x00,0x00,0x0F,0xF4,0x00,0x0F,0xF8,0x00,0x00,0x00,0x00,0x00,0x00,
  0x0F,0xF4,0x00,0x0F,0xF8,0x00,0x00,0x01,0x55,0x55,0x55,0x5F,0xF4,0x00,0x0F,0xFA,
  0xAA,0x40,0x02,0xFF,0xFF,0xFF,0xFF,0xF4,0x00,0x0F,0xFF,0xFF,0x80,0x02,0xFF,0xFF,
  0xFF,0xFF,0xF4,0x00,0x0F,0xFF,0xFF,0x80,0x02,0xFF,0xFF,0xFF,0xFF,0xF4,0x00,0x0F,
  0xFF,0xFF,0x80,0x02,0xFE,0x00,0x00,0x00,0x00,0x00,0x0F,0xF9,0x55,0x00,0x02,0xFE,
  0x00,0x00,0x00,0x00,0x00,0x0F,0xF8,0x00,0x00,0x02,0xFE,0x00,0x00,0x00,0x00,0x00,
  0x0F,0xF8,0x00,0x00,0x02,0xFE,0x00,0x00,0x00,0x00,0x00,0x0F,0xF8,0x00,0x00,0x02,
  0xFE,0x00,0x00,0x00,0x56,0xA4,0x0F,0xF8,0x00,0x00,0x02,0xFF,0xAA,0xAA,0xFF,0xFF,
  0xF4,0x0F,0xF8,0x00,0x00,0x02,0xFF,0xFF,0xFF,0xFF,0xFF,0xF8,0x0F,0xF8,0x00,0x00,
  0x02,0xFF,0xFF,0xFF,0xFF,0xFF,0xE8,0x0F,0xF8,0x00,0x00,0x02,0xFF,0xFF,0xFF,0xAA,
  0x54,0x00,0x0F,0xF8,0x00,0x00,0x00,0x00,0x00,0x00,0x00,0x00,0x00,0x0F,0xF8,0x00,
  0x00,0x00,0x00,0x00,0x00,0x00,0x00,0x00,0x0F,0xF8,0x00,0x00,0x00,0x00,0x00,0x00,
  0x00,0x00,0x00,0x00,0x00,0x00,0x00,0x00,0x00,0x00,0x00,0x00,0x00,0x00,0x00,0x00,
  0x00,0x00,0x00,0x01,0xFF,0xFF,0xFF,0xFF,0xFF,0xFF,0xF8,0x00,0x00,0x00,0x01,0xFF,
  0xFF,0xFF,0xFF,0xFF,0xFF,0xF8,0x00,0x00,0x00,0x01,0xFF,0xFF,0xFF,0xFF,0xFF,0xFF,
  0xF8,0x00,0x00,0x00,0x01,0xFF,0x55,0x55,0x55,0x55,0x5F,0xF8,0x00,0x00,0x00,0x01,
  0xFF,0x00,0x00,0x00,0x00,0x0B,0xF8,0x00,0x00,0x00,0x01,0xFF,0x00,0x00,0x00,0x00,
  0x0B,0xF8,0x00,0x00,0x00,0x01,0xFF,0x00,0x00,0x00,0x00,0x0B,0xF8,0x00,0x00,0x00,
  0x01,0xFF,0x00,0x00,0x00,0x00,0x0B,0xF8,0x00,0x00,0x00,0x01,0xFF,0x00,0x00,0x00,
  0x00,0x0B,0xF8,0x00,0x00,0x00,0x01,0xFF,0x00,0x00,0x00,0x00,0x0B,0xF8,0x00,0x00,
  0x00,0x01,0xFF,0x00,0x00,0x00,0x00,0x0B,0xF8,0x00,0x00,0x00,0x01,0xFF,0xFF,0xFF,
  0xFF,0xFF,0xFF,0xF8,0x00,0x00,0x00,0x01,0xFF,0xFF,0xFF,0xFF,0xFF,0xFF,0xF8,0x00,
  0x00,0x00,0x01,0xFF,0xFF,0xFF,0xFF,0xFF,0xFF,0xF8,0x00,0x00,0x00,0x01,0x55,0x55,
  0x55,0x55,0x55,0x55,0x54,0x00,0x00,0x00,0x00,0x00,0x00,0x00,0x00,0x15,0x40,0x3F,
  0xD0,0x00,0x00,0x00,0x00,0x00,0x00,0x00,0x7F,0xC0,0x3F,0xD0,0x00,0x00,0x00,0x00,
  0x00,0x00,0x00,0x7F,0xC0,0x3F,0xD0,0x00,0x01,0xAA,0xAA,0xAA,0xA4,0x00,0x7F,0xC0,
  0x3F,0xD0,0x00,0x02,0xFF,0xFF,0xFF,0xF4,0x00,0x7F,0xC0,0x3F,0xD0,0x00,0x02,0xFF,
  0xFF,0xFF,0xF4,0x00,0x7F,0xC0,0x3F,0xD0,0x00,0x02,0xAA,0xAA,0xBF,0xF4,0x00,0x7F,
  0xC0,0x3F,0xD0,0x00,0x00,0x00,0x00,0x0F,0xF4,0x00,0x7F,0xC0,0x3F,0xD0,0x00,0x00,
  0x00,0x00,0x0F,0xF4,0x00,0x7F,0xC0,0x3F,0xD0,0x00,0x00,0x00,0x00,0x0F,0xF4,0x00,
  0x7F,0xC0,0x3F,0xD0,0x00,0x00,0x00,0x00,0x0F,0xF4,0x00,0x7F,0xC0,0x3F,0xD0,0x00,
  0x00,0x00,0x00,0x0F,0xF4,0xAA,0xBF,0xC0,0x3F,0xD0,0x00,0x01,0xAA,0xAA,0xAF,0xF4,
  0xFF,0xFF,0xC0,0x3F,0xD0,0x00,0x02,0xFF,0xFF,0xFF,0xF4,0xFF,0xFF,0xC0,0x3F,0xD0,
  0x00,0x02,0xFF,0xFF,0xFF,0xF4,0xFF,0xFF,0xC0,0x3F,0xD0,0x00,0x02,0xFF,0xAA,0xAA,
  0xA4,0x00,0x7F,0xC0,0x3F,0xD0,0x00,0x02,0xFE,0x00,0x00,0x00,0x00,0x7F,0xC0,0x3F,
  0xD0,0x00,0x02,0xFE,0x00,0x00,0x00,0x00,0x7F,0xC0,0x3F,0xD0,0x00,0x02,0xFE,0x00,
  0x00,0x00,0x00,0x7F,0xC0,0x3F,0xD0,0x00,0x02,0xFE,0x00,0x00,0x00,0x00,0x7F,0xC0,
  0x3F,0xD0,0x00,0x02,0xFE,0x00,0x00,0x01,0x40,0x7F,0xC0,0x3F,0xD0,0x00,0x02,0xFF,
  0x55,0x5A,0xBF,0xD0,0x7F,0xC0,0x3F,0xD0,0x00,0x02,0xFF,0xFF,0xFF,0xFF,0xE0,0x7F,
  0xC0,0x3F,0xD0,0x00,0x02,0xFF,0xFF,0xFF,0xFF,0xE0,0x7F,0xC0,0x3F,0xD0,0x00,0x02,
  0xFF,0xFF,0xFF,0xE9,0x40,0x7F,0xC0,0x3F,0xD0,0x00,0x01,0x55,0x55,0x00,0x00,0x00,
  0x7F,0xC0,0x3F,0xD0,0x00,0x00,0x00,0x00,0x00,0x00,0x00,0x7F,0xC0,0x3F,0xD0,0x00,
  0x00,0x00,0x00,0x00,0x00,0x00,0x7F,0xC0,0x3F,0xD0,0x00,0x00,0x00,0x1A,0xA0,0x00,
  0x00,0x7F,0xC0,0x3F,0xD0,0x00,0x00,0x00,0x1F,0xF0,0x00,0x00,0x7F,0xC0,0x3F,0xD0,
  0x00,0x00,0x00,0x1F,0xF0,0x00,0x00,0x15,0x40,0x3F,0xD0,0x00,0x00,0x00,0x1F,0xF0,
  0x00,0x00,0x00,0x00,0x1A,0x90,0x00,0x00,0x00,0x1F,0xF0,0x00,0x00,0x00,0x00,0x00,
  0x00,0x00,0x00,0x00,0x1F,0xF0,0x00,0x00,0x00,0x00,0x00,0x00,0x00,0x00,0x00,0x1F,
  0xF0,0x00,0x00,0x00,0x00,0x00,0x00,0x00,0x00,0x00,0x1F,0xF0,0x00,0x00,0x00,0x00,
  0x00,0x00,0x00,0x00,0x00,0x1F,0xF0,0x00,0x00,0x00,0x00,0x00,0x00,0x00,0x00,0x00,
  0x1F,0xFA,0xAA,0xAA,0xAA,0xAA,0xAA,0xA4,0x00,0x00,0x00,0x1F,0xFF,0xFF,0xFF,0xFF,
  0xFF,0xFF,0xF8,0x00,0x00,0x00,0x1F,0xFF,0xFF,0xFF,0xFF,0xFF,0xFF,0xF8,0x00,0x00,
  0x00,0x1F,0xFF,0xFF,0xFF,0xFF,0xFF,0xFF,0xF8,0x00,0x00,0x00,0x00,0x00,0x00,0x00,
  0x00,0x00,0x00,0x00,0x00,0x00,0x00,0x00,0x00,0x00,0x00,0x00,0x00,0x00,0x00,0x00,
  0x00,0x00,0x00,0x00,0x00,0x00,0x00,0x00,0xFF,0x40,0x00,0x00,0x00,0x00,0x00,0x00,
  0x00,0x00,0x00,0xFF,0x40,0x00,0x00,0x00,0x00,0x00,0x00,0x00,0x00,0x00,0xFF,0x40,
  0x00,0x00,0x55,0x55,0x55,0x55,0x54,0x00,0x00,0xFF,0x40,0x00,0x00,0xFF,0xFF,0xFF,
  0xFF,0xFE,0x00,0x00,0xFF,0x40,0x00,0x00,0xFF,0xFF,0xFF,0xFF,0xFE,0x00,0x00,0xFF,
  0x40,0x00,0x00,0xFF,0xFF,0xFF,0xFF,0xFE,0x00,0x00,0xFF,0x40,0x00,0x00,0x55,0x55,
  0x55,0x57,0xFE,0x00,0x00,0xFF,0x40,0x00,0x00,0x00,0x00,0x00,0x03,0xFE,0x00,0x00,
  0xFF,0x40,0x00,0x00,0x00,0x00,0x00,0x03,0xFE,0x00,0x00,0xFF,0x40,0x00,0x00,0x00,
  0x00,0x00,0x03,0xFE,0x00,0x00,0xFF,0x40,0x00,0x00,0x00,0x00,0x00,0x03,0xFE,0x00,
  0x00,0xFF,0x40,0x00,0x00,0x00,0x00,0x00,0x03,0xFE,0x00,0x00,0xFF,0x40,0x00,0x00,
  0x00,0x00,0x00,0x03,0xFE,0x00,0x00,0xFF,0x40,0x00,0x00,0x00,0x00,0x00,0x03,0xFE,
  0x00,0x00,0xFF,0x40,0x00,0x00,0x55,0x55,0x55,0x57,0xFE,0x00,0x00,0xFF,0x40,0x00,
  0x00,0xFF,0xFF,0xFF,0xFF,0xFE,0x00,0x00,0xFF,0x40,0x00,0x00,0xFF,0xFF,0xFF,0xFF,
  0xFE,0x00,0x00,0xFF,0x40,0x00,0x00,0xFF,0xFF,0xFF,0xFF,0xFE,0x00,0x00,0xFF,0x40,
  0x00,0x00,0xFF,0x80,0x00,0x00,0x00,0x00,0x00,0xFF,0x40,0x00,0x00,0xFF,0x40,0x00,
  0x00,0x00,0x00,0x00,0xFF,0x40,0x00,0x00,0xFF,0x40,0x00,0x00,0x00,0x00,0x00,0xFF,
  0x40,0x00,0x00,0xFF,0x40,0x00,0x00,0x00,0x00,0x00,0xFF,0x40,0x00,0x00,0xFF,0x40,
  0x00,0x00,0x00,0x00,0x00,0xFF,0x40,0x00,0x00,0xFF,0x40,0x00,0x00,0x00,0x00,0x00,
  0xFF,0x40,0x00,0x00,0xFF,0x40,0x00,0x00,0x00,0x00,0x00,0xFF,0x40,0x00,0x00,0xFF,
  0x40,0x00,0x00,0x00,0x00,0x00,0xFF,0x40,0x00,0x00,0xFF,0x40,0x00,0x00,0x56,0xAF,
  0x40,0xFF,0x40,0x00,0x00,0xFF,0xEA,0xBF,0xFF,0xFF,0xFF,0x40,0xFF,0x40,0x00,0x00,
  0xFF,0xFF,0xFF,0xFF,0xFF,0xFF,0x80,0xFF,0x40,0x00,0x00,0xFF,0xFF,0xFF,0xFF,0xFF,
  0xFA,0x40,0xFF,0x40,0x00,0x00,0xFF,0xFF,0xFE,0xAA,0x55,0x00,0x00,0xFF,0x40,0x00,
  0x00,0x00,0x00,0x00,0x00,0x00,0x00,0x00,0xFF,0x40,0x00,0x00,0x00,0x00,0x00,0x00,
  0x00,0x00,0x00,0xFF,0x40,0x00,0x00,0x00,0x00,0x00,0x00,0x00,0x00,0x00,0xFF,0x40,
  0x00,0x00,0x00,0x00,0x00,0x00,0x00,0x00,0x00,0xFF,0x40,0x00,0x00,0x00,0x00,0x00,
  0x00,0x00,0x00,0x00,0xFF,0x40,0x00,0x00,0x00,0x00,0x00,0x00,0x00,0x00,0x00,0xFF,
  0x40,0x00,0x00,0x00,0x00,0x00,0x00,0x00,0x00,0x00,0xFF,0x40,0x00,0x00,0x00,0x00,
  0x00,0x00,0x00,0x00,0x00,0xFF,0x40,0x00,0x00,0x00,0x00,0x00,0x00,0x00,0x00,0x00,
  0xFF,0x40,0x00,0x00,0x00,0x00,0x00,0x00,0x00,0x00,0x00,0xFF,0x40,0x00,0x00,0x00,
  0x00,0x00,0x00,0x00,0x00,0x00,0x00,0x00,0x00,0x00,0x00,0x00,0x00,0x00,0x00,0x00,
  0x00,0xFF,0x40,0x00,0x00,0x00,0x00,0x00,0x00,0x00,0x00,0x00,0xFF,0x40,0x00,0x00,
  0x55,0x55,0x55,0x55,0x54,0x00,0x00,0xFF,0x40,0x00,0x01,0xFF,0xFF,0xFF,0xFF,0xFC,
  0x00,0x00,0xFF,0x40,0x00,0x01,0xFF,0xFF,0xFF,0xFF,0xFC,0x00,0x00,0xFF,0x40,0x00,
  0x01,0xFF,0xFF,0xFF,0xFF,0xFC,0x00,0x00,0xFF,0x40,0x00,0x00,0x55,0x55,0x55,0x5B,
  0xFC,0x00,0x00,0xFF,0x40,0x00,0x00,0x00,0x00,0x00,0x07,0xFC,0x00,0x00,0xFF,0x40,
  0x00,0x00,0x00,0x00,0x00,0x07,0xFC,0x00,0x00,0xFF,0x40,0x00,0x00,0x00,0x00,0x00,
  0x07,0xFC,0x00,0x00,0xFF,0x40,0x00,0x00,0x00,0x00,0x00,0x07,0xFC,0x00,0x00,0xFF,
  0x40,0x00,0x01,0xFF,0xFF,0xFF,0xFF,0xFC,0x00,0x00,0xFF,0x40,0x00,0x01,0xFF,0xFF,
  0xFF,0xFF,0xFC,0x00,0x00,0xFF,0x40,0x00,0x01,0xFF,0xFF,0xFF,0xFF,0xFC,0x00,0x00,
  0xFF,0x40,0x00,0x01,0xFF,0xAA,0xAA,0xAA,0xA4,0x00,0x00,0xFF,0x40,0x00,0x01,0xFF,
  0x00,0x00,0x00,0x00,0x00,0x00,0xFF,0x40,0x00,0x01,0xFF,0x00,0x00,0x00,0x00,0x00,
  0x00,0xFF,0x40,0x00,0x01,0xFF,0x00,0x00,0x00,0x00,0x00,0x00,0xFF,0x40,0x00,0x01,
  0xFF,0x00,0x00,0x00,0x00,0x54,0x00,0xFF,0x40,0x00,0x01,0xFF,0x55,0x55,0x5A,0xBF,
  0xFD,0x00,0xFF,0x40,0x00,0x01,0xFF,0xFF,0xFF,0xFF,0xFF,0xFE,0x00,0xFF,0x40,0x00,
  0x01,0xFF,0xFF,0xFF,0xFF,0xFF,0xFE,0x00,0xFF,0x40,0x00,0x01,0xFF,0xFF,0xFF,0xFF,
  0xFA,0x94,0x00,0xFF,0x40,0x00,0x00,0x55,0x55,0x55,0x50,0x00,0x00,0x00,0xFF,0x40,
  0x00,0x00,0x00,0x00,0x00,0x00,0x00,0x00,0x00,0xFF,0x40,0x00,0x00,0x00,0x00,0x00,
  0x00,0x00,0x00,0x00,0xAA,0x40,0x00,0x00,0x00,0x00,0x00,0x05,0x55,0x54,0x00,0x00,
  0x00,0x00,0x00,0x00,0x00,0x06,0xFF,0xFF,0xFF,0xE4,0x00,0x00,0x00,0x00,0x00,0x01,
  0xBF,0xFF,0xFF,0xFF,0xFF,0x80,0x00,0x00,0x00,0x00,0x0B,0xFF,0xFF,0xFF,0xFF,0xFF,
  0xF4,0x00,0x00,0x00,0x00,0x2F,0xFF,0x95,0x00,0x16,0xBF,0xFD,0x00,0x00,0x00,0x00,
  0x7F,0xF4,0x00,0x00,0x00,0x0B,0xFF,0x00,0x00,0x00,0x00,0xBF,0xD0,0x00,0x00,0x00,
  0x02,0xFF,0x40,0x00,0x00,0x00,0xBF,0x80,0x00,0x00,0x00,0x00,0xFF,0x80,0x00,0x00,
  0x00,0xFF,0x80,0x00,0x00,0x00,0x00,0xFF,0x80,0x00,0x00,0x00,0xBF,0x80,0x00,0x00,
  0x00,0x00,0xFF,0x40,0x00,0x00,0x00,0x7F,0xE0,0x00,0x00,0x00,0x07,0xFF,0x00,0x00,
  0x00,0x00,0x3F,0xFE,0x40,0x00,0x00,0x6F,0xFE,0x00,0x00,0x00,0x00,0x0F,0xFF,0xFE,
  0xAA,0xAF,0xFF,0xF8,0x00,0x00,0x00,0x00,0x02,0xFF,0xFF,0xFF,0xFF,0xFF,0xD0,0x00,
  0x00,0x00,0x00,0x00,0x6F,0xFF,0xFF,0xFF,0xFD,0x00,0x00,0x00,0x00,0x00,0x00,0x01,
  0x6A,0xBF,0xAA,0x40,0x00,0x00,0x00,0x00,0x00,0x00,0x00,0x00,0x00,0x00,0x00,0xFF,
  0x40,0x00,0x00,0x00,0x00,0x00,0x00,0x00,0x00,0x00,0xFF,0x40,0x00,0x00,0x00,0x00,
  0x00,0x00,0x00,0x00,0x00,0xFF,0x40,0x00,0x00,0x55,0x55,0x55,0x55,0x55,0x00,0x00,
  0xFF,0x40,0x00,0x01,0xFF,0xFF,0xFF,0xFF,0xFE,0x00,0x00,0xFF,0x40,0x00,0x01,0xFF,
  0xFF,0xFF,0xFF,0xFE,0x00,0x00,0xFF,0x40,0x00,0x01,0xFF,0xFF,0xFF,0xFF,0xFE,0x00,
  0x00,0xFF,0x40,0x00,0x01,0xFF,0x40,0x00,0x02,0xFE,0x00,0x00,0xFF,0x40,0x00,0x01,
  0xFF,0x00,0x00,0x02,0xFE,0x00,0x00,0xFF,0x40,0x00,0x01,0xFF,0x00,0x00,0x02,0xFE,
  0x00,0x00,0xFF,0x40,0x00,0x01,0xFF,0x00,0x00,0x02,0xFE,0x00,0x00,0xFF,0x40,0x00,
  0x01,0xFF,0x00,0x00,0x02,0xFE,0x00,0x00,0xFF,0x40,0x00,0x01,0xFF,0x00,0x00,0x02,
  0xFE,0x00,0x00,0xFF,0x40,0x00,0x01,0xFF,0x00,0x00,0x02,0xFE,0x00,0x00,0xFF,0x40,
  0x00,0x01,0xFF,0x00,0x00,0x02,0xFE,0x00,0x00,0xFF,0x40,0x00,0x01,0xFF,0x00,0x00,
  0x02,0xFE,0x00,0x00,0xFF,0x40,0x00,0x01,0xFF,0x00,0x00,0x02,0xFE,0x00,0x00,0xFF,
  0x40,0x00,0x01,0xFF,0x00,0x00,0x02,0xFE,0x00,0x00,0xFF,0x40,0x00,0x01,0xFF,0x00,
  0x00,0x02,0xFE,0x00,0x00,0xFF,0x40,0x00,0x01,0xFF,0x55,0x55,0x56,0xFE,0x00,0x00,
  0xFF,0x40,0x00,0x01,0xFF,0xFF,0xFF,0xFF,0xFE,0x00,0x00,0xFF,0x40,0x00,0x01,0xFF,
  0xFF,0xFF,0xFF,0xFE,0x00,0x00,0xFF,0x40,0x00,0x01,0xFF,0xFF,0xFF,0xFF,0xFE,0x00,
  0x00,0xFF,0x40,0x00,0x00,0x55,0x55,0x55,0x55,0x55,0x00,0x00,0xFF,0x40,0x00,0x00,
  0x00,0x00,0x00,0x00,0x00,0x00,0x00,0xFF,0x40,0x00,0x00,0x00,0x00,0x00,0x00,0x00,
  0x00,0x00,0xFF,0x40,0x00,0x00,0x00,0x00,0x00,0x00,0x00,0x00,0x00,0xFF,0x40,0x00,
  0x00,0x00,0x2A,0x90,0x00,0x00,0x00,0x00,0xFF,0x40,0x00,0x00,0x00,0x3F,0xD0,0x00,
  0x00,0x00,0x00,0xFF,0x40,0x00,0x00,0x00,0x3F,0xD0,0x00,0x00,0x00,0x00,0xFF,0x40,
  0x00,0x00,0x00,0x3F,0xD0,0x00,0x00,0x00,0x00,0x00,0x00,0x00,0x00,0x00,0x3F,0xD0,
  0x00,0x00,0x00,0x00,0x00,0x00,0x00,0x00,0x00,0x3F,0xD0,0x00,0x00,0x00,0x00,0x00,
  0x00,0x00,0x00,0x00,0x3F,0xD0,0x00,0x00,0x00,0x00,0x00,0x00,0x00,0x00,0x00,0x3F,
  0xD0,0x00,0x00,0x00,0x00,0x00,0x00,0x00,0x00,0x00,0x3F,0xD0,0x00,0x00,0x00,0x00,
  0x00,0x00,0x00,0x00,0x00,0x3F,0xD0,0x00,0x00,0x00,0x00,0x00,0x00,0x00,0x00,0x00,
  0x3F,0xFF,0xFF,0xFF,0xFF,0xFF,0xFF,0xE0,0x00,0x00,0x00,0x3F,0xFF,0xFF,0xFF,0xFF,
  0xFF,0xFF,0xE0,0x00,0x00,0x00,0x3F,0xFF,0xFF,0xFF,0xFF,0xFF,0xFF,0xE0,0x00,0x00,
  0x00,0x2A,0xAA,0xAA,0xAA,0xAA,0xAA,0xAA,0x90,0x00,0x00,0x00,0x00,0x00,0x00,0x00,
  0x00,0x00,0x00,0x00,0x00,0x00,0x00,0x00,0x00,0x00,0x00,0x00,0x1F,0xF4,0x00,0x00,
  0x00,0x00,0x00,0x00,0x00,0x00,0x00,0x1F,0xF4,0x00,0x00,0x00,0x00,0x00,0x00,0x00,
  0x00,0x00,0x1F,0xF4,0x00,0x00,0x01,0x55,0x00,0x00,0x05,0x54,0x00,0x1F,0xF4,0x00,
  0x00,0x03,0xFE,0x00,0x00,0x07,0xFC,0x00,0x1F,0xF4,0x00,0x00,0x03,0xFE,0x00,0x00,
  0x07,0xFC,0x00,0x1F,0xF4,0x00,0x00,0x03,0xFE,0x00,0x00,0x07,0xFC,0x00,0x1F,0xF4,
  0x00,0x00,0x03,0xFE,0x00,0x00,0x07,0xFC,0x00,0x1F,0xF4,0x00,0x00,0x03,0xFE,0x00,
  0x00,0x07,0xFC,0x00,0x1F,0xF4,0x00,0x00,0x03,0xFE,0x00,0x00,0x07,0xFC,0x00,0x1F,
  0xF4,0x00,0x00,0x03,0xFE,0x00,0x00,0x07,0xFC,0x00,0x1F,0xF4,0x00,0x00,0x03,0xFE,
  0x00,0x00,0x07,0xFC,0x00,0x1F,0xF4,0x00,0x00,0x03,0xFE,0x00,0x00,0x07,0xFC,0x00,
  0x1F,0xF4,0x00,0x00,0x03,0xFE,0x00,0x00,0x07,0xFC,0x00,0x1F,0xF4,0x00,0x00,0x03,
  0xFF,0xAA,0xAA,0xAB,0xFC,0x00,0x1F,0xF4,0x00,0x00,0x03,0xFF,0xFF,0xFF,0xFF,0xFC,
  0x00,0x1F,0xF4,0x00,0x00,0x03,0xFF,0xFF,0xFF,0xFF,0xFC,0x00,0x1F,0xFA,0xAA,0x80,
  0x03,0xFF,0xAA,0xAA,0xAF,0xFC,0x00,0x1F,0xFF,0xFF,0xC0,0x03,0xFE,0x00,0x00,0x07,
  0xFC,0x00,0x1F,0xFF,0xFF,0xC0,0x03,0xFE,0x00,0x00,0x07,0xFC,0x00,0x1F,0xFF,0xFF,
  0xC0,0x03,0xFE,0x00,0x00,0x07,0xFC,0x00,0x1F,0xF4,0x00,0x00,0x03,0xFE,0x00,0x00,
  0x07,0xFC,0x00,0x1F,0xF4,0x00,0x00,0x03,0xFE,0x00,0x00,0x07,0xFC,0x00,0x1F,0xF4,
  0x00,0x00,0x03,0xFE,0x00,0x00,0x07,0xFC,0x00,0x1F,0xF4,0x00,0x00,0x03,0xFE,0x00,
  0x00,0x07,0xFC,0x00,0x1F,0xF4,0x00,0x00,0x03,0xFE,0x00,0x00,0x07,0xFC,0x00,0x1F,
  0xF4,0x00,0x00,0x03,0xFE,0x00,0x00,0x07,0xFC,0x00,0x1F,0xF4,0x00,0x00,0x03,0xFE,
  0x00,0x00,0x07,0xFC,0x00,0x1F,0xF4,0x00,0x00,0x03,0xFF,0xAA,0xAA,0xAB,0xFC,0x00,
  0x1F,0xF4,0x00,0x00,0x03,0xFF,0xFF,0xFF,0xFF,0xFC,0x00,0x1F,0xF4,0x00,0x00,0x03,
  0xFF,0xFF,0xFF,0xFF,0xFC,0x00,0x1F,0xF4,0x00,0x00,0x03,0xFF,0xFF,0xFF,0xFF,0xFC,
  0x00,0x1F,0xF4,0x00,0x00,0x00,0x00,0x00,0x00,0x00,0x00,0x00,0x1F,0xF4,0x00,0x00,
  0x00,0x00,0x00,0x00,0x00,0x00,0x00,0x1F,0xF4,0x00,0x00,0x00,0x00,0x00,0x00,0x00,
  0x00,0x00,0x1F,0xF4,0x00,0x00,0x00,0x00,0x00,0x00,0x00,0x00,0x00,0x1F,0xF4,0x00,
  0x00,0x00,0x00,0x00,0x00,0x00,0x00,0x00,0x1F,0xF4,0x00,0x00,0x00,0x00,0x00,0x00,
  0x00,0x00,0x00,0x1F,0xF4,0x00,0x00,0x00,0x00,0x00,0x00,0x00,0x00,0x00,0x1F,0xF4,
  0x00,0x00,0x00,0x00,0x00,0x00,0x00,0x00,0x00,0x1F,0xF4,0x00,0x00,0x00,0x00,0x00,
  0x00,0x00,0x00,0x00,0x1F,0xF4,0x00,0x00,0x00,0x00,0x00,0x00,0x00,0x00,0x00,0x1F,
  0xF4,0x00,0x00,0x00,0x00,0x00,0x00,0x00,0x00,0x55,0x00,0x3F,0xD0,0x00,0x00,0x00,
  0x00,0x00,0x00,0x00,0xFF,0x40,0x3F,0xD0,0x00,0x01,0x55,0x00,0x00,0x55,0x00,0xFF,
  0x40,0x3F,0xD0,0x00,0x02,0xFE,0x00,0x01,0xFE,0x00,0xFF,0x40,0x3F,0xD0,0x00,0x02,
  0xFE,0x00,0x01,0xFE,0x00,0xFF,0x40,0x3F,0xD0,0x00,0x02,0xFE,0x00,0x01,0xFE,0x00,
  0xFF,0x40,0x3F,0xD0,0x00,0x02,0xFE,0x00,0x01,0xFE,0x00,0xFF,0x40,0x3F,0xD0,0x00,
  0x02,0xFE,0x00,0x01,0xFE,0x00,0xFF,0x40,0x3F,0xD0,0x00,0x02,0xFE,0x00,0x01,0xFE,
  0x00,0xFF,0x40,0x3F,0xD0,0x00,0x02,0xFF,0xFF,0xFF,0xFE,0x00,0xFF,0x40,0x3F,0xD0,
  0x00,0x02,0xFF,0xFF,0xFF,0xFE,0x00,0xFF,0x55,0x7F,0xD0,0x00,0x02,0xFF,0xFF,0xFF,
  0xFE,0x00,0xFF,0xFF,0xFF,0xD0,0x00,0x02,0xFE,0xAA,0xAA,0xFE,0x00,0xFF,0xFF,0xFF,
  0xD0,0x00,0x02,0xFE,0x00,0x01,0xFE,0x00,0xFF,0xFF,0xFF,0xD0,0x00,0x02,0xFE,0x00,
  0x01,0xFE,0x00,0xFF,0x95,0x7F,0xD0,0x00,0x02,0xFE,0x00,0x01,0xFE,0x00,0xFF,0x40,
  0x3F,0xD0,0x00,0x02,0xFE,0x00,0x01,0xFE,0x00,0xFF,0x40,0x3F,0xD0,0x00,0x02,0xFE,
  0x00,0x01,0xFE,0x00,0xFF,0x40,0x3F,0xD0,0x00,0x02,0xFE,0x00,0x01,0xFE,0x00,0xFF,
  0x40,0x3F,0xD0,0x00,0x02,0xFF,0xFF,0xFF,0xFE,0x00,0xFF,0x40,0x3F,0xD0,0x00,0x02,
  0xFF,0xFF,0xFF,0xFE,0x00,0xFF,0x40,0x3F,0xD0,0x00,0x02,0xFF,0xFF,0xFF,0xFE,0x00,
  0xFF,0x40,0x3F,0xD0,0x00,0x01,0x55,0x55,0x55,0x55,0x00,0xFF,0x40,0x3F,0xD0,0x00,
  0x00,0x00,0x00,0x00,0x00,0x00,0xFF,0x40,0x3F,0xD0,0x00,0x00,0x00,0x00,0x00,0x00,
  0x00,0xFF,0x40,0x3F,0xD0,0x00,0x00,0x00,0x00,0x00,0x00,0x00,0x00,0x00,0x15,0x40,
  0x00,0x00,0x00,0x00,0x00,0x00,0x00,0x00,0x00,0x00,0x00,0x00,0x00,0x00,0x15,0x55,
  0x55,0x55,0x55,0x55,0x55,0x40,0x00,0x00,0x00,0x7F,0xFF,0xFF,0xFF,0xFF,0xFF,0xFF,
  0xD0,0x00,0x00,0x00,0x7F,0xFF,0xFF,0xFF,0xFF,0xFF,0xFF,0xD0,0x00,0x00,0x00,0x7F,
  0xFF,0xFF,0xFF,0xFF,0xFF,0xFF,0xD0,0x00,0x00,0x00,0x15,0x55,0x55,0x55,0x55,0x55,
  0x7F,0xD0,0x00,0x00,0x00,0x00,0x00,0x00,0x00,0x00,0x00,0x3F,0xD0,0x00,0x00,0x00,
  0x00,0x00,0x00,0x00,0x00,0x00,0x3F,0xD0,0x00,0x00,0x00,0x00,0x00,0x00,0x00,0x00,
  0x00,0x3F,0xD0,0x00,0x00,0x00,0x00,0x00,0x00,0x00,0x00,0x00,0x3F,0xD0,0x00,0x00,
  0x00,0x00,0x00,0x00,0x00,0x00,0x00,0x3F,0xD0,0x00,0x00,0x00,0x00,0x00,0x00,0x00,
  0x00,0x00,0x3F,0xD0,0x00,0x00,0x00,0x00,0x00,0x00,0x00,0x00,0x00,0x3F,0xD0,0x00,
  0x00,0x00,0x00,0x00,0x00,0x00,0x00,0x00,0x3F,0xD0,0x00,0x00,0x00,0x00,0x00,0x00,
  0x00,0x00,0x00,0x3F,0xD0,0x00,0x00,0x00,0x00,0x00,0x00,0x00,0x00,0x00,0x3F,0xD0,
  0x00,0x00,0x00,0x00,0x00,0x00,0x00,0x55,0x00,0x3F,0xD0,0x00,0x00,0x00,0x00,0x00,
  0x00,0x00,0xFF,0x40,0x3F,0xD0,0x00,0x00,0x00,0x05,0x54,0x00,0x00,0xFF,0x40,0x3F,
  0xD0,0x00,0x00,0x00,0x0F,0xF4,0x00,0x00,0xFF,0x40,0x3F,0xD0,0x00,0x00,0x00,0x0F,
  0xF4,0x00,0x00,0xFF,0x40,0x3F,0xD0,0x00,0x00,0x00,0x0F,0xF4,0x00,0x00,0xFF,0x40,
  0x3F,0xD0,0x00,0x00,0x00,0x0F,0xF4,0x00,0x00,0xFF,0x40,0x3F,0xD0,0x00,0x00,0x00,
  0x0F,0xF4,0x00,0x00,0xFF,0x40,0x3F,0xD0,0x00,0x00,0x00,0x0F,0xF4,0x00,0x00,0xFF,
  0x40,0x3F,0xD0,0x00,0x00,0x00,0x0F,0xF8,0x00,0x00,0xFF,0x40,0x3F,0xD0,0x00,0x00,
  0x00,0x1F,0xF8,0x00,0x00,0xFF,0x55,0x7F,0xD0,0x00,0x00,0x00,0x1F,0xFC,0x00,0x00,
  0xFF,0xFF,0xFF,0xD0,0x00,0x00,0x00,0x3F,0xFD,0x00,0x00,0xFF,0xFF,0xFF,0xD0,0x00,
  0x00,0x00,0x7F,0xFE,0x00,0x00,0xFF,0xFF,0xFF,0xD0,0x00,0x00,0x00,0xBF,0xFF,0x40,
  0x00,0xFF,0x95,0x7F,0xD0,0x00,0x00,0x01,0xFF,0x7F,0xD0,0x00,0xFF,0x40,0x3F,0xD0,
  0x00,0x00,0x07,0xFD,0x3F,0xF4,0x00,0xFF,0x40,0x3F,0xD0,0x00,0x00,0x1F,0xFC,0x1F,
  0xFD,0x00,0xFF,0x40,0x3F,0xD0,0x00,0x00,0x7F,0xF4,0x0B,0xFF,0x90,0xFF,0x40,0x3F,
  0xD0,0x00,0x02,0xFF,0xE0,0x02,0xFF,0xF4,0xFF,0x40,0x3F,0xD0,0x00,0x1F,0xFF,0x80,
  0x00,0xBF,0xF0,0xFF,0x40,0x3F,0xD0,0x00,0x0F,0xFE,0x00,0x00,0x1F,0xD0,0xFF,0x40,
  0x3F,0xD0,0x00,0x07,0xF4,0x00,0x00,0x01,0x80,0xFF,0x40,0x3F,0xD0,0x00,0x02,0x80,
  0x00,0x00,0x00,0x00,0xFF,0x40,0x3F,0xD0,0x00,0x00,0x00,0x00,0x00,0x00,0x00,0xFF,
  0x40,0x3F,0xD0,0x00,0x00,0x00,0x00,0x00,0x00,0x00,0x00,0x00,0x15,0x40,0x00,0x00,
  0x00,0x00,0x00,0x00,0x00,0x00,0x00,0x00,0x00,0x00,0x00,0x00,0x15,0x55,0x55,0x55,
  0x55,0x55,0x55,0x40,0x00,0x00,0x00,0x7F,0xFF,0xFF,0xFF,0xFF,0xFF,0xFF,0xD0,0x00,
  0x00,0x00,0x7F,0xFF,0xFF,0xFF,0xFF,0xFF,0xFF,0xD0,0x00,0x00,0x00,0x7F,0xFF,0xFF,
  0xFF,0xFF,0xFF,0xFF,0xD0,0x00,0x00,0x00,0x15,0x55,0x55,0x55,0x55,0x55,0x7F,0xD0,
  0x00,0x00,0x00,0x00,0x00,0x00,0x00,0x00,0x00,0x3F,0xD0,0x00,0x00,0x00,0x00,0x00,
  0x00,0x00,0x00,0x00,0x3F,0xD0,0x00,0x00,0x00,0x00,0x00,0x00,0x00,0x00,0x00,0x3F,
  0xD0,0x00,0x00,0x00,0x00,0x00,0x00,0x00,0x00,0x00,0x3F,0xD0,0x00,0x00,0x00,0x00,
  0x00,0x00,0x00,0x00,0x00,0x3F,0xD0,0x00,0x00,0x00,0x00,0x00,0x00,0x00,0x00,0x00,
  0x3F,0xD0,0x00,0x00,0x00,0x00,0x00,0x00,0x00,0x00,0x00,0x3F,0xD0,0x00,0x00,0x00,
  0x00,0x00,0x00,0x00,0x00,0x00,0x3F,0xD0,0x00,0x00,0x00,0x00,0x00,0x00,0x00,0x00,
  0x00,0x3F,0xD0,0x00,0x00,0x00,0x00,0x00,0x00,0x00,0x00,0x00,0x3F,0xD0,0x00,0x00,
  0x00,0x00,0x00,0x00,0x00,0x00,0x00,0x00,0x00,0x00,0x00,0x00,0x00,0x00,0x00,0x00,
  0x00,0x00,0xFF,0x80,0x00,0x00,0x00,0x00,0x00,0x00,0x00,0x00,0x00,0xFF,0x80,0x00,
  0x00,0x00,0x00,0x00,0x00,0x00,0x00,0x00,0xFF,0x80,0x00,0x00,0x00,0x00,0x55,0x40,
  0x00,0x00,0x00,0xFF,0x80,0x00,0x00,0x00,0x00,0xBF,0x80,0x00,0x00,0x00,0xFF,0x80,
  0x00,0x00,0x00,0x00,0xBF,0x80,0x00,0x00,0x00,0xFF,0x80,0x00,0x00,0x00,0x00,0xBF,
  0x80,0x00,0x00,0x00,0xFF,0x80,0x00,0x00,0x00,0x00,0xBF,0x80,0x00,0x00,0x00,0xFF,
  0x80,0x00,0x00,0x00,0x00,0xBF,0x80,0x00,0x00,0x00,0xFF,0x80,0x00,0x00,0x00,0x00,
  0xBF,0x80,0x00,0x00,0x00,0xFF,0x80,0x00,0x00,0x00,0x00,0xBF,0x80,0x00,0x00,0x00,
  0xFF,0x80,0x00,0x00,0x00,0x00,0xFF,0x80,0x00,0x00,0x00,0xFF,0x80,0x00,0x00,0x00,
  0x00,0xFF,0x80,0x00,0x00,0x00,0xFF,0x80,0x00,0x00,0x00,0x00,0xFF,0xC0,0x00,0x00,
  0x00,0xFF,0x80,0x00,0x00,0x00,0x01,0xFF,0xC0,0x07,0xFF,0xFF,0xFF,0x80,0x00,0x00,
  0x00,0x01,0xFF,0xD0,0x07,0xFF,0xFF,0xFF,0x80,0x00,0x00,0x00,0x02,0xFF,0xE0,0x07,
  0xFF,0xFF,0xFF,0x80,0x00,0x00,0x00,0x03,0xFF,0xF0,0x02,0xAA,0xAA,0xFF,0x80,0x00,
  0x00,0x00,0x07,0xFF,0xF4,0x00,0x00,0x00,0xFF,0x80,0x00,0x00,0x00,0x0B,0xFF,0xF8,
  0x00,0x00,0x00,0xFF,0x80,0x00,0x00,0x00,0x0F,0xF7,0xFC,0x00,0x00,0x00,0xFF,0x80,
  0x00,0x00,0x00,0x2F,0xE2,0xFE,0x00,0x00,0x00,0xFF,0x80,0x00,0x00,0x00,0x7F,0xD1,
  0xFF,0x40,0x00,0x00,0xFF,0x80,0x00,0x00,0x00,0xBF,0xC0,0xFF,0xC0,0x00,0x00,0xFF,
  0x80,0x00,0x00,0x02,0xFF,0x40,0x7F,0xE0,0x00,0x00,0xFF,0x80,0x00,0x00,0x07,0xFE,
  0x00,0x2F,0xF8,0x00,0x00,0xFF,0x80,0x00,0x00,0x1F,0xFD,0x00,0x0F,0xFE,0x00,0x00,
  0xFF,0x80,0x00,0x00,0x7F,0xF8,0x00,0x07,0xFF,0xD0,0x00,0xFF,0x80,0x00,0x02,0xFF,
  0xE0,0x00,0x01,0xFF,0xF8,0x00,0xFF,0x80,0x00,0x1F,0xFF,0x80,0x00,0x00,0x7F,0xFC,
  0x00,0xFF,0x80,0x00,0x0F,0xFE,0x00,0x00,0x00,0x1F,0xF4,0x00,0xFF,0x80,0x00,0x07,
  0xF8,0x00,0x00,0x00,0x02,0xD0,0x00,0xFF,0x80,0x00,0x01,0xD0,0x00,0x00,0x00,0x00,
  0x40,0x00,0xFF,0x80,0x00,0x00,0x00,0x00,0x00,0x00,0x00,0x00,0x00,0xFF,0x80,0x00,
  0x00,0x00,0x00,0x00,0x00,0x00,0x00,0x00,0xFF,0x80,0x00,0x00,0x00,0x00,0x00,0x00,
  0x00,0x00,0x00,0xFF,0x80,0x00,0x00,0x00,0x00,0x00,0x00,0x00,0x00,0x00,0xFF,0x80,
  0x00,0x00,0x00,0x00,0x00,0x00,0x00,0x00,0x00,0xFF,0x80,0x00,0x00,0x00,0x00,0x00,
  0x00,0x00,0x00,0x00,0xFF,0x80,0x00,0x00,0x00,0x00,0x00,0x00,0x00,0x00,0x00,0xFF,
  0x80,0x00,0x00,0x00,0x00,0x00,0x00,0x00,0x00,0x00,0xFF,0x80,0x00,0x00,0x00,0x00,
  0x00,0x00,0x00,0x00,0x00,0xFF,0x80,0x00,0x00,0x00,0x00,0x00,0x00,0x00,0x00,0x00,
  0x00,0x00,0x00,0x00,0x00,0x00,0x00,0x00,0x00,0x00,0x00,0x00,0x00,0x00,0x00,0x00,
  0x00,0x00,0x00,0x00,0x00,0x00,0xFF,0x80,0x00,0x00,0x00,0x00,0x00,0x00,0x00,0x00,
  0x00,0xFF,0x80,0x00,0x00,0x00,0x00,0xFF,0x40,0x00,0x00,0x00,0xFF,0x80,0x00,0x00,
  0x00,0x00,0xFF,0x40,0x00,0x00,0x00,0xFF,0x80,0x00,0x00,0x00,0x00,0xFF,0x40,0x00,
  0x00,0x00,0xFF,0x80,0x00,0x00,0x00,0x00,0xFF,0x40,0x00,0x00,0x00,0xFF,0x80,0x00,
  0x00,0x00,0x00,0xFF,0x40,0x00,0x00,0x00,0xFF,0x80,0x00,0x00,0x00,0x01,0xFF,0x40,
  0x00,0x00,0x00,0xFF,0x80,0x00,0x00,0x00,0x01,0xFF,0x80,0x02,0xFF,0xFF,0xFF,0x80,
  0x00,0x00,0x00,0x02,0xFF,0x80,0x02,0xFF,0xFF,0xFF,0x80,0x00,0x00,0x00,0x02,0xFF,
  0xC0,0x02,0xFF,0xFF,0xFF,0x80,0x00,0x00,0x00,0x07,0xFF,0xD0,0x02,0xFF,0xFF,0xFF,
  0x80,0x00,0x00,0x00,0x0B,0xFF,0xF0,0x00,0x00,0x00,0xFF,0x80,0x00,0x00,0x00,0x1F,
  0xFF,0xF8,0x00,0x00,0x00,0xFF,0x80,0x00,0x00,0x00,0x2F,0xE7,0xFD,0x00,0x00,0x00,
  0xFF,0x80,0x00,0x00,0x00,0xBF,0xC2,0xFF,0x40,0x00,0x00,0xFF,0x80,0x00,0x00,0x02,
  0xFF,0x81,0xFF,0xD0,0x00,0x00,0xFF,0x80,0x00,0x00,0x0B,0xFF,0x00,0x7F,0xF8,0x00,
  0x00,0xFF,0x80,0x00,0x00,0x7F,0xFC,0x00,0x2F,0xFF,0x80,0x00,0xFF,0x80,0x00,0x06,
  0xFF,0xF4,0x00,0x07,0xFF,0xF4,0x00,0xFF,0x80,0x00,0x1F,0xFF,0xD0,0x00,0x01,0xFF,
  0xE0,0x00,0xFF,0x80,0x00,0x0B,0xFE,0x00,0x00,0x00,0x2F,0xC0,0x00,0xFF,0x80,0x00,
  0x03,0xE4,0x00,0x00,0x00,0x02,0x40,0x00,0xFF,0x80,0x00,0x01,0x40,0x00,0x00,0x00,
  0x00,0x00,0x00,0xFF,0x80,0x00,0x00,0x00,0x00,0x00,0x00,0x00,0x00,0x00,0x55,0x40,
  0x00,0x00,0x00,0x00,0x00,0x00,0x00,0x00,0x00,0x00,0x00,0x00,0x00,0x01,0x55,0x55,
  0x55,0x41,0x55,0x55,0x55,0x40,0x00,0x00,0x03,0xFF,0xFF,0xFF,0xC3,0xFF,0xFF,0xFF,
  0x80,0x00,0x00,0x03,0xFF,0xFF,0xFF,0xC3,0xFF,0xFF,0xFF,0x80,0x00,0x00,0x03,0xFF,
  0xFF,0xFF,0xC3,0xFF,0xFF,0xFF,0x80,0x00,0x00,0x00,0x00,0x00,0xBF,0xC0,0x00,0x00,
  0xFF,0x80,0x00,0x00,0x00,0x00,0x00,0x7F,0xC0,0x00,0x00,0xFF,0x80,0x00,0x00,0x00,
  0x00,0x00,0x7F,0xC0,0x00,0x00,0xFF,0x80,0x00,0x00,0x00,0x00,0x00,0x7F,0xC0,0x00,
  0x00,0xFF,0x80,0x00,0x00,0x00,0x00,0x00,0x7F,0xC0,0x00,0x00,0xFF,0x80,0x00,0x00,
  0x00,0x00,0x00,0x7F,0xC0,0x00,0x00,0xFF,0x80,0x00,0x00,0x00,0x00,0x00,0x7F,0xC0,
  0x00,0x00,0xFF,0x80,0x00,0x00,0x00,0x00,0x00,0x7F,0xC0,0x00,0x00,0xFF,0x80,0x00,
  0x00,0x00,0x00,0x00,0x7F,0xC0,0x00,0x00,0xFF,0x80,0x00,0x00,0x00,0x00,0x00,0x7F,
  0xC0,0x00,0x00,0xFF,0x80,0x00,0x00,0x00,0x00,0x00,0x7F,0xC0,0x00,0x00,0xFF,0x80,
  0x00,0x00,0x00,0x00,0x00,0x7F,0xC0,0x00,0x00,0xFF,0x80,0x00,0x00,0x00,0x00,0x00,
  0x06,0xA8,0x00,0x00,0x00,0x00,0x00,0x00,0x00,0x00,0x00,0x0B,0xFC,0x00,0x00,0x00,
  0x00,0x00,0x00,0x00,0x00,0x00,0x0B,0xFC,0x00,0x00,0x00,0x00,0x00,0x00,0x00,0x00,
  0x00,0x0F,0xFD,0x00,0x00,0x00,0x00,0x00,0x00,0x00,0x00,0x00,0x1F,0xFF,0x00,0x00,
  0x00,0x00,0x00,0x00,0x00,0x00,0x00,0x7F,0xFF,0x80,0x00,0x00,0x00,0x00,0x00,0x00,
  0x00,0x01,0xFF,0xFF,0xD0,0x00,0x00,0x00,0x00,0x00,0x00,0x00,0x07,0xFF,0x2F,0xF8,
  0x00,0x00,0x00,0x00,0x00,0x00,0x00,0x6F,0xFD,0x0F,0xFF,0x40,0x00,0x00,0x00,0x00,
  0x00,0x06,0xFF,0xF4,0x02,0xFF,0xF4,0x00,0x00,0x00,0x00,0x01,0xBF,0xFF,0x80,0x00,
  0x7F,0xFF,0x94,0x00,0x00,0x01,0xBF,0xFF,0xFD,0x00,0x00,0x0B,0xFF,0xFF,0xD0,0x00,
  0x00,0xFF,0xFF,0x90,0x00,0x00,0x01,0xBF,0xFF,0xD0,0x00,0x00,0x7F,0xF9,0x00,0x00,
  0x00,0x00,0x06,0xFF,0xC0,0x00,0x00,0x25,0x00,0x00,0x00,0x00,0x00,0x00,0x16,0x40,
  0x00,0x00,0x00,0x00,0x00,0x00,0x00,0x00,0x00,0x00,0x00,0x00,0x00,0x00,0x00,0x00,
  0x00,0x00,0x00,0x00,0x00,0x00,0x00,0x1A,0xAA,0xAA,0xAA,0xAA,0xAA,0xAA,0xAA,0xAA,
  0xAA,0x00,0x1F,0xFF,0xFF,0xFF,0xFF,0xFF,0xFF,0xFF,0xFF,0xFF,0x00,0x1F,0xFF,0xFF,
  0xFF,0xFF,0xFF,0xFF,0xFF,0xFF,0xFF,0x00,0x1A,0xAA,0xAA,0xAA,0xAF,0xFE,0xAA,0xAA,
  0xAA,0xAA,0x00,0x00,0x00,0x00,0x00,0x0B,0xFC,0x00,0x00,0x00,0x00,0x00,0x00,0x00,
  0x00,0x00,0x0B,0xFC,0x00,0x00,0x00,0x00,0x00,0x00,0x00,0x00,0x00,0x0B,0xFC,0x00,
  0x00,0x00,0x00,0x00,0x00,0x05,0x55,0x55,0x5B,0xFD,0x55,0x55,0x54,0x00,0x00,0x00,
  0x0F,0xFF,0xFF,0xFF,0xFF,0xFF,0xFF,0xFC,0x00,0x00,0x00,0x0F,0xFF,0xFF,0xFF,0xFF,
  0xFF,0xFF,0xFC,0x00,0x00,0x00,0x0B,0xFF,0xFF,0xFF,0xFF,0xFF,0xFF,0xFC,0x00,0x00,
  0x00,0x00,0x00,0x00,0x00,0x00,0x00,0x07,0xFC,0x00,0x00,0x00,0x00,0x00,0x00,0x00,
  0x00,0x00,0x07,0xFC,0x00,0x00,0x00,0x00,0x00,0x00,0x00,0x00,0x00,0x07,0xFC,0x00,
  0x00,0x00,0x0A,0xAA,0xAA,0xAA,0xAA,0xAA,0xAF,0xFC,0x00,0x00,0x00,0x0B,0xFF,0xFF,
  0xFF,0xFF,0xFF,0xFF,0xFC,0x00,0x00,0x00,0x0B,0xFF,0xFF,0xFF,0xFF,0xFF,0xFF,0xFC,
  0x00,0x00,0x00,0x0B,0xF9,0x55,0x55,0x55,0x55,0x55,0x54,0x00,0x00,0x00,0x0B,0xF8,
  0x00,0x00,0x00,0x00,0x00,0x00,0x00,0x00,0x00,0x0B,0xF8,0x00,0x00,0x00,0x00,0x00,
  0x00,0x00,0x00,0x00,0x0B,0xF8,0x00,0x00,0x00,0x00,0x00,0x00,0x00,0x00,0x00,0x0B,
  0xFF,0xFF,0xFF,0xFF,0xFF,0xFF,0xFF,0x00,0x00,0x00,0x0B,0xFF,0xFF,0xFF,0xFF,0xFF,
  0xFF,0xFF,0x40,0x00,0x00,0x0B,0xFF,0xFF,0xFF,0xFF,0xFF,0xFF,0xFF,0x40,0x00,0x00,
  0x06,0xAA,0xAA,0xAA,0xAA,0xAA,0xAA,0xAA,0x00,0x00,0x00,0x00,0x00,0x00,0x05,0x54,
  0x00,0x00,0x00,0x00,0x00,0x00,0x00,0x00,0x00,0x0B,0xFC,0x00,0x00,0x00,0x00,0x00,
  0x00,0x00,0x00,0x00,0x0B,0xFC,0x00,0x00,0x00,0x00,0x00,0x00,0x00,0x00,0x00,0x0B,
  0xFC,0x00,0x00,0x00,0x00,0x00,0x00,0x00,0x00,0x00,0x0F,0xFC,0x00,0x00,0x00,0x00,
  0x00,0x00,0x00,0x00,0x00,0x0F,0xFC,0x00,0x00,0x00,0x00,0x00,0x00,0x00,0x00,0x00,
  0x1F,0xFD,0x00,0x00,0x00,0x00,0x00,0x00,0x00,0x00,0x00,0x2F,0xFE,0x00,0x00,0x00,
  0x00,0x00,0x00,0x00,0x00,0x00,0x3F,0xFF,0x00,0x00,0x00,0x00,0x00,0x00,0x00,0x00,
  0x00,0x7F,0xFF,0x80,0x00,0x00,0x00,0x00,0x00,0x00,0x00,0x00,0xFF,0xFF,0xC0,0x00,
  0x00,0x00,0x00,0x00,0x00,0x00,0x02,0xFF,0x7F,0xE0,0x00,0x00,0x00,0x00,0x00,0x00,
  0x00,0x0B,0xFE,0x1F,0xF8,0x00,0x00,0x00,0x00,0x00,0x00,0x00,0x2F,0xF8,0x0B,0xFE,
  0x00,0x00,0x00,0x00,0x00,0x00,0x00,0xBF,0xF0,0x03,0xFF,0x80,0x00,0x00,0x00,0x00,
  0x00,0x07,0xFF,0xD0,0x00,0xFF,0xF4,0x00,0x00,0x00,0x00,0x00,0x6F,0xFF,0x00,0x00,
  0x2F,0xFE,0x40,0x00,0x00,0x00,0x06,0xFF,0xFC,0x00,0x00,0x0B,0xFF,0xE4,0x00,0x00,
  0x01,0xBF,0xFF,0xE0,0x00,0x00,0x02,0xFF,0xFF,0x90,0x00,0x02,0xFF,0xFE,0x40,0x00,
  0x00,0x00,0x2F,0xFF,0xE0,0x00,0x00,0xFF,0xF4,0x00,0x00,0x00,0x00,0x07,0xFF,0xD0,
  0x00,0x00,0xBE,0x40,0x00,0x00,0x00,0x00,0x00,0x6F,0x80,0x00,0x00,0x10,0x00,0x00,
  0x00,0x00,0x00,0x00,0x01,0x00,0x00,0x00,0x00,0x00,0x00,0x00,0x00,0x00,0x00,0x00,
  0x00,0x00,0x00,0x00,0x00,0x00,0x00,0x00,0x00,0x00,0x00,0x00,0x00,0x00,0x00,0x00,
  0x00,0x00,0x00,0x00,0x00,0x00,0x00,0x00,0x00,0x00,0x00,0x00,0x00,0x00,0x00,0x00,
  0x00,0x00,0x00,0x00,0x00,0x00,0x00,0x00,0x00,0x00,0x00,0x00,0x00,0x00,0x00,0x00,
  0x00,0x00,0x00,0x00,0x00,0x00,0x00,0x00,0x00,0x00,0x00,0x00,0x00,0x00,0x00,0x00,
  0x00,0x00,0x00,0x00,0x05,0x55,0x55,0x55,0x55,0x55,0x55,0x55,0x55,0x55,0x00,0x1F,
  0xFF,0xFF,0xFF,0xFF,0xFF,0xFF,0xFF,0xFF,0xFF,0x00,0x1F,0xFF,0xFF,0xFF,0xFF,0xFF,
  0xFF,0xFF,0xFF,0xFF,0x00,0x1F,0xFF,0xFF,0xFF,0xFF,0xFF,0xFF,0xFF,0xFF,0xFF,0x00,
  0x15,0x55,0x55,0x55,0x55,0x55,0x55,0x55,0x55,0x55,0x00,0x00,0x00,0x00,0x00,0x00,
  0x00,0x00,0x00,0x00,0x00,0x00,0x00,0x00,0x00,0x00,0x00,0x00,0x00,0x00,0x00,0x00,
  0x00,0x00,0x00,0x00,0x00,0x00,0x00,0x00,0x00,0xFF,0x40,0x00,0x00,0x00,0x00,0x00,
  0x00,0x00,0x00,0x00,0xFF,0x40,0x00,0x00,0x00,0x00,0x00,0x00,0x00,0x00,0x00,0xFF,
  0x40,0x00,0x00,0x00,0x00,0x55,0x40,0x00,0x00,0x00,0xFF,0x40,0x00,0x00,0x00,0x00,
  0xBF,0xC0,0x00,0x00,0x00,0xFF,0x40,0x00,0x00,0x00,0x00,0xBF,0xC0,0x00,0x00,0x00,
  0xFF,0x40,0x00,0x00,0x00,0x00,0xBF,0xC0,0x00,0x00,0x00,0xFF,0x40,0x00,0x00,0x00,
  0x00,0xBF,0xC0,0x00,0x00,0x00,0xFF,0x40,0x00,0x00,0x00,0x00,0xBF,0xC0,0x00,0x00,
  0x00,0xFF,0x40,0x00,0x00,0x00,0x00,0xBF,0xC0,0x00,0x00,0x00,0xFF,0x40,0x00,0x00,
  0x00,0x00,0xBF,0xC0,0x00,0x00,0x00,0xFF,0x40,0x00,0x00,0x00,0x00,0xBF,0xC0,0x00,
  0x00,0x00,0xFF,0x40,0x00,0x00,0x00,0x00,0xBF,0xC0,0x00,0x00,0x00,0xFF,0x40,0x00,
  0x00,0x00,0x00,0xBF,0xD0,0x00,0x00,0x00,0xFF,0x40,0x00,0x00,0x00,0x00,0xFF,0xD0,
  0x00,0x00,0x00,0xFF,0x40,0x00,0x00,0x00,0x00,0xFF,0xE0,0x00,0x00,0x00,0xFF,0x40,
  0x00,0x00,0x00,0x01,0xFF,0xE0,0x00,0x00,0x00,0xFF,0x40,0x00,0x00,0x00,0x02,0xFF,
  0xF4,0x00,0x00,0x00,0xFF,0x40,0x00,0x00,0x00,0x03,0xFF,0xF8,0x00,0x00,0x00,0xFF,
  0x40,0x00,0x00,0x00,0x07,0xFF,0xFC,0x00,0x00,0x00,0xFF,0x40,0x00,0x00,0x00,0x0F,
  0xF7,0xFD,0x00,0x00,0x00,0xFF,0x40,0x00,0x00,0x00,0x1F,0xF1,0xFF,0x00,0x00,0x00,
  0xFF,0x40,0x00,0x00,0x00,0x3F,0xE0,0xFF,0x80,0x00,0x00,0xFF,0x40,0x00,0x00,0x00,
  0xBF,0xD0,0xBF,0xD0,0x00,0x00,0xFF,0x40,0x00,0x00,0x01,0xFF,0x80,0x3F,0xF4,0x00,
  0x00,0xFF,0x40,0x00,0x00,0x07,0xFF,0x00,0x1F,0xFD,0x00,0x00,0xFF,0x40,0x00,0x00,
  0x1F,0xFD,0x00,0x0B,0xFF,0x40,0x00,0xFF,0x40,0x00,0x00,0x7F,0xF8,0x00,0x02,0xFF,
  0xE0,0x00,0xFF,0x40,0x00,0x02,0xFF,0xF0,0x00,0x00,0xBF,0xFD,0x00,0xFF,0x40,0x00,
  0x1F,0xFF,0xC0,0x00,0x00,0x2F,0xFE,0x00,0xFF,0x40,0x00,0x1F,0xFF,0x00,0x00,0x00,
  0x0B,0xFC,0x00,0xFF,0x40,0x00,0x07,0xF8,0x00,0x00,0x00,0x01,0xF4,0x00,0xFF,0x40,
  0x00,0x02,0xD0,0x00,0x00,0x00,0x00,0x10,0x00,0xFF,0x40,0x00,0x00,0x00,0x00,0x00,
  0x00,0x00,0x00,0x00,0xFF,0x40,0x00,0x00,0x00,0x00,0x00,0x00,0x00,0x00,0x00,0xFF,
  0x40,0x00,0x00,0x00,0x00,0x00,0x00,0x00,0x00,0x00,0xFF,0x40,0x00,0x00,0x00,0x00,
  0x00,0x00,0x00,0x00,0x00,0xFF,0x40,0x00,0x00,0x00,0x00,0x00,0x00,0x00,0x00,0x00,
  0xFF,0x40,0x00,0x00,0x00,0x00,0x00,0x00,0x00,0x00,0x00,0xFF,0x40,0x00,0x00,0x00,
  0x00,0x00,0x00,0x00,0x00,0x00,0xFF,0x40,0x00,0x00,0x00,0x00,0x00,0x00,0x00,0x00,
  0x00,0xFF,0x40,0x00,0x00,0x00,0x00,0x00,0x00,0x00,0x00,0x00,0xFF,0x40,0x00,0x00,
  0x00,0x00,0x00,0x00,0x00,0x00,0x00,0x00,0x00,0x00,0x00,0x00,0x00,0x00,0x00,0x00,
  0x00,0x00,0xFF,0x40,0x00,0x00,0x00,0x00,0x00,0x00,0x00,0x00,0x00,0xFF,0x40,0x00,
  0x00,0x00,0x00,0x6A,0x80,0x00,0x00,0x00,0xFF,0x40,0x00,0x00,0x00,0x00,0xBF,0x80,
  0x00,0x00,0x00,0xFF,0x40,0x00,0x00,0x00,0x00,0xBF,0x80,0x00,0x00,0x00,0xFF,0x40,
  0x00,0x00,0x00,0x00,0xBF,0x80,0x00,0x00,0x00,0xFF,0x40,0x00,0x00,0x00,0x00,0xBF,
  0xC0,0x00,0x00,0x00,0xFF,0x40,0x00,0x00,0x00,0x00,0xBF,0xC0,0x00,0x00,0x00,0xFF,
  0x40,0x00,0x00,0x00,0x00,0xFF,0xC0,0x00,0x00,0x00,0xFF,0x40,0x00,0x00,0x00,0x00,
  0xFF,0xC0,0x00,0x00,0x00,0xFF,0x40,0x00,0x00,0x00,0x01,0xFF,0xD0,0x00,0x00,0x00,
  0xFF,0x40,0x00,0x00,0x00,0x02,0xFF,0xE0,0x00,0x00,0x00,0xFF,0x40,0x00,0x00,0x00,
  0x03,0xFF,0xF0,0x00,0x00,0x00,0xFF,0x40,0x00,0x00,0x00,0x07,0xFF,0xF8,0x00,0x00,
  0x00,0xFF,0x40,0x00,0x00,0x00,0x0F,0xFB,0xFD,0x00,0x00,0x00,0xFF,0x40,0x00,0x00,
  0x00,0x2F,0xF2,0xFF,0x00,0x00,0x00,0xFF,0x40,0x00,0x00,0x00,0x7F,0xD1,0xFF,0x80,
  0x00,0x00,0xFF,0x40,0x00,0x00,0x01,0xFF,0xC0,0xBF,0xF0,0x00,0x00,0xFF,0x40,0x00,
  0x00,0x07,0xFF,0x40,0x2F,0xFD,0x00,0x00,0xFF,0x40,0x00,0x00,0x2F,0xFD,0x00,0x0F,
  0xFF,0x90,0x00,0xFF,0x40,0x00,0x01,0xFF,0xF8,0x00,0x02,0xFF,0xF8,0x00,0xFF,0x40,
  0x00,0x0F,0xFF,0xD0,0x00,0x00,0xBF,0xF8,0x00,0xFF,0x40,0x00,0x07,0xFF,0x40,0x00,
  0x00,0x1F,0xF0,0x00,0xFF,0x40,0x00,0x02,0xF8,0x00,0x00,0x00,0x01,0xD0,0x00,0xFF,
  0x40,0x00,0x00,0x80,0x00,0x00,0x00,0x00,0x00,0x00,0xFF,0x40,0x00,0x00,0x00,0x00,
  0x00,0x00,0x00,0x00,0x00,0xFF,0x40,0x00,0x00,0x00,0x00,0x00,0x00,0x00,0x00,0x00,
  0xFF,0x40,0x00,0x00,0x00,0x00,0x00,0x00,0x00,0x00,0x00,0xFF,0x40,0x00,0x00,0x00,
  0x3F,0xD0,0x00,0x00,0x00,0x00,0xFF,0x40,0x00,0x00,0x00,0x3F,0xD0,0x00,0x00,0x00,
  0x00,0xFF,0x40,0x00,0x00,0x00,0x3F,0xD0,0x00,0x00,0x00,0x00,0xAA,0x40,0x00,0x00,
  0x00,0x3F,0xD0,0x00,0x00,0x00,0x00,0x00,0x00,0x00,0x00,0x00,0x3F,0xD0,0x00,0x00,
  0x00,0x00,0x00,0x00,0x00,0x00,0x00,0x3F,0xD0,0x00,0x00,0x00,0x00,0x00,0x00,0x00,
  0x00,0x00,0x3F,0xD0,0x00,0x00,0x00,0x00,0x00,0x00,0x00,0x00,0x00,0x3F,0xD0,0x00,
  0x00,0x00,0x00,0x00,0x00,0x00,0x00,0x00,0x3F,0xD0,0x00,0x00,0x00,0x00,0x00,0x00,
  0x00,0x00,0x00,0x3F,0xEA,0xAA,0xAA,0xAA,0xAA,0xAA,0x90,0x00,0x00,0x00,0x3F,0xFF,
  0xFF,0xFF,0xFF,0xFF,0xFF,0xE0,0x00,0x00,0x00,0x3F,0xFF,0xFF,0xFF,0xFF,0xFF,0xFF,
  0xE0,0x00,0x00,0x00,0x3F,0xFF,0xFF,0xFF,0xFF,0xFF,0xFF,0xE0,0x00,0x00,0x00,0x00,
  0x00,0x00,0x00,0x00,0x00,0x00,0x00,0x00,0x00,0x00,0x00,0x00,0x00,0x00,0x00,0x00,
  0xFF,0x40,0x00,0x00,0x00,0x00,0x00,0x00,0x00,0x00,0x00,0xFF,0x40,0x00,0x00,0x00,
  0x00,0xBF,0x80,0x00,0x00,0x00,0xFF,0x40,0x00,0x00,0x00,0x00,0xBF,0x80,0x00,0x00,
  0x00,0xFF,0x40,0x00,0x00,0x00,0x00,0xBF,0x80,0x00,0x00,0x00,0xFF,0x40,0x00,0x00,
  0x00,0x00,0xBF,0x80,0x00,0x00,0x00,0xFF,0x40,0x00,0x00,0x00,0x00,0xBF,0xC0,0x00,
  0x00,0x00,0xFF,0x40,0x00,0x00,0x00,0x00,0xFF,0xC0,0x00,0x00,0x00,0xFF,0x40,0x00,
  0x00,0x00,0x00,0xFF,0xC0,0x00,0x00,0x00,0xFF,0x40,0x00,0x00,0x00,0x01,0xFF,0xD0,
  0x00,0x00,0x00,0xFF,0x40,0x00,0x00,0x00,0x02,0xFF,0xE0,0x00,0x00,0x00,0xFF,0x40,
  0x00,0x00,0x00,0x03,0xFF,0xF0,0x00,0x00,0x00,0xFF,0x40,0x00,0x00,0x00,0x07,0xFF,
  0xF8,0x00,0x00,0x00,0xFF,0x40,0x00,0x00,0x00,0x0F,0xFB,0xFD,0x00,0x00,0x00,0xFF,
  0x40,0x00,0x00,0x00,0x2F,0xF2,0xFF,0x40,0x00,0x00,0xFF,0x40,0x00,0x00,0x00,0x7F,
  0xD0,0xFF,0xD0,0x00,0x00,0xFF,0x40,0x00,0x00,0x01,0xFF,0xC0,0x7F,0xF4,0x00,0x00,
  0xFF,0x40,0x00,0x00,0x07,0xFF,0x40,0x2F,0xFE,0x00,0x00,0xFF,0x40,0x00,0x00,0x2F,
  0xFD,0x00,0x0B,0xFF,0xE4,0x00,0xFF,0x40,0x00,0x06,0xFF,0xF8,0x00,0x01,0xFF,0xFC,
  0x00,0xFF,0x40,0x00,0x0F,0xFF,0xD0,0x00,0x00,0x7F,0xF4,0x00,0xFF,0x40,0x00,0x07,
  0xFF,0x40,0x00,0x00,0x07,0xE0,0x00,0xFF,0x40,0x00,0x02,0xF4,0x00,0x00,0x00,0x00,
  0x40,0x00,0xFF,0x40,0x00,0x00,0x40,0x00,0x00,0x00,0x00,0x00,0x00,0xFF,0x40,0x00,
  0x00,0x00,0x00,0x00,0x00,0x00,0x00,0x00,0xFF,0x40,0x00,0x00,0x00,0x00,0x00,0x00,
  0x00,0x00,0x00,0x00,0x00,0x00,0x00,0x00,0x00,0x01,0xAF,0xFF,0xFE,0x90,0x00,0x00,
  0x00,0x00,0x00,0x00,0x6F,0xFF,0xFF,0xFF,0xFE,0x00,0x00,0x00,0x00,0x00,0x02,0xFF,
  0xFF,0xFF,0xFF,0xFF,0xE0,0x00,0x00,0x00,0x00,0x0F,0xFF,0xEA,0x55,0xAB,0xFF,0xF8,
  0x00,0x00,0x00,0x00,0x3F,0xFD,0x00,0x00,0x00,0x2F,0xFE,0x00,0x00,0x00,0x00,0x7F,
  0xE0,0x00,0x00,0x00,0x03,0xFF,0x00,0x00,0x00,0x00,0xBF,0xC0,0x00,0x00,0x00,0x00,
  0xFF,0x40,0x00,0x00,0x00,0xFF,0x80,0x00,0x00,0x00,0x00,0xBF,0x80,0x00,0x00,0x00,
  0xFF,0x80,0x00,0x00,0x00,0x00,0xFF,0x80,0x00,0x00,0x00,0xBF,0xC0,0x00,0x00,0x00,
  0x01,0xFF,0x40,0x00,0x00,0x00,0x7F,0xF4,0x00,0x00,0x00,0x07,0xFF,0x00,0x00,0x00,
  0x00,0x2F,0xFE,0x40,0x00,0x01,0x6F,0xFD,0x00,0x00,0x00,0x00,0x0B,0xFF,0xFE,0xAA,
  0xBF,0xFF,0xF4,0x00,0x00,0x00,0x00,0x01,0xFF,0xFF,0xFF,0xFF,0xFF,0xD0,0x00,0x00,
  0x00,0x00,0x00,0x1B,0xFF,0xFF,0xFF,0xF9,0x00,0x00,0x00,0x00,0x00,0x00,0x00,0x5A,
  0xAE,0xA9,0x40,0x00,0x00,0x00,0x00,0x00,0x00,0x00,0x00,0x00,0x00,0x00,0x00,0x00,
  0x00,0x00,0x00,0x00,0x00,0x00,0x00,0x00,0x1F,0xF4,0x00,0x00,0x00,0x00,0x00,0x00,
  0x00,0x00,0x00,0x1F,0xF4,0x00,0x00,0x00,0x00,0x00,0x00,0x00,0x00,0x00,0x1F,0xF4,
  0x00,0x00,0x00,0x00,0x1A,0xE9,0x00,0x00,0x00,0x1F,0xF4,0x00,0x00,0x00,0x01,0xBF,
  0xFF,0xE0,0x00,0x00,0x1F,0xF4,0x00,0x00,0x00,0x07,0xFF,0xFF,0xFC,0x00,0x00,0x1F,
  0xF4,0x00,0x00,0x00,0x1F,0xFF,0xFF,0xFF,0x00,0x00,0x1F,0xF4,0x00,0x00,0x00,0x7F,
  0xF9,0x17,0xFF,0x80,0x00,0x1F,0xF4,0x00,0x00,0x00,0xBF,0xD0,0x00,0xBF,0xD0,0x00,
  0x1F,0xF4,0x00,0x00,0x01,0xFF,0x40,0x00,0x2F,0xF0,0x00,0x1F,0xF4,0x00,0x00,0x02,
  0xFF,0x00,0x00,0x1F,0xF4,0x00,0x1F,0xF4,0x00,0x00,0x03,0xFD,0x00,0x00,0x0B,0xF8,
  0x00,0x1F,0xF4,0x00,0x00,0x07,0xFC,0x00,0x00,0x07,0xFC,0x00,0x1F,0xF4,0x00,0x00,
  0x0B,0xF8,0x00,0x00,0x03,0xFC,0x00,0x1F,0xF4,0x00,0x00,0x0B,0xF8,0x00,0x00,0x03,
  0xFD,0x00,0x1F,0xF4,0x00,0x00,0x0B,0xF4,0x00,0x00,0x02,0xFD,0x00,0x1F,0xF4,0x00,
  0x00,0x0F,0xF4,0x00,0x00,0x02,0xFD,0x00,0x1F,0xFA,0xAA,0x80,0x0F,0xF4,0x00,0x00,
  0x02,0xFE,0x00,0x1F,0xFF,0xFF,0xC0,0x0F,0xF4,0x00,0x00,0x02,0xFE,0x00,0x1F,0xFF,
  0xFF,0xC0,0x0F,0xF4,0x00,0x00,0x02,0xFD,0x00,0x1F,0xFF,0xFF,0xC0,0x0B,0xF4,0x00,
  0x00,0x03,0xFD,0x00,0x1F,0xF5,0x55,0x40,0x0B,0xF8,0x00,0x00,0x03,0xFD,0x00,0x1F,
  0xF4,0x00,0x00,0x07,0xFC,0x00,0x00,0x07,0xFC,0x00,0x1F,0xF4,0x00,0x00,0x07,0xFC,
  0x00,0x00,0x0B,0xFC,0x00,0x1F,0xF4,0x00,0x00,0x03,0xFE,0x00,0x00,0x0F,0xF8,0x00,
  0x1F,0xF4,0x00,0x00,0x02,0xFF,0x00,0x00,0x1F,0xF4,0x00,0x1F,0xF4,0x00,0x00,0x01,
  0xFF,0x80,0x00,0x3F,0xE0,0x00,0x1F,0xF4,0x00,0x00,0x00,0xBF,0xE0,0x01,0xFF,0xD0,
  0x00,0x1F,0xF4,0x00,0x00,0x00,0x3F,0xFE,0x5B,0xFF,0x80,0x00,0x1F,0xF4,0x00,0x00,
  0x00,0x1F,0xFF,0xFF,0xFE,0x00,0x00,0x1F,0xF4,0x00,0x00,0x00,0x07,0xFF,0xFF,0xF8,
  0x00,0x00,0x1F,0xF4,0x00,0x00,0x00,0x00,0xBF,0xFF,0x90,0x00,0x00,0x1F,0xF4,0x00,
  0x00,0x00,0x00,0x05,0xA5,0x00,0x00,0x00,0x1F,0xF4,0x00,0x00,0x00,0x00,0x00,0x00,
  0x00,0x00,0x00,0x1F,0xF4,0x00,0x00,0x00,0x00,0x00,0x00,0x00,0x00,0x00,0x1F,0xF4,
  0x00,0x00,0x00,0x00,0x00,0x00,0x00,0x00,0x00,0x1F,0xF4,0x00,0x00,0x00,0x00,0x00,
  0x00,0x00,0x00,0x00,0x1F,0xF4,0x00,0x00,0x00,0x00,0x00,0x00,0x00,0x00,0x00,0x1F,
  0xF4,0x00,0x00,0x00,0x00,0x00,0x00,0x00,0x00,0x00,0x1F,0xF4,0x00,0x00,0x00,0x00,
  0x00,0x00,0x00,0x00,0x00,0x1F,0xF4,0x00,0x00,0x00,0x00,0x00,0x00,0x00,0x00,0x00,
  0x1F,0xF4,0x00,0x00,0x00,0x00,0x00,0x00,0x00,0x00,0x00,0x1F,0xF4,0x00,0x00,0x00,
  0x00,0x00,0x00,0x00,0x00,0x00,0x00,0x00,0x00,0x00,0x00,0x00,0x00,0x00,0x00,0x00,
  0x00,0x0F,0xF8,0x00,0x00,0x00,0x00,0x00,0x00,0x00,0x00,0x00,0x0F,0xF8,0x00,0x00,
  0x00,0x00,0x00,0x00,0x00,0x00,0x00,0x0F,0xF8,0x00,0x00,0x00,0x00,0x6B,0xFF,0x90,
  0x00,0x00,0x0F,0xF8,0x00,0x00,0x00,0x02,0xFF,0xFF,0xFE,0x00,0x00,0x0F,0xF8,0x00,
  0x00,0x00,0x1F,0xFF,0xFF,0xFF,0x80,0x00,0x0F,0xF8,0x00,0x00,0x00,0x7F,0xFF,0xEF,
  0xFF,0xF0,0x00,0x0F,0xF8,0x00,0x00,0x00,0xFF,0xF4,0x00,0x7F,0xF8,0x00,0x0F,0xF8,
  0x00,0x00,0x02,0xFF,0x80,0x00,0x0B,0xFD,0x00,0x0F,0xF8,0x00,0x00,0x03,0xFE,0x00,
  0x00,0x03,0xFE,0x00,0x0F,0xF8,0x00,0x00,0x07,0xFD,0x00,0x00,0x01,0xFF,0x00,0x0F,
  0xF8,0x00,0x00,0x0B,0xF8,0x00,0x00,0x00,0xFF,0x40,0x0F,0xF8,0x00,0x00,0x0B,0xF8,
  0x00,0x00,0x00,0xFF,0x40,0x0F,0xF9,0x55,0x40,0x0B,0xF8,0x00,0x00,0x00,0xBF,0x80,
  0x0F,0xFF,0xFF,0x80,0x0B,0xF8,0x00,0x00,0x00,0xFF,0x40,0x0F,0xFF,0xFF,0x80,0x0B,
  0xFC,0x00,0x00,0x01,0xFF,0x40,0x0F,0xFF,0xFF,0x80,0x07,0xFD,0x00,0x00,0x02,0xFF,
  0x00,0x0F,0xF9,0x55,0x00,0x03,0xFF,0x00,0x00,0x07,0xFE,0x00,0x0F,0xF8,0x00,0x00,
  0x01,0xFF,0xD0,0x00,0x2F,0xFC,0x00,0x0F,0xF8,0x00,0x00,0x00,0xBF,0xF9,0x56,0xFF,
  0xF4,0x00,0x0F,0xF8,0x00,0x00,0x00,0x2F,0xFF,0xFF,0xFF,0xE0,0x00,0x0F,0xF8,0x00,
  0x00,0x00,0x0B,0xFF,0xFF,0xFF,0x40,0x00,0x0F,0xF8,0x00,0x00,0x00,0x01,0xBF,0xFF,
  0xF8,0x00,0x00,0x0F,0xF8,0x00,0x00,0x00,0x00,0x06,0xAA,0x40,0x00,0x00,0x0F,0xF8,
  0x00,0x00,0x00,0x00,0x00,0x00,0x00,0x00,0x00,0x0F,0xF8,0x00,0x00,0x00,0x00,0x00,
  0x00,0x00,0x00,0x00,0x0F,0xF8,0x00,0x00,0x00,0x00,0x00,0x00,0x00,0x00,0x00,0x0F,
  0xF8,0x00,0x00,0x00,0x00,0x55,0x00,0x00,0x00,0x00,0x0F,0xF8,0x00,0x00,0x00,0x00,
  0xFF,0x40,0x00,0x00,0x00,0x0F,0xF8,0x00,0x00,0x00,0x00,0xFF,0x40,0x00,0x00,0x00,
  0x0F,0xF8,0x00,0x00,0x00,0x00,0xFF,0x40,0x00,0x00,0x00,0x0A,0xA4,0x00,0x00,0x00,
  0x00,0xFF,0x40,0x00,0x00,0x00,0x00,0x00,0x00,0x00,0x00,0x00,0xFF,0x40,0x00,0x00,
  0x00,0x00,0x00,0x00,0x00,0x00,0x00,0xFF,0x40,0x00,0x00,0x00,0x00,0x00,0x00,0x00,
  0x00,0x00,0xFF,0x40,0x00,0x00,0x00,0x00,0x00,0x00,0x00,0x00,0x00,0xFF,0x40,0x00,
  0x00,0x00,0x00,0x00,0x00,0x00,0x00,0x00,0xFF,0x40,0x00,0x00,0x00,0x00,0x00,0x00,
  0x00,0x00,0x00,0xFF,0xAA,0xAA,0xAA,0xAA,0xAA,0xAA,0x40,0x00,0x00,0x00,0xFF,0xFF,
  0xFF,0xFF,0xFF,0xFF,0xFF,0x40,0x00,0x00,0x00,0xFF,0xFF,0xFF,0xFF,0xFF,0xFF,0xFF,
  0x40,0x00,0x00,0x00,0xFF,0xFF,0xFF,0xFF,0xFF,0xFF,0xFF,0x40,0x00,0x00,0x00,0x00,
  0x00,0x00,0x00,0x00,0x00,0x00,0x00,0x00,0x00,0x00,0x00,0x00,0x00,0x00,0x00,0x00,
  0x00,0x00,0x00,0x00,0x00,0x00,0x00,0x00,0x00,0x00,0x0F,0xF8,0x00,0x00,0x00,0x00,
  0x05,0xA5,0x00,0x00,0x00,0x0F,0xF8,0x00,0x00,0x00,0x01,0xBF,0xFF,0xF4,0x00,0x00,
  0x0F,0xF8,0x00,0x00,0x00,0x0B,0xFF,0xFF,0xFF,0x40,0x00,0x0F,0xF8,0x00,0x00,0x00,
  0x7F,0xFF,0xFF,0xFF,0xE0,0x00,0x0F,0xF8,0x00,0x00,0x00,0xFF,0xF9,0x45,0xBF,0xF4,
  0x00,0x0F,0xF8,0x00,0x00,0x02,0xFF,0x80,0x00,0x1F,0xFC,0x00,0x0F,0xF8,0x00,0x00,
  0x03,0xFE,0x00,0x00,0x07,0xFE,0x00,0x0F,0xF8,0x00,0x00,0x07,0xFC,0x00,0x00,0x02,
  0xFF,0x00,0x0F,0xF9,0x55,0x00,0x0B,0xF8,0x00,0x00,0x01,0xFF,0x00,0x0F,0xFF,0xFF,
  0x80,0x0B,0xF8,0x00,0x00,0x00,0xFF,0x40,0x0F,0xFF,0xFF,0x80,0x0B,0xF8,0x00,0x00,
  0x00,0xFF,0x00,0x0F,0xFF,0xFF,0x80,0x0B,0xFC,0x00,0x00,0x01,0xFF,0x00,0x0F,0xF9,
  0x55,0x40,0x07,0xFD,0x00,0x00,0x02,0xFE,0x00,0x0F,0xF8,0x00,0x00,0x03,0xFF,0x00,
  0x00,0x0B,0xFD,0x00,0x0F,0xF8,0x00,0x00,0x01,0xFF,0xD0,0x00,0x2F,0xFC,0x00,0x0F,
  0xF8,0x00,0x00,0x00,0xBF,0xFE,0x5A,0xFF,0xF4,0x00,0x0F,0xF8,0x00,0x00,0x00,0x2F,
  0xFF,0xFF,0xFF,0xD0,0x00,0x0F,0xF8,0x00,0x00,0x00,0x07,0xFF,0xFF,0xFE,0x00,0x00,
  0x0F,0xF8,0x00,0x00,0x00,0x00,0x6F,0xFF,0xA0,0x00,0x00,0x0F,0xF8,0x00,0x00,0x00,
  0x00,0x00,0x00,0x00,0x00,0x00,0x0F,0xF8,0x00,0x00,0x00,0x00,0x00,0x00,0x00,0x00,
  0x00,0x05,0x50,0x00,0x00,0x00,0x00,0x00,0x00,0x00,0x00,0x00,0x00,0x00,0x00,0x00,
  0x00,0x02,0xFF,0xFF,0xFF,0xFF,0xFF,0xFF,0xF4,0x00,0x00,0x00,0x02,0xFF,0xFF,0xFF,
  0xFF,0xFF,0xFF,0xF8,0x00,0x00,0x00,0x02,0xFF,0xFF,0xFF,0xFF,0xFF,0xFF,0xF8,0x00,
  0x00,0x00,0x01,0xAA,0xAA,0xAA,0xAA,0xAA,0xAF,0xF8,0x00,0x00,0x00,0x00,0x00,0x00,
  0x00,0x00,0x00,0x0F,0xF8,0x00,0x00,0x00,0x00,0x00,0x00,0x00,0x00,0x00,0x0F,0xF8,
  0x00,0x00,0x00,0x00,0x00,0x00,0x00,0x00,0x00,0x0F,0xF8,0x00,0x00,0x00,0x01,0xAA,
  0xAA,0xAA,0xAA,0xAA,0xAF,0xF8,0x00,0x00,0x00,0x01,0xFF,0xFF,0xFF,0xFF,0xFF,0xFF,
  0xF8,0x00,0x00,0x00,0x01,0xFF,0xFF,0xFF,0xFF,0xFF,0xFF,0xF8,0x00,0x00,0x00,0x01,
  0xFF,0xAA,0xAA,0xAA,0xAA,0xAA,0xA4,0x00,0x00,0x00,0x01,0xFF,0x00,0x00,0x00,0x00,
  0x00,0x00,0x00,0x00,0x00,0x01,0xFF,0x00,0x00,0x00,0x00,0x00,0x00,0x00,0x00,0x00,
  0x01,0xFF,0x00,0x00,0x00,0x00,0x00,0x00,0x00,0x00,0x00,0x01,0xFF,0x00,0x00,0x00,
  0x00,0x00,0x00,0x00,0x00,0x00,0x01,0xFF,0xFF,0xFF,0xFF,0xFF,0xFF,0xFF,0x00,0x00,
  0x00,0x01,0xFF,0xFF,0xFF,0xFF,0xFF,0xFF,0xFF,0x00,0x00,0x00,0x01,0xFF,0xFF,0xFF,
  0xFF,0xFF,0xFF,0xFF,0x00,0x00,0x00,0x01,0x55,0x55,0x55,0x55,0x55,0x55,0x55,0x00,
  0x00,0x00,0x00,0x00,0x00,0x00,0x00,0x00,0x00,0x00,0x00,0x00,0x00,0x00,0x00,0x00,
  0x00,0x00,0x00,0x00,0xFF,0x80,0x00,0x00,0x00,0x00,0x00,0x00,0x00,0x00,0x00,0xFF,
  0x80,0x00,0x00,0x00,0x00,0x00,0x00,0x00,0x00,0x00,0xFF,0x80,0x00,0x00,0x00,0x1A,
  0xA9,0x00,0x00,0x00,0x00,0xFF,0x80,0x00,0x00,0x00,0xBF,0xFF,0xE0,0x00,0x00,0x00,
  0xFF,0x80,0x00,0x00,0x07,0xFF,0xFF,0xFC,0x00,0x00,0x00,0xFF,0x80,0x00,0x00,0x1F,
  0xFF,0xFF,0xFF,0x00,0x00,0x00,0xFF,0x80,0x00,0x00,0x3F,0xF9,0x57,0xFF,0x80,0x00,
  0x00,0xFF,0x80,0x00,0x00,0xBF,0xE0,0x00,0xBF,0xD0,0x00,0x00,0xFF,0x80,0x00,0x00,
  0xFF,0x80,0x00,0x2F,0xF0,0x00,0x00,0xFF,0x80,0x00,0x01,0xFF,0x00,0x00,0x1F,0xF4,
  0x00,0x00,0xFF,0x80,0x00,0x03,0xFE,0x00,0x00,0x0B,0xF8,0x00,0x00,0xFF,0x80,0x00,
  0x03,0xFD,0x00,0x00,0x07,0xFC,0x00,0x00,0xFF,0x80,0x00,0x07,0xFC,0x00,0x00,0x03,
  0xFC,0x00,0x00,0xFF,0x80,0x00,0x07,0xF8,0x00,0x00,0x03,0xFD,0x00,0x00,0xFF,0x80,
  0x00,0x0B,0xF8,0x00,0x00,0x02,0xFE,0x55,0x55,0xFF,0x80,0x00,0x0B,0xF8,0x00,0x00,
  0x02,0xFF,0xFF,0xFF,0xFF,0x80,0x00,0x0B,0xF8,0x00,0x00,0x02,0xFF,0xFF,0xFF,0xFF,
  0x80,0x00,0x0B,0xF8,0x00,0x00,0x02,0xFF,0xFF,0xFF,0xFF,0x80,0x00,0x0B,0xF8,0x00,
  0x00,0x02,0xFE,0x55,0x55,0xFF,0x80,0x00,0x0B,0xF8,0x00,0x00,0x02,0xFD,0x00,0x00,
  0xFF,0x80,0x00,0x07,0xFC,0x00,0x00,0x03,0xFD,0x00,0x00,0xFF,0x80,0x00,0x07,0xFC,
  0x00,0x00,0x07,0xFC,0x00,0x00,0xFF,0x80,0x00,0x03,0xFD,0x00,0x00,0x07,0xFC,0x00,
  0x00,0xFF,0x80,0x00,0x02,0xFE,0x00,0x00,0x0B,0xF8,0x00,0x00,0xFF,0x80,0x00,0x01,
  0xFF,0x40,0x00,0x1F,0xF4,0x00,0x00,0xFF,0x80,0x00,0x00,0xFF,0xC0,0x00,0x3F,0xE0,
  0x00,0x00,0xFF,0x80,0x00,0x00,0x7F,0xE0,0x00,0xFF,0xD0,0x00,0x00,0xFF,0x80,0x00,
  0x00,0x2F,0xFE,0x5B,0xFF,0x80,0x00,0x00,0xFF,0x80,0x00,0x00,0x0F,0xFF,0xFF,0xFE,
  0x00,0x00,0x00,0xFF,0x80,0x00,0x00,0x02,0xFF,0xFF,0xF8,0x00,0x00,0x00,0xFF,0x80,
  0x00,0x00,0x00,0x7F,0xFF,0xD0,0x00,0x00,0x00,0xFF,0x80,0x00,0x00,0x00,0x05,0xA5,
  0x00,0x00,0x00,0x00,0xFF,0x80,0x00,0x00,0x00,0x00,0x00,0x00,0x00,0x00,0x00,0xFF,
  0x80,0x00,0x00,0x00,0x00,0x00,0x00,0x00,0x00,0x00,0xFF,0x80,0x00,0x00,0x00,0x00,
  0x00,0x00,0x00,0x00,0x00,0xFF,0x80,0x00,0x00,0x00,0x00,0x00,0x00,0x00,0x00,0x00,
  0xFF,0x80,0x00,0x00,0x00,0x00,0x00,0x00,0x00,0x00,0x00,0xFF,0x80,0x00,0x00,0x00,
  0x00,0x00,0x00,0x00,0x00,0x00,0xFF,0x80,0x00,0x00,0x00,0x00,0x00,0x00,0x00,0x00,
  0x00,0xFF,0x80,0x00,0x00,0x00,0x00,0x00,0x00,0x00,0x00,0x00,0xFF,0x80,0x00,0x00,
  0x00,0x00,0x00,0x00,0x00,0x00,0x00,0xFF,0x80,0x00,0x00,0x00,0x00,0x00,0x00,0x00,
  0x00,0x00,0x00,0x00,0x00,0x00,0x00,0x00,0x00,0x00,0x00,0x00,0x00,0x00,0x00,0x00,
  0x00,0x00,0x00,0x00,0x00,0x00,0x15,0x40,0x2F,0xE0,0x00,0x00,0x00,0x00,0x00,0x00,
  0x00,0x3F,0xC0,0x2F,0xE0,0x00,0x00,0x00,0x00,0x00,0x00,0x00,0x3F,0xC0,0x2F,0xE0,
  0x00,0x00,0x00,0x1A,0x50,0x00,0x00,0x3F,0xC0,0x2F,0xE0,0x00,0x00,0x02,0xFF,0xF8,
  0x00,0x00,0x3F,0xC0,0x2F,0xE0,0x00,0x00,0x0F,0xFF,0xFF,0x40,0x00,0x3F,0xC0,0x2F,
  0xE0,0x00,0x00,0x3F,0xFF,0xFF,0xD0,0x00,0x3F,0xC0,0x2F,0xE0,0x00,0x00,0xBF,0xFA,
  0xFF,0xE0,0x00,0x3F,0xC0,0x2F,0xE0,0x00,0x00,0xFF,0x80,0x2F,0xF4,0x00,0x3F,0xC0,
  0x2F,0xE0,0x00,0x02,0xFF,0x00,0x0B,0xF8,0x00,0x3F,0xC0,0x2F,0xE0,0x00,0x03,0xFD,
  0x00,0x07,0xFC,0x00,0x3F,0xC0,0x2F,0xE0,0x00,0x07,0xFC,0x00,0x02,0xFD,0x00,0x3F,
  0xC0,0x2F,0xE0,0x00,0x07,0xF8,0x00,0x02,0xFE,0x00,0x3F,0xC0,0x2F,0xE0,0x00,0x0B,
  0xF8,0x00,0x01,0xFF,0x00,0x3F,0xC0,0x2F,0xE0,0x00,0x0B,0xF4,0x00,0x00,0xFF,0x00,
  0x3F,0xC0,0x2F,0xE0,0x00,0x0F,0xF4,0x00,0x00,0xFF,0x00,0x3F,0xC0,0x2F,0xE0,0x00,
  0x0F,0xF4,0x00,0x00,0xFF,0xFF,0xFF,0xC0,0x2F,0xE0,0x00,0x0F,0xF0,0x00,0x00,0xFF,
  0xFF,0xFF,0xC0,0x2F,0xE0,0x00,0x0F,0xF0,0x00,0x00,0xFF,0xFF,0xFF,0xC0,0x2F,0xE0,
  0x00,0x0F,0xF4,0x00,0x00,0xFF,0xAA,0xBF,0xC0,0x2F,0xE0,0x00,0x0F,0xF4,0x00,0x00,
  0xFF,0x00,0x3F,0xC0,0x2F,0xE0,0x00,0x0B,0xF4,0x00,0x00,0xFF,0x00,0x3F,0xC0,0x2F,
  0xE0,0x00,0x0B,0xF4,0x00,0x01,0xFF,0x00,0x3F,0xC0,0x2F,0xE0,0x00,0x07,0xF8,0x00,
  0x01,0xFE,0x00,0x3F,0xC0,0x2F,0xE0,0x00,0x07,0xFC,0x00,0x02,0xFD,0x00,0x3F,0xC0,
  0x2F,0xE0,0x00,0x03,0xFD,0x00,0x03,0xFD,0x00,0x3F,0xC0,0x2F,0xE0,0x00,0x02,0xFE,
  0x00,0x0B,0xFC,0x00,0x3F,0xC0,0x2F,0xE0,0x00,0x01,0xFF,0x80,0x1F,0xF4,0x00,0x3F,
  0xC0,0x2F,0xE0,0x00,0x00,0xBF,0xE5,0xBF,0xF0,0x00,0x3F,0xC0,0x2F,0xE0,0x00,0x00,
  0x3F,0xFF,0xFF,0xD0,0x00,0x3F,0xC0,0x2F,0xE0,0x00,0x00,0x1F,0xFF,0xFF,0x40,0x00,
  0x3F,0xC0,0x2F,0xE0,0x00,0x00,0x07,0xFF,0xFD,0x00,0x00,0x3F,0xC0,0x2F,0xE0,0x00,
  0x00,0x00,0x6F,0x90,0x00,0x00,0x3F,0xC0,0x2F,0xE0,0x00,0x00,0x00,0x00,0x00,0x00,
  0x00,0x3F,0xC0,0x2F,0xE0,0x00,0x00,0x00,0x00,0x00,0x00,0x00,0x3F,0xC0,0x2F,0xE0,
  0x00,0x00,0x00,0x00,0x00,0x00,0x00,0x3F,0xC0,0x2F,0xE0,0x00,0x00,0x00,0x00,0x00,
  0x00,0x00,0x3F,0xC0,0x2F,0xE0,0x00,0x00,0x00,0x00,0x00,0x00,0x00,0x3F,0xC0,0x2F,
  0xE0,0x00,0x00,0x00,0x00,0x00,0x00,0x00,0x3F,0xC0,0x2F,0xE0,0x00,0x00,0x00,0x00,
  0x00,0x00,0x00,0x3F,0xC0,0x2F,0xE0,0x00,0x00,0x00,0x00,0x00,0x00,0x00,0x00,0x00,
  0x2F,0xE0,0x00,0x00,0x00,0x00,0x00,0x00,0x00,0x00,0x00,0x2F,0xE0,0x00,0x00,0x00,
  0x00,0x00,0x00,0x00,0x00,0x00,0xFF,0x80,0x00,0x00,0x00,0x00,0x00,0x00,0x00,0x00,
  0x00,0xFF,0x80,0x00,0x00,0x00,0x01,0x54,0x00,0x00,0x00,0x00,0xFF,0x80,0x00,0x00,
  0x00,0x6F,0xFF,0xE0,0x00,0x00,0x00,0xFF,0x80,0x00,0x00,0x07,0xFF,0xFF,0xFD,0x00,
  0x00,0x00,0xFF,0x80,0x00,0x00,0x2F,0xFF,0xFF,0xFF,0x80,0x00,0x00,0xFF,0x80,0x00,
  0x00,0x7F,0xFF,0xAB,0xFF,0xEA,0xAA,0xAA,0xFF,0x80,0x00,0x01,0xFF,0xE0,0x00,0x7F,
  0xFF,0xFF,0xFF,0xFF,0x80,0x00,0x02,0xFF,0x40,0x00,0x0F,0xFF,0xFF,0xFF,0xFF,0x80,
  0x00,0x07,0xFE,0x00,0x00,0x07,0xFF,0xFF,0xFF,0xFF,0x80,0x00,0x07,0xFC,0x00,0x00,
  0x02,0xFE,0x00,0x00,0xFF,0x80,0x00,0x0B,0xF8,0x00,0x00,0x01,0xFF,0x00,0x00,0xFF,
  0x80,0x00,0x0B,0xF8,0x00,0x00,0x01,0xFF,0x00,0x00,0xFF,0x80,0x00,0x0B,0xF4,0x00,
  0x00,0x01,0xFF,0x00,0x00,0xFF,0x80,0x00,0x0B,0xF8,0x00,0x00,0x01,0xFF,0x00,0x00,
  0xFF,0x80,0x00,0x0B,0xFC,0x00,0x00,0x02,0xFE,0x00,0x00,0xFF,0x80,0x00,0x07,0xFD,
  0x00,0x00,0x03,0xFF,0xAA,0xAA,0xFF,0x80,0x00,0x03,0xFF,0x00,0x00,0x0B,0xFF,0xFF,
  0xFF,0xFF,0x80,0x00,0x01,0xFF,0x90,0x00,0x2F,0xFF,0xFF,0xFF,0xFF,0x80,0x00,0x00,
  0xBF,0xF9,0x46,0xFF,0xFF,0xFF,0xFF,0xFF,0x80,0x00,0x00,0x3F,0xFF,0xFF,0xFF,0xD0,
  0x00,0x00,0xFF,0x80,0x00,0x00,0x0B,0xFF,0xFF,0xFF,0x40,0x00,0x00,0xFF,0x80,0x00,
  0x00,0x01,0xFF,0xFF,0xF8,0x00,0x00,0x00,0xFF,0x80,0x00,0x00,0x00,0x1A,0xAA,0x40,
  0x00,0x00,0x00,0xFF,0x80,0x00,0x00,0x00,0x00,0x00,0x00,0x00,0x00,0x00,0xFF,0x80,
  0x00,0x00,0x00,0x00,0x00,0x00,0x00,0x00,0x00,0xFF,0x80,0x00,0x00,0x00,0x00,0x00,
  0x00,0x00,0x00,0x00,0xFF,0x80,0x00,0x00,0x00,0x15,0x50,0x00,0x00,0x00,0x00,0xFF,
  0x80,0x00,0x00,0x00,0x2F,0xE0,0x00,0x00,0x00,0x00,0xFF,0x80,0x00,0x00,0x00,0x2F,
  0xE0,0x00,0x00,0x00,0x00,0xFF,0x80,0x00,0x00,0x00,0x2F,0xE0,0x00,0x00,0x00,0x00,
  0xFF,0x80,0x00,0x00,0x00,0x2F,0xE0,0x00,0x00,0x00,0x00,0x00,0x00,0x00,0x00,0x00,
  0x2F,0xE0,0x00,0x00,0x00,0x00,0x00,0x00,0x00,0x00,0x00,0x2F,0xE0,0x00,0x00,0x00,
  0x00,0x00,0x00,0x00,0x00,0x00,0x2F,0xE0,0x00,0x00,0x00,0x00,0x00,0x00,0x00,0x00,
  0x00,0x2F,0xE0,0x00,0x00,0x00,0x00,0x00,0x00,0x00,0x00,0x00,0x2F,0xE0,0x00,0x00,
  0x00,0x00,0x00,0x00,0x00,0x00,0x00,0x2F,0xFA,0xAA,0xAA,0xAA,0xAA,0xAA,0x90,0x00,
  0x00,0x00,0x2F,0xFF,0xFF,0xFF,0xFF,0xFF,0xFF,0xE0,0x00,0x00,0x00,0x2F,0xFF,0xFF,
  0xFF,0xFF,0xFF,0xFF,0xE0,0x00,0x00,0x00,0x2F,0xFF,0xFF,0xFF,0xFF,0xFF,0xFF,0xE0,
  0x00,0x00,0x00,0x00,0x00,0x00,0x00,0x00,0x00,0x00,0x00,0x00,0x00,0x00,0x00,0x01,
  0x56,0xA5,0x50,0x00,0x00,0x00,0x00,0x00,0x00,0x01,0xBF,0xFF,0xFF,0xFF,0x90,0x00,
  0x00,0x00,0x00,0x00,0x2F,0xFF,0xFF,0xFF,0xFF,0xFE,0x40,0x00,0x00,0x00,0x01,0xFF,
  0xFF,0xFE,0xAF,0xFF,0xFF,0xE0,0x00,0x00,0x00,0x07,0xFF,0xE5,0x00,0x00,0x06,0xFF,
  0xF8,0x00,0x00,0x00,0x0B,0xFE,0x00,0x00,0x00,0x00,0x1F,0xFC,0x00,0x00,0x00,0x0F,
  0xF8,0x00,0x00,0x00,0x00,0x07,0xFD,0x00,0x00,0x00,0x1F,0xF4,0x00,0x00,0x00,0x00,
  0x03,0xFE,0x00,0x00,0x00,0x1F,0xF4,0x00,0x00,0x00,0x00,0x03,0xFE,0x00,0x00,0x00,
  0x0F,0xFD,0x00,0x00,0x00,0x00,0x0B,0xFD,0x00,0x00,0x00,0x07,0xFF,0x90,0x00,0x00,
  0x00,0x7F,0xF8,0x00,0x00,0x00,0x02,0xFF,0xFE,0xA5,0x55,0xAF,0xFF,0xF0,0x00,0x00,
  0x00,0x00,0x7F,0xFF,0xFF,0xFF,0xFF,0xFF,0x80,0x00,0x00,0x00,0x00,0x06,0xFF,0xFF,
  0xFF,0xFF,0xF8,0x00,0x00,0x00,0x00,0x00,0x00,0x16,0xAF,0xFF,0xA9,0x00,0x00,0x00,
  0x00,0x00,0x00,0x00,0x00,0x00,0x00,0x00,0x00,0x00,0x00,0x00,0x00,0x00,0x00,0x00,
  0x00,0x00,0x00,0x00,0x00,0x00,0x00,0x1A,0xAA,0xAA,0xAA,0xAA,0xAA,0xAA,0xAA,0xAA,
  0xA9,0x00,0x1F,0xFF,0xFF,0xFF,0xFF,0xFF,0xFF,0xFF,0xFF,0xFF,0x00,0x1F,0xFF,0xFF,
  0xFF,0xFF,0xFF,0xFF,0xFF,0xFF,0xFF,0x00,0x1F,0xFF,0xFF,0xFF,0xFF,0xFF,0xFF,0xFF,
  0xFF,0xFE,0x00,0x00,0x00,0x00,0x00,0x0B,0xFC,0x00,0x00,0x00,0x00,0x00,0x00,0x00,
  0x00,0x00,0x0B,0xFC,0x00,0x00,0x00,0x00,0x00,0x00,0x00,0x00,0x00,0x0B,0xFC,0x00,
  0x00,0x00,0x00,0x00,0x00,0x05,0x55,0x55,0x5B,0xFD,0x55,0x55,0x54,0x00,0x00,0x00,
  0x0F,0xFF,0xFF,0xFF,0xFF,0xFF,0xFF,0xFC,0x00,0x00,0x00,0x0F,0xFF,0xFF,0xFF,0xFF,
  0xFF,0xFF,0xFC,0x00,0x00,0x00,0x0B,0xFF,0xFF,0xFF,0xFF,0xFF,0xFF,0xFC,0x00,0x00,
  0x00,0x00,0x00,0x00,0x00,0x00,0x00,0x07,0xFC,0x00,0x00,0x00,0x00,0x00,0x00,0x00,
  0x00,0x00,0x07,0xFC,0x00,0x00,0x00,0x00,0x00,0x00,0x00,0x00,0x00,0x07,0xFC,0x00,
  0x00,0x00,0x0B,0xFF,0xFF,0xFF,0xFF,0xFF,0xFF,0xFC,0x00,0x00,0x00,0x0B,0xFF,0xFF,
  0xFF,0xFF,0xFF,0xFF,0xFC,0x00,0x00,0x00,0x0B,0xFF,0xFF,0xFF,0xFF,0xFF,0xFF,0xFC,
  0x00,0x00,0x00,0x0B,0xF9,0x55,0x55,0x55,0x55,0x55,0x54,0x00,0x00,0x00,0x0B,0xF8,
  0x00,0x00,0x00,0x00,0x00,0x00,0x00,0x00,0x00,0x0B,0xF8,0x00,0x00,0x00,0x00,0x00,
  0x00,0x00,0x00,0x00,0x0B,0xF8,0x00,0x00,0x00,0x00,0x00,0x00,0x00,0x00,0x00,0x0B,
  0xFF,0xFF,0xFF,0xFF,0xFF,0xFF,0xFF,0x00,0x00,0x00,0x0B,0xFF,0xFF,0xFF,0xFF,0xFF,
  0xFF,0xFF,0x40,0x00,0x00,0x0B,0xFF,0xFF,0xFF,0xFF,0xFF,0xFF,0xFF,0x40,0x00,0x00,
  0x06,0xAA,0xAA,0xAA,0xAA,0xAA,0xAA,0xAA,0x00,0x00,0x00,0x00,0x00,0x00,0x00,0x00,
  0x00,0x00,0x00,0x00,0x00,0x00,0x00,0x00,0x00,0x00,0x00,0x05,0x40,0x2F,0xE0,0x00,
  0x00,0x00,0x00,0x00,0x00,0x00,0x2F,0xE0,0x2F,0xE0,0x00,0x00,0x00,0x05,0x54,0x00,
  0x00,0x2F,0xE0,0x2F,0xE0,0x00,0x00,0x01,0xFF,0xFF,0x80,0x00,0x2F,0xE0,0x2F,0xE0,
  0x00,0x00,0x1B,0xFF,0xFF,0xF4,0x00,0x2F,0xE0,0x2F,0xE0,0x00,0x00,0x7F,0xFF,0xFF,
  0xFE,0x00,0x2F,0xE0,0x2F,0xE0,0x00,0x00,0xFF,0xE4,0x07,0xFF,0x40,0x2F,0xE0,0x2F,
  0xE0,0x00,0x01,0xFF,0x00,0x00,0xBF,0x80,0x2F,0xE0,0x2F,0xE0,0x00,0x02,0xFD,0x00,
  0x00,0x3F,0xC0,0x2F,0xE0,0x2F,0xE0,0x00,0x03,0xFC,0x00,0x00,0x2F,0xD0,0x2F,0xE0,
  0x2F,0xE0,0x00,0x03,0xFC,0x00,0x00,0x2F,0xD0,0x2F,0xE0,0x2F,0xE0,0x00,0x03,0xFC,
  0x00,0x00,0x2F,0xD0,0x2F,0xE0,0x2F,0xE0,0x00,0x02,0xFE,0x00,0x00,0x7F,0xC0,0x2F,
  0xE0,0x2F,0xE0,0x00,0x01,0xFF,0x40,0x00,0xFF,0x80,0x2F,0xE0,0x2F,0xE0,0x00,0x00,
  0xBF,0xE5,0x1B,0xFF,0x40,0x2F,0xE0,0x2F,0xE0,0x00,0x00,0x3F,0xFF,0xFF,0xFD,0x00,
  0x2F,0xE0,0x2F,0xE0,0x00,0x00,0x0B,0xFF,0xFF,0xE4,0x00,0x2F,0xE0,0x2F,0xE0,0x00,
  0x00,0x00,0xBF,0xFE,0x40,0x00,0x2F,0xE0,0x2F,0xE0,0x00,0x00,0x00,0x00,0x00,0x00,
  0x00,0x2F,0xE0,0x2F,0xE0,0x00,0x00,0x00,0x00,0x00,0x00,0x00,0x2F,0xE0,0x2F,0xE0,
  0x00,0x00,0x00,0x00,0x05,0x56,0xBC,0x2F,0xE0,0x2F,0xE0,0x00,0x3F,0xFF,0xFF,0xFF,
  0xFF,0xFC,0x2F,0xE0,0x2F,0xE0,0x00,0x2F,0xFF,0xFF,0xFF,0xFF,0xFC,0x2F,0xE0,0x2F,
  0xE0,0x00,0x2F,0xFF,0xFF,0xFF,0xFF,0xA4,0x2F,0xE0,0x2F,0xE0,0x00,0x1A,0xAA,0xAF,
  0xF5,0x40,0x00,0x2F,0xE0,0x2F,0xE0,0x00,0x00,0x00,0x0F,0xF0,0x00,0x00,0x2F,0xE0,
  0x2F,0xE0,0x00,0x00,0x00,0x0F,0xF0,0x00,0x00,0x2F,0xE0,0x2F,0xE0,0x00,0x00,0x00,
  0x0F,0xF0,0x0A,0xAA,0xBF,0xE0,0x2F,0xE0,0x00,0x00,0x00,0x0F,0xF0,0x1F,0xFF,0xFF,
  0xE0,0x2F,0xE0,0x00,0x00,0x00,0x0F,0xF0,0x1F,0xFF,0xFF,0xE0,0x2F,0xE0,0x00,0x00,
  0x00,0x0F,0xF0,0x0A,0xAA,0xBF,0xE0,0x2F,0xE0,0x00,0x00,0x00,0x0F,0xF0,0x00,0x00,
  0x2F,0xE0,0x2F,0xE0,0x00,0x00,0x00,0x0F,0xF0,0x00,0x00,0x2F,0xE0,0x2F,0xE0,0x00,
  0x00,0x00,0x0F,0xF0,0x00,0x00,0x2F,0xE0,0x2F,0xE0,0x00,0x00,0x00,0x0F,0xF0,0x00,
  0x00,0x2F,0xE0,0x2F,0xE0,0x00,0x00,0x00,0x0F,0xF0,0x00,0x00,0x2F,0xE0,0x2F,0xE0,
  0x00,0x00,0x00,0x0F,0xF0,0x00,0x00,0x2F,0xE0,0x2F,0xE0,0x00,0x00,0x00,0x0F,0xF0,
  0x00,0x00,0x2F,0xE0,0x2F,0xE0,0x00,0x00,0x00,0x0A,0xA0,0x00,0x00,0x2F,0xE0,0x2F,
  0xE0,0x00,0x00,0x00,0x00,0x00,0x00,0x00,0x2A,0x90,0x2F,0xE0,0x00,0x00,0x00,0x00,
  0x00,0x00,0x00,0x00,0x00,0x2F,0xE0,0x00,0x00,0x00,0x00,0x00,0x00,0x00,0x00,0x00,
  0x2F,0xE0,0x00,0x00,0x00,0x00,0x00,0x15,0x55,0x00,0x00,0x00,0x00,0x00,0x00,0x00,
  0x00,0x6F,0xFF,0xFF,0xFE,0x90,0x00,0x00,0x00,0x00,0x00,0x1B,0xFF,0xFF,0xFF,0xFF,
  0xFE,0x00,0x00,0x00,0x00,0x00,0xBF,0xFF,0xFF,0xFF,0xFF,0xFF,0xD0,0x00,0x00,0x00,
  0x03,0xFF,0xF9,0x40,0x00,0x56,0xFF,0xF4,0x00,0x00,0x00,0x0B,0xFE,0x40,0x00,0x00,
  0x00,0x2F,0xFC,0x00,0x00,0x00,0x0F,0xF8,0x00,0x00,0x00,0x00,0x07,0xFD,0x00,0x00,
  0x00,0x1F,0xF4,0x00,0x00,0x00,0x00,0x03,0xFE,0x00,0x00,0x00,0x1F,0xF4,0x00,0x00,
  0x00,0x00,0x03,0xFE,0x00,0x00,0x00,0x0F,0xFC,0x00,0x00,0x00,0x00,0x0B,0xFD,0x00,
  0x00,0x00,0x0B,0xFF,0x40,0x00,0x00,0x00,0x6F,0xFC,0x00,0x00,0x00,0x02,0xFF,0xFA,
  0x55,0x15,0x5B,0xFF,0xF4,0x00,0x00,0x00,0x00,0xBF,0xFF,0xFF,0xFF,0xFF,0xFF,0x90,
  0x00,0x00,0x00,0x00,0x1B,0xFF,0xFF,0xFF,0xFF,0xF9,0x00,0x00,0x00,0x00,0x00,0x00,
  0x6B,0xFF,0xFF,0xFA,0x40,0x00,0x00,0x00,0x00,0x00,0x00,0x00,0x00,0x00,0x00,0x00,
  0x00,0x00,0x00,0x00,0x00,0x00,0x00,0x00,0x00,0x00,0x00,0x00,0x00,0x00,0x05,0x55,
  0x55,0x55,0x55,0x55,0x55,0x55,0x55,0x55,0x00,0x1F,0xFF,0xFF,0xFF,0xFF,0xFF,0xFF,
  0xFF,0xFF,0xFF,0x00,0x1F,0xFF,0xFF,0xFF,0xFF,0xFF,0xFF,0xFF,0xFF,0xFF,0x00,0x1F,
  0xFF,0xFF,0xFF,0xFF,0xFF,0xFF,0xFF,0xFF,0xFF,0x00,0x05,0x55,0x55,0x55,0x55,0x55,
  0x55,0x55,0x55,0x55,0x00,0x00,0x00,0x00,0x00,0x00,0x00,0x00,0x00,0x00,0x00,0x00,
  0x00,0x00,0x00,0x00,0x00,0x00,0x00,0x00,0x00,0x00,0x00,0x00,0x05,0x55,0x55,0x55,
  0x55,0x55,0x55,0x54,0x00,0x00,0x00,0x0F,0xFF,0xFF,0xFF,0xFF,0xFF,0xFF,0xFC,0x00,
  0x00,0x00,0x0F,0xFF,0xFF,0xFF,0xFF,0xFF,0xFF,0xFC,0x00,0x00,0x00,0x0B,0xFF,0xFF,
  0xFF,0xFF,0xFF,0xFF,0xFC,0x00,0x00,0x00,0x00,0x00,0x00,0x00,0x00,0x00,0x07,0xFC,
  0x00,0x00,0x00,0x00,0x00,0x00,0x00,0x00,0x00,0x07,0xFC,0x00,0x00,0x00,0x00,0x00,
  0x00,0x00,0x00,0x00,0x07,0xFC,0x00,0x00,0x00,0x0B,0xFF,0xFF,0xFF,0xFF,0xFF,0xFF,
  0xFC,0x00,0x00,0x00,0x0B,0xFF,0xFF,0xFF,0xFF,0xFF,0xFF,0xFC,0x00,0x00,0x00,0x0B,
  0xFF,0xFF,0xFF,0xFF,0xFF,0xFF,0xFC,0x00,0x00,0x00,0x0B,0xF9,0x55,0x55,0x55,0x55,
  0x55,0x54,0x00,0x00,0x00,0x0B,0xF8,0x00,0x00,0x00,0x00,0x00,0x00,0x00,0x00,0x00,
  0x0B,0xF8,0x00,0x00,0x00,0x00,0x00,0x00,0x00,0x00,0x00,0x0B,0xF8,0x00,0x00,0x00,
  0x00,0x00,0x00,0x00,0x00,0x00,0x0B,0xFF,0xFF,0xFF,0xFF,0xFF,0xFF,0xFF,0x00,0x00,
  0x00,0x0B,0xFF,0xFF,0xFF,0xFF,0xFF,0xFF,0xFF,0x40,0x00,0x00,0x0B,0xFF,0xFF,0xFF,
  0xFF,0xFF,0xFF,0xFF,0x40,0x00,0x00,0x06,0xAA,0xAA,0xAA,0xAA,0xAA,0xAA,0xAA,0x00,
  0x00,0x00,0x00,0x00,0x00,0x00,0x00,0x00,0x00,0xFF,0x40,0x00,0x00,0x00,0x00,0x00,
  0x00,0x00,0x00,0x00,0xFF,0x40,0x00,0x00,0x00,0x00,0x00,0x00,0x00,0x00,0x00,0xFF,
  0x40,0x00,0x00,0x00,0x1B,0xFF,0xA0,0x00,0x00,0x00,0xFF,0x40,0x00,0x00,0x02,0xFF,
  0xFF,0xFE,0x00,0x00,0x00,0xFF,0x40,0x00,0x00,0x1F,0xFF,0xFF,0xFF,0xD0,0x00,0x00,
  0xFF,0x40,0x00,0x00,0x3F,0xFF,0xEF,0xFF,0xF4,0x00,0x00,0xFF,0x40,0x00,0x00,0xBF,
  0xF4,0x00,0x7F,0xFC,0x00,0x00,0xFF,0x40,0x00,0x01,0xFF,0x80,0x00,0x0B,0xFE,0x00,
  0x00,0xFF,0x40,0x00,0x03,0xFF,0x00,0x00,0x03,0xFF,0x00,0x00,0xFF,0x40,0x00,0x07,
  0xFD,0x00,0x00,0x01,0xFF,0x40,0x00,0xFF,0x40,0x00,0x07,0xFC,0x00,0x00,0x00,0xFF,
  0x80,0x00,0xFF,0x40,0x00,0x0B,0xF8,0x00,0x00,0x00,0xBF,0x80,0x00,0xFF,0x40,0x00,
  0x0B,0xF8,0x00,0x00,0x00,0xBF,0x80,0x00,0xFF,0x40,0x00,0x07,0xFC,0x00,0x00,0x00,
  0xBF,0x80,0x00,0xFF,0x40,0x00,0x07,0xFC,0x00,0x00,0x00,0xFF,0x40,0x00,0xFF,0x40,
  0x00,0x03,0xFE,0x00,0x00,0x02,0xFF,0x40,0x00,0xFF,0x40,0x00,0x02,0xFF,0x40,0x00,
  0x07,0xFF,0x00,0x00,0xFF,0x40,0x00,0x01,0xFF,0xD0,0x00,0x1F,0xFD,0x00,0x00,0xFF,
  0x40,0x00,0x00,0xBF,0xFE,0x56,0xBF,0xF8,0x00,0x00,0xFF,0x40,0x00,0x00,0x2F,0xFF,
  0xFF,0xFF,0xE0,0x00,0x00,0xFF,0x40,0x00,0x00,0x07,0xFF,0xFF,0xFF,0x80,0x00,0x00,
  0xFF,0x40,0x00,0x00,0x00,0xBF,0xFF,0xF9,0x00,0x00,0x00,0xFF,0x40,0x00,0x00,0x00,
  0x06,0xAA,0x40,0x00,0x00,0x00,0xFF,0x40,0x00,0x00,0x00,0x00,0x00,0x00,0x00,0x00,
  0x00,0xFF,0x40,0x00,0x00,0x00,0x00,0x00,0x00,0x00,0x00,0x00,0xFF,0x40,0x00,0x00,
  0x00,0x00,0x00,0x00,0x00,0x00,0x00,0xFF,0x40,0x00,0x00,0x00,0x2A,0x90,0x00,0x00,
  0x00,0x00,0xFF,0x40,0x00,0x00,0x00,0x3F,0xD0,0x00,0x00,0x00,0x00,0xFF,0x40,0x00,
  0x00,0x00,0x3F,0xD0,0x00,0x00,0x00,0x00,0xFF,0x40,0x00,0x00,0x00,0x3F,0xD0,0x00,
  0x00,0x00,0x00,0xAA,0x40,0x00,0x00,0x00,0x3F,0xD0,0x00,0x00,0x00,0x00,0x00,0x00,
  0x00,0x00,0x00,0x3F,0xD0,0x00,0x00,0x00,0x00,0x00,0x00,0x00,0x00,0x00,0x3F,0xD0,
  0x00,0x00,0x00,0x00,0x00,0x00,0x00,0x00,0x00,0x3F,0xD0,0x00,0x00,0x00,0x00,0x00,
  0x00,0x00,0x00,0x00,0x3F,0xD0,0x00,0x00,0x00,0x00,0x00,0x00,0x00,0x00,0x00,0x3F,
  0xD0,0x00,0x00,0x00,0x00,0x00,0x00,0x00,0x00,0x00,0x3F,0xEA,0xAA,0xAA,0xAA,0xAA,
  0xAA,0x90,0x00,0x00,0x00,0x3F,0xFF,0xFF,0xFF,0xFF,0xFF,0xFF,0xE0,0x00,0x00,0x00,
  0x3F,0xFF,0xFF,0xFF,0xFF,0xFF,0xFF,0xE0,0x00,0x00,0x00,0x3F,0xFF,0xFF,0xFF,0xFF,
  0xFF,0xFF,0xE0,0x00,0x00,0x00,0x00,0x00,0x00,0x00,0x00,0x00,0x00,0x00,0x00,0x00,
  0x00,0x00,0x00,0x00,0x00,0x00,0x00,0x00,0x00,0x00,0x00,0x00,0x00,0x00,0x00,0x00,
  0x00,0x1F,0xF4,0x00,0x00,0x00,0x00,0x00,0x00,0x00,0x00,0x00,0x1F,0xF4,0x00,0x00,
  0x00,0x00,0x00,0x00,0x00,0x00,0x00,0x1F,0xF4,0x00,0x00,0x00,0x00,0x00,0x00,0x00,
  0x00,0x00,0x1F,0xF4,0x00,0x00,0x0A,0xAA,0xAA,0xAA,0xAA,0xAA,0x90,0x1F,0xF4,0x00,
  0x00,0x0B,0xFF,0xFF,0xFF,0xFF,0xFF,0xD0,0x1F,0xF4,0x00,0x00,0x0B,0xFF,0xFF,0xFF,
  0xFF,0xFF,0xD0,0x1F,0xF4,0x00,0x00,0x0B,0xFF,0xFF,0xFF,0xFF,0xFF,0xD0,0x1F,0xF4,
  0x00,0x00,0x00,0x00,0x01,0xFF,0x40,0x00,0x00,0x1F,0xF4,0x00,0x00,0x00,0x00,0x01,
  0xFF,0x40,0x00,0x00,0x1F,0xF4,0x00,0x00,0x00,0x00,0x01,0xFF,0x40,0x00,0x00,0x1F,
  0xF4,0x00,0x00,0x00,0x00,0x01,0xFF,0x40,0x00,0x00,0x1F,0xF4,0x00,0x00,0x00,0x00,
  0x01,0xFF,0x40,0x00,0x00,0x1F,0xF4,0x00,0x00,0x00,0x00,0x01,0xFF,0x40,0x00,0x00,
  0x1F,0xF4,0x00,0x00,0x00,0x00,0x01,0xFF,0x40,0x00,0x00,0x1F,0xF4,0x00,0x00,0x00,
  0x00,0x02,0xFF,0x80,0x00,0x00,0x1F,0xF4,0x00,0x00,0x00,0x00,0x02,0xFF,0x80,0x00,
  0x00,0x1F,0xF9,0x55,0x40,0x00,0x00,0x03,0xFF,0xC0,0x00,0x00,0x1F,0xFF,0xFF,0xC0,
  0x00,0x00,0x07,0xFF,0xD0,0x00,0x00,0x1F,0xFF,0xFF,0xC0,0x00,0x00,0x0B,0xFF,0xE0,
  0x00,0x00,0x1F,0xFF,0xFF,0xC0,0x00,0x00,0x0F,0xFF,0xF4,0x00,0x00,0x1F,0xF9,0x55,
  0x40,0x00,0x00,0x2F,0xE7,0xF8,0x00,0x00,0x1F,0xF4,0x00,0x00,0x00,0x00,0x3F,0xD3,
  0xFD,0x00,0x00,0x1F,0xF4,0x00,0x00,0x00,0x00,0xBF,0x82,0xFF,0x00,0x00,0x1F,0xF4,
  0x00,0x00,0x00,0x01,0xFF,0x40,0xFF,0x80,0x00,0x1F,0xF4,0x00,0x00,0x00,0x07,0xFE,
  0x00,0x7F,0xE0,0x00,0x1F,0xF4,0x00,0x00,0x00,0x0F,0xFC,0x00,0x2F,0xF8,0x00,0x1F,
  0xF4,0x00,0x00,0x00,0x3F,0xF4,0x00,0x0F,0xFE,0x00,0x1F,0xF4,0x00,0x00,0x01,0xFF,
  0xE0,0x00,0x07,0xFF,0xD0,0x1F,0xF4,0x00,0x00,0x0B,0xFF,0x80,0x00,0x01,0xFF,0xF8,
  0x1F,0xF4,0x00,0x00,0x3F,0xFF,0x00,0x00,0x00,0x7F,0xF0,0x1F,0xF4,0x00,0x00,0x1F,
  0xFC,0x00,0x00,0x00,0x0B,0xD0,0x1F,0xF4,0x00,0x00,0x0B,0xE0,0x00,0x00,0x00,0x01,
  0x80,0x1F,0xF4,0x00,0x00,0x02,0x40,0x00,0x00,0x00,0x00,0x00,0x1F,0xF4,0x00,0x00,
  0x00,0x00,0x00,0x00,0x00,0x00,0x00,0x1F,0xF4,0x00,0x00,0x00,0x00,0x00,0x00,0x00,
  0x00,0x00,0x1F,0xF4,0x00,0x00,0x00,0x00,0x00,0x00,0x00,0x00,0x00,0x1F,0xF4,0x00,
  0x00,0x00,0x00,0x00,0x00,0x00,0x00,0x00,0x1F,0xF4,0x00,0x00,0x00,0x00,0x00,0x00,
  0x00,0x00,0x00,0x1F,0xF4,0x00,0x00,0x00,0x00,0x00,0x00,0x00,0x00,0x00,0x1F,0xF4,
  0x00,0x00,0x00,0x00,0x00,0x00,0x00,0x00,0x00,0x1F,0xF4,0x00,0x00,0x00,0x00,0x00,
  0x00,0x00,0x00,0x00,0x1F,0xF4,0x00,0x00,0x00,0x00,0x00,0x00,0x00,0x00,0x00,0x00,
  0xFF,0x80,0x00,0x00,0x00,0x00,0x00,0x00,0x00,0x00,0x00,0xFF,0x80,0x00,0x00,0x00,
  0x00,0x00,0x00,0x00,0x00,0x00,0xFF,0x80,0x00,0x02,0xAA,0xAA,0xAA,0xAA,0xAA,0x90,
  0x00,0xFF,0x80,0x00,0x03,0xFF,0xFF,0xFF,0xFF,0xFF,0xE0,0x00,0xFF,0x80,0x00,0x03,
  0xFF,0xFF,0xFF,0xFF,0xFF,0xE0,0x00,0xFF,0x80,0x00,0x03,0xFF,0xFF,0xFF,0xFF,0xFF,
  0xE0,0x00,0xFF,0x80,0x00,0x00,0x00,0x00,0xFF,0x80,0x00,0x00,0x00,0xFF,0x80,0x00,
  0x00,0x00,0x00,0xFF,0x80,0x00,0x00,0x00,0xFF,0x80,0x00,0x00,0x00,0x00,0xFF,0x80,
  0x00,0x00,0x00,0xFF,0x80,0x00,0x00,0x00,0x00,0xFF,0x80,0x00,0x00,0x00,0xFF,0x80,
  0x00,0x00,0x00,0x01,0xFF,0xC0,0x00,0xAA,0xAA,0xFF,0x80,0x00,0x00,0x00,0x02,0xFF,
  0xD0,0x00,0xFF,0xFF,0xFF,0x80,0x00,0x00,0x00,0x03,0xFF,0xE0,0x00,0xFF,0xFF,0xFF,
  0x80,0x00,0x00,0x00,0x07,0xFF,0xF4,0x00,0xFF,0xFF,0xFF,0x80,0x00,0x00,0x00,0x0F,
  0xFF,0xFC,0x00,0x00,0x00,0xFF,0x80,0x00,0x00,0x00,0x2F,0xF3,0xFE,0x00,0x00,0x00,
  0xFF,0x80,0x00,0x00,0x00,0xBF,0xD1,0xFF,0x80,0x00,0x00,0xFF,0x80,0x00,0x00,0x02,
  0xFF,0x80,0xFF,0xE0,0x00,0x00,0xFF,0x80,0x00,0x00,0x0B,0xFF,0x00,0x3F,0xFD,0x00,
  0x00,0xFF,0x80,0x00,0x00,0x7F,0xFD,0x00,0x1F,0xFF,0x90,0x00,0xFF,0x80,0x00,0x06,
  0xFF,0xF4,0x00,0x07,0xFF,0xF4,0x00,0xFF,0x80,0x00,0x0F,0xFF,0xD0,0x00,0x00,0xBF,
  0xE0,0x00,0xFF,0x80,0x00,0x07,0xFE,0x00,0x00,0x00,0x1B,0xD0,0x00,0xFF,0x80,0x00,
  0x02,0xF4,0x00,0x00,0x00,0x01,0x40,0x00,0xFF,0x80,0x00,0x01,0x40,0x00,0x00,0x00,
  0x00,0x00,0x00,0xFF,0x80,0x00,0x00,0x00,0x00,0x00,0x00,0x00,0x00,0x00,0xFF,0x80,
  0x00,0x00,0x00,0x00,0x00,0x00,0x00,0x00,0x00,0xFF,0x80,0x00,0x00,0x00,0x2F,0xE0,
  0x00,0x00,0x00,0x00,0xFF,0x80,0x00,0x00,0x00,0x2F,0xE0,0x00,0x00,0x00,0x00,0xFF,
  0x80,0x00,0x00,0x00,0x2F,0xE0,0x00,0x00,0x00,0x00,0xAA,0x40,0x00,0x00,0x00,0x2F,
  0xE0,0x00,0x00,0x00,0x00,0x00,0x00,0x00,0x00,0x00,0x2F,0xE0,0x00,0x00,0x00,0x00,
  0x00,0x00,0x00,0x00,0x00,0x2F,0xE0,0x00,0x00,0x00,0x00,0x00,0x00,0x00,0x00,0x00,
  0x2F,0xE0,0x00,0x00,0x00,0x00,0x00,0x00,0x00,0x00,0x00,0x2F,0xE0,0x00,0x00,0x00,
  0x00,0x00,0x00,0x00,0x00,0x00,0x2F,0xE0,0x00,0x00,0x00,0x00,0x00,0x00,0x00,0x00,
  0x00,0x2F,0xFA,0xAA,0xAA,0xAA,0xAA,0xAA,0x90,0x00,0x00,0x00,0x2F,0xFF,0xFF,0xFF,
  0xFF,0xFF,0xFF,0xE0,0x00,0x00,0x00,0x2F,0xFF,0xFF,0xFF,0xFF,0xFF,0xFF,0xE0,0x00,
  0x00,0x00,0x2F,0xFF,0xFF,0xFF,0xFF,0xFF,0xFF,0xE0,0x00,0x00,0x00,0x00,0x00,0x00,
  0x00,0x00,0x00,0x00,0x00,0x00,0x00,0x00,0x00,0x00,0x00,0x00,0x00,0x00,0x00,0x00,
  0x00,0x00,0x00,0x00,0x00,0x00,0x00,0x00,0x00,0xFF,0x80,0x00,0x00,0x00,0x00,0x00,
  0x00,0x00,0x00,0x00,0xFF,0x80,0x00,0x00,0x00,0x00,0x00,0x00,0x00,0x00,0x00,0xFF,
  0x80,0x00,0x03,0xFF,0xFF,0xFF,0xFF,0xFF,0xE0,0x00,0xFF,0x80,0x00,0x03,0xFF,0xFF,
  0xFF,0xFF,0xFF,0xE0,0x00,0xFF,0x80,0x00,0x03,0xFF,0xFF,0xFF,0xFF,0xFF,0xE0,0x00,
  0xFF,0x80,0x00,0x01,0x55,0x55,0xFF,0x95,0x55,0x50,0x00,0xFF,0x80,0x00,0x00,0x00,
  0x00,0xFF,0x80,0x00,0x00,0x00,0xFF,0x80,0x00,0x00,0x00,0x00,0xFF,0x80,0x00,0x00,
  0x00,0xFF,0x80,0x00,0x00,0x00,0x00,0xFF,0x80,0x00,0x00,0x00,0xFF,0x80,0x00,0x00,
  0x00,0x01,0xFF,0xC0,0x00,0x55,0x55,0xFF,0x80,0x00,0x00,0x00,0x02,0xFF,0xD0,0x00,
  0xBF,0xFF,0xFF,0x80,0x00,0x00,0x00,0x03,0xFF,0xE0,0x00,0xBF,0xFF,0xFF,0x80,0x00,
  0x00,0x00,0x07,0xFF,0xF4,0x00,0xBF,0xFF,0xFF,0x80,0x00,0x00,0x00,0x0F,0xFB,0xFC,
  0x00,0x55,0x55,0xFF,0x80,0x00,0x00,0x00,0x2F,0xF3,0xFE,0x00,0x00,0x00,0xFF,0x80,
  0x00,0x00,0x00,0xBF,0xD1,0xFF,0x80,0x00,0x00,0xFF,0x80,0x00,0x00,0x01,0xFF,0x80,
  0xBF,0xE0,0x00,0x00,0xFF,0x80,0x00,0x00,0x0B,0xFF,0x00,0x3F,0xFD,0x00,0x00,0xFF,
  0x80,0x00,0x00,0x6F,0xFD,0x00,0x0F,0xFF,0xD0,0x00,0xFF,0x80,0x00,0x06,0xFF,0xF4,
  0x00,0x02,0xFF,0xF4,0x00,0xFF,0x80,0x00,0x1F,0xFF,0xD0,0x00,0x00,0xBF,0xE0,0x00,
  0xFF,0x80,0x00,0x0B,0xFF,0x40,0x00,0x00,0x1B,0xC0,0x00,0xFF,0x80,0x00,0x03,0xF4,
  0x00,0x00,0x00,0x00,0x40,0x00,0xFF,0x80,0x00,0x01,0x40,0x00,0x00,0x00,0x00,0x00,
  0x00,0xFF,0x80,0x00,0x00,0x00,0x00,0x00,0x00,0x00,0x00,0x00,0x00,0x00,0x00,0x00,
  0x00,0x00,0x00,0x5A,0xAE,0xA9,0x40,0x00,0x00,0x00,0x00,0x00,0x00,0x1B,0xFF,0xFF,
  0xFF,0xF9,0x00,0x00,0x00,0x00,0x00,0x01,0xFF,0xFF,0xFF,0xFF,0xFF,0xD0,0x00,0x00,
  0x00,0x00,0x0B,0xFF,0xFE,0xAA,0xAF,0xFF,0xF8,0x00,0x00,0x00,0x00,0x2F,0xFE,0x40,
  0x00,0x00,0x6F,0xFE,0x00,0x00,0x00,0x00,0x3F,0xF4,0x00,0x00,0x00,0x07,0xFF,0x00,
  0x00,0x00,0x00,0x7F,0xD0,0x00,0x00,0x00,0x01,0xFF,0x40,0x00,0x00,0x00,0xBF,0x80,
  0x00,0x00,0x00,0x00,0xBF,0x80,0x00,0x00,0x00,0xBF,0x80,0x00,0x00,0x00,0x00,0xBF,
  0x80,0x00,0x00,0x00,0xBF,0xC0,0x00,0x00,0x00,0x00,0xFF,0x40,0x00,0x00,0x00,0x7F,
  0xF0,0x00,0x00,0x00,0x03,0xFF,0x00,0x00,0x00,0x00,0x2F,0xFE,0x40,0x00,0x00,0x6F,
  0xFE,0x00,0x00,0x00,0x00,0x0B,0xFF,0xFA,0xAA,0xAB,0xFF,0xF8,0x00,0x00,0x00,0x00,
  0x01,0xFF,0xFF,0xFF,0xFF,0xFF,0xD0,0x00,0x00,0x00,0x00,0x00,0x2F,0xFF,0xFF,0xFF,
  0xFE,0x00,0x00,0x00,0x00,0x00,0x00,0x00,0x6B,0xFF,0xFA,0x40,0x00,0x00,0x00,0x00,
  0x00,0x00,0x00,0x00,0x00,0x00,0x00,0xFF,0x40,0x00,0x00,0x00,0x00,0x00,0x00,0x00,
  0x00,0x00,0xFF,0x40,0x00,0x00,0x00,0x00,0x00,0x00,0x00,0x00,0x00,0xFF,0x40,0x00,
  0x00,0xFF,0xFF,0xFF,0xFF,0xFF,0xF8,0x00,0xFF,0x40,0x00,0x00,0xFF,0xFF,0xFF,0xFF,
  0xFF,0xF8,0x00,0xFF,0x40,0x00,0x00,0xFF,0xFF,0xFF,0xFF,0xFF,0xF8,0x00,0xFF,0x40,
  0x00,0x00,0x55,0x55,0x7F,0xF5,0x55,0x54,0x00,0xFF,0x40,0x00,0x00,0x00,0x00,0x3F,
  0xF0,0x00,0x00,0x00,0xFF,0x40,0x00,0x00,0x00,0x00,0x3F,0xF0,0x00,0x00,0x00,0xFF,
  0x40,0x00,0x00,0x00,0x00,0x7F,0xF4,0x00,0x00,0x00,0xFF,0x40,0x00,0x00,0x00,0x00,
  0xFF,0xF8,0x00,0x00,0x00,0xFF,0x40,0x00,0x00,0x00,0x02,0xFF,0xFE,0x00,0x00,0x00,
  0xFF,0x40,0x00,0x00,0x00,0x0B,0xFE,0xFF,0x80,0x00,0x00,0xFF,0x40,0x00,0x00,0x00,
  0x2F,0xF8,0xBF,0xF4,0x00,0x00,0xFF,0x40,0x00,0x00,0x01,0xFF,0xF0,0x3F,0xFE,0x40,
  0x00,0xFF,0x40,0x00,0x00,0x6F,0xFF,0xD0,0x0B,0xFF,0xFD,0x00,0xFF,0x40,0x00,0x02,
  0xFF,0xFE,0x00,0x02,0xFF,0xFD,0x00,0xFF,0x40,0x00,0x01,0xFF,0xF4,0x00,0x00,0x2F,
  0xF8,0x00,0xFF,0x40,0x00,0x00,0xFF,0x80,0x00,0x00,0x01,0xB4,0x00,0xFF,0x40,0x00,
  0x00,0x54,0x00,0x00,0x00,0x00,0x00,0x00,0xFF,0x40,0x00,0x00,0x00,0x00,0x00,0x00,
  0x00,0x00,0x00,0xFF,0x40,0x00,0x00,0x00,0x00,0x00,0x00,0x00,0x15,0x80,0xFF,0x40,
  0x00,0x05,0x55,0x55,0x56,0xAA,0xBF,0xFF,0xD0,0xFF,0x40,0x00,0x1F,0xFF,0xFF,0xFF,
  0xFF,0xFF,0xFF,0xD0,0xFF,0x40,0x00,0x1F,0xFF,0xFF,0xFF,0xFF,0xFF,0xFF,0x90,0xFF,
  0x40,0x00,0x0F,0xFF,0xFF,0xFF,0xFE,0xA9,0x50,0x00,0xFF,0x40,0x00,0x05,0x55,0x55,
  0x6F,0xE0,0x00,0x00,0x00,0xFF,0x40,0x00,0x00,0x00,0x00,0x2F,0xE0,0x00,0x00,0x00,
  0xFF,0x40,0x00,0x00,0x00,0x00,0x2F,0xE0,0x00,0x00,0x00,0xFF,0x40,0x00,0x00,0x00,
  0x00,0x2F,0xE0,0x00,0x00,0x00,0xFF,0x40,0x00,0x00,0x00,0x00,0x2F,0xE0,0x00,0x00,
  0x00,0xFF,0x40,0x00,0x00,0x00,0x00,0x2F,0xE0,0x00,0x00,0x00,0xFF,0x40,0x00,0x00,
  0x00,0x00,0x2F,0xE0,0x00,0x00,0x00,0xFF,0x40,0x00,0x00,0x00,0x00,0x2F,0xE0,0x00,
  0x00,0x00,0xFF,0x40,0x00,0x00,0x00,0x00,0x2F,0xE0,0x00,0x00,0x00,0xFF,0x40,0x00,
  0x00,0x00,0x00,0x2F,0xE0,0x00,0x00,0x00,0xFF,0x40,0x00,0x00,0x00,0x00,0x2F,0xE0,
  0x00,0x00,0x00,0xFF,0x40,0x00,0x00,0x00,0x00,0x2F,0xE0,0x00,0x00,0x00,0xFF,0x40,
  0x00,0x00,0x00,0x00,0x2F,0xE0,0x00,0x00,0x00,0xFF,0x40,0x00,0x00,0x00,0x00,0x2F,
  0xE0,0x00,0x00,0x00,0xFF,0x40,0x00,0x00,0x00,0x00,0x1A,0xA0,0x00,0x00,0x00,0xFF,
  0x40,0x00,0x00,0x00,0x00,0x00,0x00,0x00,0x00,0x00,0xFF,0x40,0x00,0x00,0x00,0x00,
  0x00,0x00,0x00,0x00,0x00,0xFF,0x40,0x00,0x00,0x00,0x00,0x00,0x00,0x00,0x00,0x00,
  0xFF,0x40,0x00,0x00,0x00,0x00,0x00,0x00,0x00,0x00,0x00,0xFF,0x40,0x00,0x02,0xAA,
  0xAA,0xAA,0xAA,0xAA,0xA4,0x00,0xFF,0x40,0x00,0x02,0xFF,0xFF,0xFF,0xFF,0xFF,0xF4,
  0x00,0xFF,0x40,0x00,0x02,0xFF,0xFF,0xFF,0xFF,0xFF,0xF4,0x00,0xFF,0x40,0x00,0x02,
  0xFF,0xFF,0xFF,0xFF,0xFF,0xF4,0x00,0xFF,0x40,0x00,0x00,0x00,0x00,0x7F,0xC0,0x00,
  0x00,0x00,0xFF,0x40,0x00,0x00,0x00,0x00,0x7F,0xC0,0x00,0x00,0x00,0xFF,0x40,0x00,
  0x00,0x00,0x00,0x7F,0xD0,0x00,0x00,0x00,0xFF,0x40,0x00,0x00,0x00,0x00,0xBF,0xD0,
  0x00,0x00,0x00,0xFF,0x40,0x00,0x00,0x00,0x00,0xBF,0xD0,0x00,0x00,0x00,0xFF,0x40,
  0x00,0x00,0x00,0x00,0xFF,0xE0,0x00,0x00,0x00,0xFF,0x40,0x00,0x00,0x00,0x01,0xFF,
  0xF4,0x00,0x00,0x00,0xFF,0x40,0x00,0x00,0x00,0x03,0xFF,0xF8,0x00,0x00,0x00,0xFF,
  0x40,0x00,0x00,0x00,0x07,0xFF,0xFD,0x00,0x00,0x00,0xFF,0x40,0x00,0x00,0x00,0x0F,
  0xFA,0xFF,0x40,0x00,0x00,0xFF,0x40,0x00,0x00,0x00,0x3F,0xF0,0xFF,0xC0,0x00,0x00,
  0xFF,0x40,0x00,0x00,0x00,0xBF,0xD0,0x7F,0xF4,0x00,0x00,0xFF,0x40,0x00,0x00,0x07,
  0xFF,0x80,0x2F,0xFE,0x00,0x00,0xFF,0x40,0x00,0x00,0x2F,0xFE,0x00,0x0B,0xFF,0xD0,
  0x00,0xFF,0x40,0x00,0x01,0xFF,0xFC,0x00,0x02,0xFF,0xFD,0x00,0xFF,0x40,0x00,0x0B,
  0xFF,0xE0,0x00,0x00,0x7F,0xF8,0x00,0xFF,0x40,0x00,0x03,0xFF,0x80,0x00,0x00,0x0B,
  0xF4,0x00,0xFF,0x40,0x00,0x01,0xF9,0x00,0x00,0x00,0x00,0x50,0x00,0xFF,0x40,0x00,
  0x00,0x40,0x00,0x00,0x00,0x00,0x00,0x00,0xFF,0x40,0x00,0x00,0x00,0x00,0x00,0x00,
  0x00,0x00,0x00,0xFF,0x40,0x00,0x00,0x00,0x15,0x40,0x00,0x00,0x00,0x00,0xFF,0x40,
  0x00,0x00,0x00,0x3F,0xD0,0x00,0x00,0x00,0x00,0xFF,0x40,0x00,0x00,0x00,0x3F,0xD0,
  0x00,0x00,0x00,0x00,0xFF,0x40,0x00,0x00,0x00,0x3F,0xD0,0x00,0x00,0x00,0x00,0xAA,
  0x40,0x00,0x00,0x00,0x3F,0xD0,0x00,0x00,0x00,0x00,0x00,0x00,0x00,0x00,0x00,0x3F,
  0xD0,0x00,0x00,0x00,0x00,0x00,0x00,0x00,0x00,0x00,0x3F,0xD0,0x00,0x00,0x00,0x00,
  0x00,0x00,0x00,0x00,0x00,0x3F,0xD0,0x00,0x00,0x00,0x00,0x00,0x00,0x00,0x00,0x00,
  0x3F,0xD0,0x00,0x00,0x00,0x00,0x00,0x00,0x00,0x00,0x00,0x3F,0xD0,0x00,0x00,0x00,
  0x00,0x00,0x00,0x00,0x00,0x00,0x3F,0xEA,0xAA,0xAA,0xAA,0xAA,0xAA,0x90,0x00,0x00,
  0x00,0x3F,0xFF,0xFF,0xFF,0xFF,0xFF,0xFF,0xE0,0x00,0x00,0x00,0x3F,0xFF,0xFF,0xFF,
  0xFF,0xFF,0xFF,0xE0,0x00,0x00,0x00,0x3F,0xFF,0xFF,0xFF,0xFF,0xFF,0xFF,0xE0,0x00,
  0x00,0x00,0x00,0x00,0x00,0x00,0x00,0x00,0x00,0x00,0x00,0x00,0x00,0x05,0x50,0x00,
  0x00,0x15,0x40,0x3F,0xD0,0x00,0x00,0x00,0x0F,0xF4,0x00,0x00,0x3F,0xC0,0x3F,0xD0,
  0x00,0x00,0x00,0x0F,0xF4,0x00,0x00,0x3F,0xC0,0x3F,0xD0,0x00,0x00,0x00,0x0F,0xF4,
  0x00,0x00,0x3F,0xC0,0x3F,0xD0,0x00,0x00,0x00,0x0F,0xF4,0x00,0x00,0x3F,0xC0,0x3F,
  0xD0,0x00,0x06,0xAA,0xAF,0xFA,0xAA,0x90,0x3F,0xC0,0x3F,0xD0,0x00,0x07,0xFF,0xFF,
  0xFF,0xFF,0xD0,0x3F,0xC0,0x3F,0xD0,0x00,0x07,0xFF,0xFF,0xFF,0xFF,0xD0,0x3F,0xC0,
  0x3F,0xD0,0x00,0x07,0xFF,0xFF,0xFF,0xFF,0xD0,0x3F,0xC0,0x3F,0xD0,0x00,0x00,0x00,
  0x0F,0xF4,0x00,0x00,0x3F,0xC0,0x3F,0xD0,0x00,0x00,0x00,0x0F,0xF4,0x00,0x00,0x3F,
  0xC0,0x3F,0xD0,0x00,0x00,0x00,0x1F,0xF4,0x00,0x00,0x7F,0xC0,0x3F,0xD0,0x00,0x00,
  0x00,0x1F,0xF8,0x02,0xFF,0xFF,0xC0,0x3F,0xD0,0x00,0x00,0x00,0x2F,0xFC,0x02,0xFF,
  0xFF,0xC0,0x3F,0xD0,0x00,0x00,0x00,0x3F,0xFE,0x02,0xFF,0xFF,0xC0,0x3F,0xD0,0x00,
  0x00,0x00,0xBF,0xFF,0x01,0xAA,0xBF,0xC0,0x3F,0xD0,0x00,0x00,0x00,0xFF,0xBF,0x80,
  0x00,0x3F,0xC0,0x3F,0xD0,0x00,0x00,0x03,0xFE,0x3F,0xE0,0x00,0x3F,0xC0,0x3F,0xD0,
  0x00,0x00,0x0B,0xFC,0x1F,0xF8,0x00,0x3F,0xC0,0x3F,0xD0,0x00,0x00,0x2F,0xF4,0x0B,
  0xFF,0x40,0x3F,0xC0,0x3F,0xD0,0x00,0x01,0xFF,0xE0,0x02,0xFF,0xE4,0x3F,0xC0,0x3F,
  0xD0,0x00,0x0B,0xFF,0xC0,0x00,0xBF,0xF4,0x3F,0xC0,0x3F,0xD0,0x00,0x0B,0xFE,0x00,
  0x00,0x2F,0xE0,0x3F,0xC0,0x3F,0xD0,0x00,0x03,0xF8,0x00,0x00,0x02,0x80,0x3F,0xC0,
  0x3F,0xD0,0x00,0x01,0x90,0x00,0x00,0x00,0x00,0x3F,0xC0,0x3F,0xD0,0x00,0x00,0x00,
  0x00,0x00,0x00,0x00,0x00,0x00,0x3F,0xD0,0x00,0x00,0x00,0x00,0x00,0x00,0x15,0x40,
  0x00,0x3F,0xD0,0x00,0x00,0x00,0x00,0x00,0x00,0x3F,0xD0,0x00,0x3F,0xD0,0x00,0x00,
  0x00,0x00,0x00,0x00,0x7F,0xE0,0x00,0x2A,0x90,0x00,0x00,0x00,0x00,0x00,0x00,0x7F,
  0xE0,0x00,0x00,0x00,0x00,0x00,0x00,0x00,0x00,0x00,0xFF,0xF0,0x00,0x00,0x00,0x00,
  0x00,0x00,0x00,0x00,0x01,0xFF,0xF8,0x00,0x00,0x00,0x00,0x00,0x00,0x00,0x00,0x07,
  0xFF,0xFD,0x00,0x00,0x00,0x00,0x00,0x00,0x00,0x00,0x1F,0xFE,0xFF,0x40,0x00,0x00,
  0x00,0x00,0x00,0x00,0x00,0x7F,0xF4,0xFF,0xE0,0x00,0x00,0x00,0x00,0x00,0x00,0x02,
  0xFF,0xD0,0x3F,0xFD,0x00,0x00,0x00,0x00,0x00,0x00,0x6F,0xFF,0x40,0x1F,0xFF,0x90,
  0x00,0x00,0x00,0x00,0x1A,0xFF,0xF8,0x00,0x02,0xFF,0xFE,0x40,0x00,0x00,0x02,0xFF,
  0xFF,0xE0,0x00,0x00,0x7F,0xFF,0xFD,0x00,0x00,0x02,0xFF,0xFE,0x00,0x00,0x00,0x07,
  0xFF,0xFC,0x00,0x00,0x00,0xFF,0x90,0x00,0x00,0x00,0x00,0x6F,0xF4,0x00,0x00,0x00,
  0xA4,0x00,0x00,0x00,0x00,0x00,0x01,0x60,0x00,0x00,0x00,0x00,0x00,0x01,0x54,0x00,
  0x00,0x00,0x00,0x00,0x00,0x00,0x00,0x00,0x07,0xFC,0x00,0x00,0x00,0x00,0x00,0x00,
  0x00,0x00,0x00,0x07,0xFC,0x00,0x00,0x00,0x00,0x00,0x00,0x00,0x00,0x00,0x07,0xFC,
  0x00,0x00,0x00,0x00,0x00,0x00,0x00,0x00,0x00,0x07,0xFC,0x00,0x00,0x00,0x00,0x00,
  0x00,0x00,0x00,0x00,0x07,0xFC,0x00,0x00,0x00,0x00,0x00,0x00,0x2A,0xAA,0xAA,0xAB,
  0xFE,0xAA,0xAA,0xAA,0x40,0x00,0x00,0x3F,0xFF,0xFF,0xFF,0xFF,0xFF,0xFF,0xFF,0x40,
  0x00,0x00,0x3F,0xFF,0xFF,0xFF,0xFF,0xFF,0xFF,0xFF,0x40,0x00,0x00,0x3F,0xFF,0xFF,
  0xFF,0xFF,0xFF,0xFF,0xFF,0x40,0x00,0x00,0x00,0x00,0x00,0x0B,0xFC,0x00,0x00,0x00,
  0x00,0x00,0x00,0x00,0x00,0x00,0x0B,0xFD,0x00,0x00,0x00,0x00,0x00,0x00,0x00,0x00,
  0x00,0x0F,0xFD,0x00,0x00,0x00,0x00,0x00,0x00,0x00,0x00,0x00,0x1F,0xFF,0x00,0x00,
  0x00,0x00,0x00,0x00,0x00,0x00,0x00,0x3F,0xFF,0x40,0x00,0x00,0x00,0x00,0x00,0x00,
  0x00,0x00,0xBF,0xFF,0xD0,0x00,0x00,0x00,0x00,0x00,0x00,0x00,0x02,0xFF,0xBF,0xF0,
  0x00,0x00,0x00,0x00,0x00,0x00,0x00,0x0B,0xFE,0x1F,0xFD,0x00,0x00,0x00,0x00,0x00,
  0x00,0x00,0x7F,0xFC,0x0B,0xFF,0x40,0x00,0x00,0x00,0x00,0x00,0x02,0xFF,0xF4,0x02,
  0xFF,0xE4,0x00,0x00,0x00,0x00,0x00,0x6F,0xFF,0x80,0x00,0x7F,0xFF,0x40,0x00,0x00,
  0x00,0x5B,0xFF,0xFE,0x00,0x00,0x1F,0xFF,0xF9,0x40,0x00,0x01,0xFF,0xFF,0xE4,0x00,
  0x00,0x02,0xFF,0xFF,0xE0,0x00,0x00,0xFF,0xFE,0x40,0x00,0x00,0x00,0x1F,0xFF,0xD0,
  0x00,0x00,0x7F,0x90,0x00,0x07,0xFC,0x00,0x01,0xAF,0x80,0x00,0x00,0x10,0x00,0x00,
  0x07,0xFC,0x00,0x00,0x01,0x40,0x00,0x00,0x00,0x00,0x00,0x07,0xFC,0x00,0x00,0x00,
  0x00,0x00,0x00,0x00,0x00,0x00,0x07,0xFC,0x00,0x00,0x00,0x00,0x00,0x00,0x00,0x00,
  0x00,0x07,0xFC,0x00,0x00,0x00,0x00,0x00,0x00,0x00,0x00,0x00,0x07,0xFC,0x00,0x00,
  0x00,0x00,0x00,0x00,0x00,0x00,0x00,0x07,0xFC,0x00,0x00,0x00,0x00,0x00,0x00,0x00,
  0x00,0x00,0x07,0xFC,0x00,0x00,0x00,0x00,0x00,0x00,0x00,0x00,0x00,0x07,0xFC,0x00,
  0x00,0x00,0x00,0x00,0x1A,0xAA,0xAA,0xAA,0xAF,0xFE,0xAA,0xAA,0xAA,0xAA,0x00,0x1F,
  0xFF,0xFF,0xFF,0xFF,0xFF,0xFF,0xFF,0xFF,0xFF,0x00,0x1F,0xFF,0xFF,0xFF,0xFF,0xFF,
  0xFF,0xFF,0xFF,0xFF,0x00,0x1A,0xAA,0xAA,0xAA,0xAA,0xAA,0xAA,0xAA,0xAA,0xAA,0x00,
  0x00,0x00,0x00,0x00,0x00,0x00,0x00,0x00,0x00,0x00,0x00,0x00,0x00,0x00,0x00,0x00,
  0x00,0x00,0x00,0x00,0x00,0x00,0x00,0x00,0x00,0x00,0x00,0x00,0x00,0x00,0xBF,0xC0,
  0x00,0x00,0x00,0x00,0x00,0x00,0x00,0x00,0x00,0xBF,0xC0,0x00,0x00,0x00,0x00,0x00,
  0x00,0x00,0x00,0x00,0xBF,0xC0,0x00,0x00,0x3F,0xFF,0xFF,0xFF,0xFF,0xE0,0x00,0xBF,
  0xC0,0x00,0x00,0x3F,0xFF,0xFF,0xFF,0xFF,0xE0,0x00,0xBF,0xC0,0x00,0x00,0x3F,0xFF,
  0xFF,0xFF,0xFF,0xE0,0x00,0xBF,0xC0,0x00,0x00,0x2A,0xAA,0xAA,0xAA,0xBF,0xE0,0x00,
  0xBF,0xC0,0x00,0x00,0x00,0x00,0x00,0x00,0x2F,0xE0,0x00,0xBF,0xC0,0x00,0x00,0x00,
  0x00,0x00,0x00,0x2F,0xE0,0x00,0xBF,0xC0,0x00,0x00,0x00,0x00,0x00,0x00,0x2F,0xE0,
  0x00,0xBF,0xC0,0x00,0x00,0x00,0x00,0x00,0x00,0x2F,0xE0,0x00,0xBF,0xC0,0x00,0x00,
  0x00,0x15,0x56,0xAA,0xBF,0xE0,0x00,0xBF,0xC0,0x00,0x00,0xFF,0xFF,0xFF,0xFF,0xFF,
  0xD0,0x00,0xBF,0xC0,0x00,0x00,0xBF,0xFF,0xFF,0xFF,0xFF,0xD0,0x00,0xBF,0xC0,0x00,
  0x00,0xBF,0xFF,0xFF,0xAA,0xBF,0xD0,0x00,0xBF,0xC0,0x00,0x00,0x6A,0x55,0x00,0x00,
  0x7F,0xC0,0x00,0xBF,0xC0,0x00,0x00,0x00,0x00,0x00,0x00,0x7F,0xC0,0x00,0xBF,0xC0,
  0x00,0x00,0x00,0x00,0x00,0x00,0xBF,0xC0,0x00,0xBF,0xC0,0x00,0x00,0x00,0x00,0x00,
  0x00,0xBF,0x80,0x00,0xBF,0xC0,0x00,0x00,0x00,0x00,0x00,0x00,0xFF,0x80,0x00,0xBF,
  0xC0,0x00,0x00,0x00,0x00,0x01,0x55,0xFF,0xAB,0xE0,0xBF,0xC0,0x00,0x2F,0xFF,0xFF,
  0xFF,0xFF,0xFF,0xFF,0xE0,0xBF,0xC0,0x00,0x2F,0xFF,0xFF,0xFF,0xFF,0xFF,0xFF,0xE0,
  0xBF,0xC0,0x00,0x1F,0xFF,0xFF,0xFF,0xFF,0xFF,0xEA,0x50,0xBF,0xC0,0x00,0x0A,0xAA,
  0xAA,0xBF,0xE5,0x40,0x00,0x00,0xBF,0xC0,0x00,0x00,0x00,0x00,0x7F,0xD0,0x00,0x00,
  0x00,0xBF,0xC0,0x00,0x00,0x00,0x00,0x7F,0xD0,0x00,0x00,0x00,0xBF,0xC0,0x00,0x00,
  0x00,0x00,0x7F,0xD0,0x00,0x00,0x00,0xBF,0xC0,0x00,0x00,0x00,0x00,0x7F,0xD0,0x00,
  0x00,0x00,0xBF,0xC0,0x00,0x00,0x00,0x00,0x7F,0xD0,0x00,0x00,0x00,0xBF,0xC0,0x00,
  0x00,0x00,0x00,0x7F,0xD0,0x00,0x00,0x00,0xBF,0xC0,0x00,0x00,0x00,0x00,0x7F,0xD0,
  0x00,0x00,0x00,0xBF,0xC0,0x00,0x00,0x00,0x00,0x7F,0xD0,0x00,0x00,0x00,0xBF,0xC0,
  0x00,0x00,0x00,0x00,0x7F,0xD0,0x00,0x00,0x00,0xBF,0xC0,0x00,0x00,0x00,0x00,0x7F,
  0xD0,0x00,0x00,0x00,0xBF,0xC0,0x00,0x00,0x00,0x00,0x7F,0xD0,0x00,0x00,0x00,0xBF,
  0xC0,0x00,0x00,0x00,0x00,0x7F,0xD0,0x00,0x00,0x00,0xBF,0xC0,0x00,0x00,0x00,0x00,
  0x7F,0xD0,0x00,0x00,0x00,0xBF,0xC0,0x00,0x00,0x00,0x00,0x7F,0xD0,0x00,0x00,0x00,
  0xBF,0xC0,0x00,0x00,0x00,0x00,0x2A,0x80,0x00,0x00,0x00,0xBF,0xC0,0x00,0x00,0x00,
  0x00,0x00,0x00,0x00,0x00,0x00,0xBF,0xC0,0x00,0x00,0x00,0x00,0x00,0x00,0x00,0x00,
  0x00,0xBF,0xC0,0x00,0x00,0x0F,0xFF,0xFF,0xFF,0xFF,0xFF,0xFF,0xFD,0x00,0x00,0x00,
  0x0F,0xFF,0xFF,0xFF,0xFF,0xFF,0xFF,0xFD,0x00,0x00,0x00,0x0F,0xFF,0xFF,0xFF,0xFF,
  0xFF,0xFF,0xFD,0x00,0x00,0x00,0x0A,0xAA,0xAA,0xAA,0xAA,0xAA,0xAB,0xFD,0x00,0x00,
  0x00,0x00,0x00,0x00,0x00,0x00,0x00,0x03,0xFD,0x00,0x00,0x00,0x00,0x00,0x00,0x00,
  0x00,0x00,0x03,0xFD,0x00,0x00,0x00,0x00,0x00,0x00,0x00,0x00,0x00,0x03,0xFD,0x00,
  0x00,0x00,0x00,0x00,0x00,0x00,0x00,0x00,0x03,0xFD,0x00,0x00,0x00,0x00,0x00,0x00,
  0x00,0x00,0x00,0x03,0xFD,0x00,0x00,0x00,0x00,0x00,0x00,0x00,0x00,0x00,0x03,0xFD,
  0x00,0x00,0x00,0x00,0x00,0x00,0x00,0x00,0x00,0x03,0xFD,0x00,0x00,0x00,0x00,0x00,
  0x00,0x00,0x00,0x00,0x57,0xFD,0x00,0x00,0x00,0x15,0x56,0xAA,0xAA,0xFF,0xFF,0xFF,
  0xFD,0x00,0x00,0x00,0x3F,0xFF,0xFF,0xFF,0xFF,0xFF,0xFF,0xFC,0x00,0x00,0x00,0x2F,
  0xFF,0xFF,0xFF,0xFF,0xFF,0xFF,0xFC,0x00,0x00,0x00,0x2F,0xFF,0xFF,0xAA,0xA5,0x55,
  0x07,0xFC,0x00,0x00,0x00,0x15,0x40,0x00,0x00,0x00,0x00,0x07,0xFC,0x00,0x00,0x00,
  0x00,0x00,0x00,0x00,0x00,0x00,0x0B,0xF8,0x00,0x00,0x00,0x00,0x00,0x00,0x00,0x00,
  0x00,0x0B,0xF8,0x00,0x00,0x00,0x00,0x00,0x00,0x00,0x00,0x00,0x0B,0xF8,0x00,0x00,
  0x00,0x00,0x00,0x00,0x00,0x00,0x00,0x0F,0xF4,0x00,0x00,0x00,0x00,0x00,0x00,0x00,
  0x00,0x00,0x0F,0xF4,0x00,0x00,0x00,0x00,0x00,0x00,0x00,0x00,0x00,0x1F,0xF0,0x00,
  0x00,0x00,0x00,0x00,0x00,0x00,0x00,0x00,0x2F,0xF0,0x00,0x00,0x00,0x00,0x00,0x00,
  0x00,0x00,0x00,0x2F,0xE0,0x00,0x00,0x00,0x00,0x00,0x00,0x00,0x00,0x00,0x1A,0x90,
  0x00,0x00,0x00,0x00,0x00,0x00,0x00,0x00,0x00,0x00,0x00,0x00,0x00,0x00,0x00,0x00,
  0x00,0x00,0x00,0x00,0x00,0x00,0x00,0x00,0x05,0x55,0x55,0x55,0x55,0x55,0x55,0x55,
  0x55,0x55,0x00,0x1F,0xFF,0xFF,0xFF,0xFF,0xFF,0xFF,0xFF,0xFF,0xFF,0x00,0x1F,0xFF,
  0xFF,0xFF,0xFF,0xFF,0xFF,0xFF,0xFF,0xFF,0x00,0x1F,0xFF,0xFF,0xFF,0xFF,0xFF,0xFF,
  0xFF,0xFF,0xFF,0x00,0x05,0x55,0x55,0x55,0x55,0x55,0x55,0x55,0x55,0x55,0x00,0x00,
  0x00,0x00,0x00,0x00,0x00,0x00,0x00,0x00,0x00,0x00,0x00,0x00,0x00,0x00,0x00,0x00,
  0x00,0x00,0x00,0x00,0x00,0x00,0x00,0x00,0x00,0x00,0x00,0x00,0x1F,0xF4,0x00,0x00,
  0x00,0x00,0x00,0x00,0x00,0x00,0x00,0x1F,0xF4,0x00,0x00,0x00,0x00,0x00,0x00,0x00,
  0x00,0x00,0x1F,0xF4,0x00,0x00,0x01,0x55,0x55,0x55,0x55,0x54,0x00,0x1F,0xF4,0x00,
  0x00,0x02,0xFF,0xFF,0xFF,0xFF,0xFC,0x00,0x1F,0xF4,0x00,0x00,0x02,0xFF,0xFF,0xFF,
  0xFF,0xFC,0x00,0x1F,0xF4,0x00,0x00,0x02,0xFF,0xFF,0xFF,0xFF,0xFC,0x00,0x1F,0xF4,
  0x00,0x00,0x02,0xFF,0x55,0x55,0x55,0x54,0x00,0x1F,0xF4,0x00,0x00,0x02,0xFE,0x00,
  0x00,0x00,0x00,0x00,0x1F,0xF4,0x00,0x00,0x02,0xFE,0x00,0x00,0x00,0x00,0x00,0x1F,
  0xF4,0x00,0x00,0x02,0xFE,0x00,0x00,0x00,0x00,0x00,0x1F,0xF4,0x00,0x00,0x02,0xFE,
  0x00,0x00,0x00,0x00,0x00,0x1F,0xF4,0x00,0x00,0x02,0xFE,0x00,0x00,0x00,0x00,0x00,
  0x1F,0xF4,0x00,0x00,0x02,0xFE,0x00,0x00,0x00,0x00,0x00,0x1F,0xF4,0x00,0x00,0x02,
  0xFE,0x00,0x00,0x00,0x00,0x00,0x1F,0xF4,0x00,0x00,0x02,0xFF,0xAA,0xAA,0xAA,0xA0,
  0x00,0x1F,0xF4,0x00,0x00,0x02,0xFF,0xFF,0xFF,0xFF,0xF4,0x00,0x1F,0xF9,0x55,0x40,
  0x02,0xFF,0xFF,0xFF,0xFF,0xF4,0x00,0x1F,0xFF,0xFF,0xC0,0x02,0xFF,0xFF,0xFF,0xFF,
  0xF4,0x00,0x1F,0xFF,0xFF,0xC0,0x02,0xFE,0x00,0x00,0x00,0x00,0x00,0x1F,0xFF,0xFF,
  0xC0,0x02,0xFE,0x00,0x00,0x00,0x00,0x00,0x1F,0xF5,0x55,0x40,0x02,0xFE,0x00,0x00,
  0x00,0x00,0x00,0x1F,0xF4,0x00,0x00,0x02,0xFE,0x00,0x00,0x00,0x00,0x00,0x1F,0xF4,
  0x00,0x00,0x02,0xFE,0x00,0x00,0x00,0x00,0x00,0x1F,0xF4,0x00,0x00,0x02,0xFE,0x00,
  0x00,0x00,0x00,0x00,0x1F,0xF4,0x00,0x00,0x02,0xFE,0x00,0x00,0x00,0x00,0x00,0x1F,
  0xF4,0x00,0x00,0x02,0xFE,0x00,0x00,0x00,0x00,0x00,0x1F,0xF4,0x00,0x00,0x02,0xFE,
  0x00,0x00,0x00,0x56,0xA0,0x1F,0xF4,0x00,0x00,0x02,0xFF,0xAA,0xAA,0xBF,0xFF,0xF4,
  0x1F,0xF4,0x00,0x00,0x02,0xFF,0xFF,0xFF,0xFF,0xFF,0xF4,0x1F,0xF4,0x00,0x00,0x02,
  0xFF,0xFF,0xFF,0xFF,0xFF,0xF4,0x1F,0xF4,0x00,0x00,0x02,0xFF,0xFF,0xFF,0xAA,0x94,
  0x00,0x1F,0xF4,0x00,0x00,0x00,0x00,0x00,0x00,0x00,0x00,0x00,0x1F,0xF4,0x00,0x00,
  0x00,0x00,0x00,0x00,0x00,0x00,0x00,0x1F,0xF4,0x00,0x00,0x00,0x00,0x00,0x00,0x00,
  0x00,0x00,0x1F,0xF4,0x00,0x00,0x00,0x00,0x00,0x00,0x00,0x00,0x00,0x1F,0xF4,0x00,
  0x00,0x00,0x00,0x00,0x00,0x00,0x00,0x00,0x1F,0xF4,0x00,0x00,0x00,0x00,0x00,0x00,
  0x00,0x00,0x00,0x1F,0xF4,0x00,0x00,0x00,0x00,0x00,0x00,0x00,0x00,0x00,0x1F,0xF4,
  0x00,0x00,0x00,0x00,0x00,0x00,0x00,0x00,0x00,0x1F,0xF4,0x00,0x00,0x00,0x00,0x00,
  0x00,0x00,0x00,0x00,0x1F,0xF4,0x00,0x00,0x00,0x00,0x00,0x00,0x00,0x00,0x00,0x1F,
  0xF4,0x00,0x00,0x00,0x00,0x00,0x00,0x00,0x00,0x00,0x00,0x00,0x00,0x00,0x00,0x00,
  0x00,0x00,0x00,0x00,0x15,0x40,0x3F,0xD0,0x00,0x00,0x00,0x00,0x00,0x00,0x00,0x3F,
  0xC0,0x3F,0xD0,0x00,0x01,0x55,0x55,0x55,0x54,0x00,0x3F,0xC0,0x3F,0xD0,0x00,0x02,
  0xFF,0xFF,0xFF,0xFD,0x00,0x3F,0xC0,0x3F,0xD0,0x00,0x02,0xFF,0xFF,0xFF,0xFD,0x00,
  0x3F,0xC0,0x3F,0xD0,0x00,0x02,0xFF,0xFF,0xFF,0xFD,0x00,0x3F,0xC0,0x3F,0xD0,0x00,
  0x02,0xFE,0x55,0x55,0x54,0x00,0x3F,0xC0,0x3F,0xD0,0x00,0x02,0xFE,0x00,0x00,0x00,
  0x00,0x3F,0xC0,0x3F,0xD0,0x00,0x02,0xFE,0x00,0x00,0x00,0x00,0x3F,0xC0,0x3F,0xD0,
  0x00,0x02,0xFE,0x00,0x00,0x00,0x00,0x3F,0xC0,0x3F,0xD0,0x00,0x02,0xFE,0x00,0x00,
  0x01,0xAA,0xBF,0xC0,0x3F,0xD0,0x00,0x02,0xFF,0xFF,0xFF,0xE1,0xFF,0xFF,0xC0,0x3F,
  0xD0,0x00,0x02,0xFF,0xFF,0xFF,0xE1,0xFF,0xFF,0xC0,0x3F,0xD0,0x00,0x02,0xFF,0xFF,
  0xFF,0xE1,0xFF,0xFF,0xC0,0x3F,0xD0,0x00,0x02,0xFE,0x55,0x55,0x50,0x00,0x3F,0xC0,
  0x3F,0xD0,0x00,0x02,0xFE,0x00,0x00,0x00,0x00,0x3F,0xC0,0x3F,0xD0,0x00,0x02,0xFE,
  0x00,0x00,0x00,0x00,0x3F,0xC0,0x3F,0xD0,0x00,0x02,0xFE,0x00,0x00,0x00,0x00,0x3F,
  0xC0,0x3F,0xD0,0x00,0x02,0xFE,0x00,0x00,0x15,0x80,0x3F,0xC0,0x3F,0xD0,0x00,0x02,
  0xFF,0xAA,0xAF,0xFF,0xD0,0x3F,0xC0,0x3F,0xD0,0x00,0x02,0xFF,0xFF,0xFF,0xFF,0xD0,
  0x3F,0xC0,0x3F,0xD0,0x00,0x02,0xFF,0xFF,0xFF,0xFF,0xD0,0x3F,0xC0,0x3F,0xD0,0x00,
  0x02,0xFF,0xFE,0xAA,0x54,0x00,0x3F,0xC0,0x3F,0xD0,0x00,0x00,0x00,0x00,0x00,0x00,
  0x00,0x3F,0xC0,0x3F,0xD0,0x00,0x00,0x00,0x00,0x00,0x00,0x00,0x3F,0xC0,0x3F,0xD0,
  0x00,0x00,0x00,0x00,0x00,0x00,0x00,0x00,0x00,0x15,0x40,0x00,0x00,0x00,0x00,0x00,
  0x00,0x00,0x00,0x00,0x00,0x00,0x00,0x00,0x00,0x2F,0xFF,0xFF,0xFF,0xFF,0xFF,0xFF,
  0xD0,0x00,0x00,0x00,0x2F,0xFF,0xFF,0xFF,0xFF,0xFF,0xFF,0xD0,0x00,0x00,0x00,0x2F,
  0xFF,0xFF,0xFF,0xFF,0xFF,0xFF,0xD0,0x00,0x00,0x00,0x2F,0xFA,0xAA,0xAA,0xAA,0xAA,
  0xBF,0xD0,0x00,0x00,0x00,0x2F,0xE0,0x00,0x00,0x00,0x00,0x3F,0xD0,0x00,0x00,0x00,
  0x2F,0xE0,0x00,0x00,0x00,0x00,0x3F,0xD0,0x00,0x00,0x00,0x2F,0xE0,0x00,0x00,0x00,
  0x00,0x3F,0xD0,0x00,0x00,0x00,0x2F,0xE0,0x00,0x00,0x00,0x00,0x3F,0xD0,0x00,0x00,
  0x00,0x2F,0xE0,0x00,0x00,0x00,0x00,0x3F,0xD0,0x00,0x00,0x00,0x2F,0xE0,0x00,0x00,
  0x00,0x00,0x3F,0xD0,0x00,0x00,0x00,0x2F,0xE0,0x00,0x00,0x00,0x00,0x3F,0xD0,0x00,
  0x00,0x00,0x2F,0xFF,0xFF,0xFF,0xFF,0xFF,0xFF,0xD0,0x00,0x00,0x00,0x2F,0xFF,0xFF,
  0xFF,0xFF,0xFF,0xFF,0xD0,0x00,0x00,0x00,0x2F,0xFF,0xFF,0xFF,0xFF,0xFF,0xFF,0xD0,
  0x00,0x00,0x00,0x15,0x55,0x55,0x55,0x55,0x55,0x55,0x50,0x00,0x00,0x00,0x00,0x00,
  0x00,0x00,0x00,0x00,0x00,0x00,0x00,0x00,0x00,0x00,0x00,0x00,0x00,0x00,0x00,0xFF,
  0x40,0x00,0x00,0x00,0x00,0x00,0x00,0x00,0x00,0x00,0xFF,0x40,0x00,0x00,0x00,0x00,
  0x00,0x00,0x00,0x00,0x00,0xFF,0x40,0x00,0x00,0x55,0x55,0x55,0x55,0x55,0x40,0x00,
  0xFF,0x40,0x00,0x00,0xFF,0xFF,0xFF,0xFF,0xFF,0xC0,0x00,0xFF,0x40,0x00,0x00,0xFF,
  0xFF,0xFF,0xFF,0xFF,0xC0,0x00,0xFF,0x40,0x00,0x00,0xFF,0xFF,0xFF,0xFF,0xFF,0xC0,
  0x00,0xFF,0x40,0x00,0x00,0xFF,0x95,0x55,0x55,0x55,0x40,0x00,0xFF,0x40,0x00,0x00,
  0xFF,0x80,0x00,0x00,0x00,0x00,0x00,0xFF,0x40,0x00,0x00,0xFF,0x80,0x00,0x00,0x00,
  0x00,0x00,0xFF,0x40,0x00,0x00,0xFF,0x80,0x00,0x00,0x00,0x00,0x00,0xFF,0x40,0x00,
  0x00,0xFF,0x80,0x00,0x00,0x00,0x00,0x00,0xFF,0x40,0x00,0x00,0xFF,0x80,0x00,0x00,
  0x00,0x00,0x00,0xFF,0x40,0x00,0x00,0xFF,0x80,0x00,0x00,0x00,0x00,0x00,0xFF,0x40,
  0x00,0x00,0xFF,0x80,0x00,0x00,0x00,0x00,0x00,0xFF,0x40,0x00,0x00,0xFF,0xAA,0xAA,
  0xAA,0xA8,0x00,0x00,0xFF,0x40,0x00,0x00,0xFF,0xFF,0xFF,0xFF,0xFD,0x00,0x00,0xFF,
  0x40,0x00,0x00,0xFF,0xFF,0xFF,0xFF,0xFD,0x00,0x00,0xFF,0x40,0x00,0x00,0xFF,0xFF,
  0xFF,0xFF,0xFD,0x00,0x00,0xFF,0x40,0x00,0x00,0xFF,0x80,0x00,0x00,0x00,0x00,0x00,
  0xFF,0x40,0x00,0x00,0xFF,0x80,0x00,0x00,0x00,0x00,0x00,0xFF,0x40,0x00,0x00,0xFF,
  0x80,0x00,0x00,0x00,0x00,0x00,0xFF,0x40,0x00,0x00,0xFF,0x80,0x00,0x00,0x00,0x00,
  0x00,0xFF,0x40,0x00,0x00,0xFF,0x80,0x00,0x00,0x00,0x00,0x00,0xFF,0x40,0x00,0x00,
  0xFF,0x80,0x00,0x00,0x00,0x00,0x00,0xFF,0x40,0x00,0x00,0xFF,0x80,0x00,0x00,0x00,
  0x00,0x00,0xFF,0x40,0x00,0x00,0xFF,0x80,0x00,0x00,0x00,0x00,0x00,0xFF,0x40,0x00,
  0x00,0xFF,0x80,0x00,0x00,0x15,0xA9,0x00,0xFF,0x40,0x00,0x00,0xFF,0xAA,0xAA,0xAF,
  0xFF,0xFE,0x00,0xFF,0x40,0x00,0x00,0xFF,0xFF,0xFF,0xFF,0xFF,0xFE,0x00,0xFF,0x40,
  0x00,0x00,0xFF,0xFF,0xFF,0xFF,0xFF,0xFE,0x00,0xFF,0x40,0x00,0x00,0xFF,0xFF,0xFF,
  0xEA,0xA5,0x40,0x00,0xFF,0x40,0x00,0x00,0x00,0x00,0x00,0x00,0x00,0x00,0x00,0xFF,
  0x40,0x00,0x00,0x00,0x00,0x00,0x00,0x00,0x00,0x00,0xFF,0x40,0x00,0x00,0x00,0x00,
  0x00,0x00,0x00,0x00,0x00,0xFF,0x40,0x00,0x00,0x00,0x00,0x00,0x00,0x00,0x00,0x00,
  0xFF,0x40,0x00,0x00,0x00,0x00,0x00,0x00,0x00,0x00,0x00,0xFF,0x40,0x00,0x00,0x00,
  0x00,0x00,0x00,0x00,0x00,0x00,0xFF,0x40,0x00,0x00,0x00,0x00,0x00,0x00,0x00,0x00,
  0x00,0xFF,0x40,0x00,0x00,0x00,0x00,0x00,0x00,0x00,0x00,0x00,0xFF,0x40,0x00,0x00,
  0x00,0x00,0x00,0x00,0x00,0x00,0x00,0xFF,0x40,0x00,0x00,0x00,0x00,0x00,0x00,0x00,
  0x00,0x00,0xFF,0x40,0x00,0x00,0x00,0x00,0x00,0x00,0x00,0x00,0x00,0x00,0x00,0x00,
  0x00,0x00,0x00,0x00,0x00,0x00,0x00,0x1F,0xF4,0x00,0x00,0x00,0x00,0x00,0x00,0x00,
  0x00,0x00,0x1F,0xF4,0x00,0x00,0x00,0x00,0x00,0x00,0x00,0x00,0x00,0x1F,0xF4,0x00,
  0x00,0x00,0x00,0x00,0x00,0x00,0x00,0x00,0x1F,0xF4,0x00,0x00,0x0A,0xAA,0xAA,0xAA,
  0xAA,0xAA,0x90,0x1F,0xF4,0x00,0x00,0x0F,0xFF,0xFF,0xFF,0xFF,0xFF,0xE0,0x1F,0xF4,
  0x00,0x00,0x0F,0xFF,0xFF,0xFF,0xFF,0xFF,0xE0,0x1F,0xF4,0x00,0x00,0x0F,0xFF,0xFF,
  0xFF,0xFF,0xFF,0xE0,0x1F,0xF4,0x00,0x00,0x00,0x0B,0xF8,0x00,0x3F,0xD0,0x00,0x1F,
  0xF4,0x00,0x00,0x00,0x0B,0xF8,0x00,0x3F,0xD0,0x00,0x1F,0xF4,0x00,0x00,0x00,0x0B,
  0xF8,0x00,0x3F,0xD0,0x00,0x1F,0xF4,0x00,0x00,0x00,0x0B,0xF8,0x00,0x3F,0xD0,0x00,
  0x1F,0xF4,0x00,0x00,0x00,0x0B,0xF8,0x00,0x3F,0xD0,0x00,0x1F,0xF4,0x00,0x00,0x00,
  0x0B,0xF8,0x00,0x3F,0xD0,0x00,0x1F,0xF4,0x00,0x00,0x00,0x0B,0xF8,0x00,0x3F,0xD0,
  0x00,0x1F,0xF4,0x00,0x00,0x00,0x0B,0xF8,0x00,0x3F,0xD0,0x00,0x1F,0xF4,0x00,0x00,
  0x00,0x0B,0xF8,0x00,0x3F,0xD0,0x00,0x1F,0xF9,0x55,0x40,0x00,0x0B,0xF8,0x00,0x3F,
  0xD0,0x00,0x1F,0xFF,0xFF,0xC0,0x00,0x0B,0xF8,0x00,0x3F,0xD0,0x00,0x1F,0xFF,0xFF,
  0xC0,0x00,0x0B,0xF8,0x00,0x3F,0xD0,0x00,0x1F,0xFF,0xFF,0xC0,0x00,0x0B,0xF8,0x00,
  0x3F,0xD0,0x00,0x1F,0xF5,0x55,0x40,0x00,0x0B,0xF8,0x00,0x3F,0xD0,0x00,0x1F,0xF4,
  0x00,0x00,0x00,0x0B,0xF8,0x00,0x3F,0xD0,0x00,0x1F,0xF4,0x00,0x00,0x00,0x0B,0xF8,
  0x00,0x3F,0xD0,0x00,0x1F,0xF4,0x00,0x00,0x00,0x0B,0xF8,0x00,0x3F,0xD0,0x00,0x1F,
  0xF4,0x00,0x00,0x00,0x0B,0xF8,0x00,0x3F,0xD0,0x00,0x1F,0xF4,0x00,0x00,0x00,0x0B,
  0xF8,0x00,0x3F,0xD0,0x00,0x1F,0xF4,0x00,0x00,0x00,0x0B,0xF8,0x01,0x7F,0xEA,0xBD,
  0x1F,0xF4,0x00,0x00,0x2F,0xFF,0xFF,0xFF,0xFF,0xFF,0xFD,0x1F,0xF4,0x00,0x00,0x2F,
  0xFF,0xFF,0xFF,0xFF,0xFF,0xFE,0x1F,0xF4,0x00,0x00,0x2F,0xFF,0xFF,0xFF,0xFF,0xFA,
  0x94,0x1F,0xF4,0x00,0x00,0x1A,0xAA,0xAA,0xA5,0x54,0x00,0x00,0x1F,0xF4,0x00,0x00,
  0x00,0x00,0x00,0x00,0x00,0x00,0x00,0x1F,0xF4,0x00,0x00,0x00,0x00,0x00,0x00,0x00,
  0x00,0x00,0x1F,0xF4,0x00,0x00,0x00,0x00,0x00,0x00,0x00,0x00,0x00,0x1F,0xF4,0x00,
  0x00,0x00,0x00,0x00,0x00,0x00,0x00,0x00,0x1F,0xF4,0x00,0x00,0x00,0x00,0x00,0x00,
  0x00,0x00,0x00,0x1F,0xF4,0x00,0x00,0x00,0x00,0x00,0x00,0x00,0x00,0x00,0x1F,0xF4,
  0x00,0x00,0x00,0x00,0x00,0x00,0x00,0x00,0x00,0x1F,0xF4,0x00,0x00,0x00,0x00,0x00,
  0x00,0x00,0x00,0x00,0x1F,0xF4,0x00,0x00,0x00,0x00,0x00,0x00,0x00,0x00,0x00,0x1F,
  0xF4,0x00,0x00,0x00,0x00,0x00,0x00,0x00,0x00,0x00,0x1F,0xF4,0x00,0x00,0x00,0x00,
  0x00,0x00,0x00,0x00,0x00,0x00,0x00,0x00,0x00,0x00,0x00,0x00,0x55,0x00,0x00,0x00,
  0x0F,0xF4,0x00,0x00,0x00,0x00,0x01,0xFF,0x00,0x00,0x00,0x0F,0xF4,0x00,0x00,0x00,
  0x00,0x01,0xFF,0x00,0x00,0x00,0x0F,0xF4,0x00,0x00,0x00,0x00,0x01,0xFF,0x00,0x00,
  0x00,0x0F,0xF4,0x00,0x00,0x00,0x00,0x01,0xFF,0x00,0x00,0x00,0x0F,0xF4,0x00,0x00,
  0x00,0x00,0x01,0xFF,0x00,0x00,0x00,0x0F,0xF4,0x00,0x00,0x15,0x55,0x56,0xFF,0x95,
  0x55,0x50,0x0F,0xF4,0x00,0x00,0x2F,0xFF,0xFF,0xFF,0xFF,0xFF,0xF4,0x0F,0xF4,0x00,
  0x00,0x2F,0xFF,0xFF,0xFF,0xFF,0xFF,0xF4,0x0F,0xF4,0x00,0x00,0x2F,0xFF,0xFF,0xFF,
  0xFF,0xFF,0xF4,0x0F,0xF4,0x00,0x00,0x05,0x55,0x55,0x55,0x55,0x55,0x50,0x0F,0xF4,
  0x00,0x00,0x00,0x00,0x00,0x00,0x00,0x00,0x00,0x0F,0xF4,0x00,0x00,0x00,0x00,0x00,
  0x00,0x00,0x00,0x00,0x0F,0xF4,0x00,0x00,0x00,0x00,0x05,0xAA,0x40,0x00,0x00,0x0F,
  0xF4,0x00,0x00,0x00,0x00,0x7F,0xFF,0xF9,0x00,0x00,0x0F,0xF4,0x00,0x00,0x00,0x02,
  0xFF,0xFF,0xFF,0x80,0x00,0x0F,0xF4,0x00,0x00,0x00,0x0F,0xFF,0xFF,0xFF,0xE0,0x00,
  0x0F,0xF4,0x00,0x00,0x00,0x2F,0xFD,0x41,0xBF,0xF8,0x00,0x0F,0xFF,0xFF,0xC0,0x00,
  0x7F,0xE0,0x00,0x0B,0xFD,0x00,0x0F,0xFF,0xFF,0xC0,0x00,0xFF,0xC0,0x00,0x03,0xFE,
  0x00,0x0F,0xFF,0xFF,0xC0,0x01,0xFF,0x40,0x00,0x01,0xFF,0x00,0x0F,0xFA,0xAA,0x80,
  0x01,0xFF,0x00,0x00,0x01,0xFF,0x40,0x0F,0xF4,0x00,0x00,0x01,0xFE,0x00,0x00,0x00,
  0xFF,0x40,0x0F,0xF4,0x00,0x00,0x01,0xFE,0x00,0x00,0x00,0xFF,0x40,0x0F,0xF4,0x00,
  0x00,0x01,0xFF,0x00,0x00,0x00,0xFF,0x40,0x0F,0xF4,0x00,0x00,0x01,0xFF,0x40,0x00,
  0x01,0xFF,0x00,0x0F,0xF4,0x00,0x00,0x00,0xFF,0x80,0x00,0x03,0xFE,0x00,0x0F,0xF4,
  0x00,0x00,0x00,0x7F,0xE0,0x00,0x0B,0xFD,0x00,0x0F,0xF4,0x00,0x00,0x00,0x3F,0xFD,
  0x00,0x7F,0xF8,0x00,0x0F,0xF4,0x00,0x00,0x00,0x0F,0xFF,0xFF,0xFF,0xF0,0x00,0x0F,
  0xF4,0x00,0x00,0x00,0x07,0xFF,0xFF,0xFF,0x80,0x00,0x0F,0xF4,0x00,0x00,0x00,0x00,
  0xBF,0xFF,0xFD,0x00,0x00,0x0F,0xF4,0x00,0x00,0x00,0x00,0x06,0xAA,0x90,0x00,0x00,
  0x0F,0xF4,0x00,0x00,0x00,0x00,0x00,0x00,0x00,0x00,0x00,0x0F,0xF4,0x00,0x00,0x00,
  0x00,0x00,0x00,0x00,0x00,0x00,0x0F,0xF4,0x00,0x00,0x00,0x00,0x00,0x00,0x00,0x00,
  0x00,0x0F,0xF4,0x00,0x00,0x00,0x00,0x00,0x00,0x00,0x00,0x00,0x0F,0xF4,0x00,0x00,
  0x00,0x00,0x00,0x00,0x00,0x00,0x00,0x0F,0xF4,0x00,0x00,0x00,0x00,0x00,0x00,0x00,
  0x00,0x00,0x0F,0xF4,0x00,0x00,0x00,0x00,0x00,0x00,0x00,0x00,0x00,0x0F,0xF4,0x00,
  0x00,0x00,0x00,0x00,0x00,0x00,0x00,0x00,0x0F,0xF4,0x00,0x00,0x00,0x00,0x00,0x00,
  0x00,0x00,0x00,0x0F,0xF4,0x00,0x00,0x00,0x00,0x00,0x00,0x00,0x00,0x00,0x00,0x00,
  0x00,0x00,0x00,0x00,0x00,0xFF,0x40,0x00,0x00,0x0F,0xF8,0x00,0x00,0x00,0x00,0x00,
  0xFF,0x40,0x00,0x00,0x0F,0xF8,0x00,0x00,0x00,0x00,0x00,0xFF,0x40,0x00,0x00,0x0F,
  0xF8,0x00,0x00,0x00,0x00,0x00,0xFF,0x40,0x00,0x00,0x0F,0xF8,0x00,0x00,0x00,0x00,
  0x01,0xFF,0x40,0x00,0x00,0x0F,0xF8,0x00,0x00,0x1F,0xFF,0xFF,0xFF,0xFF,0xFF,0xF8,
  0x0F,0xF8,0x00,0x00,0x1F,0xFF,0xFF,0xFF,0xFF,0xFF,0xF8,0x0F,0xF8,0x00,0x00,0x1F,
  0xFF,0xFF,0xFF,0xFF,0xFF,0xF8,0x0F,0xF8,0x00,0x00,0x1A,0xAA,0xAA,0xAA,0xAA,0xAA,
  0xA4,0x0F,0xF8,0x00,0x00,0x00,0x00,0x00,0x00,0x00,0x00,0x00,0x0F,0xF8,0x00,0x00,
  0x00,0x00,0x01,0x55,0x40,0x00,0x00,0x0F,0xF8,0x00,0x00,0x00,0x00,0x6F,0xFF,0xF9,
  0x00,0x00,0x0F,0xF8,0x00,0x00,0x00,0x02,0xFF,0xFF,0xFF,0xD0,0x00,0x0F,0xF8,0x00,
  0x00,0x00,0x1F,0xFF,0xFF,0xFF,0xF4,0x00,0x0F,0xF9,0x55,0x40,0x00,0x3F,0xF9,0x00,
  0x6F,0xFC,0x00,0x0F,0xFF,0xFF,0x80,0x00,0x7F,0xE0,0x00,0x07,0xFE,0x00,0x0F,0xFF,
  0xFF,0x80,0x00,0xBF,0x80,0x00,0x01,0xFF,0x00,0x0F,0xFF,0xFF,0x80,0x00,0xFF,0x40,
  0x00,0x00,0xFF,0x40,0x0F,0xF9,0x55,0x00,0x00,0xFF,0x40,0x00,0x00,0xFF,0x40,0x0F,
  0xF8,0x00,0x00,0x00,0xFF,0x40,0x00,0x00,0xFF,0x00,0x0F,0xF8,0x00,0x00,0x00,0xBF,
  0x80,0x00,0x02,0xFF,0x00,0x0F,0xF8,0x00,0x00,0x00,0x7F,0xE0,0x00,0x07,0xFE,0x00,
  0x0F,0xF8,0x00,0x00,0x00,0x2F,0xFE,0x55,0x7F,0xFC,0x00,0x0F,0xF8,0x00,0x00,0x00,
  0x0F,0xFF,0xFF,0xFF,0xF4,0x00,0x0F,0xF8,0x00,0x00,0x00,0x02,0xFF,0xFF,0xFF,0x90,
  0x00,0x0F,0xF8,0x00,0x00,0x00,0x00,0x6F,0xFF,0xF9,0x00,0x00,0x0F,0xF8,0x00,0x00,
  0x00,0x00,0x00,0x55,0x00,0x00,0x00,0x0F,0xF8,0x00,0x00,0x00,0x00,0x00,0x00,0x00,
  0x00,0x00,0x0F,0xF8,0x00,0x00,0x00,0x00,0x00,0x00,0x00,0x00,0x00,0x0F,0xF8,0x00,
  0x00,0x00,0x00,0xFF,0x40,0x00,0x00,0x00,0x0F,0xF8,0x00,0x00,0x00,0x00,0xFF,0x40,
  0x00,0x00,0x00,0x0F,0xF8,0x00,0x00,0x00,0x00,0xFF,0x40,0x00,0x00,0x00,0x05,0x54,
  0x00,0x00,0x00,0x00,0xFF,0x40,0x00,0x00,0x00,0x00,0x00,0x00,0x00,0x00,0x00,0xFF,
  0x40,0x00,0x00,0x00,0x00,0x00,0x00,0x00,0x00,0x00,0xFF,0x40,0x00,0x00,0x00,0x00,
  0x00,0x00,0x00,0x00,0x00,0xFF,0x40,0x00,0x00,0x00,0x00,0x00,0x00,0x00,0x00,0x00,
  0xFF,0x40,0x00,0x00,0x00,0x00,0x00,0x00,0x00,0x00,0x00,0xFF,0xAA,0xAA,0xAA,0xAA,
  0xAA,0xAA,0x40,0x00,0x00,0x00,0xFF,0xFF,0xFF,0xFF,0xFF,0xFF,0xFF,0x40,0x00,0x00,
  0x00,0xFF,0xFF,0xFF,0xFF,0xFF,0xFF,0xFF,0x40,0x00,0x00,0x00,0xFF,0xFF,0xFF,0xFF,
  0xFF,0xFF,0xFF,0x40,0x00,0x00,0x00,0x00,0x00,0x00,0x00,0x00,0x00,0x00,0x00,0x00,
  0x00,0x00,0x00,0x00,0x00,0x00,0x00,0x00,0x00,0x00,0x00,0x00,0x00,0x01,0xFF,0x00,
  0x00,0x00,0x00,0xFF,0x80,0x00,0x00,0x00,0x01,0xFF,0x00,0x00,0x00,0x00,0xFF,0x80,
  0x00,0x00,0x00,0x01,0xFF,0x00,0x00,0x00,0x00,0xFF,0x80,0x00,0x00,0x00,0x01,0xFF,
  0x00,0x00,0x00,0x00,0xFF,0x80,0x00,0x00,0x00,0x01,0xFF,0x40,0x00,0x00,0x00,0xFF,
  0x80,0x00,0x1F,0xFF,0xFF,0xFF,0xFF,0xFF,0xF4,0x00,0xFF,0x80,0x00,0x1F,0xFF,0xFF,
  0xFF,0xFF,0xFF,0xF4,0x00,0xFF,0x80,0x00,0x1F,0xFF,0xFF,0xFF,0xFF,0xFF,0xF4,0x00,
  0xFF,0x80,0x00,0x1A,0xAA,0xAA,0xAA,0xAA,0xAA,0xA0,0x00,0xFF,0x80,0x00,0x00,0x00,
  0x00,0x00,0x00,0x00,0x00,0x00,0xFF,0x80,0x00,0x00,0x00,0x01,0x55,0x40,0x00,0x00,
  0x00,0xFF,0x80,0x00,0x00,0x00,0x6F,0xFF,0xF8,0x00,0x00,0x00,0xFF,0x80,0x00,0x00,
  0x02,0xFF,0xFF,0xFF,0x80,0x00,0x00,0xFF,0x80,0x00,0x00,0x0F,0xFF,0xFF,0xFF,0xE0,
  0x00,0x00,0xFF,0x80,0x00,0x00,0x2F,0xFD,0x01,0x7F,0xF8,0x1A,0xAA,0xFF,0x80,0x00,
  0x00,0x7F,0xE0,0x00,0x0B,0xFC,0x2F,0xFF,0xFF,0x80,0x00,0x00,0xBF,0x80,0x00,0x03,
  0xFD,0x2F,0xFF,0xFF,0x80,0x00,0x00,0xFF,0x80,0x00,0x02,0xFE,0x2F,0xFF,0xFF,0x80,
  0x00,0x00,0xFF,0x40,0x00,0x02,0xFE,0x00,0x00,0xFF,0x80,0x00,0x00,0xFF,0x80,0x00,
  0x02,0xFE,0x00,0x00,0xFF,0x80,0x00,0x00,0xBF,0xC0,0x00,0x03,0xFD,0x00,0x00,0xFF,
  0x80,0x00,0x00,0x7F,0xE0,0x00,0x0F,0xFC,0x00,0x00,0xFF,0x80,0x00,0x00,0x2F,0xFE,
  0x55,0xBF,0xF4,0x00,0x00,0xFF,0x80,0x00,0x00,0x0B,0xFF,0xFF,0xFF,0xE0,0x00,0x00,
  0xFF,0x80,0x00,0x00,0x02,0xFF,0xFF,0xFF,0x40,0x00,0x00,0xFF,0x80,0x00,0x00,0x00,
  0x2F,0xFF,0xE4,0x00,0x00,0x00,0xFF,0x80,0x00,0x00,0x00,0x00,0x55,0x00,0x00,0x00,
  0x00,0xFF,0x80,0x00,0x00,0x00,0x00,0x00,0x00,0x00,0x00,0x00,0xFF,0x80,0x00,0x00,
  0x00,0x00,0x00,0x00,0x00,0x00,0x00,0xFF,0x80,0x00,0x00,0x00,0x3F,0xE0,0x00,0x00,
  0x00,0x00,0xFF,0x80,0x00,0x00,0x00,0x3F,0xE0,0x00,0x00,0x00,0x00,0xFF,0x80,0x00,
  0x00,0x00,0x3F,0xE0,0x00,0x00,0x00,0x00,0xAA,0x40,0x00,0x00,0x00,0x3F,0xE0,0x00,
  0x00,0x00,0x00,0x00,0x00,0x00,0x00,0x00,0x3F,0xE0,0x00,0x00,0x00,0x00,0x00,0x00,
  0x00,0x00,0x00,0x3F,0xE0,0x00,0x00,0x00,0x00,0x00,0x00,0x00,0x00,0x00,0x3F,0xE0,
  0x00,0x00,0x00,0x00,0x00,0x00,0x00,0x00,0x00,0x3F,0xE0,0x00,0x00,0x00,0x00,0x00,
  0x00,0x00,0x00,0x00,0x3F,0xEA,0xAA,0xAA,0xAA,0xAA,0xAA,0x90,0x00,0x00,0x00,0x3F,
  0xFF,0xFF,0xFF,0xFF,0xFF,0xFF,0xD0,0x00,0x00,0x00,0x3F,0xFF,0xFF,0xFF,0xFF,0xFF,
  0xFF,0xD0,0x00,0x00,0x00,0x3F,0xFF,0xFF,0xFF,0xFF,0xFF,0xFF,0xD0,0x00,0x00,0x00,
  0x00,0x00,0x00,0x00,0x00,0x00,0x00,0x00,0x00,0x00,0x00,0x00,0x55,0x00,0x00,0x00,
  0x00,0x00,0x00,0x00,0x00,0x00,0x01,0xFF,0x00,0x00,0x00,0x00,0xFF,0x80,0x00,0x00,
  0x00,0x01,0xFF,0x00,0x00,0x00,0x00,0xFF,0x80,0x00,0x00,0x00,0x01,0xFF,0x00,0x00,
  0x00,0x00,0xFF,0x80,0x00,0x00,0x00,0x01,0xFF,0x00,0x00,0x00,0x00,0xFF,0x80,0x00,
  0x1F,0xFF,0xFF,0xFF,0xFF,0xFF,0xF4,0x00,0xFF,0x80,0x00,0x1F,0xFF,0xFF,0xFF,0xFF,
  0xFF,0xF4,0x00,0xFF,0x80,0x00,0x1F,0xFF,0xFF,0xFF,0xFF,0xFF,0xF4,0x00,0xFF,0x80,
  0x00,0x1A,0xAA,0xAA,0xAA,0xAA,0xAA,0xA0,0x00,0xFF,0x80,0x00,0x00,0x00,0x00,0x00,
  0x00,0x00,0x00,0x00,0xFF,0x80,0x00,0x00,0x00,0x00,0x55,0x00,0x00,0x00,0x00,0xFF,
  0x80,0x00,0x00,0x00,0x6F,0xFF,0xF8,0x00,0x00,0x00,0xFF,0x80,0x00,0x00,0x02,0xFF,
  0xFF,0xFF,0x80,0x00,0x00,0xFF,0x80,0x00,0x00,0x0F,0xFF,0xFF,0xFF,0xE0,0x15,0x55,
  0xFF,0x80,0x00,0x00,0x2F,0xFD,0x41,0x7F,0xF8,0x1F,0xFF,0xFF,0x80,0x00,0x00,0x7F,
  0xE0,0x00,0x0B,0xFD,0x1F,0xFF,0xFF,0x80,0x00,0x00,0xBF,0x80,0x00,0x03,0xFE,0x1F,
  0xFF,0xFF,0x80,0x00,0x00,0xFF,0x40,0x00,0x02,0xFE,0x05,0x55,0xFF,0x80,0x00,0x00,
  0xFF,0x40,0x00,0x02,0xFE,0x00,0x00,0xFF,0x80,0x00,0x00,0xBF,0x80,0x00,0x02,0xFE,
  0x00,0x00,0xFF,0x80,0x00,0x00,0xBF,0xD0,0x00,0x07,0xFD,0x00,0x00,0xFF,0x80,0x00,
  0x00,0x3F,0xF4,0x00,0x2F,0xF8,0x00,0x00,0xFF,0x80,0x00,0x00,0x1F,0xFF,0xEB,0xFF,
  0xF4,0x00,0x00,0xFF,0x80,0x00,0x00,0x07,0xFF,0xFF,0xFF,0xD0,0x00,0x00,0xFF,0x80,
  0x00,0x00,0x00,0xBF,0xFF,0xF9,0x00,0x00,0x00,0xFF,0x80,0x00,0x00,0x00,0x05,0xAA,
  0x50,0x00,0x00,0x00,0xFF,0x80,0x00,0x00,0x00,0x00,0x00,0x00,0x00,0x00,0x00,0x55,
  0x40,0x00,0x00,0x00,0x00,0x00,0x00,0x00,0x00,0x00,0x00,0x00,0x00,0x00,0x00,0x15,
  0x55,0x55,0x55,0x55,0x55,0x55,0x40,0x00,0x00,0x00,0x3F,0xFF,0xFF,0xFF,0xFF,0xFF,
  0xFF,0x80,0x00,0x00,0x00,0x3F,0xFF,0xFF,0xFF,0xFF,0xFF,0xFF,0x80,0x00,0x00,0x00,
  0x3F,0xFF,0xFF,0xFF,0xFF,0xFF,0xFF,0x80,0x00,0x00,0x00,0x3F,0xD0,0x00,0x00,0x00,
  0x00,0xBF,0x80,0x00,0x00,0x00,0x3F,0xD0,0x00,0x00,0x00,0x00,0xBF,0x80,0x00,0x00,
  0x00,0x3F,0xD0,0x00,0x00,0x00,0x00,0xBF,0x80,0x00,0x00,0x00,0x3F,0xD0,0x00,0x00,
  0x00,0x00,0xBF,0x80,0x00,0x00,0x00,0x3F,0xD0,0x00,0x00,0x00,0x00,0xBF,0x80,0x00,
  0x00,0x00,0x3F,0xD0,0x00,0x00,0x00,0x00,0xBF,0x80,0x00,0x00,0x00,0x3F,0xD0,0x00,
  0x00,0x00,0x00,0xBF,0x80,0x00,0x00,0x00,0x3F,0xFF,0xFF,0xFF,0xFF,0xFF,0xFF,0x80,
  0x00,0x00,0x00,0x3F,0xFF,0xFF,0xFF,0xFF,0xFF,0xFF,0x80,0x00,0x00,0x00,0x3F,0xFF,
  0xFF,0xFF,0xFF,0xFF,0xFF,0x80,0x00,0x00,0x00,0x15,0x55,0x55,0x55,0x55,0x55,0x55,
  0x40,0x00,0x00,0x00,0x00,0x00,0x00,0x00,0x00,0x00,0x00,0x00,0x00,0x00,0x00,0x00,
  0x2F,0xE0,0x00,0x00,0x01,0xFF,0x40,0x00,0x00,0x00,0x00,0x2F,0xE0,0x00,0x00,0x01,
  0xFF,0x40,0x00,0x00,0x00,0x00,0x2F,0xE0,0x00,0x00,0x01,0xFF,0x40,0x00,0x00,0x00,
  0x00,0x2F,0xE0,0x00,0x00,0x01,0xFF,0x40,0x00,0x00,0x00,0x00,0x2F,0xE0,0x00,0x00,
  0x01,0xFF,0x40,0x00,0x07,0xFF,0xFF,0xFF,0xFF,0xFF,0xFF,0x41,0xFF,0x40,0x00,0x07,
  0xFF,0xFF,0xFF,0xFF,0xFF,0xFF,0x41,0xFF,0x40,0x00,0x07,0xFF,0xFF,0xFF,0xFF,0xFF,
  0xFF,0x41,0xFF,0x40,0x00,0x06,0xAA,0xAA,0xAA,0xAA,0xAA,0xAA,0x41,0xFF,0x40,0x00,
  0x00,0x00,0x00,0x00,0x00,0x00,0x00,0x01,0xFF,0x40,0x00,0x00,0x00,0x00,0x15,0x50,
  0x00,0x00,0x01,0xFF,0x40,0x00,0x00,0x00,0x06,0xFF,0xFE,0x40,0x00,0x01,0xFF,0x40,
  0x00,0x00,0x00,0x7F,0xFF,0xFF,0xF4,0x00,0x01,0xFF,0x40,0x00,0x00,0x02,0xFF,0xFF,
  0xFF,0xFE,0x00,0x01,0xFF,0x40,0x00,0x00,0x0B,0xFF,0x95,0x5B,0xFF,0x40,0x01,0xFF,
  0x40,0x00,0x00,0x0F,0xFD,0x00,0x01,0xFF,0xC0,0x01,0xFF,0x40,0x00,0x00,0x1F,0xF0,
  0x00,0x00,0x7F,0xD0,0x01,0xFF,0x40,0x00,0x00,0x2F,0xE0,0x00,0x00,0x2F,0xE0,0x01,
  0xFF,0x40,0x00,0x00,0x2F,0xE0,0x00,0x00,0x2F,0xE0,0x01,0xFF,0x40,0x00,0x00,0x2F,
  0xE0,0x00,0x00,0x2F,0xE0,0x01,0xFF,0x40,0x00,0x00,0x1F,0xF0,0x00,0x00,0x3F,0xD0,
  0x01,0xFF,0x40,0x00,0x00,0x0F,0xFC,0x00,0x00,0xFF,0xC0,0x01,0xFF,0x40,0x00,0x00,
  0x0B,0xFF,0x95,0x5B,0xFF,0x80,0x01,0xFF,0x40,0x00,0x00,0x02,0xFF,0xFF,0xFF,0xFE,
  0x00,0x01,0xFF,0x40,0x00,0x00,0x00,0x7F,0xFF,0xFF,0xF4,0x00,0x01,0xFF,0x40,0x00,
  0x00,0x00,0x06,0xFF,0xFE,0x40,0x00,0x01,0xFF,0x40,0x00,0x00,0x00,0x00,0x2F,0xE0,
  0x00,0x00,0x01,0xFF,0x40,0x00,0x00,0x00,0x00,0x2F,0xE0,0x00,0x00,0x01,0xFF,0x40,
  0x00,0x00,0x00,0x00,0x2F,0xE0,0x00,0x00,0x01,0xFF,0x40,0x00,0x00,0x00,0x00,0x2F,
  0xE0,0x01,0x56,0x91,0xFF,0x40,0x00,0x05,0x56,0xAA,0xBF,0xFF,0xFF,0xFF,0xD1,0xFF,
  0x40,0x00,0x0F,0xFF,0xFF,0xFF,0xFF,0xFF,0xFF,0xD1,0xFF,0x40,0x00,0x0F,0xFF,0xFF,
  0xFF,0xFF,0xFF,0xFF,0x91,0xFF,0x40,0x00,0x0B,0xFF,0xFF,0xFF,0xFA,0xA9,0x40,0x01,
  0xFF,0x40,0x00,0x01,0x55,0x50,0x00,0x00,0x00,0x00,0x01,0xFF,0x40,0x00,0x00,0x00,
  0x00,0x00,0x00,0x00,0x00,0x01,0xFF,0x40,0x00,0x00,0x00,0x00,0x00,0x00,0x00,0x00,
  0x01,0xFF,0x40,0x00,0x00,0x00,0x00,0x00,0x00,0x00,0x00,0x01,0xFF,0x40,0x00,0x00,
  0x00,0x00,0x00,0x00,0x00,0x00,0x01,0xFF,0x40,0x00,0x00,0x00,0x00,0x00,0x00,0x00,
  0x00,0x01,0xFF,0x40,0x00,0x00,0x00,0x00,0x00,0x00,0x00,0x00,0x01,0xFF,0x40,0x00,
  0x00,0x00,0x00,0x00,0x00,0x00,0x00,0x01,0xFF,0x40,0x00,0x00,0x00,0x00,0x00,0x06,
  0xA8,0x00,0x00,0x00,0x00,0x00,0x00,0x00,0x00,0x00,0x0B,0xFC,0x00,0x00,0x00,0x00,
  0x00,0x00,0x00,0x00,0x00,0x0B,0xFC,0x00,0x00,0x00,0x00,0x00,0x00,0x00,0x00,0x00,
  0x0B,0xFC,0x00,0x00,0x00,0x00,0x00,0x01,0x55,0x55,0x55,0x5B,0xFD,0x55,0x55,0x55,
  0x50,0x00,0x01,0xFF,0xFF,0xFF,0xFF,0xFF,0xFF,0xFF,0xFF,0xE0,0x00,0x01,0xFF,0xFF,
  0xFF,0xFF,0xFF,0xFF,0xFF,0xFF,0xE0,0x00,0x01,0xFF,0xFF,0xFF,0xFF,0xFF,0xFF,0xFF,
  0xFF,0xE0,0x00,0x00,0x00,0x00,0x00,0x00,0x00,0x00,0x00,0x00,0x00,0x00,0x00,0x00,
  0x00,0x01,0x55,0xA5,0x50,0x00,0x00,0x00,0x00,0x00,0x00,0x01,0xBF,0xFF,0xFF,0xFF,
  0x90,0x00,0x00,0x00,0x00,0x00,0x1F,0xFF,0xFF,0xFF,0xFF,0xFE,0x00,0x00,0x00,0x00,
  0x00,0xBF,0xFF,0xEA,0xAA,0xBF,0xFF,0xC0,0x00,0x00,0x00,0x02,0xFF,0xE4,0x00,0x00,
  0x01,0xBF,0xE0,0x00,0x00,0x00,0x03,0xFF,0x00,0x00,0x00,0x00,0x2F,0xF4,0x00,0x00,
  0x00,0x03,0xFD,0x00,0x00,0x00,0x00,0x0F,0xF4,0x00,0x00,0x00,0x03,0xFE,0x00,0x00,
  0x00,0x00,0x1F,0xF4,0x00,0x00,0x00,0x02,0xFF,0x80,0x00,0x00,0x00,0x7F,0xF0,0x00,
  0x00,0x00,0x00,0xFF,0xFE,0x55,0x55,0x6B,0xFF,0xD0,0x00,0x00,0x00,0x00,0x2F,0xFF,
  0xFF,0xFF,0xFF,0xFF,0x40,0x00,0x00,0x00,0x00,0x06,0xFF,0xFF,0xFF,0xFF,0xE4,0x00,
  0x00,0x00,0x00,0x00,0x00,0x16,0xAB,0xFE,0xA5,0x00,0x00,0x00,0x00,0x00,0x00,0x00,
  0x00,0x00,0x00,0x00,0x00,0x00,0x00,0x00,0x00,0x00,0x00,0x00,0x00,0x00,0x00,0x00,
  0x00,0x00,0x00,0x1A,0xAA,0xAA,0xAA,0xAA,0xAA,0xAA,0xAA,0xAA,0xAA,0x00,0x1F,0xFF,
  0xFF,0xFF,0xFF,0xFF,0xFF,0xFF,0xFF,0xFF,0x00,0x1F,0xFF,0xFF,0xFF,0xFF,0xFF,0xFF,
  0xFF,0xFF,0xFF,0x00,0x1F,0xFF,0xFF,0xFF,0xFF,0xFF,0xFF,0xFF,0xFF,0xFE,0x00,0x00,
  0x00,0x00,0x00,0x00,0x00,0x00,0x00,0x00,0x00,0x00,0x00,0x00,0x00,0x00,0x00,0x00,
  0x00,0x00,0x00,0x00,0x00,0x00,0x00,0x00,0x00,0x00,0x00,0x00,0x00,0x00,0x00,0x00,
  0x00,0x1A,0xAA,0xAA,0xAA,0xAA,0xAA,0xAA,0xA8,0x00,0x00,0x00,0x1F,0xFF,0xFF,0xFF,
  0xFF,0xFF,0xFF,0xFC,0x00,0x00,0x00,0x1F,0xFF,0xFF,0xFF,0xFF,0xFF,0xFF,0xFC,0x00,
  0x00,0x00,0x1A,0xAA,0xAA,0xAA,0xAA,0xAA,0xAF,0xFC,0x00,0x00,0x00,0x00,0x00,0x00,
  0x00,0x00,0x00,0x0B,0xFC,0x00,0x00,0x00,0x00,0x00,0x00,0x00,0x00,0x00,0x0B,0xFC,
  0x00,0x00,0x00,0x00,0x00,0x00,0x00,0x00,0x00,0x0B,0xFC,0x00,0x00,0x00,0x00,0x00,
  0x00,0x00,0x00,0x00,0x0B,0xFC,0x00,0x00,0x00,0x00,0x00,0x00,0x00,0x00,0x00,0x0B,
  0xFC,0x00,0x00,0x00,0x00,0x00,0x00,0x00,0x00,0x00,0x0B,0xFC,0x00,0x00,0x00,0x00,
  0x00,0x00,0x00,0x00,0x00,0x0B,0xFC,0x00,0x00,0x00,0x00,0x00,0x00,0x00,0x00,0x00,
  0x0B,0xFC,0x00,0x00,0x00,0x00,0x00,0x00,0x00,0x00,0x00,0x00,0x00,0x00,0x00,0x00,
  0x00,0x00,0x2F,0xE0,0x00,0x00,0x00,0xFF,0x40,0x00,0x00,0x00,0x00,0x2F,0xE0,0x00,
  0x00,0x00,0xFF,0x40,0x00,0x00,0x00,0x00,0x2F,0xE0,0x00,0x00,0x00,0xFF,0x40,0x00,
  0x00,0x00,0x00,0x2F,0xE0,0x00,0x00,0x00,0xFF,0x40,0x00,0x03,0xFF,0xFF,0xFF,0xFF,
  0xFF,0xFF,0x00,0xFF,0x40,0x00,0x03,0xFF,0xFF,0xFF,0xFF,0xFF,0xFF,0x00,0xFF,0x40,
  0x00,0x03,0xFF,0xFF,0xFF,0xFF,0xFF,0xFF,0x00,0xFF,0x40,0x00,0x01,0x55,0x55,0x55,
  0x55,0x55,0x55,0x00,0xFF,0x40,0x00,0x00,0x00,0x00,0x00,0x00,0x00,0x00,0x00,0xFF,
  0x40,0x00,0x00,0x00,0x06,0xAF,0xEA,0x40,0x00,0x00,0xFF,0x40,0x00,0x00,0x00,0x7F,
  0xFF,0xFF,0xF4,0x00,0x00,0xFF,0x40,0x00,0x00,0x02,0xFF,0xFF,0xFF,0xFE,0x00,0x00,
  0xFF,0x40,0x00,0x00,0x0B,0xFE,0x50,0x16,0xFF,0x80,0x00,0xFF,0x40,0x00,0x00,0x1F,
  0xF8,0x00,0x00,0xBF,0xD0,0x00,0xFF,0x40,0x00,0x00,0x2F,0xE0,0x00,0x00,0x2F,0xE0,
  0x00,0xFF,0x40,0x00,0x00,0x2F,0xE0,0x00,0x00,0x2F,0xE0,0x00,0xFF,0x40,0x00,0x00,
  0x2F,0xE0,0x00,0x00,0x3F,0xE0,0x00,0xFF,0x40,0x00,0x00,0x1F,0xF8,0x00,0x00,0xBF,
  0xD0,0x00,0xFF,0x40,0x00,0x00,0x0B,0xFF,0x94,0x5B,0xFF,0x80,0x00,0xFF,0x40,0x00,
  0x00,0x02,0xFF,0xFF,0xFF,0xFE,0x00,0x00,0xFF,0x40,0x00,0x00,0x00,0x7F,0xFF,0xFF,
  0xF4,0x00,0x00,0xFF,0x40,0x00,0x00,0x00,0x06,0xAF,0xEA,0x40,0x00,0x00,0xFF,0x40,
  0x00,0x00,0x00,0x00,0x00,0x00,0x00,0x00,0x00,0xFF,0x40,0x00,0x00,0x00,0x00,0x00,
  0x00,0x05,0x5A,0x80,0xFF,0x40,0x00,0x0A,0xAA,0xAA,0xAA,0xFF,0xFF,0xFF,0x80,0xFF,
  0x40,0x00,0x0F,0xFF,0xFF,0xFF,0xFF,0xFF,0xFF,0xC0,0xFF,0x40,0x00,0x0F,0xFF,0xFF,
  0xFF,0xFF,0xFF,0xA9,0x40,0xFF,0x40,0x00,0x0B,0xFF,0xAA,0xAA,0x95,0x40,0x00,0x00,
  0xFF,0x40,0x00,0x00,0x00,0x00,0x00,0x00,0x00,0x00,0x00,0xFF,0x40,0x00,0x00,0x00,
  0x00,0x00,0x00,0x00,0x00,0x00,0xFF,0x40,0x00,0x00,0x00,0x6A,0x80,0x00,0x00,0x00,
  0x00,0xFF,0x40,0x00,0x00,0x00,0xBF,0xC0,0x00,0x00,0x00,0x00,0xFF,0x40,0x00,0x00,
  0x00,0xBF,0xC0,0x00,0x00,0x00,0x00,0xAA,0x40,0x00,0x00,0x00,0xBF,0xC0,0x00,0x00,
  0x00,0x00,0x00,0x00,0x00,0x00,0x00,0xBF,0xC0,0x00,0x00,0x00,0x00,0x00,0x00,0x00,
  0x00,0x00,0xBF,0xC0,0x00,0x00,0x00,0x00,0x00,0x00,0x00,0x00,0x00,0xBF,0xC0,0x00,
  0x00,0x00,0x00,0x00,0x00,0x00,0x00,0x00,0xBF,0xEA,0xAA,0xAA,0xAA,0xAA,0xAA,0x90,
  0x00,0x00,0x00,0xBF,0xFF,0xFF,0xFF,0xFF,0xFF,0xFF,0xE0,0x00,0x00,0x00,0xBF,0xFF,
  0xFF,0xFF,0xFF,0xFF,0xFF,0xE0,0x00,0x00,0x00,0xBF,0xFF,0xFF,0xFF,0xFF,0xFF,0xFF,
  0xE0,0x00,0x00,0x00,0x00,0x00,0x00,0x00,0x00,0x00,0x00,0x00,0x00,
};

static const KGlyph preg_m48_glyphs[] = {
  {0x0020,     0,  0,  0,   0,   0, 12},
  {0x0021,     0, 13, 35,   0, -34, 13},
  {0x0022,   140, 18, 34,   0, -34, 18},
  {0x0023,   310, 29, 34,   0, -34, 29},
  {0x0024,   582, 29, 44,   0, -39, 29},
  {0x0025,   934, 43, 36,   0, -35, 43},
  {0x0026,  1330, 30, 36,   0, -35, 30},
  {0x0027,  1618, 10, 34,   0, -34, 10},
  {0x0028,  1720, 17, 46,   0, -36, 17},
  {0x0029,  1950, 17, 46,   0, -36, 17},
  {0x002A,  2180, 24, 34,   0, -34, 24},
  {0x002B,  2384, 31, 25,   0, -25, 31},
  {0x002C,  2584, 13, 14,   0,  -4, 13},
  {0x002D,  2640, 21, 17,   0, -17, 21},
  {0x002E,  2742, 13,  8,   0,  -7, 13},
  {0x002F,  2774, 17, 42,   0, -36, 17},
  {0x0030,  2984, 30, 36,   0, -35, 30},
  {0x0031,  3272, 22, 34,   0, -34, 22},
  {0x0032,  3476, 29, 35,   0, -35, 29},
  {0x0033,  3756, 30, 36,   0, -35, 30},
  {0x0034,  4044, 30, 34,   0, -34, 30},
  {0x0035,  4316, 29, 35,   0, -34, 29},
  {0x0036,  4596, 30, 36,   0, -35, 30},
  {0x0037,  4884, 27, 34,   0, -34, 27},
  {0x0038,  5122, 30, 36,   0, -35, 30},
  {0x0039,  5410, 30, 36,   0, -35, 30},
  {0x003A,  5698, 13, 26,   0, -25, 13},
  {0x003B,  5802, 13, 35,   0, -25, 13},
  {0x003C,  5942, 31, 26,   0, -26, 31},
  {0x003D,  6150, 31, 21,   0, -21, 31},
  {0x003E,  6318, 31, 26,   0, -26, 31},
  {0x003F,  6526, 24, 36,   0, -35, 24},
  {0x0040,  6742, 42, 39,   0, -34, 42},
  {0x0041,  7171, 32, 34,   0, -34, 32},
  {0x0042,  7443, 30, 34,   0, -34, 30},
  {0x0043,  7715, 34, 36,   0, -35, 34},
  {0x0044,  8039, 33, 34,   0, -34, 33},
  {0x0045,  8345, 28, 34,   0, -34, 28},
  {0x0046,  8583, 27, 34,   0, -34, 27},
  {0x0047,  8821, 34, 36,   0, -35, 34},
  {0x0048,  9145, 34, 34,   0, -34, 34},
  {0x0049,  9451, 12, 34,   0, -34, 12},
  {0x004A,  9553, 25, 35,   0, -34, 25},
  {0x004B,  9798, 31, 34,   0, -34, 31},
  {0x004C, 10070, 26, 34,   0, -34, 26},
  {0x004D, 10308, 41, 34,   0, -34, 41},
  {0x004E, 10682, 34, 34,   0, -34, 34},
  {0x004F, 10988, 35, 36,   0, -35, 35},
  {0x0050, 11312, 29, 34,   0, -34, 29},
  {0x0051, 11584, 35, 39,   0, -35, 35},
  {0x0052, 11935, 30, 34,   0, -34, 30},
  {0x0053, 12207, 29, 36,   0, -35, 29},
  {0x0054, 12495, 30, 34,   0, -34, 30},
  {0x0055, 12767, 34, 35,   0, -34, 34},
  {0x0056, 13082, 32, 34,   0, -34, 32},
  {0x0057, 13354, 45, 34,   0, -34, 45},
  {0x0058, 13762, 31, 34,   0, -34, 31},
  {0x0059, 14034, 31, 34,   0, -34, 31},
  {0x005A, 14306, 29, 34,   0, -34, 29},
  {0x005B, 14578, 17, 46,   0, -36, 17},
  {0x005C, 14808, 17, 42,   0, -36, 17},
  {0x005D, 15018, 17, 46,   0, -36, 17},
  {0x005E, 15248, 22, 33,   0, -33, 22},
  {0x005F, 15446, 23,  5,  -1,   0, 21},
  {0x0060, 15476, 23, 37,   0, -37, 23},
  {0x0061, 15698, 26, 27,   0, -26, 26},
  {0x0062, 15887, 29, 35,   0, -34, 29},
  {0x0063, 16167, 26, 27,   0, -26, 26},
  {0x0064, 16356, 29, 35,   0, -34, 29},
  {0x0065, 16636, 27, 27,   0, -26, 27},
  {0x0066, 16825, 17, 36,   0, -36, 17},
  {0x0067, 17005, 28, 37,   0, -26, 28},
  {0x0068, 17264, 28, 34,   0, -34, 28},
  {0x0069, 17502, 11, 36,   0, -36, 11},
  {0x006A, 17610, 13, 46,  -2, -36, 11},
  {0x006B, 17794, 26, 34,   0, -34, 25},
  {0x006C, 18032, 11, 34,   0, -34, 11},
  {0x006D, 18134, 41, 26,   0, -26, 41},
  {0x006E, 18420, 27, 26,   0, -26, 27},
  {0x006F, 18602, 28, 27,   0, -26, 28},
  {0x0070, 18791, 28, 36,   0, -26, 28},
  {0x0071, 19043, 28, 36,   0, -26, 28},
  {0x0072, 19295, 17, 26,   0, -26, 17},
  {0x0073, 19425, 24, 27,   0, -26, 24},
  {0x0074, 19587, 17, 33,   0, -32, 17},
  {0x0075, 19752, 27, 27,   0, -26, 27},
  {0x0076, 19941, 26, 26,   0, -26, 26},
  {0x0077, 20123, 38, 26,   0, -26, 38},
  {0x0078, 20383, 25, 26,   0, -26, 25},
  {0x0079, 20565, 26, 36,   0, -26, 26},
  {0x007A, 20817, 25, 26,   0, -26, 25},
  {0x007B, 20999, 17, 46,   0, -36, 17},
  {0x007C, 21229, 15, 44,   0, -39, 15},
  {0x007D, 21405, 17, 46,   0, -36, 17},
  {0x007E, 21635, 31, 18,   0, -18, 31},
  {0x00B7, 21779, 13, 19,   0, -19, 13},
  {0xAC12, 21855, 41, 43,   0, -39, 41},
  {0xAC31, 22328, 41, 42,   0, -38, 41},
  {0xAC80, 22790, 41, 42,   0, -38, 41},
  {0xACC4, 23252, 41, 43,   0, -39, 41},
  {0xACE0, 23725, 41, 34,   0, -34, 41},
  {0xAD6D, 24099, 41, 41,   0, -37, 41},
  {0xAE00, 24550, 41, 41,   0, -37, 41},
  {0xAE30, 25001, 41, 43,   0, -39, 41},
  {0xB2E4, 25474, 42, 44,   0, -39, 41},
  {0xB2E8, 25958, 41, 43,   0, -39, 41},
  {0xB300, 26431, 41, 43,   0, -39, 41},
  {0xB354, 26904, 41, 44,   0, -39, 41},
  {0xB450, 27388, 41, 40,   0, -36, 41},
  {0xB4DC, 27828, 41, 35,   0, -35, 41},
  {0xB514, 28213, 41, 44,   0, -39, 41},
  {0xB78C, 28697, 41, 42,   0, -38, 41},
  {0xB80C, 29159, 41, 42,   0, -38, 41},
  {0xB9AC, 29621, 41, 44,   0, -39, 41},
  {0xB9C1, 30105, 41, 42,   0, -38, 41},
  {0xBBFC, 30567, 41, 41,   0, -38, 41},
  {0xBC14, 31018, 42, 43,   0, -39, 41},
  {0xBC31, 31491, 41, 42,   0, -38, 41},
  {0xC0C9, 31953, 41, 42,   0, -38, 41},
  {0xC11C, 32415, 41, 44,   0, -39, 41},
  {0xC11E, 32899, 41, 43,   0, -39, 41},
  {0xC220, 33372, 41, 42,   0, -38, 41},
  {0xC2A4, 33834, 41, 36,   0, -36, 41},
  {0xC2DC, 34230, 41, 44,   0, -39, 41},
  {0xC2E0, 34714, 41, 42,   0, -38, 41},
  {0xC2F1, 35176, 41, 42,   0, -38, 41},
  {0xC544, 35638, 42, 43,   0, -39, 41},
  {0xC548, 36111, 41, 43,   0, -39, 41},
  {0xC54C, 36584, 41, 43,   0, -39, 41},
  {0xC5B4, 37057, 41, 44,   0, -39, 41},
  {0xC5D0, 37541, 41, 43,   0, -39, 41},
  {0xC5F0, 38014, 41, 42,   0, -38, 41},
  {0xC6B8, 38476, 41, 42,   0, -38, 41},
  {0xC6E8, 38938, 41, 43,   0, -39, 41},
  {0xC744, 39411, 41, 42,   0, -38, 41},
  {0xC778, 39873, 41, 42,   0, -38, 41},
  {0xC790, 40335, 42, 43,   0, -39, 41},
  {0xC804, 40808, 41, 42,   0, -38, 41},
  {0xC815, 41270, 41, 43,   0, -39, 41},
  {0xC950, 41743, 41, 42,   0, -38, 41},
  {0xC9C4, 42205, 41, 42,   0, -38, 41},
  {0xCCC7, 42667, 41, 42,   0, -38, 41},
  {0xCD08, 43129, 41, 38,   0, -38, 41},
  {0xD034, 43547, 41, 43,   0, -39, 41},
  {0xD06C, 44020, 41, 34,   0, -34, 41},
  {0xD0C0, 44394, 42, 43,   0, -39, 41},
  {0xD15C, 44867, 41, 43,   0, -39, 41},
  {0xD2F0, 45340, 41, 43,   0, -39, 41},
  {0xD30C, 45813, 42, 43,   0, -39, 41},
  {0xD558, 46286, 42, 43,   0, -39, 41},
  {0xD55C, 46759, 41, 43,   0, -39, 41},
  {0xD5CC, 47232, 41, 43,   0, -39, 41},
  {0xD5D8, 47705, 41, 43,   0, -39, 41},
  {0xD68C, 48178, 41, 43,   0, -39, 41},
  {0xD751, 48651, 41, 43,   0, -39, 41},
  {0xD770, 49124, 41, 43,   0, -39, 41},
};

static const KFontG preg_m48 = { preg_m48_bits, preg_m48_glyphs, 156, 46, 58 };
